"a-link-normal href","a-amazon-image src","a-link-normal href 2","a-size-base-plus","a-popover-trigger href","a-icon-alt","a-link-normal href 3","a-size-base","a-link-normal href 4","a-size-base 3","a-link-normal href 5","a-offscreen","a-price-symbol","a-price-whole","a-offscreen 2","a-offscreen 3","a-price","a-size-base 5","a-offscreen 4","a-size-base 6","a-link-normal href 6","s-image src","a-size-base 7","a-size-medium-plus","a-size-base 8","a-size-base 9","a-size-base href","a-color-price"
"https://www.amazon.co.jp/%E3%82%B4%E3%83%83%E3%83%89%E3%83%8F%E3%83%B3%E3%83%89-GodHand-%E3%82%A2%E3%83%AB%E3%83%86%E3%82%A3%E3%83%A1%E3%83%83%E3%83%88%E3%83%8B%E3%83%83%E3%83%91%E3%83%BC5-0-GH-SPN-120-%E3%83%9B%E3%83%93%E3%83%BC%E7%94%A8%E5%B7%A5%E5%85%B7/dp/B0CWRYDHM2/ref=sr_1_1?__mk_ja_JP=%E3%82%AB%E3%82%BF%E3%82%AB%E3%83%8A&crid=2BDORSHLJCA2S&dib=eyJ2IjoiMSJ9.tfhUlnomU-oAg6k7AgKRu713Ac4yr-USOHTQ3QQFb6-tDqz6Vpekly9xpjvnXyBJJVZS77O7TQKCGkkKxIl3KL1nKgLjNtjJr8hKVYhrWHaB72sCXt0DyC4JgTLjz71fpU6T0iU02COM_3nWuPoKAw-G994s_d1pP6CMC8-avu-iVHxxKJA2BCrXmm2LkkKyeEdCAl4Qh2svUFJCC8z3vj7S2BldO7UZyPX5gkZtSgZlnVtvOOY3E85rxWl4g-lBsHb_5Sm2QH_A2qdjPJWcFSLvLg-FIW7rWKbXJ_WtEC8.yoEKM_UOJOb1FpD9idxNdTwizUR2FYnB-F9tE2fGwHc&dib_tag=se&keywords=GodHand+Lightning+Nipper&qid=1785244960&sprefix=%2Caps%2C442&sr=8-1&ufe=app_do%3Aamzn1.fos.35785624-70c4-44ae-a5c3-3f044f475d63","https://m.media-amazon.com/images/I/41gIF8wMcVL._AC_AIweblab1378949,T2_SF480.0,480.0_PQ62_.jpg?aicid=productui-image-1","https://www.amazon.co.jp/%E3%82%B4%E3%83%83%E3%83%89%E3%83%8F%E3%83%B3%E3%83%89-GodHand-%E3%82%A2%E3%83%AB%E3%83%86%E3%82%A3%E3%83%A1%E3%83%83%E3%83%88%E3%83%8B%E3%83%83%E3%83%91%E3%83%BC5-0-GH-SPN-120-%E3%83%9B%E3%83%93%E3%83%BC%E7%94%A8%E5%B7%A5%E5%85%B7/dp/B0CWRYDHM2/ref=sr_1_1?__mk_ja_JP=%E3%82%AB%E3%82%BF%E3%82%AB%E3%83%8A&crid=2BDORSHLJCA2S&dib=eyJ2IjoiMSJ9.tfhUlnomU-oAg6k7AgKRu713Ac4yr-USOHTQ3QQFb6-tDqz6Vpekly9xpjvnXyBJJVZS77O7TQKCGkkKxIl3KL1nKgLjNtjJr8hKVYhrWHaB72sCXt0DyC4JgTLjz71fpU6T0iU02COM_3nWuPoKAw-G994s_d1pP6CMC8-avu-iVHxxKJA2BCrXmm2LkkKyeEdCAl4Qh2svUFJCC8z3vj7S2BldO7UZyPX5gkZtSgZlnVtvOOY3E85rxWl4g-lBsHb_5Sm2QH_A2qdjPJWcFSLvLg-FIW7rWKbXJ_WtEC8.yoEKM_UOJOb1FpD9idxNdTwizUR2FYnB-F9tE2fGwHc&dib_tag=se&keywords=GodHand+Lightning+Nipper&qid=1785244960&sprefix=%2Caps%2C442&sr=8-1&ufe=app_do%3Aamzn1.fos.35785624-70c4-44ae-a5c3-3f044f475d63","ゴッドハンド(GodHand) アルティメットニッパー5.0 GH-SPN-120 ホビー用工具 プラモデル用 片刃構造 | プラモデル用, 片刃構造","javascript:void(0)","5つ星のうち4.7","https://www.amazon.co.jp/%E3%82%B4%E3%83%83%E3%83%89%E3%83%8F%E3%83%B3%E3%83%89-GodHand-%E3%82%A2%E3%83%AB%E3%83%86%E3%82%A3%E3%83%A1%E3%83%83%E3%83%88%E3%83%8B%E3%83%83%E3%83%91%E3%83%BC5-0-GH-SPN-120-%E3%83%9B%E3%83%93%E3%83%BC%E7%94%A8%E5%B7%A5%E5%85%B7/dp/B0CWRYDHM2/ref=sr_1_1?__mk_ja_JP=%E3%82%AB%E3%82%BF%E3%82%AB%E3%83%8A&crid=2BDORSHLJCA2S&dib=eyJ2IjoiMSJ9.tfhUlnomU-oAg6k7AgKRu713Ac4yr-USOHTQ3QQFb6-tDqz6Vpekly9xpjvnXyBJJVZS77O7TQKCGkkKxIl3KL1nKgLjNtjJr8hKVYhrWHaB72sCXt0DyC4JgTLjz71fpU6T0iU02COM_3nWuPoKAw-G994s_d1pP6CMC8-avu-iVHxxKJA2BCrXmm2LkkKyeEdCAl4Qh2svUFJCC8z3vj7S2BldO7UZyPX5gkZtSgZlnVtvOOY3E85rxWl4g-lBsHb_5Sm2QH_A2qdjPJWcFSLvLg-FIW7rWKbXJ_WtEC8.yoEKM_UOJOb1FpD9idxNdTwizUR2FYnB-F9tE2fGwHc&dib_tag=se&keywords=GodHand+Lightning+Nipper&qid=1785244960&sprefix=%2Caps%2C442&sr=8-1&ufe=app_do%3Aamzn1.fos.35785624-70c4-44ae-a5c3-3f044f475d63#customerReviews","過去1か月で500点以上購入されました","https://www.amazon.co.jp/gp/bestsellers/hobby/2189377051/ref=top_seller_insight_7","- ホビー用工具","https://www.amazon.co.jp/%E3%82%B4%E3%83%83%E3%83%89%E3%83%8F%E3%83%B3%E3%83%89-GodHand-%E3%82%A2%E3%83%AB%E3%83%86%E3%82%A3%E3%83%A1%E3%83%83%E3%83%88%E3%83%8B%E3%83%83%E3%83%91%E3%83%BC5-0-GH-SPN-120-%E3%83%9B%E3%83%93%E3%83%BC%E7%94%A8%E5%B7%A5%E5%85%B7/dp/B0CWRYDHM2/ref=sr_1_1?__mk_ja_JP=%E3%82%AB%E3%82%BF%E3%82%AB%E3%83%8A&crid=2BDORSHLJCA2S&dib=eyJ2IjoiMSJ9.tfhUlnomU-oAg6k7AgKRu713Ac4yr-USOHTQ3QQFb6-tDqz6Vpekly9xpjvnXyBJJVZS77O7TQKCGkkKxIl3KL1nKgLjNtjJr8hKVYhrWHaB72sCXt0DyC4JgTLjz71fpU6T0iU02COM_3nWuPoKAw-G994s_d1pP6CMC8-avu-iVHxxKJA2BCrXmm2LkkKyeEdCAl4Qh2svUFJCC8z3vj7S2BldO7UZyPX5gkZtSgZlnVtvOOY3E85rxWl4g-lBsHb_5Sm2QH_A2qdjPJWcFSLvLg-FIW7rWKbXJ_WtEC8.yoEKM_UOJOb1FpD9idxNdTwizUR2FYnB-F9tE2fGwHc&dib_tag=se&keywords=GodHand+Lightning+Nipper&qid=1785244960&sprefix=%2Caps%2C442&sr=8-1&ufe=app_do%3Aamzn1.fos.35785624-70c4-44ae-a5c3-3f044f475d63","￥5,340","￥","5,340","参考: ￥5,940","￥5,940","￥5,940","6回払いなら月々","￥890","手数料無料","javascript:void(0)","https://m.media-amazon.com/images/I/111mHoVK0kL._SS200_.png","日本の中小企業","日本の中小企業","Amazonは日本の中小企業のブランドの商品を応援しています。食品から家電まで「日本の中小企業 応援ストア」を今すぐチェック。","詳細はこちら","https://www.amazon.co.jp/b?ie=UTF8&node=10450728051","￥4,982"
"https://www.amazon.co.jp/%E3%82%B4%E3%83%83%E3%83%89%E3%83%8F%E3%83%B3%E3%83%89-GodHand-%E3%82%A2%E3%83%AB%E3%83%86%E3%82%A3%E3%83%A1%E3%83%83%E3%83%88%E3%83%8B%E3%83%83%E3%83%91%E3%83%BC%EF%BC%86%E3%82%B9%E3%83%86%E3%83%83%E3%82%AB%E3%83%BC%E3%82%BB%E3%83%83%E3%83%88-GH-SPN-120-%E7%8F%BE%E8%A1%8C%E3%83%A2%E3%83%87%E3%83%AB/dp/B0GT2W6L9S/ref=sr_1_2?__mk_ja_JP=%E3%82%AB%E3%82%BF%E3%82%AB%E3%83%8A&crid=2BDORSHLJCA2S&dib=eyJ2IjoiMSJ9.tfhUlnomU-oAg6k7AgKRu713Ac4yr-USOHTQ3QQFb6-tDqz6Vpekly9xpjvnXyBJJVZS77O7TQKCGkkKxIl3KL1nKgLjNtjJr8hKVYhrWHaB72sCXt0DyC4JgTLjz71fpU6T0iU02COM_3nWuPoKAw-G994s_d1pP6CMC8-avu-iVHxxKJA2BCrXmm2LkkKyeEdCAl4Qh2svUFJCC8z3vj7S2BldO7UZyPX5gkZtSgZlnVtvOOY3E85rxWl4g-lBsHb_5Sm2QH_A2qdjPJWcFSLvLg-FIW7rWKbXJ_WtEC8.yoEKM_UOJOb1FpD9idxNdTwizUR2FYnB-F9tE2fGwHc&dib_tag=se&keywords=GodHand+Lightning+Nipper&qid=1785244960&sprefix=%2Caps%2C442&sr=8-2&ufe=app_do%3Aamzn1.fos.35785624-70c4-44ae-a5c3-3f044f475d63","https://m.media-amazon.com/images/I/5136QyEJlzL._AC_AIweblab1378949,T2_SF480.0,480.0_PQ62_.jpg?aicid=productui-image-1","https://www.amazon.co.jp/%E3%82%B4%E3%83%83%E3%83%89%E3%83%8F%E3%83%B3%E3%83%89-GodHand-%E3%82%A2%E3%83%AB%E3%83%86%E3%82%A3%E3%83%A1%E3%83%83%E3%83%88%E3%83%8B%E3%83%83%E3%83%91%E3%83%BC%EF%BC%86%E3%82%B9%E3%83%86%E3%83%83%E3%82%AB%E3%83%BC%E3%82%BB%E3%83%83%E3%83%88-GH-SPN-120-%E7%8F%BE%E8%A1%8C%E3%83%A2%E3%83%87%E3%83%AB/dp/B0GT2W6L9S/ref=sr_1_2?__mk_ja_JP=%E3%82%AB%E3%82%BF%E3%82%AB%E3%83%8A&crid=2BDORSHLJCA2S&dib=eyJ2IjoiMSJ9.tfhUlnomU-oAg6k7AgKRu713Ac4yr-USOHTQ3QQFb6-tDqz6Vpekly9xpjvnXyBJJVZS77O7TQKCGkkKxIl3KL1nKgLjNtjJr8hKVYhrWHaB72sCXt0DyC4JgTLjz71fpU6T0iU02COM_3nWuPoKAw-G994s_d1pP6CMC8-avu-iVHxxKJA2BCrXmm2LkkKyeEdCAl4Qh2svUFJCC8z3vj7S2BldO7UZyPX5gkZtSgZlnVtvOOY3E85rxWl4g-lBsHb_5Sm2QH_A2qdjPJWcFSLvLg-FIW7rWKbXJ_WtEC8.yoEKM_UOJOb1FpD9idxNdTwizUR2FYnB-F9tE2fGwHc&dib_tag=se&keywords=GodHand+Lightning+Nipper&qid=1785244960&sprefix=%2Caps%2C442&sr=8-2&ufe=app_do%3Aamzn1.fos.35785624-70c4-44ae-a5c3-3f044f475d63","ゴッドハンド(GodHand) アルティメットニッパー＆ステッカーセット GH-SPN-120-E 現行モデル ホビー用 工具","javascript:void(0)","5つ星のうち4.5","https://www.amazon.co.jp/%E3%82%B4%E3%83%83%E3%83%89%E3%83%8F%E3%83%B3%E3%83%89-GodHand-%E3%82%A2%E3%83%AB%E3%83%86%E3%82%A3%E3%83%A1%E3%83%83%E3%83%88%E3%83%8B%E3%83%83%E3%83%91%E3%83%BC%EF%BC%86%E3%82%B9%E3%83%86%E3%83%83%E3%82%AB%E3%83%BC%E3%82%BB%E3%83%83%E3%83%88-GH-SPN-120-%E7%8F%BE%E8%A1%8C%E3%83%A2%E3%83%87%E3%83%AB/dp/B0GT2W6L9S/ref=sr_1_2?__mk_ja_JP=%E3%82%AB%E3%82%BF%E3%82%AB%E3%83%8A&crid=2BDORSHLJCA2S&dib=eyJ2IjoiMSJ9.tfhUlnomU-oAg6k7AgKRu713Ac4yr-USOHTQ3QQFb6-tDqz6Vpekly9xpjvnXyBJJVZS77O7TQKCGkkKxIl3KL1nKgLjNtjJr8hKVYhrWHaB72sCXt0DyC4JgTLjz71fpU6T0iU02COM_3nWuPoKAw-G994s_d1pP6CMC8-avu-iVHxxKJA2BCrXmm2LkkKyeEdCAl4Qh2svUFJCC8z3vj7S2BldO7UZyPX5gkZtSgZlnVtvOOY3E85rxWl4g-lBsHb_5Sm2QH_A2qdjPJWcFSLvLg-FIW7rWKbXJ_WtEC8.yoEKM_UOJOb1FpD9idxNdTwizUR2FYnB-F9tE2fGwHc&dib_tag=se&keywords=GodHand+Lightning+Nipper&qid=1785244960&sprefix=%2Caps%2C442&sr=8-2&ufe=app_do%3Aamzn1.fos.35785624-70c4-44ae-a5c3-3f044f475d63#customerReviews","過去1か月で400点以上購入されました","https://www.amazon.co.jp/%E3%82%B4%E3%83%83%E3%83%89%E3%83%8F%E3%83%B3%E3%83%89-GodHand-%E3%82%A2%E3%83%AB%E3%83%86%E3%82%A3%E3%83%A1%E3%83%83%E3%83%88%E3%83%8B%E3%83%83%E3%83%91%E3%83%BC%EF%BC%86%E3%82%B9%E3%83%86%E3%83%83%E3%82%AB%E3%83%BC%E3%82%BB%E3%83%83%E3%83%88-GH-SPN-120-%E7%8F%BE%E8%A1%8C%E3%83%A2%E3%83%87%E3%83%AB/dp/B0GT2W6L9S/ref=sr_1_2?__mk_ja_JP=%E3%82%AB%E3%82%BF%E3%82%AB%E3%83%8A&crid=2BDORSHLJCA2S&dib=eyJ2IjoiMSJ9.tfhUlnomU-oAg6k7AgKRu713Ac4yr-USOHTQ3QQFb6-tDqz6Vpekly9xpjvnXyBJJVZS77O7TQKCGkkKxIl3KL1nKgLjNtjJr8hKVYhrWHaB72sCXt0DyC4JgTLjz71fpU6T0iU02COM_3nWuPoKAw-G994s_d1pP6CMC8-avu-iVHxxKJA2BCrXmm2LkkKyeEdCAl4Qh2svUFJCC8z3vj7S2BldO7UZyPX5gkZtSgZlnVtvOOY3E85rxWl4g-lBsHb_5Sm2QH_A2qdjPJWcFSLvLg-FIW7rWKbXJ_WtEC8.yoEKM_UOJOb1FpD9idxNdTwizUR2FYnB-F9tE2fGwHc&dib_tag=se&keywords=GodHand+Lightning+Nipper&qid=1785244960&sprefix=%2Caps%2C442&sr=8-2&ufe=app_do%3Aamzn1.fos.35785624-70c4-44ae-a5c3-3f044f475d63","手数料無料","javascript:void(0)","￥5,940","￥","5,940","￥990","","￥990","ダブルポイント","","日本の中小企業","","https://m.media-amazon.com/images/I/111mHoVK0kL._SS200_.png","Amazonは日本の中小企業のブランドの商品を応援しています。食品から家電まで「日本の中小企業 応援ストア」を今すぐチェック。","日本の中小企業","詳細はこちら","","https://www.amazon.co.jp/b?ie=UTF8&node=10450728051",""
"https://www.amazon.co.jp/%E3%82%B4%E3%83%83%E3%83%89%E3%83%8F%E3%83%B3%E3%83%89-GodHand-%E3%83%96%E3%83%AC%E3%83%BC%E3%83%89%E3%83%AF%E3%83%B3%E3%83%8B%E3%83%83%E3%83%91%E3%83%BC-GH-PN-120-%E3%83%9B%E3%83%93%E3%83%BC%E7%94%A8%E5%B7%A5%E5%85%B7/dp/B0CWRXGH25/ref=sr_1_3?__mk_ja_JP=%E3%82%AB%E3%82%BF%E3%82%AB%E3%83%8A&crid=2BDORSHLJCA2S&dib=eyJ2IjoiMSJ9.tfhUlnomU-oAg6k7AgKRu713Ac4yr-USOHTQ3QQFb6-tDqz6Vpekly9xpjvnXyBJJVZS77O7TQKCGkkKxIl3KL1nKgLjNtjJr8hKVYhrWHaB72sCXt0DyC4JgTLjz71fpU6T0iU02COM_3nWuPoKAw-G994s_d1pP6CMC8-avu-iVHxxKJA2BCrXmm2LkkKyeEdCAl4Qh2svUFJCC8z3vj7S2BldO7UZyPX5gkZtSgZlnVtvOOY3E85rxWl4g-lBsHb_5Sm2QH_A2qdjPJWcFSLvLg-FIW7rWKbXJ_WtEC8.yoEKM_UOJOb1FpD9idxNdTwizUR2FYnB-F9tE2fGwHc&dib_tag=se&keywords=GodHand+Lightning+Nipper&qid=1785244960&sprefix=%2Caps%2C442&sr=8-3&ufe=app_do%3Aamzn1.fos.35785624-70c4-44ae-a5c3-3f044f475d63","https://m.media-amazon.com/images/I/51lLokDx9LL._AC_AIweblab1378949,T2_SF480.0,480.0_PQ62_.jpg?aicid=productui-image-1","https://www.amazon.co.jp/%E3%82%B4%E3%83%83%E3%83%89%E3%83%8F%E3%83%B3%E3%83%89-GodHand-%E3%83%96%E3%83%AC%E3%83%BC%E3%83%89%E3%83%AF%E3%83%B3%E3%83%8B%E3%83%83%E3%83%91%E3%83%BC-GH-PN-120-%E3%83%9B%E3%83%93%E3%83%BC%E7%94%A8%E5%B7%A5%E5%85%B7/dp/B0CWRXGH25/ref=sr_1_3?__mk_ja_JP=%E3%82%AB%E3%82%BF%E3%82%AB%E3%83%8A&crid=2BDORSHLJCA2S&dib=eyJ2IjoiMSJ9.tfhUlnomU-oAg6k7AgKRu713Ac4yr-USOHTQ3QQFb6-tDqz6Vpekly9xpjvnXyBJJVZS77O7TQKCGkkKxIl3KL1nKgLjNtjJr8hKVYhrWHaB72sCXt0DyC4JgTLjz71fpU6T0iU02COM_3nWuPoKAw-G994s_d1pP6CMC8-avu-iVHxxKJA2BCrXmm2LkkKyeEdCAl4Qh2svUFJCC8z3vj7S2BldO7UZyPX5gkZtSgZlnVtvOOY3E85rxWl4g-lBsHb_5Sm2QH_A2qdjPJWcFSLvLg-FIW7rWKbXJ_WtEC8.yoEKM_UOJOb1FpD9idxNdTwizUR2FYnB-F9tE2fGwHc&dib_tag=se&keywords=GodHand+Lightning+Nipper&qid=1785244960&sprefix=%2Caps%2C442&sr=8-3&ufe=app_do%3Aamzn1.fos.35785624-70c4-44ae-a5c3-3f044f475d63","ゴッドハンド(GodHand) ブレードワンニッパー GH-PN-120 ホビー用工具","javascript:void(0)","5つ星のうち4.4","https://www.amazon.co.jp/%E3%82%B4%E3%83%83%E3%83%89%E3%83%8F%E3%83%B3%E3%83%89-GodHand-%E3%83%96%E3%83%AC%E3%83%BC%E3%83%89%E3%83%AF%E3%83%B3%E3%83%8B%E3%83%83%E3%83%91%E3%83%BC-GH-PN-120-%E3%83%9B%E3%83%93%E3%83%BC%E7%94%A8%E5%B7%A5%E5%85%B7/dp/B0CWRXGH25/ref=sr_1_3?__mk_ja_JP=%E3%82%AB%E3%82%BF%E3%82%AB%E3%83%8A&crid=2BDORSHLJCA2S&dib=eyJ2IjoiMSJ9.tfhUlnomU-oAg6k7AgKRu713Ac4yr-USOHTQ3QQFb6-tDqz6Vpekly9xpjvnXyBJJVZS77O7TQKCGkkKxIl3KL1nKgLjNtjJr8hKVYhrWHaB72sCXt0DyC4JgTLjz71fpU6T0iU02COM_3nWuPoKAw-G994s_d1pP6CMC8-avu-iVHxxKJA2BCrXmm2LkkKyeEdCAl4Qh2svUFJCC8z3vj7S2BldO7UZyPX5gkZtSgZlnVtvOOY3E85rxWl4g-lBsHb_5Sm2QH_A2qdjPJWcFSLvLg-FIW7rWKbXJ_WtEC8.yoEKM_UOJOb1FpD9idxNdTwizUR2FYnB-F9tE2fGwHc&dib_tag=se&keywords=GodHand+Lightning+Nipper&qid=1785244960&sprefix=%2Caps%2C442&sr=8-3&ufe=app_do%3Aamzn1.fos.35785624-70c4-44ae-a5c3-3f044f475d63#customerReviews","過去1か月で200点以上購入されました","https://www.amazon.co.jp/%E3%82%B4%E3%83%83%E3%83%89%E3%83%8F%E3%83%B3%E3%83%89-GodHand-%E3%83%96%E3%83%AC%E3%83%BC%E3%83%89%E3%83%AF%E3%83%B3%E3%83%8B%E3%83%83%E3%83%91%E3%83%BC-GH-PN-120-%E3%83%9B%E3%83%93%E3%83%BC%E7%94%A8%E5%B7%A5%E5%85%B7/dp/B0CWRXGH25/ref=sr_1_3?__mk_ja_JP=%E3%82%AB%E3%82%BF%E3%82%AB%E3%83%8A&crid=2BDORSHLJCA2S&dib=eyJ2IjoiMSJ9.tfhUlnomU-oAg6k7AgKRu713Ac4yr-USOHTQ3QQFb6-tDqz6Vpekly9xpjvnXyBJJVZS77O7TQKCGkkKxIl3KL1nKgLjNtjJr8hKVYhrWHaB72sCXt0DyC4JgTLjz71fpU6T0iU02COM_3nWuPoKAw-G994s_d1pP6CMC8-avu-iVHxxKJA2BCrXmm2LkkKyeEdCAl4Qh2svUFJCC8z3vj7S2BldO7UZyPX5gkZtSgZlnVtvOOY3E85rxWl4g-lBsHb_5Sm2QH_A2qdjPJWcFSLvLg-FIW7rWKbXJ_WtEC8.yoEKM_UOJOb1FpD9idxNdTwizUR2FYnB-F9tE2fGwHc&dib_tag=se&keywords=GodHand+Lightning+Nipper&qid=1785244960&sprefix=%2Caps%2C442&sr=8-3&ufe=app_do%3Aamzn1.fos.35785624-70c4-44ae-a5c3-3f044f475d63","6回払いなら月々","javascript:void(0)","￥4,106","￥","4,106","参考: ￥4,840","￥4,840","￥4,840","日本の中小企業","￥684","Amazonは日本の中小企業のブランドの商品を応援しています。食品から家電まで「日本の中小企業 応援ストア」を今すぐチェック。","https://www.amazon.co.jp/gp/offer-listing/B0CWRXGH25/ref=sr_1_3_olp?keywords=GodHand+Lightning+Nipper&crid=2BDORSHLJCA2S&sprefix=%2Caps%2C442&dib_tag=se&dib=eyJ2IjoiMSJ9.tfhUlnomU-oAg6k7AgKRu713Ac4yr-USOHTQ3QQFb6-tDqz6Vpekly9xpjvnXyBJJVZS77O7TQKCGkkKxIl3KL1nKgLjNtjJr8hKVYhrWHaB72sCXt0DyC4JgTLjz71fpU6T0iU02COM_3nWuPoKAw-G994s_d1pP6CMC8-avu-iVHxxKJA2BCrXmm2LkkKyeEdCAl4Qh2svUFJCC8z3vj7S2BldO7UZyPX5gkZtSgZlnVtvOOY3E85rxWl4g-lBsHb_5Sm2QH_A2qdjPJWcFSLvLg-FIW7rWKbXJ_WtEC8.yoEKM_UOJOb1FpD9idxNdTwizUR2FYnB-F9tE2fGwHc&__mk_ja_JP=%E3%82%AB%E3%82%BF%E3%82%AB%E3%83%8A&qid=1785244960&sr=8-3","https://m.media-amazon.com/images/I/111mHoVK0kL._SS200_.png","詳細はこちら","日本の中小企業","こちらからもご購入いただけます","","https://www.amazon.co.jp/b?ie=UTF8&node=10450728051","￥3,640"
"https://www.amazon.co.jp/%E3%82%B4%E3%83%83%E3%83%89%E3%83%8F%E3%83%B3%E3%83%89-GodHand-%E3%83%A9%E3%82%A4%E3%83%88%E3%83%8B%E3%83%B3%E3%82%B0%E3%83%8B%E3%83%83%E3%83%91%E3%83%BC-GH-LTN-120-%E8%B6%85%E3%80%85%E6%A5%B5%E8%96%84%E7%89%87%E5%88%83%E3%83%8B%E3%83%83%E3%83%91%E3%83%BC/dp/B0F8B2D6WJ/ref=sr_1_4?__mk_ja_JP=%E3%82%AB%E3%82%BF%E3%82%AB%E3%83%8A&crid=2BDORSHLJCA2S&dib=eyJ2IjoiMSJ9.tfhUlnomU-oAg6k7AgKRu713Ac4yr-USOHTQ3QQFb6-tDqz6Vpekly9xpjvnXyBJJVZS77O7TQKCGkkKxIl3KL1nKgLjNtjJr8hKVYhrWHaB72sCXt0DyC4JgTLjz71fpU6T0iU02COM_3nWuPoKAw-G994s_d1pP6CMC8-avu-iVHxxKJA2BCrXmm2LkkKyeEdCAl4Qh2svUFJCC8z3vj7S2BldO7UZyPX5gkZtSgZlnVtvOOY3E85rxWl4g-lBsHb_5Sm2QH_A2qdjPJWcFSLvLg-FIW7rWKbXJ_WtEC8.yoEKM_UOJOb1FpD9idxNdTwizUR2FYnB-F9tE2fGwHc&dib_tag=se&keywords=GodHand+Lightning+Nipper&qid=1785244960&sprefix=%2Caps%2C442&sr=8-4","https://m.media-amazon.com/images/I/51hvqWA9jBL._AC_AIweblab1378949,T2_SF480.0,480.0_PQ62_.jpg?aicid=productui-image-1","https://www.amazon.co.jp/%E3%82%B4%E3%83%83%E3%83%89%E3%83%8F%E3%83%B3%E3%83%89-GodHand-%E3%83%A9%E3%82%A4%E3%83%88%E3%83%8B%E3%83%B3%E3%82%B0%E3%83%8B%E3%83%83%E3%83%91%E3%83%BC-GH-LTN-120-%E8%B6%85%E3%80%85%E6%A5%B5%E8%96%84%E7%89%87%E5%88%83%E3%83%8B%E3%83%83%E3%83%91%E3%83%BC/dp/B0F8B2D6WJ/ref=sr_1_4?__mk_ja_JP=%E3%82%AB%E3%82%BF%E3%82%AB%E3%83%8A&crid=2BDORSHLJCA2S&dib=eyJ2IjoiMSJ9.tfhUlnomU-oAg6k7AgKRu713Ac4yr-USOHTQ3QQFb6-tDqz6Vpekly9xpjvnXyBJJVZS77O7TQKCGkkKxIl3KL1nKgLjNtjJr8hKVYhrWHaB72sCXt0DyC4JgTLjz71fpU6T0iU02COM_3nWuPoKAw-G994s_d1pP6CMC8-avu-iVHxxKJA2BCrXmm2LkkKyeEdCAl4Qh2svUFJCC8z3vj7S2BldO7UZyPX5gkZtSgZlnVtvOOY3E85rxWl4g-lBsHb_5Sm2QH_A2qdjPJWcFSLvLg-FIW7rWKbXJ_WtEC8.yoEKM_UOJOb1FpD9idxNdTwizUR2FYnB-F9tE2fGwHc&dib_tag=se&keywords=GodHand+Lightning+Nipper&qid=1785244960&sprefix=%2Caps%2C442&sr=8-4","ゴッドハンド(GodHand) ライトニングニッパー GH-LTN-120 プラモデル用 超々極薄片刃ニッパー","javascript:void(0)","5つ星のうち4.7","https://www.amazon.co.jp/%E3%82%B4%E3%83%83%E3%83%89%E3%83%8F%E3%83%B3%E3%83%89-GodHand-%E3%83%A9%E3%82%A4%E3%83%88%E3%83%8B%E3%83%B3%E3%82%B0%E3%83%8B%E3%83%83%E3%83%91%E3%83%BC-GH-LTN-120-%E8%B6%85%E3%80%85%E6%A5%B5%E8%96%84%E7%89%87%E5%88%83%E3%83%8B%E3%83%83%E3%83%91%E3%83%BC/dp/B0F8B2D6WJ/ref=sr_1_4?__mk_ja_JP=%E3%82%AB%E3%82%BF%E3%82%AB%E3%83%8A&crid=2BDORSHLJCA2S&dib=eyJ2IjoiMSJ9.tfhUlnomU-oAg6k7AgKRu713Ac4yr-USOHTQ3QQFb6-tDqz6Vpekly9xpjvnXyBJJVZS77O7TQKCGkkKxIl3KL1nKgLjNtjJr8hKVYhrWHaB72sCXt0DyC4JgTLjz71fpU6T0iU02COM_3nWuPoKAw-G994s_d1pP6CMC8-avu-iVHxxKJA2BCrXmm2LkkKyeEdCAl4Qh2svUFJCC8z3vj7S2BldO7UZyPX5gkZtSgZlnVtvOOY3E85rxWl4g-lBsHb_5Sm2QH_A2qdjPJWcFSLvLg-FIW7rWKbXJ_WtEC8.yoEKM_UOJOb1FpD9idxNdTwizUR2FYnB-F9tE2fGwHc&dib_tag=se&keywords=GodHand+Lightning+Nipper&qid=1785244960&sprefix=%2Caps%2C442&sr=8-4#customerReviews","日本の中小企業","javascript:void(0)","詳細はこちら","https://www.amazon.co.jp/gp/offer-listing/B0F8B2D6WJ/ref=sr_1_4_olp?keywords=GodHand+Lightning+Nipper&crid=2BDORSHLJCA2S&sprefix=%2Caps%2C442&dib_tag=se&dib=eyJ2IjoiMSJ9.tfhUlnomU-oAg6k7AgKRu713Ac4yr-USOHTQ3QQFb6-tDqz6Vpekly9xpjvnXyBJJVZS77O7TQKCGkkKxIl3KL1nKgLjNtjJr8hKVYhrWHaB72sCXt0DyC4JgTLjz71fpU6T0iU02COM_3nWuPoKAw-G994s_d1pP6CMC8-avu-iVHxxKJA2BCrXmm2LkkKyeEdCAl4Qh2svUFJCC8z3vj7S2BldO7UZyPX5gkZtSgZlnVtvOOY3E85rxWl4g-lBsHb_5Sm2QH_A2qdjPJWcFSLvLg-FIW7rWKbXJ_WtEC8.yoEKM_UOJOb1FpD9idxNdTwizUR2FYnB-F9tE2fGwHc&__mk_ja_JP=%E3%82%AB%E3%82%BF%E3%82%AB%E3%83%8A&qid=1785244960&sr=8-4","","","","","","","","","","","https://m.media-amazon.com/images/I/111mHoVK0kL._SS200_.png","","日本の中小企業","","","https://www.amazon.co.jp/b?ie=UTF8&node=10450728051","￥10,720"
"https://www.amazon.co.jp/%E3%82%B4%E3%83%83%E3%83%89%E3%83%8F%E3%83%B3%E3%83%89-GodHand-%E3%82%A2%E3%83%AB%E3%83%86%E3%82%A3%E3%83%A1%E3%83%83%E3%83%88%E3%83%8B%E3%83%83%E3%83%91%E3%83%BC5-0-GH-SPN-120-%E3%83%97%E3%83%A9%E3%83%A2%E3%83%87%E3%83%AB%E7%94%A8%E5%B7%A5%E5%85%B7/dp/B09T2K1RZY/ref=sr_1_5?__mk_ja_JP=%E3%82%AB%E3%82%BF%E3%82%AB%E3%83%8A&crid=2BDORSHLJCA2S&dib=eyJ2IjoiMSJ9.tfhUlnomU-oAg6k7AgKRu713Ac4yr-USOHTQ3QQFb6-tDqz6Vpekly9xpjvnXyBJJVZS77O7TQKCGkkKxIl3KL1nKgLjNtjJr8hKVYhrWHaB72sCXt0DyC4JgTLjz71fpU6T0iU02COM_3nWuPoKAw-G994s_d1pP6CMC8-avu-iVHxxKJA2BCrXmm2LkkKyeEdCAl4Qh2svUFJCC8z3vj7S2BldO7UZyPX5gkZtSgZlnVtvOOY3E85rxWl4g-lBsHb_5Sm2QH_A2qdjPJWcFSLvLg-FIW7rWKbXJ_WtEC8.yoEKM_UOJOb1FpD9idxNdTwizUR2FYnB-F9tE2fGwHc&dib_tag=se&keywords=GodHand+Lightning+Nipper&qid=1785244960&sprefix=%2Caps%2C442&sr=8-5&ufe=app_do%3Aamzn1.fos.35785624-70c4-44ae-a5c3-3f044f475d63","https://m.media-amazon.com/images/I/415mKiu1OwL._AC_AIweblab1378949,T2_SF480.0,480.0_PQ62_.jpg?aicid=productui-image-1","https://www.amazon.co.jp/%E3%82%B4%E3%83%83%E3%83%89%E3%83%8F%E3%83%B3%E3%83%89-GodHand-%E3%82%A2%E3%83%AB%E3%83%86%E3%82%A3%E3%83%A1%E3%83%83%E3%83%88%E3%83%8B%E3%83%83%E3%83%91%E3%83%BC5-0-GH-SPN-120-%E3%83%97%E3%83%A9%E3%83%A2%E3%83%87%E3%83%AB%E7%94%A8%E5%B7%A5%E5%85%B7/dp/B09T2K1RZY/ref=sr_1_5?__mk_ja_JP=%E3%82%AB%E3%82%BF%E3%82%AB%E3%83%8A&crid=2BDORSHLJCA2S&dib=eyJ2IjoiMSJ9.tfhUlnomU-oAg6k7AgKRu713Ac4yr-USOHTQ3QQFb6-tDqz6Vpekly9xpjvnXyBJJVZS77O7TQKCGkkKxIl3KL1nKgLjNtjJr8hKVYhrWHaB72sCXt0DyC4JgTLjz71fpU6T0iU02COM_3nWuPoKAw-G994s_d1pP6CMC8-avu-iVHxxKJA2BCrXmm2LkkKyeEdCAl4Qh2svUFJCC8z3vj7S2BldO7UZyPX5gkZtSgZlnVtvOOY3E85rxWl4g-lBsHb_5Sm2QH_A2qdjPJWcFSLvLg-FIW7rWKbXJ_WtEC8.yoEKM_UOJOb1FpD9idxNdTwizUR2FYnB-F9tE2fGwHc&dib_tag=se&keywords=GodHand+Lightning+Nipper&qid=1785244960&sprefix=%2Caps%2C442&sr=8-5&ufe=app_do%3Aamzn1.fos.35785624-70c4-44ae-a5c3-3f044f475d63","ゴッドハンド(GodHand) アルティメットニッパー5.0 (旧モデル) GH-SPN-120 プラモデル用工具 青 金属","javascript:void(0)","5つ星のうち4.8","https://www.amazon.co.jp/%E3%82%B4%E3%83%83%E3%83%89%E3%83%8F%E3%83%B3%E3%83%89-GodHand-%E3%82%A2%E3%83%AB%E3%83%86%E3%82%A3%E3%83%A1%E3%83%83%E3%83%88%E3%83%8B%E3%83%83%E3%83%91%E3%83%BC5-0-GH-SPN-120-%E3%83%97%E3%83%A9%E3%83%A2%E3%83%87%E3%83%AB%E7%94%A8%E5%B7%A5%E5%85%B7/dp/B09T2K1RZY/ref=sr_1_5?__mk_ja_JP=%E3%82%AB%E3%82%BF%E3%82%AB%E3%83%8A&crid=2BDORSHLJCA2S&dib=eyJ2IjoiMSJ9.tfhUlnomU-oAg6k7AgKRu713Ac4yr-USOHTQ3QQFb6-tDqz6Vpekly9xpjvnXyBJJVZS77O7TQKCGkkKxIl3KL1nKgLjNtjJr8hKVYhrWHaB72sCXt0DyC4JgTLjz71fpU6T0iU02COM_3nWuPoKAw-G994s_d1pP6CMC8-avu-iVHxxKJA2BCrXmm2LkkKyeEdCAl4Qh2svUFJCC8z3vj7S2BldO7UZyPX5gkZtSgZlnVtvOOY3E85rxWl4g-lBsHb_5Sm2QH_A2qdjPJWcFSLvLg-FIW7rWKbXJ_WtEC8.yoEKM_UOJOb1FpD9idxNdTwizUR2FYnB-F9tE2fGwHc&dib_tag=se&keywords=GodHand+Lightning+Nipper&qid=1785244960&sprefix=%2Caps%2C442&sr=8-5&ufe=app_do%3Aamzn1.fos.35785624-70c4-44ae-a5c3-3f044f475d63#customerReviews","過去1か月で50点以上購入されました","https://www.amazon.co.jp/%E3%82%B4%E3%83%83%E3%83%89%E3%83%8F%E3%83%B3%E3%83%89-GodHand-%E3%82%A2%E3%83%AB%E3%83%86%E3%82%A3%E3%83%A1%E3%83%83%E3%83%88%E3%83%8B%E3%83%83%E3%83%91%E3%83%BC5-0-GH-SPN-120-%E3%83%97%E3%83%A9%E3%83%A2%E3%83%87%E3%83%AB%E7%94%A8%E5%B7%A5%E5%85%B7/dp/B09T2K1RZY/ref=sr_1_5?__mk_ja_JP=%E3%82%AB%E3%82%BF%E3%82%AB%E3%83%8A&crid=2BDORSHLJCA2S&dib=eyJ2IjoiMSJ9.tfhUlnomU-oAg6k7AgKRu713Ac4yr-USOHTQ3QQFb6-tDqz6Vpekly9xpjvnXyBJJVZS77O7TQKCGkkKxIl3KL1nKgLjNtjJr8hKVYhrWHaB72sCXt0DyC4JgTLjz71fpU6T0iU02COM_3nWuPoKAw-G994s_d1pP6CMC8-avu-iVHxxKJA2BCrXmm2LkkKyeEdCAl4Qh2svUFJCC8z3vj7S2BldO7UZyPX5gkZtSgZlnVtvOOY3E85rxWl4g-lBsHb_5Sm2QH_A2qdjPJWcFSLvLg-FIW7rWKbXJ_WtEC8.yoEKM_UOJOb1FpD9idxNdTwizUR2FYnB-F9tE2fGwHc&dib_tag=se&keywords=GodHand+Lightning+Nipper&qid=1785244960&sprefix=%2Caps%2C442&sr=8-5&ufe=app_do%3Aamzn1.fos.35785624-70c4-44ae-a5c3-3f044f475d63","手数料無料","javascript:void(0)","￥6,100","￥","6,100","￥1,016","","￥1,016","残り19点 ご注文はお早めに","","日本の中小企業","","https://m.media-amazon.com/images/I/111mHoVK0kL._SS200_.png","Amazonは日本の中小企業のブランドの商品を応援しています。食品から家電まで「日本の中小企業 応援ストア」を今すぐチェック。","日本の中小企業","詳細はこちら","","https://www.amazon.co.jp/b?ie=UTF8&node=10450728051",""
"https://www.amazon.co.jp/%E3%82%B4%E3%83%83%E3%83%89%E3%83%8F%E3%83%B3%E3%83%89-GodHand-%E3%82%A2%E3%83%AB%E3%83%86%E3%82%A3%E3%83%A1%E3%83%83%E3%83%88%E3%83%8B%E3%83%83%E3%83%91%E3%83%BC5-0-%E3%82%AF%E3%83%AA%E3%83%BC%E3%83%8B%E3%83%B3%E3%82%B0%E3%82%AF%E3%83%AD%E3%82%B9%E3%82%BB%E3%83%83%E3%83%88-GH-SPN-120/dp/B0FSD11Z7H/ref=sr_1_6?__mk_ja_JP=%E3%82%AB%E3%82%BF%E3%82%AB%E3%83%8A&crid=2BDORSHLJCA2S&dib=eyJ2IjoiMSJ9.tfhUlnomU-oAg6k7AgKRu713Ac4yr-USOHTQ3QQFb6-tDqz6Vpekly9xpjvnXyBJJVZS77O7TQKCGkkKxIl3KL1nKgLjNtjJr8hKVYhrWHaB72sCXt0DyC4JgTLjz71fpU6T0iU02COM_3nWuPoKAw-G994s_d1pP6CMC8-avu-iVHxxKJA2BCrXmm2LkkKyeEdCAl4Qh2svUFJCC8z3vj7S2BldO7UZyPX5gkZtSgZlnVtvOOY3E85rxWl4g-lBsHb_5Sm2QH_A2qdjPJWcFSLvLg-FIW7rWKbXJ_WtEC8.yoEKM_UOJOb1FpD9idxNdTwizUR2FYnB-F9tE2fGwHc&dib_tag=se&keywords=GodHand+Lightning+Nipper&qid=1785244960&sprefix=%2Caps%2C442&sr=8-6&ufe=app_do%3Aamzn1.fos.35785624-70c4-44ae-a5c3-3f044f475d63","https://m.media-amazon.com/images/I/41bStyC-wwL._AC_AIweblab1378949,T2_SF480.0,480.0_PQ62_.jpg?aicid=productui-image-1","https://www.amazon.co.jp/%E3%82%B4%E3%83%83%E3%83%89%E3%83%8F%E3%83%B3%E3%83%89-GodHand-%E3%82%A2%E3%83%AB%E3%83%86%E3%82%A3%E3%83%A1%E3%83%83%E3%83%88%E3%83%8B%E3%83%83%E3%83%91%E3%83%BC5-0-%E3%82%AF%E3%83%AA%E3%83%BC%E3%83%8B%E3%83%B3%E3%82%B0%E3%82%AF%E3%83%AD%E3%82%B9%E3%82%BB%E3%83%83%E3%83%88-GH-SPN-120/dp/B0FSD11Z7H/ref=sr_1_6?__mk_ja_JP=%E3%82%AB%E3%82%BF%E3%82%AB%E3%83%8A&crid=2BDORSHLJCA2S&dib=eyJ2IjoiMSJ9.tfhUlnomU-oAg6k7AgKRu713Ac4yr-USOHTQ3QQFb6-tDqz6Vpekly9xpjvnXyBJJVZS77O7TQKCGkkKxIl3KL1nKgLjNtjJr8hKVYhrWHaB72sCXt0DyC4JgTLjz71fpU6T0iU02COM_3nWuPoKAw-G994s_d1pP6CMC8-avu-iVHxxKJA2BCrXmm2LkkKyeEdCAl4Qh2svUFJCC8z3vj7S2BldO7UZyPX5gkZtSgZlnVtvOOY3E85rxWl4g-lBsHb_5Sm2QH_A2qdjPJWcFSLvLg-FIW7rWKbXJ_WtEC8.yoEKM_UOJOb1FpD9idxNdTwizUR2FYnB-F9tE2fGwHc&dib_tag=se&keywords=GodHand+Lightning+Nipper&qid=1785244960&sprefix=%2Caps%2C442&sr=8-6&ufe=app_do%3Aamzn1.fos.35785624-70c4-44ae-a5c3-3f044f475d63","ゴッドハンド(GodHand) アルティメットニッパー5.0 現行モデル 最新ロット GH-SPN-120 ／ ホビーグッズ対応PART2Cマイクロファイバー クリニーニングクロス ／各1個セット","javascript:void(0)","5つ星のうち4.8","https://www.amazon.co.jp/%E3%82%B4%E3%83%83%E3%83%89%E3%83%8F%E3%83%B3%E3%83%89-GodHand-%E3%82%A2%E3%83%AB%E3%83%86%E3%82%A3%E3%83%A1%E3%83%83%E3%83%88%E3%83%8B%E3%83%83%E3%83%91%E3%83%BC5-0-%E3%82%AF%E3%83%AA%E3%83%BC%E3%83%8B%E3%83%B3%E3%82%B0%E3%82%AF%E3%83%AD%E3%82%B9%E3%82%BB%E3%83%83%E3%83%88-GH-SPN-120/dp/B0FSD11Z7H/ref=sr_1_6?__mk_ja_JP=%E3%82%AB%E3%82%BF%E3%82%AB%E3%83%8A&crid=2BDORSHLJCA2S&dib=eyJ2IjoiMSJ9.tfhUlnomU-oAg6k7AgKRu713Ac4yr-USOHTQ3QQFb6-tDqz6Vpekly9xpjvnXyBJJVZS77O7TQKCGkkKxIl3KL1nKgLjNtjJr8hKVYhrWHaB72sCXt0DyC4JgTLjz71fpU6T0iU02COM_3nWuPoKAw-G994s_d1pP6CMC8-avu-iVHxxKJA2BCrXmm2LkkKyeEdCAl4Qh2svUFJCC8z3vj7S2BldO7UZyPX5gkZtSgZlnVtvOOY3E85rxWl4g-lBsHb_5Sm2QH_A2qdjPJWcFSLvLg-FIW7rWKbXJ_WtEC8.yoEKM_UOJOb1FpD9idxNdTwizUR2FYnB-F9tE2fGwHc&dib_tag=se&keywords=GodHand+Lightning+Nipper&qid=1785244960&sprefix=%2Caps%2C442&sr=8-6&ufe=app_do%3Aamzn1.fos.35785624-70c4-44ae-a5c3-3f044f475d63#customerReviews","過去1か月で50点以上購入されました","https://www.amazon.co.jp/%E3%82%B4%E3%83%83%E3%83%89%E3%83%8F%E3%83%B3%E3%83%89-GodHand-%E3%82%A2%E3%83%AB%E3%83%86%E3%82%A3%E3%83%A1%E3%83%83%E3%83%88%E3%83%8B%E3%83%83%E3%83%91%E3%83%BC5-0-%E3%82%AF%E3%83%AA%E3%83%BC%E3%83%8B%E3%83%B3%E3%82%B0%E3%82%AF%E3%83%AD%E3%82%B9%E3%82%BB%E3%83%83%E3%83%88-GH-SPN-120/dp/B0FSD11Z7H/ref=sr_1_6?__mk_ja_JP=%E3%82%AB%E3%82%BF%E3%82%AB%E3%83%8A&crid=2BDORSHLJCA2S&dib=eyJ2IjoiMSJ9.tfhUlnomU-oAg6k7AgKRu713Ac4yr-USOHTQ3QQFb6-tDqz6Vpekly9xpjvnXyBJJVZS77O7TQKCGkkKxIl3KL1nKgLjNtjJr8hKVYhrWHaB72sCXt0DyC4JgTLjz71fpU6T0iU02COM_3nWuPoKAw-G994s_d1pP6CMC8-avu-iVHxxKJA2BCrXmm2LkkKyeEdCAl4Qh2svUFJCC8z3vj7S2BldO7UZyPX5gkZtSgZlnVtvOOY3E85rxWl4g-lBsHb_5Sm2QH_A2qdjPJWcFSLvLg-FIW7rWKbXJ_WtEC8.yoEKM_UOJOb1FpD9idxNdTwizUR2FYnB-F9tE2fGwHc&dib_tag=se&keywords=GodHand+Lightning+Nipper&qid=1785244960&sprefix=%2Caps%2C442&sr=8-6&ufe=app_do%3Aamzn1.fos.35785624-70c4-44ae-a5c3-3f044f475d63","手数料無料","","￥6,380","￥","6,380","￥1,063","","￥1,063","ダブルポイント","","","","","","","","","",""
"https://www.amazon.co.jp/%E3%82%B4%E3%83%83%E3%83%89%E3%83%8F%E3%83%B3%E3%83%89-GodHand-%E6%8C%87%E5%85%88%E3%83%94%E3%83%B3%E3%82%BB%E3%83%83%E3%83%88-GH-PS-FT-%E3%83%97%E3%83%A9%E3%83%A2%E3%83%87%E3%83%AB%E7%94%A8%E5%B7%A5%E5%85%B7/dp/B0GSVT53XH/ref=sr_1_7?__mk_ja_JP=%E3%82%AB%E3%82%BF%E3%82%AB%E3%83%8A&crid=2BDORSHLJCA2S&dib=eyJ2IjoiMSJ9.tfhUlnomU-oAg6k7AgKRu713Ac4yr-USOHTQ3QQFb6-tDqz6Vpekly9xpjvnXyBJJVZS77O7TQKCGkkKxIl3KL1nKgLjNtjJr8hKVYhrWHaB72sCXt0DyC4JgTLjz71fpU6T0iU02COM_3nWuPoKAw-G994s_d1pP6CMC8-avu-iVHxxKJA2BCrXmm2LkkKyeEdCAl4Qh2svUFJCC8z3vj7S2BldO7UZyPX5gkZtSgZlnVtvOOY3E85rxWl4g-lBsHb_5Sm2QH_A2qdjPJWcFSLvLg-FIW7rWKbXJ_WtEC8.yoEKM_UOJOb1FpD9idxNdTwizUR2FYnB-F9tE2fGwHc&dib_tag=se&keywords=GodHand+Lightning+Nipper&qid=1785244960&sprefix=%2Caps%2C442&sr=8-7&ufe=app_do%3Aamzn1.fos.35785624-70c4-44ae-a5c3-3f044f475d63","https://m.media-amazon.com/images/I/41Zx5R-qmhL._AC_AIweblab1378949,T2_SF480.0,480.0_PQ62_.jpg?aicid=productui-image-1","https://www.amazon.co.jp/%E3%82%B4%E3%83%83%E3%83%89%E3%83%8F%E3%83%B3%E3%83%89-GodHand-%E6%8C%87%E5%85%88%E3%83%94%E3%83%B3%E3%82%BB%E3%83%83%E3%83%88-GH-PS-FT-%E3%83%97%E3%83%A9%E3%83%A2%E3%83%87%E3%83%AB%E7%94%A8%E5%B7%A5%E5%85%B7/dp/B0GSVT53XH/ref=sr_1_7?__mk_ja_JP=%E3%82%AB%E3%82%BF%E3%82%AB%E3%83%8A&crid=2BDORSHLJCA2S&dib=eyJ2IjoiMSJ9.tfhUlnomU-oAg6k7AgKRu713Ac4yr-USOHTQ3QQFb6-tDqz6Vpekly9xpjvnXyBJJVZS77O7TQKCGkkKxIl3KL1nKgLjNtjJr8hKVYhrWHaB72sCXt0DyC4JgTLjz71fpU6T0iU02COM_3nWuPoKAw-G994s_d1pP6CMC8-avu-iVHxxKJA2BCrXmm2LkkKyeEdCAl4Qh2svUFJCC8z3vj7S2BldO7UZyPX5gkZtSgZlnVtvOOY3E85rxWl4g-lBsHb_5Sm2QH_A2qdjPJWcFSLvLg-FIW7rWKbXJ_WtEC8.yoEKM_UOJOb1FpD9idxNdTwizUR2FYnB-F9tE2fGwHc&dib_tag=se&keywords=GodHand+Lightning+Nipper&qid=1785244960&sprefix=%2Caps%2C442&sr=8-7&ufe=app_do%3Aamzn1.fos.35785624-70c4-44ae-a5c3-3f044f475d63","ゴッドハンド(GodHand) 指先ピンセット GH-PS-FT プラモデル用工具","javascript:void(0)","5つ星のうち4.6","https://www.amazon.co.jp/%E3%82%B4%E3%83%83%E3%83%89%E3%83%8F%E3%83%B3%E3%83%89-GodHand-%E6%8C%87%E5%85%88%E3%83%94%E3%83%B3%E3%82%BB%E3%83%83%E3%83%88-GH-PS-FT-%E3%83%97%E3%83%A9%E3%83%A2%E3%83%87%E3%83%AB%E7%94%A8%E5%B7%A5%E5%85%B7/dp/B0GSVT53XH/ref=sr_1_7?__mk_ja_JP=%E3%82%AB%E3%82%BF%E3%82%AB%E3%83%8A&crid=2BDORSHLJCA2S&dib=eyJ2IjoiMSJ9.tfhUlnomU-oAg6k7AgKRu713Ac4yr-USOHTQ3QQFb6-tDqz6Vpekly9xpjvnXyBJJVZS77O7TQKCGkkKxIl3KL1nKgLjNtjJr8hKVYhrWHaB72sCXt0DyC4JgTLjz71fpU6T0iU02COM_3nWuPoKAw-G994s_d1pP6CMC8-avu-iVHxxKJA2BCrXmm2LkkKyeEdCAl4Qh2svUFJCC8z3vj7S2BldO7UZyPX5gkZtSgZlnVtvOOY3E85rxWl4g-lBsHb_5Sm2QH_A2qdjPJWcFSLvLg-FIW7rWKbXJ_WtEC8.yoEKM_UOJOb1FpD9idxNdTwizUR2FYnB-F9tE2fGwHc&dib_tag=se&keywords=GodHand+Lightning+Nipper&qid=1785244960&sprefix=%2Caps%2C442&sr=8-7&ufe=app_do%3Aamzn1.fos.35785624-70c4-44ae-a5c3-3f044f475d63#customerReviews","6回払いなら月々","https://www.amazon.co.jp/%E3%82%B4%E3%83%83%E3%83%89%E3%83%8F%E3%83%B3%E3%83%89-GodHand-%E6%8C%87%E5%85%88%E3%83%94%E3%83%B3%E3%82%BB%E3%83%83%E3%83%88-GH-PS-FT-%E3%83%97%E3%83%A9%E3%83%A2%E3%83%87%E3%83%AB%E7%94%A8%E5%B7%A5%E5%85%B7/dp/B0GSVT53XH/ref=sr_1_7?__mk_ja_JP=%E3%82%AB%E3%82%BF%E3%82%AB%E3%83%8A&crid=2BDORSHLJCA2S&dib=eyJ2IjoiMSJ9.tfhUlnomU-oAg6k7AgKRu713Ac4yr-USOHTQ3QQFb6-tDqz6Vpekly9xpjvnXyBJJVZS77O7TQKCGkkKxIl3KL1nKgLjNtjJr8hKVYhrWHaB72sCXt0DyC4JgTLjz71fpU6T0iU02COM_3nWuPoKAw-G994s_d1pP6CMC8-avu-iVHxxKJA2BCrXmm2LkkKyeEdCAl4Qh2svUFJCC8z3vj7S2BldO7UZyPX5gkZtSgZlnVtvOOY3E85rxWl4g-lBsHb_5Sm2QH_A2qdjPJWcFSLvLg-FIW7rWKbXJ_WtEC8.yoEKM_UOJOb1FpD9idxNdTwizUR2FYnB-F9tE2fGwHc&dib_tag=se&keywords=GodHand+Lightning+Nipper&qid=1785244960&sprefix=%2Caps%2C442&sr=8-7&ufe=app_do%3Aamzn1.fos.35785624-70c4-44ae-a5c3-3f044f475d63","25ポイント(1%)","javascript:void(0)","￥2,530","￥","2,530","￥421","","￥421","日本の中小企業","","Amazonは日本の中小企業のブランドの商品を応援しています。食品から家電まで「日本の中小企業 応援ストア」を今すぐチェック。","","https://m.media-amazon.com/images/I/111mHoVK0kL._SS200_.png","詳細はこちら","日本の中小企業","","","https://www.amazon.co.jp/b?ie=UTF8&node=10450728051",""
"https://www.amazon.co.jp/%E3%82%B4%E3%83%83%E3%83%89%E3%83%8F%E3%83%B3%E3%83%89-GodHand-%E3%83%96%E3%83%AC%E3%83%BC%E3%83%89%E3%83%AF%E3%83%B3%E3%83%8B%E3%83%83%E3%83%91%E3%83%BC%EF%BC%AC-GH-PN-120-L-%E3%83%9B%E3%83%93%E3%83%BC%E7%94%A8%E5%B7%A5%E5%85%B7/dp/B0CWRX2NQR/ref=sr_1_8?__mk_ja_JP=%E3%82%AB%E3%82%BF%E3%82%AB%E3%83%8A&crid=2BDORSHLJCA2S&dib=eyJ2IjoiMSJ9.tfhUlnomU-oAg6k7AgKRu713Ac4yr-USOHTQ3QQFb6-tDqz6Vpekly9xpjvnXyBJJVZS77O7TQKCGkkKxIl3KL1nKgLjNtjJr8hKVYhrWHaB72sCXt0DyC4JgTLjz71fpU6T0iU02COM_3nWuPoKAw-G994s_d1pP6CMC8-avu-iVHxxKJA2BCrXmm2LkkKyeEdCAl4Qh2svUFJCC8z3vj7S2BldO7UZyPX5gkZtSgZlnVtvOOY3E85rxWl4g-lBsHb_5Sm2QH_A2qdjPJWcFSLvLg-FIW7rWKbXJ_WtEC8.yoEKM_UOJOb1FpD9idxNdTwizUR2FYnB-F9tE2fGwHc&dib_tag=se&keywords=GodHand+Lightning+Nipper&qid=1785244960&sprefix=%2Caps%2C442&sr=8-8&ufe=app_do%3Aamzn1.fos.35785624-70c4-44ae-a5c3-3f044f475d63","https://m.media-amazon.com/images/I/51k7znOfK1L._AC_AIweblab1378949,T2_SF480.0,480.0_PQ62_.jpg?aicid=productui-image-1","https://www.amazon.co.jp/%E3%82%B4%E3%83%83%E3%83%89%E3%83%8F%E3%83%B3%E3%83%89-GodHand-%E3%83%96%E3%83%AC%E3%83%BC%E3%83%89%E3%83%AF%E3%83%B3%E3%83%8B%E3%83%83%E3%83%91%E3%83%BC%EF%BC%AC-GH-PN-120-L-%E3%83%9B%E3%83%93%E3%83%BC%E7%94%A8%E5%B7%A5%E5%85%B7/dp/B0CWRX2NQR/ref=sr_1_8?__mk_ja_JP=%E3%82%AB%E3%82%BF%E3%82%AB%E3%83%8A&crid=2BDORSHLJCA2S&dib=eyJ2IjoiMSJ9.tfhUlnomU-oAg6k7AgKRu713Ac4yr-USOHTQ3QQFb6-tDqz6Vpekly9xpjvnXyBJJVZS77O7TQKCGkkKxIl3KL1nKgLjNtjJr8hKVYhrWHaB72sCXt0DyC4JgTLjz71fpU6T0iU02COM_3nWuPoKAw-G994s_d1pP6CMC8-avu-iVHxxKJA2BCrXmm2LkkKyeEdCAl4Qh2svUFJCC8z3vj7S2BldO7UZyPX5gkZtSgZlnVtvOOY3E85rxWl4g-lBsHb_5Sm2QH_A2qdjPJWcFSLvLg-FIW7rWKbXJ_WtEC8.yoEKM_UOJOb1FpD9idxNdTwizUR2FYnB-F9tE2fGwHc&dib_tag=se&keywords=GodHand+Lightning+Nipper&qid=1785244960&sprefix=%2Caps%2C442&sr=8-8&ufe=app_do%3Aamzn1.fos.35785624-70c4-44ae-a5c3-3f044f475d63","ゴッドハンド(GodHand) ブレードワンニッパーＬ GH-PN-120-L ホビー用工具","javascript:void(0)","5つ星のうち4.6","https://www.amazon.co.jp/%E3%82%B4%E3%83%83%E3%83%89%E3%83%8F%E3%83%B3%E3%83%89-GodHand-%E3%83%96%E3%83%AC%E3%83%BC%E3%83%89%E3%83%AF%E3%83%B3%E3%83%8B%E3%83%83%E3%83%91%E3%83%BC%EF%BC%AC-GH-PN-120-L-%E3%83%9B%E3%83%93%E3%83%BC%E7%94%A8%E5%B7%A5%E5%85%B7/dp/B0CWRX2NQR/ref=sr_1_8?__mk_ja_JP=%E3%82%AB%E3%82%BF%E3%82%AB%E3%83%8A&crid=2BDORSHLJCA2S&dib=eyJ2IjoiMSJ9.tfhUlnomU-oAg6k7AgKRu713Ac4yr-USOHTQ3QQFb6-tDqz6Vpekly9xpjvnXyBJJVZS77O7TQKCGkkKxIl3KL1nKgLjNtjJr8hKVYhrWHaB72sCXt0DyC4JgTLjz71fpU6T0iU02COM_3nWuPoKAw-G994s_d1pP6CMC8-avu-iVHxxKJA2BCrXmm2LkkKyeEdCAl4Qh2svUFJCC8z3vj7S2BldO7UZyPX5gkZtSgZlnVtvOOY3E85rxWl4g-lBsHb_5Sm2QH_A2qdjPJWcFSLvLg-FIW7rWKbXJ_WtEC8.yoEKM_UOJOb1FpD9idxNdTwizUR2FYnB-F9tE2fGwHc&dib_tag=se&keywords=GodHand+Lightning+Nipper&qid=1785244960&sprefix=%2Caps%2C442&sr=8-8&ufe=app_do%3Aamzn1.fos.35785624-70c4-44ae-a5c3-3f044f475d63#customerReviews","参考:","https://www.amazon.co.jp/%E3%82%B4%E3%83%83%E3%83%89%E3%83%8F%E3%83%B3%E3%83%89-GodHand-%E3%83%96%E3%83%AC%E3%83%BC%E3%83%89%E3%83%AF%E3%83%B3%E3%83%8B%E3%83%83%E3%83%91%E3%83%BC%EF%BC%AC-GH-PN-120-L-%E3%83%9B%E3%83%93%E3%83%BC%E7%94%A8%E5%B7%A5%E5%85%B7/dp/B0CWRX2NQR/ref=sr_1_8?__mk_ja_JP=%E3%82%AB%E3%82%BF%E3%82%AB%E3%83%8A&crid=2BDORSHLJCA2S&dib=eyJ2IjoiMSJ9.tfhUlnomU-oAg6k7AgKRu713Ac4yr-USOHTQ3QQFb6-tDqz6Vpekly9xpjvnXyBJJVZS77O7TQKCGkkKxIl3KL1nKgLjNtjJr8hKVYhrWHaB72sCXt0DyC4JgTLjz71fpU6T0iU02COM_3nWuPoKAw-G994s_d1pP6CMC8-avu-iVHxxKJA2BCrXmm2LkkKyeEdCAl4Qh2svUFJCC8z3vj7S2BldO7UZyPX5gkZtSgZlnVtvOOY3E85rxWl4g-lBsHb_5Sm2QH_A2qdjPJWcFSLvLg-FIW7rWKbXJ_WtEC8.yoEKM_UOJOb1FpD9idxNdTwizUR2FYnB-F9tE2fGwHc&dib_tag=se&keywords=GodHand+Lightning+Nipper&qid=1785244960&sprefix=%2Caps%2C442&sr=8-8&ufe=app_do%3Aamzn1.fos.35785624-70c4-44ae-a5c3-3f044f475d63","手数料無料","javascript:void(0)","￥4,725","￥","4,725","参考: ￥5,610","￥5,610","￥5,610","日本の中小企業","￥787","Amazonは日本の中小企業のブランドの商品を応援しています。食品から家電まで「日本の中小企業 応援ストア」を今すぐチェック。","https://www.amazon.co.jp/gp/offer-listing/B0CWRX2NQR/ref=sr_1_8_olp?keywords=GodHand+Lightning+Nipper&crid=2BDORSHLJCA2S&sprefix=%2Caps%2C442&dib_tag=se&dib=eyJ2IjoiMSJ9.tfhUlnomU-oAg6k7AgKRu713Ac4yr-USOHTQ3QQFb6-tDqz6Vpekly9xpjvnXyBJJVZS77O7TQKCGkkKxIl3KL1nKgLjNtjJr8hKVYhrWHaB72sCXt0DyC4JgTLjz71fpU6T0iU02COM_3nWuPoKAw-G994s_d1pP6CMC8-avu-iVHxxKJA2BCrXmm2LkkKyeEdCAl4Qh2svUFJCC8z3vj7S2BldO7UZyPX5gkZtSgZlnVtvOOY3E85rxWl4g-lBsHb_5Sm2QH_A2qdjPJWcFSLvLg-FIW7rWKbXJ_WtEC8.yoEKM_UOJOb1FpD9idxNdTwizUR2FYnB-F9tE2fGwHc&__mk_ja_JP=%E3%82%AB%E3%82%BF%E3%82%AB%E3%83%8A&qid=1785244960&sr=8-8","https://m.media-amazon.com/images/I/111mHoVK0kL._SS200_.png","詳細はこちら","日本の中小企業","こちらからもご購入いただけます","","https://www.amazon.co.jp/b?ie=UTF8&node=10450728051","￥4,716"
"https://www.amazon.co.jp/%E3%82%B4%E3%83%83%E3%83%89%E3%83%8F%E3%83%B3%E3%83%89-GodHand-SG%E3%82%B7%E3%83%AA%E3%83%BC%E3%82%BA-%E3%83%97%E3%83%A9%E3%83%8B%E3%83%83%E3%83%91%E3%83%BC-GH-SG-01/dp/B0CWRVJK3F/ref=sr_1_9?__mk_ja_JP=%E3%82%AB%E3%82%BF%E3%82%AB%E3%83%8A&crid=2BDORSHLJCA2S&dib=eyJ2IjoiMSJ9.tfhUlnomU-oAg6k7AgKRu713Ac4yr-USOHTQ3QQFb6-tDqz6Vpekly9xpjvnXyBJJVZS77O7TQKCGkkKxIl3KL1nKgLjNtjJr8hKVYhrWHaB72sCXt0DyC4JgTLjz71fpU6T0iU02COM_3nWuPoKAw-G994s_d1pP6CMC8-avu-iVHxxKJA2BCrXmm2LkkKyeEdCAl4Qh2svUFJCC8z3vj7S2BldO7UZyPX5gkZtSgZlnVtvOOY3E85rxWl4g-lBsHb_5Sm2QH_A2qdjPJWcFSLvLg-FIW7rWKbXJ_WtEC8.yoEKM_UOJOb1FpD9idxNdTwizUR2FYnB-F9tE2fGwHc&dib_tag=se&keywords=GodHand+Lightning+Nipper&qid=1785244960&sprefix=%2Caps%2C442&sr=8-9&ufe=app_do%3Aamzn1.fos.35785624-70c4-44ae-a5c3-3f044f475d63","https://m.media-amazon.com/images/I/41GoNp1eNOL._AC_AIweblab1378949,T2_SF480.0,480.0_PQ62_.jpg?aicid=productui-image-1","https://www.amazon.co.jp/%E3%82%B4%E3%83%83%E3%83%89%E3%83%8F%E3%83%B3%E3%83%89-GodHand-SG%E3%82%B7%E3%83%AA%E3%83%BC%E3%82%BA-%E3%83%97%E3%83%A9%E3%83%8B%E3%83%83%E3%83%91%E3%83%BC-GH-SG-01/dp/B0CWRVJK3F/ref=sr_1_9?__mk_ja_JP=%E3%82%AB%E3%82%BF%E3%82%AB%E3%83%8A&crid=2BDORSHLJCA2S&dib=eyJ2IjoiMSJ9.tfhUlnomU-oAg6k7AgKRu713Ac4yr-USOHTQ3QQFb6-tDqz6Vpekly9xpjvnXyBJJVZS77O7TQKCGkkKxIl3KL1nKgLjNtjJr8hKVYhrWHaB72sCXt0DyC4JgTLjz71fpU6T0iU02COM_3nWuPoKAw-G994s_d1pP6CMC8-avu-iVHxxKJA2BCrXmm2LkkKyeEdCAl4Qh2svUFJCC8z3vj7S2BldO7UZyPX5gkZtSgZlnVtvOOY3E85rxWl4g-lBsHb_5Sm2QH_A2qdjPJWcFSLvLg-FIW7rWKbXJ_WtEC8.yoEKM_UOJOb1FpD9idxNdTwizUR2FYnB-F9tE2fGwHc&dib_tag=se&keywords=GodHand+Lightning+Nipper&qid=1785244960&sprefix=%2Caps%2C442&sr=8-9&ufe=app_do%3Aamzn1.fos.35785624-70c4-44ae-a5c3-3f044f475d63","ゴッドハンド(GodHand) SGシリーズ プラニッパー GH-SG-01 ホビー用工具","javascript:void(0)","5つ星のうち4.4","https://www.amazon.co.jp/%E3%82%B4%E3%83%83%E3%83%89%E3%83%8F%E3%83%B3%E3%83%89-GodHand-SG%E3%82%B7%E3%83%AA%E3%83%BC%E3%82%BA-%E3%83%97%E3%83%A9%E3%83%8B%E3%83%83%E3%83%91%E3%83%BC-GH-SG-01/dp/B0CWRVJK3F/ref=sr_1_9?__mk_ja_JP=%E3%82%AB%E3%82%BF%E3%82%AB%E3%83%8A&crid=2BDORSHLJCA2S&dib=eyJ2IjoiMSJ9.tfhUlnomU-oAg6k7AgKRu713Ac4yr-USOHTQ3QQFb6-tDqz6Vpekly9xpjvnXyBJJVZS77O7TQKCGkkKxIl3KL1nKgLjNtjJr8hKVYhrWHaB72sCXt0DyC4JgTLjz71fpU6T0iU02COM_3nWuPoKAw-G994s_d1pP6CMC8-avu-iVHxxKJA2BCrXmm2LkkKyeEdCAl4Qh2svUFJCC8z3vj7S2BldO7UZyPX5gkZtSgZlnVtvOOY3E85rxWl4g-lBsHb_5Sm2QH_A2qdjPJWcFSLvLg-FIW7rWKbXJ_WtEC8.yoEKM_UOJOb1FpD9idxNdTwizUR2FYnB-F9tE2fGwHc&dib_tag=se&keywords=GodHand+Lightning+Nipper&qid=1785244960&sprefix=%2Caps%2C442&sr=8-9&ufe=app_do%3Aamzn1.fos.35785624-70c4-44ae-a5c3-3f044f475d63#customerReviews","過去1か月で200点以上購入されました","https://www.amazon.co.jp/%E3%82%B4%E3%83%83%E3%83%89%E3%83%8F%E3%83%B3%E3%83%89-GodHand-SG%E3%82%B7%E3%83%AA%E3%83%BC%E3%82%BA-%E3%83%97%E3%83%A9%E3%83%8B%E3%83%83%E3%83%91%E3%83%BC-GH-SG-01/dp/B0CWRVJK3F/ref=sr_1_9?__mk_ja_JP=%E3%82%AB%E3%82%BF%E3%82%AB%E3%83%8A&crid=2BDORSHLJCA2S&dib=eyJ2IjoiMSJ9.tfhUlnomU-oAg6k7AgKRu713Ac4yr-USOHTQ3QQFb6-tDqz6Vpekly9xpjvnXyBJJVZS77O7TQKCGkkKxIl3KL1nKgLjNtjJr8hKVYhrWHaB72sCXt0DyC4JgTLjz71fpU6T0iU02COM_3nWuPoKAw-G994s_d1pP6CMC8-avu-iVHxxKJA2BCrXmm2LkkKyeEdCAl4Qh2svUFJCC8z3vj7S2BldO7UZyPX5gkZtSgZlnVtvOOY3E85rxWl4g-lBsHb_5Sm2QH_A2qdjPJWcFSLvLg-FIW7rWKbXJ_WtEC8.yoEKM_UOJOb1FpD9idxNdTwizUR2FYnB-F9tE2fGwHc&dib_tag=se&keywords=GodHand+Lightning+Nipper&qid=1785244960&sprefix=%2Caps%2C442&sr=8-9&ufe=app_do%3Aamzn1.fos.35785624-70c4-44ae-a5c3-3f044f475d63","6回払いなら月々","javascript:void(0)","￥1,212","￥","1,212","参考: ￥1,430","￥1,430","￥1,430","12ポイント(1%)","￥202","日本の中小企業","https://www.amazon.co.jp/gp/offer-listing/B0CWRVJK3F/ref=sr_1_9_olp?keywords=GodHand+Lightning+Nipper&crid=2BDORSHLJCA2S&sprefix=%2Caps%2C442&dib_tag=se&dib=eyJ2IjoiMSJ9.tfhUlnomU-oAg6k7AgKRu713Ac4yr-USOHTQ3QQFb6-tDqz6Vpekly9xpjvnXyBJJVZS77O7TQKCGkkKxIl3KL1nKgLjNtjJr8hKVYhrWHaB72sCXt0DyC4JgTLjz71fpU6T0iU02COM_3nWuPoKAw-G994s_d1pP6CMC8-avu-iVHxxKJA2BCrXmm2LkkKyeEdCAl4Qh2svUFJCC8z3vj7S2BldO7UZyPX5gkZtSgZlnVtvOOY3E85rxWl4g-lBsHb_5Sm2QH_A2qdjPJWcFSLvLg-FIW7rWKbXJ_WtEC8.yoEKM_UOJOb1FpD9idxNdTwizUR2FYnB-F9tE2fGwHc&__mk_ja_JP=%E3%82%AB%E3%82%BF%E3%82%AB%E3%83%8A&qid=1785244960&sr=8-9","https://m.media-amazon.com/images/I/111mHoVK0kL._SS200_.png","Amazonは日本の中小企業のブランドの商品を応援しています。食品から家電まで「日本の中小企業 応援ストア」を今すぐチェック。","日本の中小企業","詳細はこちら","こちらからもご購入いただけます","https://www.amazon.co.jp/b?ie=UTF8&node=10450728051","￥1,072"
"https://www.amazon.co.jp/%E3%82%B4%E3%83%83%E3%83%89%E3%83%8F%E3%83%B3%E3%83%89-GodHand-%E3%82%B1%E3%83%AD%E3%83%AD%E3%83%8B%E3%83%83%E3%83%91%E3%83%BC-GH-PN-125-KR-%E3%83%9B%E3%83%93%E3%83%BC%E7%94%A8%E5%B7%A5%E5%85%B7/dp/B0CWRY8CBB/ref=sr_1_10?__mk_ja_JP=%E3%82%AB%E3%82%BF%E3%82%AB%E3%83%8A&crid=2BDORSHLJCA2S&dib=eyJ2IjoiMSJ9.tfhUlnomU-oAg6k7AgKRu713Ac4yr-USOHTQ3QQFb6-tDqz6Vpekly9xpjvnXyBJJVZS77O7TQKCGkkKxIl3KL1nKgLjNtjJr8hKVYhrWHaB72sCXt0DyC4JgTLjz71fpU6T0iU02COM_3nWuPoKAw-G994s_d1pP6CMC8-avu-iVHxxKJA2BCrXmm2LkkKyeEdCAl4Qh2svUFJCC8z3vj7S2BldO7UZyPX5gkZtSgZlnVtvOOY3E85rxWl4g-lBsHb_5Sm2QH_A2qdjPJWcFSLvLg-FIW7rWKbXJ_WtEC8.yoEKM_UOJOb1FpD9idxNdTwizUR2FYnB-F9tE2fGwHc&dib_tag=se&keywords=GodHand+Lightning+Nipper&qid=1785244960&sprefix=%2Caps%2C442&sr=8-10&ufe=app_do%3Aamzn1.fos.35785624-70c4-44ae-a5c3-3f044f475d63","https://m.media-amazon.com/images/I/51U7PXnNrdL._AC_AIweblab1378949,T2_SF480.0,480.0_PQ62_.jpg?aicid=productui-image-1","https://www.amazon.co.jp/%E3%82%B4%E3%83%83%E3%83%89%E3%83%8F%E3%83%B3%E3%83%89-GodHand-%E3%82%B1%E3%83%AD%E3%83%AD%E3%83%8B%E3%83%83%E3%83%91%E3%83%BC-GH-PN-125-KR-%E3%83%9B%E3%83%93%E3%83%BC%E7%94%A8%E5%B7%A5%E5%85%B7/dp/B0CWRY8CBB/ref=sr_1_10?__mk_ja_JP=%E3%82%AB%E3%82%BF%E3%82%AB%E3%83%8A&crid=2BDORSHLJCA2S&dib=eyJ2IjoiMSJ9.tfhUlnomU-oAg6k7AgKRu713Ac4yr-USOHTQ3QQFb6-tDqz6Vpekly9xpjvnXyBJJVZS77O7TQKCGkkKxIl3KL1nKgLjNtjJr8hKVYhrWHaB72sCXt0DyC4JgTLjz71fpU6T0iU02COM_3nWuPoKAw-G994s_d1pP6CMC8-avu-iVHxxKJA2BCrXmm2LkkKyeEdCAl4Qh2svUFJCC8z3vj7S2BldO7UZyPX5gkZtSgZlnVtvOOY3E85rxWl4g-lBsHb_5Sm2QH_A2qdjPJWcFSLvLg-FIW7rWKbXJ_WtEC8.yoEKM_UOJOb1FpD9idxNdTwizUR2FYnB-F9tE2fGwHc&dib_tag=se&keywords=GodHand+Lightning+Nipper&qid=1785244960&sprefix=%2Caps%2C442&sr=8-10&ufe=app_do%3Aamzn1.fos.35785624-70c4-44ae-a5c3-3f044f475d63","ゴッドハンド(GodHand) ケロロニッパー GH-PN-125-KR ホビー用工具","javascript:void(0)","5つ星のうち4.3","https://www.amazon.co.jp/%E3%82%B4%E3%83%83%E3%83%89%E3%83%8F%E3%83%B3%E3%83%89-GodHand-%E3%82%B1%E3%83%AD%E3%83%AD%E3%83%8B%E3%83%83%E3%83%91%E3%83%BC-GH-PN-125-KR-%E3%83%9B%E3%83%93%E3%83%BC%E7%94%A8%E5%B7%A5%E5%85%B7/dp/B0CWRY8CBB/ref=sr_1_10?__mk_ja_JP=%E3%82%AB%E3%82%BF%E3%82%AB%E3%83%8A&crid=2BDORSHLJCA2S&dib=eyJ2IjoiMSJ9.tfhUlnomU-oAg6k7AgKRu713Ac4yr-USOHTQ3QQFb6-tDqz6Vpekly9xpjvnXyBJJVZS77O7TQKCGkkKxIl3KL1nKgLjNtjJr8hKVYhrWHaB72sCXt0DyC4JgTLjz71fpU6T0iU02COM_3nWuPoKAw-G994s_d1pP6CMC8-avu-iVHxxKJA2BCrXmm2LkkKyeEdCAl4Qh2svUFJCC8z3vj7S2BldO7UZyPX5gkZtSgZlnVtvOOY3E85rxWl4g-lBsHb_5Sm2QH_A2qdjPJWcFSLvLg-FIW7rWKbXJ_WtEC8.yoEKM_UOJOb1FpD9idxNdTwizUR2FYnB-F9tE2fGwHc&dib_tag=se&keywords=GodHand+Lightning+Nipper&qid=1785244960&sprefix=%2Caps%2C442&sr=8-10&ufe=app_do%3Aamzn1.fos.35785624-70c4-44ae-a5c3-3f044f475d63#customerReviews","過去1か月で50点以上購入されました","https://www.amazon.co.jp/%E3%82%B4%E3%83%83%E3%83%89%E3%83%8F%E3%83%B3%E3%83%89-GodHand-%E3%82%B1%E3%83%AD%E3%83%AD%E3%83%8B%E3%83%83%E3%83%91%E3%83%BC-GH-PN-125-KR-%E3%83%9B%E3%83%93%E3%83%BC%E7%94%A8%E5%B7%A5%E5%85%B7/dp/B0CWRY8CBB/ref=sr_1_10?__mk_ja_JP=%E3%82%AB%E3%82%BF%E3%82%AB%E3%83%8A&crid=2BDORSHLJCA2S&dib=eyJ2IjoiMSJ9.tfhUlnomU-oAg6k7AgKRu713Ac4yr-USOHTQ3QQFb6-tDqz6Vpekly9xpjvnXyBJJVZS77O7TQKCGkkKxIl3KL1nKgLjNtjJr8hKVYhrWHaB72sCXt0DyC4JgTLjz71fpU6T0iU02COM_3nWuPoKAw-G994s_d1pP6CMC8-avu-iVHxxKJA2BCrXmm2LkkKyeEdCAl4Qh2svUFJCC8z3vj7S2BldO7UZyPX5gkZtSgZlnVtvOOY3E85rxWl4g-lBsHb_5Sm2QH_A2qdjPJWcFSLvLg-FIW7rWKbXJ_WtEC8.yoEKM_UOJOb1FpD9idxNdTwizUR2FYnB-F9tE2fGwHc&dib_tag=se&keywords=GodHand+Lightning+Nipper&qid=1785244960&sprefix=%2Caps%2C442&sr=8-10&ufe=app_do%3Aamzn1.fos.35785624-70c4-44ae-a5c3-3f044f475d63","6回払いなら月々","javascript:void(0)","￥1,218","￥","1,218","参考: ￥1,430","￥1,430","￥1,430","12ポイント(1%)","￥203","日本の中小企業","","https://m.media-amazon.com/images/I/111mHoVK0kL._SS200_.png","Amazonは日本の中小企業のブランドの商品を応援しています。食品から家電まで「日本の中小企業 応援ストア」を今すぐチェック。","日本の中小企業","詳細はこちら","","https://www.amazon.co.jp/b?ie=UTF8&node=10450728051",""
"https://www.amazon.co.jp/aurochs-%E3%82%B2%E3%83%BC%E3%83%88%E3%82%AB%E3%83%83%E3%83%88-%E3%83%97%E3%83%A9%E3%82%B9%E3%83%81%E3%83%83%E3%82%AF%E7%94%A8-%E3%83%97%E3%83%A9%E3%82%B9%E3%83%81%E3%83%83%E3%82%AF%E3%83%8B%E3%83%83%E3%83%91%E3%83%BC-%E3%83%A2%E3%83%87%E3%83%A9%E3%83%BC%E3%82%BA%E3%83%8B%E3%83%83%E3%83%91%E3%83%BC/dp/B08GLJTL9J/ref=sr_1_11?__mk_ja_JP=%E3%82%AB%E3%82%BF%E3%82%AB%E3%83%8A&crid=2BDORSHLJCA2S&dib=eyJ2IjoiMSJ9.tfhUlnomU-oAg6k7AgKRu713Ac4yr-USOHTQ3QQFb6-tDqz6Vpekly9xpjvnXyBJJVZS77O7TQKCGkkKxIl3KL1nKgLjNtjJr8hKVYhrWHaB72sCXt0DyC4JgTLjz71fpU6T0iU02COM_3nWuPoKAw-G994s_d1pP6CMC8-avu-iVHxxKJA2BCrXmm2LkkKyeEdCAl4Qh2svUFJCC8z3vj7S2BldO7UZyPX5gkZtSgZlnVtvOOY3E85rxWl4g-lBsHb_5Sm2QH_A2qdjPJWcFSLvLg-FIW7rWKbXJ_WtEC8.yoEKM_UOJOb1FpD9idxNdTwizUR2FYnB-F9tE2fGwHc&dib_tag=se&keywords=GodHand+Lightning+Nipper&qid=1785244960&sprefix=%2Caps%2C442&sr=8-11&ufe=app_do%3Aamzn1.fos.35785624-70c4-44ae-a5c3-3f044f475d63","https://m.media-amazon.com/images/I/71wi07UNGoL._AC_AIweblab1378949,T2_SF480.0,480.0_PQ62_.jpg?aicid=productui-image-1","https://www.amazon.co.jp/aurochs-%E3%82%B2%E3%83%BC%E3%83%88%E3%82%AB%E3%83%83%E3%83%88-%E3%83%97%E3%83%A9%E3%82%B9%E3%83%81%E3%83%83%E3%82%AF%E7%94%A8-%E3%83%97%E3%83%A9%E3%82%B9%E3%83%81%E3%83%83%E3%82%AF%E3%83%8B%E3%83%83%E3%83%91%E3%83%BC-%E3%83%A2%E3%83%87%E3%83%A9%E3%83%BC%E3%82%BA%E3%83%8B%E3%83%83%E3%83%91%E3%83%BC/dp/B08GLJTL9J/ref=sr_1_11?__mk_ja_JP=%E3%82%AB%E3%82%BF%E3%82%AB%E3%83%8A&crid=2BDORSHLJCA2S&dib=eyJ2IjoiMSJ9.tfhUlnomU-oAg6k7AgKRu713Ac4yr-USOHTQ3QQFb6-tDqz6Vpekly9xpjvnXyBJJVZS77O7TQKCGkkKxIl3KL1nKgLjNtjJr8hKVYhrWHaB72sCXt0DyC4JgTLjz71fpU6T0iU02COM_3nWuPoKAw-G994s_d1pP6CMC8-avu-iVHxxKJA2BCrXmm2LkkKyeEdCAl4Qh2svUFJCC8z3vj7S2BldO7UZyPX5gkZtSgZlnVtvOOY3E85rxWl4g-lBsHb_5Sm2QH_A2qdjPJWcFSLvLg-FIW7rWKbXJ_WtEC8.yoEKM_UOJOb1FpD9idxNdTwizUR2FYnB-F9tE2fGwHc&dib_tag=se&keywords=GodHand+Lightning+Nipper&qid=1785244960&sprefix=%2Caps%2C442&sr=8-11&ufe=app_do%3Aamzn1.fos.35785624-70c4-44ae-a5c3-3f044f475d63","aurochs 極薄刃 ニッパー 片刃 精密 プラモデル専用 プラスチック 工具 プラモデル 模型 ゲートカット （グレー＆ライム/右手用）","javascript:void(0)","5つ星のうち4.4","https://www.amazon.co.jp/aurochs-%E3%82%B2%E3%83%BC%E3%83%88%E3%82%AB%E3%83%83%E3%83%88-%E3%83%97%E3%83%A9%E3%82%B9%E3%83%81%E3%83%83%E3%82%AF%E7%94%A8-%E3%83%97%E3%83%A9%E3%82%B9%E3%83%81%E3%83%83%E3%82%AF%E3%83%8B%E3%83%83%E3%83%91%E3%83%BC-%E3%83%A2%E3%83%87%E3%83%A9%E3%83%BC%E3%82%BA%E3%83%8B%E3%83%83%E3%83%91%E3%83%BC/dp/B08GLJTL9J/ref=sr_1_11?__mk_ja_JP=%E3%82%AB%E3%82%BF%E3%82%AB%E3%83%8A&crid=2BDORSHLJCA2S&dib=eyJ2IjoiMSJ9.tfhUlnomU-oAg6k7AgKRu713Ac4yr-USOHTQ3QQFb6-tDqz6Vpekly9xpjvnXyBJJVZS77O7TQKCGkkKxIl3KL1nKgLjNtjJr8hKVYhrWHaB72sCXt0DyC4JgTLjz71fpU6T0iU02COM_3nWuPoKAw-G994s_d1pP6CMC8-avu-iVHxxKJA2BCrXmm2LkkKyeEdCAl4Qh2svUFJCC8z3vj7S2BldO7UZyPX5gkZtSgZlnVtvOOY3E85rxWl4g-lBsHb_5Sm2QH_A2qdjPJWcFSLvLg-FIW7rWKbXJ_WtEC8.yoEKM_UOJOb1FpD9idxNdTwizUR2FYnB-F9tE2fGwHc&dib_tag=se&keywords=GodHand+Lightning+Nipper&qid=1785244960&sprefix=%2Caps%2C442&sr=8-11&ufe=app_do%3Aamzn1.fos.35785624-70c4-44ae-a5c3-3f044f475d63#customerReviews","過去1か月で400点以上購入されました","https://www.amazon.co.jp/gp/bestsellers/diy/2039359051/ref=top_seller_insight_1","- プラスチックニッパ","https://www.amazon.co.jp/aurochs-%E3%82%B2%E3%83%BC%E3%83%88%E3%82%AB%E3%83%83%E3%83%88-%E3%83%97%E3%83%A9%E3%82%B9%E3%83%81%E3%83%83%E3%82%AF%E7%94%A8-%E3%83%97%E3%83%A9%E3%82%B9%E3%83%81%E3%83%83%E3%82%AF%E3%83%8B%E3%83%83%E3%83%91%E3%83%BC-%E3%83%A2%E3%83%87%E3%83%A9%E3%83%BC%E3%82%BA%E3%83%8B%E3%83%83%E3%83%91%E3%83%BC/dp/B08GLJTL9J/ref=sr_1_11?__mk_ja_JP=%E3%82%AB%E3%82%BF%E3%82%AB%E3%83%8A&crid=2BDORSHLJCA2S&dib=eyJ2IjoiMSJ9.tfhUlnomU-oAg6k7AgKRu713Ac4yr-USOHTQ3QQFb6-tDqz6Vpekly9xpjvnXyBJJVZS77O7TQKCGkkKxIl3KL1nKgLjNtjJr8hKVYhrWHaB72sCXt0DyC4JgTLjz71fpU6T0iU02COM_3nWuPoKAw-G994s_d1pP6CMC8-avu-iVHxxKJA2BCrXmm2LkkKyeEdCAl4Qh2svUFJCC8z3vj7S2BldO7UZyPX5gkZtSgZlnVtvOOY3E85rxWl4g-lBsHb_5Sm2QH_A2qdjPJWcFSLvLg-FIW7rWKbXJ_WtEC8.yoEKM_UOJOb1FpD9idxNdTwizUR2FYnB-F9tE2fGwHc&dib_tag=se&keywords=GodHand+Lightning+Nipper&qid=1785244960&sprefix=%2Caps%2C442&sr=8-11&ufe=app_do%3Aamzn1.fos.35785624-70c4-44ae-a5c3-3f044f475d63","￥3,280","￥","3,280","￥546","","￥546","手数料無料","","33ポイント(1%)","javascript:void(0)","https://m.media-amazon.com/images/I/111mHoVK0kL._SS200_.png","ダブルポイント","日本の中小企業","日本の中小企業","Amazonは日本の中小企業のブランドの商品を応援しています。食品から家電まで「日本の中小企業 応援ストア」を今すぐチェック。","https://www.amazon.co.jp/b?ie=UTF8&node=10450728051",""
"https://www.amazon.co.jp/%E3%82%B4%E3%83%83%E3%83%89%E3%83%8F%E3%83%B3%E3%83%89-GodHand-GH-SPN-120-%E3%82%A2%E3%83%AB%E3%83%86%E3%82%A3%E3%83%A1%E3%83%83%E3%83%88%E3%83%8B%E3%83%83%E3%83%91%E3%83%BC5-0-%E3%83%97%E3%83%A9%E3%83%A2%E3%83%87%E3%83%AB%E7%94%A8%E5%B7%A5%E5%85%B7/dp/B01MUGEO9X/ref=sr_1_12?__mk_ja_JP=%E3%82%AB%E3%82%BF%E3%82%AB%E3%83%8A&crid=2BDORSHLJCA2S&dib=eyJ2IjoiMSJ9.tfhUlnomU-oAg6k7AgKRu713Ac4yr-USOHTQ3QQFb6-tDqz6Vpekly9xpjvnXyBJJVZS77O7TQKCGkkKxIl3KL1nKgLjNtjJr8hKVYhrWHaB72sCXt0DyC4JgTLjz71fpU6T0iU02COM_3nWuPoKAw-G994s_d1pP6CMC8-avu-iVHxxKJA2BCrXmm2LkkKyeEdCAl4Qh2svUFJCC8z3vj7S2BldO7UZyPX5gkZtSgZlnVtvOOY3E85rxWl4g-lBsHb_5Sm2QH_A2qdjPJWcFSLvLg-FIW7rWKbXJ_WtEC8.yoEKM_UOJOb1FpD9idxNdTwizUR2FYnB-F9tE2fGwHc&dib_tag=se&keywords=GodHand+Lightning+Nipper&qid=1785244960&sprefix=%2Caps%2C442&sr=8-12","https://m.media-amazon.com/images/I/71MVBXqJjIL._AC_AIweblab1378949,T2_SF480.0,480.0_PQ62_.jpg?aicid=productui-image-1","https://www.amazon.co.jp/%E3%82%B4%E3%83%83%E3%83%89%E3%83%8F%E3%83%B3%E3%83%89-GodHand-GH-SPN-120-%E3%82%A2%E3%83%AB%E3%83%86%E3%82%A3%E3%83%A1%E3%83%83%E3%83%88%E3%83%8B%E3%83%83%E3%83%91%E3%83%BC5-0-%E3%83%97%E3%83%A9%E3%83%A2%E3%83%87%E3%83%AB%E7%94%A8%E5%B7%A5%E5%85%B7/dp/B01MUGEO9X/ref=sr_1_12?__mk_ja_JP=%E3%82%AB%E3%82%BF%E3%82%AB%E3%83%8A&crid=2BDORSHLJCA2S&dib=eyJ2IjoiMSJ9.tfhUlnomU-oAg6k7AgKRu713Ac4yr-USOHTQ3QQFb6-tDqz6Vpekly9xpjvnXyBJJVZS77O7TQKCGkkKxIl3KL1nKgLjNtjJr8hKVYhrWHaB72sCXt0DyC4JgTLjz71fpU6T0iU02COM_3nWuPoKAw-G994s_d1pP6CMC8-avu-iVHxxKJA2BCrXmm2LkkKyeEdCAl4Qh2svUFJCC8z3vj7S2BldO7UZyPX5gkZtSgZlnVtvOOY3E85rxWl4g-lBsHb_5Sm2QH_A2qdjPJWcFSLvLg-FIW7rWKbXJ_WtEC8.yoEKM_UOJOb1FpD9idxNdTwizUR2FYnB-F9tE2fGwHc&dib_tag=se&keywords=GodHand+Lightning+Nipper&qid=1785244960&sprefix=%2Caps%2C442&sr=8-12","ゴッドハンド(GodHand) アルティメットニッパー5.0 (旧モデル) プラモデル用工具 GH-SPN-120","javascript:void(0)","5つ星のうち4.7","https://www.amazon.co.jp/%E3%82%B4%E3%83%83%E3%83%89%E3%83%8F%E3%83%B3%E3%83%89-GodHand-GH-SPN-120-%E3%82%A2%E3%83%AB%E3%83%86%E3%82%A3%E3%83%A1%E3%83%83%E3%83%88%E3%83%8B%E3%83%83%E3%83%91%E3%83%BC5-0-%E3%83%97%E3%83%A9%E3%83%A2%E3%83%87%E3%83%AB%E7%94%A8%E5%B7%A5%E5%85%B7/dp/B01MUGEO9X/ref=sr_1_12?__mk_ja_JP=%E3%82%AB%E3%82%BF%E3%82%AB%E3%83%8A&crid=2BDORSHLJCA2S&dib=eyJ2IjoiMSJ9.tfhUlnomU-oAg6k7AgKRu713Ac4yr-USOHTQ3QQFb6-tDqz6Vpekly9xpjvnXyBJJVZS77O7TQKCGkkKxIl3KL1nKgLjNtjJr8hKVYhrWHaB72sCXt0DyC4JgTLjz71fpU6T0iU02COM_3nWuPoKAw-G994s_d1pP6CMC8-avu-iVHxxKJA2BCrXmm2LkkKyeEdCAl4Qh2svUFJCC8z3vj7S2BldO7UZyPX5gkZtSgZlnVtvOOY3E85rxWl4g-lBsHb_5Sm2QH_A2qdjPJWcFSLvLg-FIW7rWKbXJ_WtEC8.yoEKM_UOJOb1FpD9idxNdTwizUR2FYnB-F9tE2fGwHc&dib_tag=se&keywords=GodHand+Lightning+Nipper&qid=1785244960&sprefix=%2Caps%2C442&sr=8-12#customerReviews","日本の中小企業","javascript:void(0)","詳細はこちら","https://www.amazon.co.jp/gp/offer-listing/B01MUGEO9X/ref=sr_1_12_olp?keywords=GodHand+Lightning+Nipper&crid=2BDORSHLJCA2S&sprefix=%2Caps%2C442&dib_tag=se&dib=eyJ2IjoiMSJ9.tfhUlnomU-oAg6k7AgKRu713Ac4yr-USOHTQ3QQFb6-tDqz6Vpekly9xpjvnXyBJJVZS77O7TQKCGkkKxIl3KL1nKgLjNtjJr8hKVYhrWHaB72sCXt0DyC4JgTLjz71fpU6T0iU02COM_3nWuPoKAw-G994s_d1pP6CMC8-avu-iVHxxKJA2BCrXmm2LkkKyeEdCAl4Qh2svUFJCC8z3vj7S2BldO7UZyPX5gkZtSgZlnVtvOOY3E85rxWl4g-lBsHb_5Sm2QH_A2qdjPJWcFSLvLg-FIW7rWKbXJ_WtEC8.yoEKM_UOJOb1FpD9idxNdTwizUR2FYnB-F9tE2fGwHc&__mk_ja_JP=%E3%82%AB%E3%82%BF%E3%82%AB%E3%83%8A&qid=1785244960&sr=8-12","","","","","","","","","","","https://m.media-amazon.com/images/I/111mHoVK0kL._SS200_.png","","日本の中小企業","","","https://www.amazon.co.jp/b?ie=UTF8&node=10450728051","￥6,336"
"https://www.amazon.co.jp/%E3%82%B4%E3%83%83%E3%83%89%E3%83%8F%E3%83%B3%E3%83%89-GodHand-%E3%81%93%E3%81%A9%E3%82%82%E3%81%AE%E3%83%8B%E3%83%83%E3%83%91%E3%83%BCEX-GH-KPN-95-%E3%83%97%E3%83%A9%E3%83%A2%E3%83%87%E3%83%AB%E7%94%A8%E5%B7%A5%E5%85%B7/dp/B09T2V9VWH/ref=sr_1_13?__mk_ja_JP=%E3%82%AB%E3%82%BF%E3%82%AB%E3%83%8A&crid=2BDORSHLJCA2S&dib=eyJ2IjoiMSJ9.tfhUlnomU-oAg6k7AgKRu713Ac4yr-USOHTQ3QQFb6-tDqz6Vpekly9xpjvnXyBJJVZS77O7TQKCGkkKxIl3KL1nKgLjNtjJr8hKVYhrWHaB72sCXt0DyC4JgTLjz71fpU6T0iU02COM_3nWuPoKAw-G994s_d1pP6CMC8-avu-iVHxxKJA2BCrXmm2LkkKyeEdCAl4Qh2svUFJCC8z3vj7S2BldO7UZyPX5gkZtSgZlnVtvOOY3E85rxWl4g-lBsHb_5Sm2QH_A2qdjPJWcFSLvLg-FIW7rWKbXJ_WtEC8.yoEKM_UOJOb1FpD9idxNdTwizUR2FYnB-F9tE2fGwHc&dib_tag=se&keywords=GodHand+Lightning+Nipper&qid=1785244960&sprefix=%2Caps%2C442&sr=8-13&ufe=app_do%3Aamzn1.fos.35785624-70c4-44ae-a5c3-3f044f475d63","https://m.media-amazon.com/images/I/51zx9369qQL._AC_AIweblab1378949,T2_SF480.0,480.0_PQ62_.jpg?aicid=productui-image-1","https://www.amazon.co.jp/%E3%82%B4%E3%83%83%E3%83%89%E3%83%8F%E3%83%B3%E3%83%89-GodHand-%E3%81%93%E3%81%A9%E3%82%82%E3%81%AE%E3%83%8B%E3%83%83%E3%83%91%E3%83%BCEX-GH-KPN-95-%E3%83%97%E3%83%A9%E3%83%A2%E3%83%87%E3%83%AB%E7%94%A8%E5%B7%A5%E5%85%B7/dp/B09T2V9VWH/ref=sr_1_13?__mk_ja_JP=%E3%82%AB%E3%82%BF%E3%82%AB%E3%83%8A&crid=2BDORSHLJCA2S&dib=eyJ2IjoiMSJ9.tfhUlnomU-oAg6k7AgKRu713Ac4yr-USOHTQ3QQFb6-tDqz6Vpekly9xpjvnXyBJJVZS77O7TQKCGkkKxIl3KL1nKgLjNtjJr8hKVYhrWHaB72sCXt0DyC4JgTLjz71fpU6T0iU02COM_3nWuPoKAw-G994s_d1pP6CMC8-avu-iVHxxKJA2BCrXmm2LkkKyeEdCAl4Qh2svUFJCC8z3vj7S2BldO7UZyPX5gkZtSgZlnVtvOOY3E85rxWl4g-lBsHb_5Sm2QH_A2qdjPJWcFSLvLg-FIW7rWKbXJ_WtEC8.yoEKM_UOJOb1FpD9idxNdTwizUR2FYnB-F9tE2fGwHc&dib_tag=se&keywords=GodHand+Lightning+Nipper&qid=1785244960&sprefix=%2Caps%2C442&sr=8-13&ufe=app_do%3Aamzn1.fos.35785624-70c4-44ae-a5c3-3f044f475d63","ゴッドハンド(GodHand) こどものニッパーEX GH-KPN-95 ホビー用工具","javascript:void(0)","5つ星のうち4.4","https://www.amazon.co.jp/%E3%82%B4%E3%83%83%E3%83%89%E3%83%8F%E3%83%B3%E3%83%89-GodHand-%E3%81%93%E3%81%A9%E3%82%82%E3%81%AE%E3%83%8B%E3%83%83%E3%83%91%E3%83%BCEX-GH-KPN-95-%E3%83%97%E3%83%A9%E3%83%A2%E3%83%87%E3%83%AB%E7%94%A8%E5%B7%A5%E5%85%B7/dp/B09T2V9VWH/ref=sr_1_13?__mk_ja_JP=%E3%82%AB%E3%82%BF%E3%82%AB%E3%83%8A&crid=2BDORSHLJCA2S&dib=eyJ2IjoiMSJ9.tfhUlnomU-oAg6k7AgKRu713Ac4yr-USOHTQ3QQFb6-tDqz6Vpekly9xpjvnXyBJJVZS77O7TQKCGkkKxIl3KL1nKgLjNtjJr8hKVYhrWHaB72sCXt0DyC4JgTLjz71fpU6T0iU02COM_3nWuPoKAw-G994s_d1pP6CMC8-avu-iVHxxKJA2BCrXmm2LkkKyeEdCAl4Qh2svUFJCC8z3vj7S2BldO7UZyPX5gkZtSgZlnVtvOOY3E85rxWl4g-lBsHb_5Sm2QH_A2qdjPJWcFSLvLg-FIW7rWKbXJ_WtEC8.yoEKM_UOJOb1FpD9idxNdTwizUR2FYnB-F9tE2fGwHc&dib_tag=se&keywords=GodHand+Lightning+Nipper&qid=1785244960&sprefix=%2Caps%2C442&sr=8-13&ufe=app_do%3Aamzn1.fos.35785624-70c4-44ae-a5c3-3f044f475d63#customerReviews","参考:","https://www.amazon.co.jp/%E3%82%B4%E3%83%83%E3%83%89%E3%83%8F%E3%83%B3%E3%83%89-GodHand-%E3%81%93%E3%81%A9%E3%82%82%E3%81%AE%E3%83%8B%E3%83%83%E3%83%91%E3%83%BCEX-GH-KPN-95-%E3%83%97%E3%83%A9%E3%83%A2%E3%83%87%E3%83%AB%E7%94%A8%E5%B7%A5%E5%85%B7/dp/B09T2V9VWH/ref=sr_1_13?__mk_ja_JP=%E3%82%AB%E3%82%BF%E3%82%AB%E3%83%8A&crid=2BDORSHLJCA2S&dib=eyJ2IjoiMSJ9.tfhUlnomU-oAg6k7AgKRu713Ac4yr-USOHTQ3QQFb6-tDqz6Vpekly9xpjvnXyBJJVZS77O7TQKCGkkKxIl3KL1nKgLjNtjJr8hKVYhrWHaB72sCXt0DyC4JgTLjz71fpU6T0iU02COM_3nWuPoKAw-G994s_d1pP6CMC8-avu-iVHxxKJA2BCrXmm2LkkKyeEdCAl4Qh2svUFJCC8z3vj7S2BldO7UZyPX5gkZtSgZlnVtvOOY3E85rxWl4g-lBsHb_5Sm2QH_A2qdjPJWcFSLvLg-FIW7rWKbXJ_WtEC8.yoEKM_UOJOb1FpD9idxNdTwizUR2FYnB-F9tE2fGwHc&dib_tag=se&keywords=GodHand+Lightning+Nipper&qid=1785244960&sprefix=%2Caps%2C442&sr=8-13&ufe=app_do%3Aamzn1.fos.35785624-70c4-44ae-a5c3-3f044f475d63","手数料無料","javascript:void(0)","￥3,346","￥","3,346","参考: ￥3,960","￥3,960","￥3,960","日本の中小企業","￥557","Amazonは日本の中小企業のブランドの商品を応援しています。食品から家電まで「日本の中小企業 応援ストア」を今すぐチェック。","https://www.amazon.co.jp/gp/offer-listing/B09T2V9VWH/ref=sr_1_13_olp?keywords=GodHand+Lightning+Nipper&crid=2BDORSHLJCA2S&sprefix=%2Caps%2C442&dib_tag=se&dib=eyJ2IjoiMSJ9.tfhUlnomU-oAg6k7AgKRu713Ac4yr-USOHTQ3QQFb6-tDqz6Vpekly9xpjvnXyBJJVZS77O7TQKCGkkKxIl3KL1nKgLjNtjJr8hKVYhrWHaB72sCXt0DyC4JgTLjz71fpU6T0iU02COM_3nWuPoKAw-G994s_d1pP6CMC8-avu-iVHxxKJA2BCrXmm2LkkKyeEdCAl4Qh2svUFJCC8z3vj7S2BldO7UZyPX5gkZtSgZlnVtvOOY3E85rxWl4g-lBsHb_5Sm2QH_A2qdjPJWcFSLvLg-FIW7rWKbXJ_WtEC8.yoEKM_UOJOb1FpD9idxNdTwizUR2FYnB-F9tE2fGwHc&__mk_ja_JP=%E3%82%AB%E3%82%BF%E3%82%AB%E3%83%8A&qid=1785244960&sr=8-13","https://m.media-amazon.com/images/I/111mHoVK0kL._SS200_.png","詳細はこちら","日本の中小企業","こちらからもご購入いただけます","","https://www.amazon.co.jp/b?ie=UTF8&node=10450728051","￥3,100"
"https://www.amazon.co.jp/%E3%82%B4%E3%83%83%E3%83%89%E3%83%8F%E3%83%B3%E3%83%89-GodHand-GH-PN-120-%E3%83%96%E3%83%AC%E3%83%BC%E3%83%89%E3%83%AF%E3%83%B3%E3%83%8B%E3%83%83%E3%83%91%E3%83%BC-%E3%83%97%E3%83%A9%E3%83%A2%E3%83%87%E3%83%AB%E7%94%A8%E5%B7%A5%E5%85%B7/dp/B00U6U0WCU/ref=sr_1_14?__mk_ja_JP=%E3%82%AB%E3%82%BF%E3%82%AB%E3%83%8A&crid=2BDORSHLJCA2S&dib=eyJ2IjoiMSJ9.tfhUlnomU-oAg6k7AgKRu713Ac4yr-USOHTQ3QQFb6-tDqz6Vpekly9xpjvnXyBJJVZS77O7TQKCGkkKxIl3KL1nKgLjNtjJr8hKVYhrWHaB72sCXt0DyC4JgTLjz71fpU6T0iU02COM_3nWuPoKAw-G994s_d1pP6CMC8-avu-iVHxxKJA2BCrXmm2LkkKyeEdCAl4Qh2svUFJCC8z3vj7S2BldO7UZyPX5gkZtSgZlnVtvOOY3E85rxWl4g-lBsHb_5Sm2QH_A2qdjPJWcFSLvLg-FIW7rWKbXJ_WtEC8.yoEKM_UOJOb1FpD9idxNdTwizUR2FYnB-F9tE2fGwHc&dib_tag=se&keywords=GodHand+Lightning+Nipper&qid=1785244960&sprefix=%2Caps%2C442&sr=8-14","https://m.media-amazon.com/images/I/51GfUfdLnnL._AC_AIweblab1378949,T2_SF480.0,480.0_PQ62_.jpg?aicid=productui-image-1","https://www.amazon.co.jp/%E3%82%B4%E3%83%83%E3%83%89%E3%83%8F%E3%83%B3%E3%83%89-GodHand-GH-PN-120-%E3%83%96%E3%83%AC%E3%83%BC%E3%83%89%E3%83%AF%E3%83%B3%E3%83%8B%E3%83%83%E3%83%91%E3%83%BC-%E3%83%97%E3%83%A9%E3%83%A2%E3%83%87%E3%83%AB%E7%94%A8%E5%B7%A5%E5%85%B7/dp/B00U6U0WCU/ref=sr_1_14?__mk_ja_JP=%E3%82%AB%E3%82%BF%E3%82%AB%E3%83%8A&crid=2BDORSHLJCA2S&dib=eyJ2IjoiMSJ9.tfhUlnomU-oAg6k7AgKRu713Ac4yr-USOHTQ3QQFb6-tDqz6Vpekly9xpjvnXyBJJVZS77O7TQKCGkkKxIl3KL1nKgLjNtjJr8hKVYhrWHaB72sCXt0DyC4JgTLjz71fpU6T0iU02COM_3nWuPoKAw-G994s_d1pP6CMC8-avu-iVHxxKJA2BCrXmm2LkkKyeEdCAl4Qh2svUFJCC8z3vj7S2BldO7UZyPX5gkZtSgZlnVtvOOY3E85rxWl4g-lBsHb_5Sm2QH_A2qdjPJWcFSLvLg-FIW7rWKbXJ_WtEC8.yoEKM_UOJOb1FpD9idxNdTwizUR2FYnB-F9tE2fGwHc&dib_tag=se&keywords=GodHand+Lightning+Nipper&qid=1785244960&sprefix=%2Caps%2C442&sr=8-14","ゴッドハンド(GodHand) ブレードワンニッパー (旧モデル) プラモデル用工具 プラニッパー GH-PN-120","javascript:void(0)","5つ星のうち4.6","https://www.amazon.co.jp/%E3%82%B4%E3%83%83%E3%83%89%E3%83%8F%E3%83%B3%E3%83%89-GodHand-GH-PN-120-%E3%83%96%E3%83%AC%E3%83%BC%E3%83%89%E3%83%AF%E3%83%B3%E3%83%8B%E3%83%83%E3%83%91%E3%83%BC-%E3%83%97%E3%83%A9%E3%83%A2%E3%83%87%E3%83%AB%E7%94%A8%E5%B7%A5%E5%85%B7/dp/B00U6U0WCU/ref=sr_1_14?__mk_ja_JP=%E3%82%AB%E3%82%BF%E3%82%AB%E3%83%8A&crid=2BDORSHLJCA2S&dib=eyJ2IjoiMSJ9.tfhUlnomU-oAg6k7AgKRu713Ac4yr-USOHTQ3QQFb6-tDqz6Vpekly9xpjvnXyBJJVZS77O7TQKCGkkKxIl3KL1nKgLjNtjJr8hKVYhrWHaB72sCXt0DyC4JgTLjz71fpU6T0iU02COM_3nWuPoKAw-G994s_d1pP6CMC8-avu-iVHxxKJA2BCrXmm2LkkKyeEdCAl4Qh2svUFJCC8z3vj7S2BldO7UZyPX5gkZtSgZlnVtvOOY3E85rxWl4g-lBsHb_5Sm2QH_A2qdjPJWcFSLvLg-FIW7rWKbXJ_WtEC8.yoEKM_UOJOb1FpD9idxNdTwizUR2FYnB-F9tE2fGwHc&dib_tag=se&keywords=GodHand+Lightning+Nipper&qid=1785244960&sprefix=%2Caps%2C442&sr=8-14#customerReviews","日本の中小企業","javascript:void(0)","詳細はこちら","https://www.amazon.co.jp/gp/offer-listing/B00U6U0WCU/ref=sr_1_14_olp?keywords=GodHand+Lightning+Nipper&crid=2BDORSHLJCA2S&sprefix=%2Caps%2C442&dib_tag=se&dib=eyJ2IjoiMSJ9.tfhUlnomU-oAg6k7AgKRu713Ac4yr-USOHTQ3QQFb6-tDqz6Vpekly9xpjvnXyBJJVZS77O7TQKCGkkKxIl3KL1nKgLjNtjJr8hKVYhrWHaB72sCXt0DyC4JgTLjz71fpU6T0iU02COM_3nWuPoKAw-G994s_d1pP6CMC8-avu-iVHxxKJA2BCrXmm2LkkKyeEdCAl4Qh2svUFJCC8z3vj7S2BldO7UZyPX5gkZtSgZlnVtvOOY3E85rxWl4g-lBsHb_5Sm2QH_A2qdjPJWcFSLvLg-FIW7rWKbXJ_WtEC8.yoEKM_UOJOb1FpD9idxNdTwizUR2FYnB-F9tE2fGwHc&__mk_ja_JP=%E3%82%AB%E3%82%BF%E3%82%AB%E3%83%8A&qid=1785244960&sr=8-14","","","","","","","","","","","https://m.media-amazon.com/images/I/111mHoVK0kL._SS200_.png","","日本の中小企業","","","https://www.amazon.co.jp/b?ie=UTF8&node=10450728051","￥5,960"
"https://www.amazon.co.jp/%E3%82%B4%E3%83%83%E3%83%89%E3%83%8F%E3%83%B3%E3%83%89-GodHand-%E7%97%9B%E5%BF%AB%E3%83%AA%E3%83%BC%E3%83%89%E3%83%9A%E3%83%B3%E3%83%81-GH-LDP-140-K-%E3%83%9B%E3%83%93%E3%83%BC%E7%94%A8%E5%B7%A5%E5%85%B7/dp/B0CWRZ2W72/ref=sr_1_15?__mk_ja_JP=%E3%82%AB%E3%82%BF%E3%82%AB%E3%83%8A&crid=2BDORSHLJCA2S&dib=eyJ2IjoiMSJ9.tfhUlnomU-oAg6k7AgKRu713Ac4yr-USOHTQ3QQFb6-tDqz6Vpekly9xpjvnXyBJJVZS77O7TQKCGkkKxIl3KL1nKgLjNtjJr8hKVYhrWHaB72sCXt0DyC4JgTLjz71fpU6T0iU02COM_3nWuPoKAw-G994s_d1pP6CMC8-avu-iVHxxKJA2BCrXmm2LkkKyeEdCAl4Qh2svUFJCC8z3vj7S2BldO7UZyPX5gkZtSgZlnVtvOOY3E85rxWl4g-lBsHb_5Sm2QH_A2qdjPJWcFSLvLg-FIW7rWKbXJ_WtEC8.yoEKM_UOJOb1FpD9idxNdTwizUR2FYnB-F9tE2fGwHc&dib_tag=se&keywords=GodHand+Lightning+Nipper&qid=1785244960&sprefix=%2Caps%2C442&sr=8-15&ufe=app_do%3Aamzn1.fos.35785624-70c4-44ae-a5c3-3f044f475d63","https://m.media-amazon.com/images/I/41iKuY6-J-L._AC_AIweblab1378949,T2_SF480.0,480.0_PQ62_.jpg?aicid=productui-image-1","https://www.amazon.co.jp/%E3%82%B4%E3%83%83%E3%83%89%E3%83%8F%E3%83%B3%E3%83%89-GodHand-%E7%97%9B%E5%BF%AB%E3%83%AA%E3%83%BC%E3%83%89%E3%83%9A%E3%83%B3%E3%83%81-GH-LDP-140-K-%E3%83%9B%E3%83%93%E3%83%BC%E7%94%A8%E5%B7%A5%E5%85%B7/dp/B0CWRZ2W72/ref=sr_1_15?__mk_ja_JP=%E3%82%AB%E3%82%BF%E3%82%AB%E3%83%8A&crid=2BDORSHLJCA2S&dib=eyJ2IjoiMSJ9.tfhUlnomU-oAg6k7AgKRu713Ac4yr-USOHTQ3QQFb6-tDqz6Vpekly9xpjvnXyBJJVZS77O7TQKCGkkKxIl3KL1nKgLjNtjJr8hKVYhrWHaB72sCXt0DyC4JgTLjz71fpU6T0iU02COM_3nWuPoKAw-G994s_d1pP6CMC8-avu-iVHxxKJA2BCrXmm2LkkKyeEdCAl4Qh2svUFJCC8z3vj7S2BldO7UZyPX5gkZtSgZlnVtvOOY3E85rxWl4g-lBsHb_5Sm2QH_A2qdjPJWcFSLvLg-FIW7rWKbXJ_WtEC8.yoEKM_UOJOb1FpD9idxNdTwizUR2FYnB-F9tE2fGwHc&dib_tag=se&keywords=GodHand+Lightning+Nipper&qid=1785244960&sprefix=%2Caps%2C442&sr=8-15&ufe=app_do%3Aamzn1.fos.35785624-70c4-44ae-a5c3-3f044f475d63","ゴッドハンド(GodHand) 痛快リードペンチ GH-LDP-140-K ホビー用工具","","","https://www.amazon.co.jp/%E3%82%B4%E3%83%83%E3%83%89%E3%83%8F%E3%83%B3%E3%83%89-GodHand-%E7%97%9B%E5%BF%AB%E3%83%AA%E3%83%BC%E3%83%89%E3%83%9A%E3%83%B3%E3%83%81-GH-LDP-140-K-%E3%83%9B%E3%83%93%E3%83%BC%E7%94%A8%E5%B7%A5%E5%85%B7/dp/B0CWRZ2W72/ref=sr_1_15?__mk_ja_JP=%E3%82%AB%E3%82%BF%E3%82%AB%E3%83%8A&crid=2BDORSHLJCA2S&dib=eyJ2IjoiMSJ9.tfhUlnomU-oAg6k7AgKRu713Ac4yr-USOHTQ3QQFb6-tDqz6Vpekly9xpjvnXyBJJVZS77O7TQKCGkkKxIl3KL1nKgLjNtjJr8hKVYhrWHaB72sCXt0DyC4JgTLjz71fpU6T0iU02COM_3nWuPoKAw-G994s_d1pP6CMC8-avu-iVHxxKJA2BCrXmm2LkkKyeEdCAl4Qh2svUFJCC8z3vj7S2BldO7UZyPX5gkZtSgZlnVtvOOY3E85rxWl4g-lBsHb_5Sm2QH_A2qdjPJWcFSLvLg-FIW7rWKbXJ_WtEC8.yoEKM_UOJOb1FpD9idxNdTwizUR2FYnB-F9tE2fGwHc&dib_tag=se&keywords=GodHand+Lightning+Nipper&qid=1785244960&sprefix=%2Caps%2C442&sr=8-15&ufe=app_do%3Aamzn1.fos.35785624-70c4-44ae-a5c3-3f044f475d63","参考:","javascript:void(0)","手数料無料","","￥2,300","￥","2,300","参考: ￥2,640","￥2,640","￥2,640","残り1点（入荷予定あり）","￥383","日本の中小企業","","https://m.media-amazon.com/images/I/111mHoVK0kL._SS200_.png","Amazonは日本の中小企業のブランドの商品を応援しています。食品から家電まで「日本の中小企業 応援ストア」を今すぐチェック。","日本の中小企業","詳細はこちら","","https://www.amazon.co.jp/b?ie=UTF8&node=10450728051",""
"https://www.amazon.co.jp/%E3%82%B4%E3%83%83%E3%83%89%E3%83%8F%E3%83%B3%E3%83%89-SPN-120-%E3%82%A2%E3%83%AB%E3%83%86%E3%82%A3%E3%83%A1%E3%83%83%E3%83%88%E3%83%8B%E3%83%83%E3%83%91%E3%83%BC-5-0/dp/B00T5IH8PI/ref=sr_1_16?__mk_ja_JP=%E3%82%AB%E3%82%BF%E3%82%AB%E3%83%8A&crid=2BDORSHLJCA2S&dib=eyJ2IjoiMSJ9.tfhUlnomU-oAg6k7AgKRu713Ac4yr-USOHTQ3QQFb6-tDqz6Vpekly9xpjvnXyBJJVZS77O7TQKCGkkKxIl3KL1nKgLjNtjJr8hKVYhrWHaB72sCXt0DyC4JgTLjz71fpU6T0iU02COM_3nWuPoKAw-G994s_d1pP6CMC8-avu-iVHxxKJA2BCrXmm2LkkKyeEdCAl4Qh2svUFJCC8z3vj7S2BldO7UZyPX5gkZtSgZlnVtvOOY3E85rxWl4g-lBsHb_5Sm2QH_A2qdjPJWcFSLvLg-FIW7rWKbXJ_WtEC8.yoEKM_UOJOb1FpD9idxNdTwizUR2FYnB-F9tE2fGwHc&dib_tag=se&keywords=GodHand+Lightning+Nipper&qid=1785244960&sprefix=%2Caps%2C442&sr=8-16","https://m.media-amazon.com/images/I/71JBLT2jRlL._AC_AIweblab1378949,T2_SF480.0,480.0_PQ62_.jpg?aicid=productui-image-1","https://www.amazon.co.jp/%E3%82%B4%E3%83%83%E3%83%89%E3%83%8F%E3%83%B3%E3%83%89-SPN-120-%E3%82%A2%E3%83%AB%E3%83%86%E3%82%A3%E3%83%A1%E3%83%83%E3%83%88%E3%83%8B%E3%83%83%E3%83%91%E3%83%BC-5-0/dp/B00T5IH8PI/ref=sr_1_16?__mk_ja_JP=%E3%82%AB%E3%82%BF%E3%82%AB%E3%83%8A&crid=2BDORSHLJCA2S&dib=eyJ2IjoiMSJ9.tfhUlnomU-oAg6k7AgKRu713Ac4yr-USOHTQ3QQFb6-tDqz6Vpekly9xpjvnXyBJJVZS77O7TQKCGkkKxIl3KL1nKgLjNtjJr8hKVYhrWHaB72sCXt0DyC4JgTLjz71fpU6T0iU02COM_3nWuPoKAw-G994s_d1pP6CMC8-avu-iVHxxKJA2BCrXmm2LkkKyeEdCAl4Qh2svUFJCC8z3vj7S2BldO7UZyPX5gkZtSgZlnVtvOOY3E85rxWl4g-lBsHb_5Sm2QH_A2qdjPJWcFSLvLg-FIW7rWKbXJ_WtEC8.yoEKM_UOJOb1FpD9idxNdTwizUR2FYnB-F9tE2fGwHc&dib_tag=se&keywords=GodHand+Lightning+Nipper&qid=1785244960&sprefix=%2Caps%2C442&sr=8-16","ゴッドハンド アルティメットニッパー 5.0 (旧モデル) SPN-120","javascript:void(0)","5つ星のうち4.4","https://www.amazon.co.jp/%E3%82%B4%E3%83%83%E3%83%89%E3%83%8F%E3%83%B3%E3%83%89-SPN-120-%E3%82%A2%E3%83%AB%E3%83%86%E3%82%A3%E3%83%A1%E3%83%83%E3%83%88%E3%83%8B%E3%83%83%E3%83%91%E3%83%BC-5-0/dp/B00T5IH8PI/ref=sr_1_16?__mk_ja_JP=%E3%82%AB%E3%82%BF%E3%82%AB%E3%83%8A&crid=2BDORSHLJCA2S&dib=eyJ2IjoiMSJ9.tfhUlnomU-oAg6k7AgKRu713Ac4yr-USOHTQ3QQFb6-tDqz6Vpekly9xpjvnXyBJJVZS77O7TQKCGkkKxIl3KL1nKgLjNtjJr8hKVYhrWHaB72sCXt0DyC4JgTLjz71fpU6T0iU02COM_3nWuPoKAw-G994s_d1pP6CMC8-avu-iVHxxKJA2BCrXmm2LkkKyeEdCAl4Qh2svUFJCC8z3vj7S2BldO7UZyPX5gkZtSgZlnVtvOOY3E85rxWl4g-lBsHb_5Sm2QH_A2qdjPJWcFSLvLg-FIW7rWKbXJ_WtEC8.yoEKM_UOJOb1FpD9idxNdTwizUR2FYnB-F9tE2fGwHc&dib_tag=se&keywords=GodHand+Lightning+Nipper&qid=1785244960&sprefix=%2Caps%2C442&sr=8-16#customerReviews","モイスチャライジング","javascript:void(0)","Amazonは日本の中小企業のブランドの商品を応援しています。食品から家電まで「日本の中小企業 応援ストア」を今すぐチェック。","https://www.amazon.co.jp/gp/offer-listing/B00T5IH8PI/ref=sr_1_16_olp?keywords=GodHand+Lightning+Nipper&crid=2BDORSHLJCA2S&sprefix=%2Caps%2C442&dib_tag=se&dib=eyJ2IjoiMSJ9.tfhUlnomU-oAg6k7AgKRu713Ac4yr-USOHTQ3QQFb6-tDqz6Vpekly9xpjvnXyBJJVZS77O7TQKCGkkKxIl3KL1nKgLjNtjJr8hKVYhrWHaB72sCXt0DyC4JgTLjz71fpU6T0iU02COM_3nWuPoKAw-G994s_d1pP6CMC8-avu-iVHxxKJA2BCrXmm2LkkKyeEdCAl4Qh2svUFJCC8z3vj7S2BldO7UZyPX5gkZtSgZlnVtvOOY3E85rxWl4g-lBsHb_5Sm2QH_A2qdjPJWcFSLvLg-FIW7rWKbXJ_WtEC8.yoEKM_UOJOb1FpD9idxNdTwizUR2FYnB-F9tE2fGwHc&__mk_ja_JP=%E3%82%AB%E3%82%BF%E3%82%AB%E3%83%8A&qid=1785244960&sr=8-16","","","","","","","「おすすめ出品」の要件を満たす出品はありません","","","","https://m.media-amazon.com/images/I/111mHoVK0kL._SS200_.png","","日本の中小企業","","","https://www.amazon.co.jp/b?ie=UTF8&node=10450728051","￥6,000"
"https://www.amazon.co.jp/%E3%82%B4%E3%83%83%E3%83%89%E3%83%8F%E3%83%B3%E3%83%89-GodHand-%E3%83%8B%E3%83%83%E3%83%91%E3%83%BC%E5%B0%82%E7%94%A8%E3%83%A1%E3%83%B3%E3%83%86%E3%83%8A%E3%83%B3%E3%82%B9%E6%B2%B9-GH-NMO-SET-%E3%83%9B%E3%83%93%E3%83%BC%E7%94%A8%E5%B7%A5%E5%85%B7/dp/B0CWRYH7LK/ref=sr_1_17?__mk_ja_JP=%E3%82%AB%E3%82%BF%E3%82%AB%E3%83%8A&crid=2BDORSHLJCA2S&dib=eyJ2IjoiMSJ9.tfhUlnomU-oAg6k7AgKRu713Ac4yr-USOHTQ3QQFb6-tDqz6Vpekly9xpjvnXyBJJVZS77O7TQKCGkkKxIl3KL1nKgLjNtjJr8hKVYhrWHaB72sCXt0DyC4JgTLjz71fpU6T0iU02COM_3nWuPoKAw-G994s_d1pP6CMC8-avu-iVHxxKJA2BCrXmm2LkkKyeEdCAl4Qh2svUFJCC8z3vj7S2BldO7UZyPX5gkZtSgZlnVtvOOY3E85rxWl4g-lBsHb_5Sm2QH_A2qdjPJWcFSLvLg-FIW7rWKbXJ_WtEC8.yoEKM_UOJOb1FpD9idxNdTwizUR2FYnB-F9tE2fGwHc&dib_tag=se&keywords=GodHand+Lightning+Nipper&qid=1785244960&sprefix=%2Caps%2C442&sr=8-17&ufe=app_do%3Aamzn1.fos.35785624-70c4-44ae-a5c3-3f044f475d63","https://m.media-amazon.com/images/I/51QRTAG61wL._AC_AIweblab1378949,T2_SF480.0,480.0_PQ62_.jpg?aicid=productui-image-1","https://www.amazon.co.jp/%E3%82%B4%E3%83%83%E3%83%89%E3%83%8F%E3%83%B3%E3%83%89-GodHand-%E3%83%8B%E3%83%83%E3%83%91%E3%83%BC%E5%B0%82%E7%94%A8%E3%83%A1%E3%83%B3%E3%83%86%E3%83%8A%E3%83%B3%E3%82%B9%E6%B2%B9-GH-NMO-SET-%E3%83%9B%E3%83%93%E3%83%BC%E7%94%A8%E5%B7%A5%E5%85%B7/dp/B0CWRYH7LK/ref=sr_1_17?__mk_ja_JP=%E3%82%AB%E3%82%BF%E3%82%AB%E3%83%8A&crid=2BDORSHLJCA2S&dib=eyJ2IjoiMSJ9.tfhUlnomU-oAg6k7AgKRu713Ac4yr-USOHTQ3QQFb6-tDqz6Vpekly9xpjvnXyBJJVZS77O7TQKCGkkKxIl3KL1nKgLjNtjJr8hKVYhrWHaB72sCXt0DyC4JgTLjz71fpU6T0iU02COM_3nWuPoKAw-G994s_d1pP6CMC8-avu-iVHxxKJA2BCrXmm2LkkKyeEdCAl4Qh2svUFJCC8z3vj7S2BldO7UZyPX5gkZtSgZlnVtvOOY3E85rxWl4g-lBsHb_5Sm2QH_A2qdjPJWcFSLvLg-FIW7rWKbXJ_WtEC8.yoEKM_UOJOb1FpD9idxNdTwizUR2FYnB-F9tE2fGwHc&dib_tag=se&keywords=GodHand+Lightning+Nipper&qid=1785244960&sprefix=%2Caps%2C442&sr=8-17&ufe=app_do%3Aamzn1.fos.35785624-70c4-44ae-a5c3-3f044f475d63","ゴッドハンド(GodHand) ニッパー専用メンテナンス油 GH-NMO-SET ホビー用工具","javascript:void(0)","5つ星のうち4.6","https://www.amazon.co.jp/%E3%82%B4%E3%83%83%E3%83%89%E3%83%8F%E3%83%B3%E3%83%89-GodHand-%E3%83%8B%E3%83%83%E3%83%91%E3%83%BC%E5%B0%82%E7%94%A8%E3%83%A1%E3%83%B3%E3%83%86%E3%83%8A%E3%83%B3%E3%82%B9%E6%B2%B9-GH-NMO-SET-%E3%83%9B%E3%83%93%E3%83%BC%E7%94%A8%E5%B7%A5%E5%85%B7/dp/B0CWRYH7LK/ref=sr_1_17?__mk_ja_JP=%E3%82%AB%E3%82%BF%E3%82%AB%E3%83%8A&crid=2BDORSHLJCA2S&dib=eyJ2IjoiMSJ9.tfhUlnomU-oAg6k7AgKRu713Ac4yr-USOHTQ3QQFb6-tDqz6Vpekly9xpjvnXyBJJVZS77O7TQKCGkkKxIl3KL1nKgLjNtjJr8hKVYhrWHaB72sCXt0DyC4JgTLjz71fpU6T0iU02COM_3nWuPoKAw-G994s_d1pP6CMC8-avu-iVHxxKJA2BCrXmm2LkkKyeEdCAl4Qh2svUFJCC8z3vj7S2BldO7UZyPX5gkZtSgZlnVtvOOY3E85rxWl4g-lBsHb_5Sm2QH_A2qdjPJWcFSLvLg-FIW7rWKbXJ_WtEC8.yoEKM_UOJOb1FpD9idxNdTwizUR2FYnB-F9tE2fGwHc&dib_tag=se&keywords=GodHand+Lightning+Nipper&qid=1785244960&sprefix=%2Caps%2C442&sr=8-17&ufe=app_do%3Aamzn1.fos.35785624-70c4-44ae-a5c3-3f044f475d63#customerReviews","過去1か月で300点以上購入されました","https://www.amazon.co.jp/%E3%82%B4%E3%83%83%E3%83%89%E3%83%8F%E3%83%B3%E3%83%89-GodHand-%E3%83%8B%E3%83%83%E3%83%91%E3%83%BC%E5%B0%82%E7%94%A8%E3%83%A1%E3%83%B3%E3%83%86%E3%83%8A%E3%83%B3%E3%82%B9%E6%B2%B9-GH-NMO-SET-%E3%83%9B%E3%83%93%E3%83%BC%E7%94%A8%E5%B7%A5%E5%85%B7/dp/B0CWRYH7LK/ref=sr_1_17?__mk_ja_JP=%E3%82%AB%E3%82%BF%E3%82%AB%E3%83%8A&crid=2BDORSHLJCA2S&dib=eyJ2IjoiMSJ9.tfhUlnomU-oAg6k7AgKRu713Ac4yr-USOHTQ3QQFb6-tDqz6Vpekly9xpjvnXyBJJVZS77O7TQKCGkkKxIl3KL1nKgLjNtjJr8hKVYhrWHaB72sCXt0DyC4JgTLjz71fpU6T0iU02COM_3nWuPoKAw-G994s_d1pP6CMC8-avu-iVHxxKJA2BCrXmm2LkkKyeEdCAl4Qh2svUFJCC8z3vj7S2BldO7UZyPX5gkZtSgZlnVtvOOY3E85rxWl4g-lBsHb_5Sm2QH_A2qdjPJWcFSLvLg-FIW7rWKbXJ_WtEC8.yoEKM_UOJOb1FpD9idxNdTwizUR2FYnB-F9tE2fGwHc&dib_tag=se&keywords=GodHand+Lightning+Nipper&qid=1785244960&sprefix=%2Caps%2C442&sr=8-17&ufe=app_do%3Aamzn1.fos.35785624-70c4-44ae-a5c3-3f044f475d63","6回払いなら月々","javascript:void(0)","￥1,282","￥","1,282","参考: ￥1,452","￥1,452","￥1,452","13ポイント(1%)","￥213","日本の中小企業","https://www.amazon.co.jp/gp/offer-listing/B0CWRYH7LK/ref=sr_1_17_olp?keywords=GodHand+Lightning+Nipper&crid=2BDORSHLJCA2S&sprefix=%2Caps%2C442&dib_tag=se&dib=eyJ2IjoiMSJ9.tfhUlnomU-oAg6k7AgKRu713Ac4yr-USOHTQ3QQFb6-tDqz6Vpekly9xpjvnXyBJJVZS77O7TQKCGkkKxIl3KL1nKgLjNtjJr8hKVYhrWHaB72sCXt0DyC4JgTLjz71fpU6T0iU02COM_3nWuPoKAw-G994s_d1pP6CMC8-avu-iVHxxKJA2BCrXmm2LkkKyeEdCAl4Qh2svUFJCC8z3vj7S2BldO7UZyPX5gkZtSgZlnVtvOOY3E85rxWl4g-lBsHb_5Sm2QH_A2qdjPJWcFSLvLg-FIW7rWKbXJ_WtEC8.yoEKM_UOJOb1FpD9idxNdTwizUR2FYnB-F9tE2fGwHc&__mk_ja_JP=%E3%82%AB%E3%82%BF%E3%82%AB%E3%83%8A&qid=1785244960&sr=8-17","https://m.media-amazon.com/images/I/111mHoVK0kL._SS200_.png","Amazonは日本の中小企業のブランドの商品を応援しています。食品から家電まで「日本の中小企業 応援ストア」を今すぐチェック。","日本の中小企業","詳細はこちら","こちらからもご購入いただけます","https://www.amazon.co.jp/b?ie=UTF8&node=10450728051","￥1,270"
"https://www.amazon.co.jp/stedi-112-%E6%A5%B5%E8%96%84%E4%B8%A1%E5%88%83-%E3%83%97%E3%83%A9%E3%83%A2%E3%83%87%E3%83%AB%E7%94%A8%E3%80%81%E9%8B%AD%E3%81%84%E8%96%84%E3%81%84%E5%88%83%E3%81%A7%E5%88%83%E3%81%AE%E4%BF%9D%E8%AD%B7%E3%82%AB%E3%83%90%E3%83%BC%E4%BB%98%E3%81%8D%E3%81%AE%E3%83%97%E3%83%A9%E3%82%B9%E3%83%81%E3%83%83%E3%82%AF%E3%83%A2%E3%83%87%E3%83%AB%E5%B0%82%E7%94%A8%E3%83%84%E3%83%BC%E3%83%AB%E3%81%A7%E3%81%99%E3%80%82%E3%83%96%E3%83%A9%E3%83%83%E3%82%AF/dp/B0D7VRBCF8/ref=sr_1_18?__mk_ja_JP=%E3%82%AB%E3%82%BF%E3%82%AB%E3%83%8A&crid=2BDORSHLJCA2S&dib=eyJ2IjoiMSJ9.tfhUlnomU-oAg6k7AgKRu713Ac4yr-USOHTQ3QQFb6-tDqz6Vpekly9xpjvnXyBJJVZS77O7TQKCGkkKxIl3KL1nKgLjNtjJr8hKVYhrWHaB72sCXt0DyC4JgTLjz71fpU6T0iU02COM_3nWuPoKAw-G994s_d1pP6CMC8-avu-iVHxxKJA2BCrXmm2LkkKyeEdCAl4Qh2svUFJCC8z3vj7S2BldO7UZyPX5gkZtSgZlnVtvOOY3E85rxWl4g-lBsHb_5Sm2QH_A2qdjPJWcFSLvLg-FIW7rWKbXJ_WtEC8.yoEKM_UOJOb1FpD9idxNdTwizUR2FYnB-F9tE2fGwHc&dib_tag=se&keywords=GodHand+Lightning+Nipper&qid=1785244960&sprefix=%2Caps%2C442&sr=8-18&ufe=app_do%3Aamzn1.fos.35785624-70c4-44ae-a5c3-3f044f475d63","https://m.media-amazon.com/images/I/61VEqefqdhL._AC_AIweblab1378949,T2_SF480.0,480.0_PQ62_.jpg?aicid=productui-image-1","https://www.amazon.co.jp/stedi-112-%E6%A5%B5%E8%96%84%E4%B8%A1%E5%88%83-%E3%83%97%E3%83%A9%E3%83%A2%E3%83%87%E3%83%AB%E7%94%A8%E3%80%81%E9%8B%AD%E3%81%84%E8%96%84%E3%81%84%E5%88%83%E3%81%A7%E5%88%83%E3%81%AE%E4%BF%9D%E8%AD%B7%E3%82%AB%E3%83%90%E3%83%BC%E4%BB%98%E3%81%8D%E3%81%AE%E3%83%97%E3%83%A9%E3%82%B9%E3%83%81%E3%83%83%E3%82%AF%E3%83%A2%E3%83%87%E3%83%AB%E5%B0%82%E7%94%A8%E3%83%84%E3%83%BC%E3%83%AB%E3%81%A7%E3%81%99%E3%80%82%E3%83%96%E3%83%A9%E3%83%83%E3%82%AF/dp/B0D7VRBCF8/ref=sr_1_18?__mk_ja_JP=%E3%82%AB%E3%82%BF%E3%82%AB%E3%83%8A&crid=2BDORSHLJCA2S&dib=eyJ2IjoiMSJ9.tfhUlnomU-oAg6k7AgKRu713Ac4yr-USOHTQ3QQFb6-tDqz6Vpekly9xpjvnXyBJJVZS77O7TQKCGkkKxIl3KL1nKgLjNtjJr8hKVYhrWHaB72sCXt0DyC4JgTLjz71fpU6T0iU02COM_3nWuPoKAw-G994s_d1pP6CMC8-avu-iVHxxKJA2BCrXmm2LkkKyeEdCAl4Qh2svUFJCC8z3vj7S2BldO7UZyPX5gkZtSgZlnVtvOOY3E85rxWl4g-lBsHb_5Sm2QH_A2qdjPJWcFSLvLg-FIW7rWKbXJ_WtEC8.yoEKM_UOJOb1FpD9idxNdTwizUR2FYnB-F9tE2fGwHc&dib_tag=se&keywords=GodHand+Lightning+Nipper&qid=1785244960&sprefix=%2Caps%2C442&sr=8-18&ufe=app_do%3Aamzn1.fos.35785624-70c4-44ae-a5c3-3f044f475d63","stedi 極薄両刃 プラモデル用、鋭い薄い刃で刃の保護カバー付きのプラスチックモデル専用ツールです。ブラック","javascript:void(0)","5つ星のうち4.4","https://www.amazon.co.jp/stedi-112-%E6%A5%B5%E8%96%84%E4%B8%A1%E5%88%83-%E3%83%97%E3%83%A9%E3%83%A2%E3%83%87%E3%83%AB%E7%94%A8%E3%80%81%E9%8B%AD%E3%81%84%E8%96%84%E3%81%84%E5%88%83%E3%81%A7%E5%88%83%E3%81%AE%E4%BF%9D%E8%AD%B7%E3%82%AB%E3%83%90%E3%83%BC%E4%BB%98%E3%81%8D%E3%81%AE%E3%83%97%E3%83%A9%E3%82%B9%E3%83%81%E3%83%83%E3%82%AF%E3%83%A2%E3%83%87%E3%83%AB%E5%B0%82%E7%94%A8%E3%83%84%E3%83%BC%E3%83%AB%E3%81%A7%E3%81%99%E3%80%82%E3%83%96%E3%83%A9%E3%83%83%E3%82%AF/dp/B0D7VRBCF8/ref=sr_1_18?__mk_ja_JP=%E3%82%AB%E3%82%BF%E3%82%AB%E3%83%8A&crid=2BDORSHLJCA2S&dib=eyJ2IjoiMSJ9.tfhUlnomU-oAg6k7AgKRu713Ac4yr-USOHTQ3QQFb6-tDqz6Vpekly9xpjvnXyBJJVZS77O7TQKCGkkKxIl3KL1nKgLjNtjJr8hKVYhrWHaB72sCXt0DyC4JgTLjz71fpU6T0iU02COM_3nWuPoKAw-G994s_d1pP6CMC8-avu-iVHxxKJA2BCrXmm2LkkKyeEdCAl4Qh2svUFJCC8z3vj7S2BldO7UZyPX5gkZtSgZlnVtvOOY3E85rxWl4g-lBsHb_5Sm2QH_A2qdjPJWcFSLvLg-FIW7rWKbXJ_WtEC8.yoEKM_UOJOb1FpD9idxNdTwizUR2FYnB-F9tE2fGwHc&dib_tag=se&keywords=GodHand+Lightning+Nipper&qid=1785244960&sprefix=%2Caps%2C442&sr=8-18&ufe=app_do%3Aamzn1.fos.35785624-70c4-44ae-a5c3-3f044f475d63#customerReviews","過去1か月で100点以上購入されました","https://www.amazon.co.jp/stedi-112-%E6%A5%B5%E8%96%84%E4%B8%A1%E5%88%83-%E3%83%97%E3%83%A9%E3%83%A2%E3%83%87%E3%83%AB%E7%94%A8%E3%80%81%E9%8B%AD%E3%81%84%E8%96%84%E3%81%84%E5%88%83%E3%81%A7%E5%88%83%E3%81%AE%E4%BF%9D%E8%AD%B7%E3%82%AB%E3%83%90%E3%83%BC%E4%BB%98%E3%81%8D%E3%81%AE%E3%83%97%E3%83%A9%E3%82%B9%E3%83%81%E3%83%83%E3%82%AF%E3%83%A2%E3%83%87%E3%83%AB%E5%B0%82%E7%94%A8%E3%83%84%E3%83%BC%E3%83%AB%E3%81%A7%E3%81%99%E3%80%82%E3%83%96%E3%83%A9%E3%83%83%E3%82%AF/dp/B0D7VRBCF8/ref=sr_1_18?__mk_ja_JP=%E3%82%AB%E3%82%BF%E3%82%AB%E3%83%8A&crid=2BDORSHLJCA2S&dib=eyJ2IjoiMSJ9.tfhUlnomU-oAg6k7AgKRu713Ac4yr-USOHTQ3QQFb6-tDqz6Vpekly9xpjvnXyBJJVZS77O7TQKCGkkKxIl3KL1nKgLjNtjJr8hKVYhrWHaB72sCXt0DyC4JgTLjz71fpU6T0iU02COM_3nWuPoKAw-G994s_d1pP6CMC8-avu-iVHxxKJA2BCrXmm2LkkKyeEdCAl4Qh2svUFJCC8z3vj7S2BldO7UZyPX5gkZtSgZlnVtvOOY3E85rxWl4g-lBsHb_5Sm2QH_A2qdjPJWcFSLvLg-FIW7rWKbXJ_WtEC8.yoEKM_UOJOb1FpD9idxNdTwizUR2FYnB-F9tE2fGwHc&dib_tag=se&keywords=GodHand+Lightning+Nipper&qid=1785244960&sprefix=%2Caps%2C442&sr=8-18&ufe=app_do%3Aamzn1.fos.35785624-70c4-44ae-a5c3-3f044f475d63","6回払いなら月々","","￥2,322","￥","2,322","参考: ￥2,480","￥2,480","￥2,480","23ポイント(1%)","￥387","ダブルポイント","","","","","","","",""
"https://www.amazon.co.jp/%E3%82%B4%E3%83%83%E3%83%89%E3%83%8F%E3%83%B3%E3%83%89-GodHand-%E3%83%8B%E3%83%83%E3%83%91%E3%83%BC%E3%82%AD%E3%83%A3%E3%83%83%E3%83%97-GH-NC1-%E3%83%9B%E3%83%93%E3%83%BC%E7%94%A8%E5%B7%A5%E5%85%B7/dp/B0CWRWGCC7/ref=sr_1_19?__mk_ja_JP=%E3%82%AB%E3%82%BF%E3%82%AB%E3%83%8A&crid=2BDORSHLJCA2S&dib=eyJ2IjoiMSJ9.tfhUlnomU-oAg6k7AgKRu713Ac4yr-USOHTQ3QQFb6-tDqz6Vpekly9xpjvnXyBJJVZS77O7TQKCGkkKxIl3KL1nKgLjNtjJr8hKVYhrWHaB72sCXt0DyC4JgTLjz71fpU6T0iU02COM_3nWuPoKAw-G994s_d1pP6CMC8-avu-iVHxxKJA2BCrXmm2LkkKyeEdCAl4Qh2svUFJCC8z3vj7S2BldO7UZyPX5gkZtSgZlnVtvOOY3E85rxWl4g-lBsHb_5Sm2QH_A2qdjPJWcFSLvLg-FIW7rWKbXJ_WtEC8.yoEKM_UOJOb1FpD9idxNdTwizUR2FYnB-F9tE2fGwHc&dib_tag=se&keywords=GodHand+Lightning+Nipper&qid=1785244960&sprefix=%2Caps%2C442&sr=8-19&ufe=app_do%3Aamzn1.fos.5a18048f-6552-4a07-bd23-1b8dab0d2e4f","https://m.media-amazon.com/images/I/51OcCjQ+xPL._AC_AIweblab1378949,T2_SF480.0,480.0_PQ62_.jpg?aicid=productui-image-1","https://www.amazon.co.jp/%E3%82%B4%E3%83%83%E3%83%89%E3%83%8F%E3%83%B3%E3%83%89-GodHand-%E3%83%8B%E3%83%83%E3%83%91%E3%83%BC%E3%82%AD%E3%83%A3%E3%83%83%E3%83%97-GH-NC1-%E3%83%9B%E3%83%93%E3%83%BC%E7%94%A8%E5%B7%A5%E5%85%B7/dp/B0CWRWGCC7/ref=sr_1_19?__mk_ja_JP=%E3%82%AB%E3%82%BF%E3%82%AB%E3%83%8A&crid=2BDORSHLJCA2S&dib=eyJ2IjoiMSJ9.tfhUlnomU-oAg6k7AgKRu713Ac4yr-USOHTQ3QQFb6-tDqz6Vpekly9xpjvnXyBJJVZS77O7TQKCGkkKxIl3KL1nKgLjNtjJr8hKVYhrWHaB72sCXt0DyC4JgTLjz71fpU6T0iU02COM_3nWuPoKAw-G994s_d1pP6CMC8-avu-iVHxxKJA2BCrXmm2LkkKyeEdCAl4Qh2svUFJCC8z3vj7S2BldO7UZyPX5gkZtSgZlnVtvOOY3E85rxWl4g-lBsHb_5Sm2QH_A2qdjPJWcFSLvLg-FIW7rWKbXJ_WtEC8.yoEKM_UOJOb1FpD9idxNdTwizUR2FYnB-F9tE2fGwHc&dib_tag=se&keywords=GodHand+Lightning+Nipper&qid=1785244960&sprefix=%2Caps%2C442&sr=8-19&ufe=app_do%3Aamzn1.fos.5a18048f-6552-4a07-bd23-1b8dab0d2e4f","ゴッドハンド(GodHand) ニッパーキャップ GH-NC1 ホビー用工具","javascript:void(0)","5つ星のうち4.7","https://www.amazon.co.jp/%E3%82%B4%E3%83%83%E3%83%89%E3%83%8F%E3%83%B3%E3%83%89-GodHand-%E3%83%8B%E3%83%83%E3%83%91%E3%83%BC%E3%82%AD%E3%83%A3%E3%83%83%E3%83%97-GH-NC1-%E3%83%9B%E3%83%93%E3%83%BC%E7%94%A8%E5%B7%A5%E5%85%B7/dp/B0CWRWGCC7/ref=sr_1_19?__mk_ja_JP=%E3%82%AB%E3%82%BF%E3%82%AB%E3%83%8A&crid=2BDORSHLJCA2S&dib=eyJ2IjoiMSJ9.tfhUlnomU-oAg6k7AgKRu713Ac4yr-USOHTQ3QQFb6-tDqz6Vpekly9xpjvnXyBJJVZS77O7TQKCGkkKxIl3KL1nKgLjNtjJr8hKVYhrWHaB72sCXt0DyC4JgTLjz71fpU6T0iU02COM_3nWuPoKAw-G994s_d1pP6CMC8-avu-iVHxxKJA2BCrXmm2LkkKyeEdCAl4Qh2svUFJCC8z3vj7S2BldO7UZyPX5gkZtSgZlnVtvOOY3E85rxWl4g-lBsHb_5Sm2QH_A2qdjPJWcFSLvLg-FIW7rWKbXJ_WtEC8.yoEKM_UOJOb1FpD9idxNdTwizUR2FYnB-F9tE2fGwHc&dib_tag=se&keywords=GodHand+Lightning+Nipper&qid=1785244960&sprefix=%2Caps%2C442&sr=8-19&ufe=app_do%3Aamzn1.fos.5a18048f-6552-4a07-bd23-1b8dab0d2e4f#customerReviews","過去1か月で50点以上購入されました","https://www.amazon.co.jp/%E3%82%B4%E3%83%83%E3%83%89%E3%83%8F%E3%83%B3%E3%83%89-GodHand-%E3%83%8B%E3%83%83%E3%83%91%E3%83%BC%E3%82%AD%E3%83%A3%E3%83%83%E3%83%97-GH-NC1-%E3%83%9B%E3%83%93%E3%83%BC%E7%94%A8%E5%B7%A5%E5%85%B7/dp/B0CWRWGCC7/ref=sr_1_19?__mk_ja_JP=%E3%82%AB%E3%82%BF%E3%82%AB%E3%83%8A&crid=2BDORSHLJCA2S&dib=eyJ2IjoiMSJ9.tfhUlnomU-oAg6k7AgKRu713Ac4yr-USOHTQ3QQFb6-tDqz6Vpekly9xpjvnXyBJJVZS77O7TQKCGkkKxIl3KL1nKgLjNtjJr8hKVYhrWHaB72sCXt0DyC4JgTLjz71fpU6T0iU02COM_3nWuPoKAw-G994s_d1pP6CMC8-avu-iVHxxKJA2BCrXmm2LkkKyeEdCAl4Qh2svUFJCC8z3vj7S2BldO7UZyPX5gkZtSgZlnVtvOOY3E85rxWl4g-lBsHb_5Sm2QH_A2qdjPJWcFSLvLg-FIW7rWKbXJ_WtEC8.yoEKM_UOJOb1FpD9idxNdTwizUR2FYnB-F9tE2fGwHc&dib_tag=se&keywords=GodHand+Lightning+Nipper&qid=1785244960&sprefix=%2Caps%2C442&sr=8-19&ufe=app_do%3Aamzn1.fos.5a18048f-6552-4a07-bd23-1b8dab0d2e4f","6回払いなら月々","javascript:void(0)","￥323","￥","323","参考: ￥363","￥363","￥363","3ポイント(1%)","￥54","日本の中小企業","https://www.amazon.co.jp/gp/offer-listing/B0CWRWGCC7/ref=sr_1_19_olp?keywords=GodHand+Lightning+Nipper&crid=2BDORSHLJCA2S&sprefix=%2Caps%2C442&dib_tag=se&dib=eyJ2IjoiMSJ9.tfhUlnomU-oAg6k7AgKRu713Ac4yr-USOHTQ3QQFb6-tDqz6Vpekly9xpjvnXyBJJVZS77O7TQKCGkkKxIl3KL1nKgLjNtjJr8hKVYhrWHaB72sCXt0DyC4JgTLjz71fpU6T0iU02COM_3nWuPoKAw-G994s_d1pP6CMC8-avu-iVHxxKJA2BCrXmm2LkkKyeEdCAl4Qh2svUFJCC8z3vj7S2BldO7UZyPX5gkZtSgZlnVtvOOY3E85rxWl4g-lBsHb_5Sm2QH_A2qdjPJWcFSLvLg-FIW7rWKbXJ_WtEC8.yoEKM_UOJOb1FpD9idxNdTwizUR2FYnB-F9tE2fGwHc&__mk_ja_JP=%E3%82%AB%E3%82%BF%E3%82%AB%E3%83%8A&qid=1785244960&sr=8-19","https://m.media-amazon.com/images/I/111mHoVK0kL._SS200_.png","Amazonは日本の中小企業のブランドの商品を応援しています。食品から家電まで「日本の中小企業 応援ストア」を今すぐチェック。","日本の中小企業","詳細はこちら","こちらからもご購入いただけます","https://www.amazon.co.jp/b?ie=UTF8&node=10450728051","￥318"
"https://www.amazon.co.jp/%E3%82%B4%E3%83%83%E3%83%89%E3%83%8F%E3%83%B3%E3%83%89-GodHand-%E3%83%8B%E3%83%83%E3%83%91%E3%83%BC%E3%82%B9%E3%82%BF%E3%83%B3%E3%83%89-GH-NS-PB-%E3%83%9B%E3%83%93%E3%83%BC%E7%94%A8%E5%B7%A5%E5%85%B7/dp/B0CWRHJKZH/ref=sr_1_20?__mk_ja_JP=%E3%82%AB%E3%82%BF%E3%82%AB%E3%83%8A&crid=2BDORSHLJCA2S&dib=eyJ2IjoiMSJ9.tfhUlnomU-oAg6k7AgKRu713Ac4yr-USOHTQ3QQFb6-tDqz6Vpekly9xpjvnXyBJJVZS77O7TQKCGkkKxIl3KL1nKgLjNtjJr8hKVYhrWHaB72sCXt0DyC4JgTLjz71fpU6T0iU02COM_3nWuPoKAw-G994s_d1pP6CMC8-avu-iVHxxKJA2BCrXmm2LkkKyeEdCAl4Qh2svUFJCC8z3vj7S2BldO7UZyPX5gkZtSgZlnVtvOOY3E85rxWl4g-lBsHb_5Sm2QH_A2qdjPJWcFSLvLg-FIW7rWKbXJ_WtEC8.yoEKM_UOJOb1FpD9idxNdTwizUR2FYnB-F9tE2fGwHc&dib_tag=se&keywords=GodHand+Lightning+Nipper&qid=1785244960&sprefix=%2Caps%2C442&sr=8-20&ufe=app_do%3Aamzn1.fos.35785624-70c4-44ae-a5c3-3f044f475d63","https://m.media-amazon.com/images/I/61yH+87C7wL._AC_AIweblab1378949,T2_SF480.0,480.0_PQ62_.jpg?aicid=productui-image-1","https://www.amazon.co.jp/%E3%82%B4%E3%83%83%E3%83%89%E3%83%8F%E3%83%B3%E3%83%89-GodHand-%E3%83%8B%E3%83%83%E3%83%91%E3%83%BC%E3%82%B9%E3%82%BF%E3%83%B3%E3%83%89-GH-NS-PB-%E3%83%9B%E3%83%93%E3%83%BC%E7%94%A8%E5%B7%A5%E5%85%B7/dp/B0CWRHJKZH/ref=sr_1_20?__mk_ja_JP=%E3%82%AB%E3%82%BF%E3%82%AB%E3%83%8A&crid=2BDORSHLJCA2S&dib=eyJ2IjoiMSJ9.tfhUlnomU-oAg6k7AgKRu713Ac4yr-USOHTQ3QQFb6-tDqz6Vpekly9xpjvnXyBJJVZS77O7TQKCGkkKxIl3KL1nKgLjNtjJr8hKVYhrWHaB72sCXt0DyC4JgTLjz71fpU6T0iU02COM_3nWuPoKAw-G994s_d1pP6CMC8-avu-iVHxxKJA2BCrXmm2LkkKyeEdCAl4Qh2svUFJCC8z3vj7S2BldO7UZyPX5gkZtSgZlnVtvOOY3E85rxWl4g-lBsHb_5Sm2QH_A2qdjPJWcFSLvLg-FIW7rWKbXJ_WtEC8.yoEKM_UOJOb1FpD9idxNdTwizUR2FYnB-F9tE2fGwHc&dib_tag=se&keywords=GodHand+Lightning+Nipper&qid=1785244960&sprefix=%2Caps%2C442&sr=8-20&ufe=app_do%3Aamzn1.fos.35785624-70c4-44ae-a5c3-3f044f475d63","ゴッドハンド(GodHand) ニッパースタンド GH-NS-PB ホビー用工具","javascript:void(0)","5つ星のうち4.4","https://www.amazon.co.jp/%E3%82%B4%E3%83%83%E3%83%89%E3%83%8F%E3%83%B3%E3%83%89-GodHand-%E3%83%8B%E3%83%83%E3%83%91%E3%83%BC%E3%82%B9%E3%82%BF%E3%83%B3%E3%83%89-GH-NS-PB-%E3%83%9B%E3%83%93%E3%83%BC%E7%94%A8%E5%B7%A5%E5%85%B7/dp/B0CWRHJKZH/ref=sr_1_20?__mk_ja_JP=%E3%82%AB%E3%82%BF%E3%82%AB%E3%83%8A&crid=2BDORSHLJCA2S&dib=eyJ2IjoiMSJ9.tfhUlnomU-oAg6k7AgKRu713Ac4yr-USOHTQ3QQFb6-tDqz6Vpekly9xpjvnXyBJJVZS77O7TQKCGkkKxIl3KL1nKgLjNtjJr8hKVYhrWHaB72sCXt0DyC4JgTLjz71fpU6T0iU02COM_3nWuPoKAw-G994s_d1pP6CMC8-avu-iVHxxKJA2BCrXmm2LkkKyeEdCAl4Qh2svUFJCC8z3vj7S2BldO7UZyPX5gkZtSgZlnVtvOOY3E85rxWl4g-lBsHb_5Sm2QH_A2qdjPJWcFSLvLg-FIW7rWKbXJ_WtEC8.yoEKM_UOJOb1FpD9idxNdTwizUR2FYnB-F9tE2fGwHc&dib_tag=se&keywords=GodHand+Lightning+Nipper&qid=1785244960&sprefix=%2Caps%2C442&sr=8-20&ufe=app_do%3Aamzn1.fos.35785624-70c4-44ae-a5c3-3f044f475d63#customerReviews","参考:","https://www.amazon.co.jp/%E3%82%B4%E3%83%83%E3%83%89%E3%83%8F%E3%83%B3%E3%83%89-GodHand-%E3%83%8B%E3%83%83%E3%83%91%E3%83%BC%E3%82%B9%E3%82%BF%E3%83%B3%E3%83%89-GH-NS-PB-%E3%83%9B%E3%83%93%E3%83%BC%E7%94%A8%E5%B7%A5%E5%85%B7/dp/B0CWRHJKZH/ref=sr_1_20?__mk_ja_JP=%E3%82%AB%E3%82%BF%E3%82%AB%E3%83%8A&crid=2BDORSHLJCA2S&dib=eyJ2IjoiMSJ9.tfhUlnomU-oAg6k7AgKRu713Ac4yr-USOHTQ3QQFb6-tDqz6Vpekly9xpjvnXyBJJVZS77O7TQKCGkkKxIl3KL1nKgLjNtjJr8hKVYhrWHaB72sCXt0DyC4JgTLjz71fpU6T0iU02COM_3nWuPoKAw-G994s_d1pP6CMC8-avu-iVHxxKJA2BCrXmm2LkkKyeEdCAl4Qh2svUFJCC8z3vj7S2BldO7UZyPX5gkZtSgZlnVtvOOY3E85rxWl4g-lBsHb_5Sm2QH_A2qdjPJWcFSLvLg-FIW7rWKbXJ_WtEC8.yoEKM_UOJOb1FpD9idxNdTwizUR2FYnB-F9tE2fGwHc&dib_tag=se&keywords=GodHand+Lightning+Nipper&qid=1785244960&sprefix=%2Caps%2C442&sr=8-20&ufe=app_do%3Aamzn1.fos.35785624-70c4-44ae-a5c3-3f044f475d63","手数料無料","javascript:void(0)","￥2,874","￥","2,874","参考: ￥3,025","￥3,025","￥3,025","日本の中小企業","￥479","Amazonは日本の中小企業のブランドの商品を応援しています。食品から家電まで「日本の中小企業 応援ストア」を今すぐチェック。","https://www.amazon.co.jp/gp/offer-listing/B0CWRHJKZH/ref=sr_1_20_olp?keywords=GodHand+Lightning+Nipper&crid=2BDORSHLJCA2S&sprefix=%2Caps%2C442&dib_tag=se&dib=eyJ2IjoiMSJ9.tfhUlnomU-oAg6k7AgKRu713Ac4yr-USOHTQ3QQFb6-tDqz6Vpekly9xpjvnXyBJJVZS77O7TQKCGkkKxIl3KL1nKgLjNtjJr8hKVYhrWHaB72sCXt0DyC4JgTLjz71fpU6T0iU02COM_3nWuPoKAw-G994s_d1pP6CMC8-avu-iVHxxKJA2BCrXmm2LkkKyeEdCAl4Qh2svUFJCC8z3vj7S2BldO7UZyPX5gkZtSgZlnVtvOOY3E85rxWl4g-lBsHb_5Sm2QH_A2qdjPJWcFSLvLg-FIW7rWKbXJ_WtEC8.yoEKM_UOJOb1FpD9idxNdTwizUR2FYnB-F9tE2fGwHc&__mk_ja_JP=%E3%82%AB%E3%82%BF%E3%82%AB%E3%83%8A&qid=1785244960&sr=8-20","https://m.media-amazon.com/images/I/111mHoVK0kL._SS200_.png","詳細はこちら","日本の中小企業","こちらからもご購入いただけます","","https://www.amazon.co.jp/b?ie=UTF8&node=10450728051","￥2,648"
"https://www.amazon.co.jp/Stedi-%E8%96%84%E5%88%83%E3%83%97%E3%83%A9%E3%83%8B%E3%83%83%E3%83%91%E3%83%BC-%E3%83%9B%E3%83%93%E3%83%BC%E3%83%A2%E3%83%87%E3%83%AB%E3%83%84%E3%83%BC%E3%83%AB-%E3%82%B0%E3%83%AA%E3%83%83%E3%83%88-%E3%83%97%E3%83%A9%E3%83%A2%E3%83%87%E3%83%AB%E3%80%81%E3%82%AC%E3%83%B3%E3%83%97%E3%83%A9%E7%94%A8/dp/B0GR4YNNLR/ref=sr_1_21?__mk_ja_JP=%E3%82%AB%E3%82%BF%E3%82%AB%E3%83%8A&crid=2BDORSHLJCA2S&dib=eyJ2IjoiMSJ9.tfhUlnomU-oAg6k7AgKRu713Ac4yr-USOHTQ3QQFb6-tDqz6Vpekly9xpjvnXyBJJVZS77O7TQKCGkkKxIl3KL1nKgLjNtjJr8hKVYhrWHaB72sCXt0DyC4JgTLjz71fpU6T0iU02COM_3nWuPoKAw-G994s_d1pP6CMC8-avu-iVHxxKJA2BCrXmm2LkkKyeEdCAl4Qh2svUFJCC8z3vj7S2BldO7UZyPX5gkZtSgZlnVtvOOY3E85rxWl4g-lBsHb_5Sm2QH_A2qdjPJWcFSLvLg-FIW7rWKbXJ_WtEC8.yoEKM_UOJOb1FpD9idxNdTwizUR2FYnB-F9tE2fGwHc&dib_tag=se&keywords=GodHand+Lightning+Nipper&qid=1785244960&sprefix=%2Caps%2C442&sr=8-21","https://m.media-amazon.com/images/I/5103PYPO9xL._AC_AIweblab1378949,T2_SF480.0,480.0_PQ62_.jpg?aicid=productui-image-1","https://www.amazon.co.jp/Stedi-%E8%96%84%E5%88%83%E3%83%97%E3%83%A9%E3%83%8B%E3%83%83%E3%83%91%E3%83%BC-%E3%83%9B%E3%83%93%E3%83%BC%E3%83%A2%E3%83%87%E3%83%AB%E3%83%84%E3%83%BC%E3%83%AB-%E3%82%B0%E3%83%AA%E3%83%83%E3%83%88-%E3%83%97%E3%83%A9%E3%83%A2%E3%83%87%E3%83%AB%E3%80%81%E3%82%AC%E3%83%B3%E3%83%97%E3%83%A9%E7%94%A8/dp/B0GR4YNNLR/ref=sr_1_21?__mk_ja_JP=%E3%82%AB%E3%82%BF%E3%82%AB%E3%83%8A&crid=2BDORSHLJCA2S&dib=eyJ2IjoiMSJ9.tfhUlnomU-oAg6k7AgKRu713Ac4yr-USOHTQ3QQFb6-tDqz6Vpekly9xpjvnXyBJJVZS77O7TQKCGkkKxIl3KL1nKgLjNtjJr8hKVYhrWHaB72sCXt0DyC4JgTLjz71fpU6T0iU02COM_3nWuPoKAw-G994s_d1pP6CMC8-avu-iVHxxKJA2BCrXmm2LkkKyeEdCAl4Qh2svUFJCC8z3vj7S2BldO7UZyPX5gkZtSgZlnVtvOOY3E85rxWl4g-lBsHb_5Sm2QH_A2qdjPJWcFSLvLg-FIW7rWKbXJ_WtEC8.yoEKM_UOJOb1FpD9idxNdTwizUR2FYnB-F9tE2fGwHc&dib_tag=se&keywords=GodHand+Lightning+Nipper&qid=1785244960&sprefix=%2Caps%2C442&sr=8-21","Stedi 薄刃プラニッパー 極薄刃 ホビーモデルツール 400 600 800 グリット プラモデル、ガンプラ用 60 PCS","","","https://www.amazon.co.jp/Stedi-%E8%96%84%E5%88%83%E3%83%97%E3%83%A9%E3%83%8B%E3%83%83%E3%83%91%E3%83%BC-%E3%83%9B%E3%83%93%E3%83%BC%E3%83%A2%E3%83%87%E3%83%AB%E3%83%84%E3%83%BC%E3%83%AB-%E3%82%B0%E3%83%AA%E3%83%83%E3%83%88-%E3%83%97%E3%83%A9%E3%83%A2%E3%83%87%E3%83%AB%E3%80%81%E3%82%AC%E3%83%B3%E3%83%97%E3%83%A9%E7%94%A8/dp/B0GR4YNNLR/ref=sr_1_21?__mk_ja_JP=%E3%82%AB%E3%82%BF%E3%82%AB%E3%83%8A&crid=2BDORSHLJCA2S&dib=eyJ2IjoiMSJ9.tfhUlnomU-oAg6k7AgKRu713Ac4yr-USOHTQ3QQFb6-tDqz6Vpekly9xpjvnXyBJJVZS77O7TQKCGkkKxIl3KL1nKgLjNtjJr8hKVYhrWHaB72sCXt0DyC4JgTLjz71fpU6T0iU02COM_3nWuPoKAw-G994s_d1pP6CMC8-avu-iVHxxKJA2BCrXmm2LkkKyeEdCAl4Qh2svUFJCC8z3vj7S2BldO7UZyPX5gkZtSgZlnVtvOOY3E85rxWl4g-lBsHb_5Sm2QH_A2qdjPJWcFSLvLg-FIW7rWKbXJ_WtEC8.yoEKM_UOJOb1FpD9idxNdTwizUR2FYnB-F9tE2fGwHc&dib_tag=se&keywords=GodHand+Lightning+Nipper&qid=1785244960&sprefix=%2Caps%2C442&sr=8-21","以前の価格:","","","","￥2,684","￥","2,684","以前の価格: ￥3,579","￥3,579","￥3,579","","","","","","","","","","",""
"https://www.amazon.co.jp/sspa/click?ie=UTF8&spc=MToyNzQyMzI5MDEzMjc3MTYxOjE3ODUyNDQ5NjA6c3BfYnRmOjMwMDE1NjkyMzU4MjQ2Mjo6MDo6&url=%2Faurochs-%25E6%25A5%25B5%25E8%2596%2584%25E5%2588%2583-%25E3%2583%258B%25E3%2583%2583%25E3%2583%2591%25E3%2583%25BC-%25E3%2583%2597%25E3%2583%25A9%25E3%2583%25A2-%25E3%2581%259B%25E3%2581%25AA%25E3%2581%2599%25E3%2581%2591%25E3%2583%25A2%25E3%2583%2587%25E3%2583%25AB%2Fdp%2FB09VH99TDT%2Fref%3Dsr_1_22_sspa%3F__mk_ja_JP%3D%25E3%2582%25AB%25E3%2582%25BF%25E3%2582%25AB%25E3%2583%258A%26crid%3D2BDORSHLJCA2S%26dib%3DeyJ2IjoiMSJ9.tfhUlnomU-oAg6k7AgKRu713Ac4yr-USOHTQ3QQFb6-tDqz6Vpekly9xpjvnXyBJJVZS77O7TQKCGkkKxIl3KL1nKgLjNtjJr8hKVYhrWHaB72sCXt0DyC4JgTLjz71fpU6T0iU02COM_3nWuPoKAw-G994s_d1pP6CMC8-avu-iVHxxKJA2BCrXmm2LkkKyeEdCAl4Qh2svUFJCC8z3vj7S2BldO7UZyPX5gkZtSgZlnVtvOOY3E85rxWl4g-lBsHb_5Sm2QH_A2qdjPJWcFSLvLg-FIW7rWKbXJ_WtEC8.yoEKM_UOJOb1FpD9idxNdTwizUR2FYnB-F9tE2fGwHc%26dib_tag%3Dse%26keywords%3DGodHand%2BLightning%2BNipper%26qid%3D1785244960%26sprefix%3D%252Caps%252C442%26sr%3D8-22-spons%26ufe%3Dapp_do%253Aamzn1.fos.35785624-70c4-44ae-a5c3-3f044f475d63%26sp_csd%3Dd2lkZ2V0TmFtZT1zcF9idGY%26psc%3D1","https://m.media-amazon.com/images/I/61FG-w1B4EL._AC_AIweblab1378949,T2_SF480.0,480.0_PQ62_.jpg?aicid=productui-image-1","https://www.amazon.co.jp/s?k=GodHand+Lightning+Nipper&__mk_ja_JP=%E3%82%AB%E3%82%BF%E3%82%AB%E3%83%8A&crid=2BDORSHLJCA2S&sprefix=%2Caps%2C442&ref=nb_sb_noss_2#","aurochs 超 極薄刃 ニッパー 片刃 精密 プラモデル専用 プラスチック 工具 模型 ゲートカット せなすけモデル （せなすけブルー/右手用）","javascript:void(0)","5つ星のうち4.3","https://www.amazon.co.jp/sspa/click?ie=UTF8&spc=MToyNzQyMzI5MDEzMjc3MTYxOjE3ODUyNDQ5NjA6c3BfYnRmOjMwMDE1NjkyMzU4MjQ2Mjo6MDo6&url=%2Faurochs-%25E6%25A5%25B5%25E8%2596%2584%25E5%2588%2583-%25E3%2583%258B%25E3%2583%2583%25E3%2583%2591%25E3%2583%25BC-%25E3%2583%2597%25E3%2583%25A9%25E3%2583%25A2-%25E3%2581%259B%25E3%2581%25AA%25E3%2581%2599%25E3%2581%2591%25E3%2583%25A2%25E3%2583%2587%25E3%2583%25AB%2Fdp%2FB09VH99TDT%2Fref%3Dsr_1_22_sspa%3F__mk_ja_JP%3D%25E3%2582%25AB%25E3%2582%25BF%25E3%2582%25AB%25E3%2583%258A%26crid%3D2BDORSHLJCA2S%26dib%3DeyJ2IjoiMSJ9.tfhUlnomU-oAg6k7AgKRu713Ac4yr-USOHTQ3QQFb6-tDqz6Vpekly9xpjvnXyBJJVZS77O7TQKCGkkKxIl3KL1nKgLjNtjJr8hKVYhrWHaB72sCXt0DyC4JgTLjz71fpU6T0iU02COM_3nWuPoKAw-G994s_d1pP6CMC8-avu-iVHxxKJA2BCrXmm2LkkKyeEdCAl4Qh2svUFJCC8z3vj7S2BldO7UZyPX5gkZtSgZlnVtvOOY3E85rxWl4g-lBsHb_5Sm2QH_A2qdjPJWcFSLvLg-FIW7rWKbXJ_WtEC8.yoEKM_UOJOb1FpD9idxNdTwizUR2FYnB-F9tE2fGwHc%26dib_tag%3Dse%26keywords%3DGodHand%2BLightning%2BNipper%26qid%3D1785244960%26sprefix%3D%252Caps%252C442%26sr%3D8-22-spons%26ufe%3Dapp_do%253Aamzn1.fos.35785624-70c4-44ae-a5c3-3f044f475d63%26sp_csd%3Dd2lkZ2V0TmFtZT1zcF9idGY%26psc%3D1","過去1か月で300点以上購入されました","https://www.amazon.co.jp/sspa/click?ie=UTF8&spc=MToyNzQyMzI5MDEzMjc3MTYxOjE3ODUyNDQ5NjA6c3BfYnRmOjMwMDE1NjkyMzU4MjQ2Mjo6MDo6&url=%2Faurochs-%25E6%25A5%25B5%25E8%2596%2584%25E5%2588%2583-%25E3%2583%258B%25E3%2583%2583%25E3%2583%2591%25E3%2583%25BC-%25E3%2583%2597%25E3%2583%25A9%25E3%2583%25A2-%25E3%2581%259B%25E3%2581%25AA%25E3%2581%2599%25E3%2581%2591%25E3%2583%25A2%25E3%2583%2587%25E3%2583%25AB%2Fdp%2FB09VH99TDT%2Fref%3Dsr_1_22_sspa%3F__mk_ja_JP%3D%25E3%2582%25AB%25E3%2582%25BF%25E3%2582%25AB%25E3%2583%258A%26crid%3D2BDORSHLJCA2S%26dib%3DeyJ2IjoiMSJ9.tfhUlnomU-oAg6k7AgKRu713Ac4yr-USOHTQ3QQFb6-tDqz6Vpekly9xpjvnXyBJJVZS77O7TQKCGkkKxIl3KL1nKgLjNtjJr8hKVYhrWHaB72sCXt0DyC4JgTLjz71fpU6T0iU02COM_3nWuPoKAw-G994s_d1pP6CMC8-avu-iVHxxKJA2BCrXmm2LkkKyeEdCAl4Qh2svUFJCC8z3vj7S2BldO7UZyPX5gkZtSgZlnVtvOOY3E85rxWl4g-lBsHb_5Sm2QH_A2qdjPJWcFSLvLg-FIW7rWKbXJ_WtEC8.yoEKM_UOJOb1FpD9idxNdTwizUR2FYnB-F9tE2fGwHc%26dib_tag%3Dse%26keywords%3DGodHand%2BLightning%2BNipper%26qid%3D1785244960%26sprefix%3D%252Caps%252C442%26sr%3D8-22-spons%26ufe%3Dapp_do%253Aamzn1.fos.35785624-70c4-44ae-a5c3-3f044f475d63%26sp_csd%3Dd2lkZ2V0TmFtZT1zcF9idGY%26psc%3D1#customerReviews","- プラスチックニッパ","https://www.amazon.co.jp/gp/bestsellers/diy/2039359051/ref=top_seller_insight_1","￥4,960","￥","4,960","￥826","","￥826","手数料無料","","496ポイント(10%)","https://www.amazon.co.jp/sspa/click?ie=UTF8&spc=MToyNzQyMzI5MDEzMjc3MTYxOjE3ODUyNDQ5NjA6c3BfYnRmOjMwMDE1NjkyMzU4MjQ2Mjo6MDo6&url=%2Faurochs-%25E6%25A5%25B5%25E8%2596%2584%25E5%2588%2583-%25E3%2583%258B%25E3%2583%2583%25E3%2583%2591%25E3%2583%25BC-%25E3%2583%2597%25E3%2583%25A9%25E3%2583%25A2-%25E3%2581%259B%25E3%2581%25AA%25E3%2581%2599%25E3%2581%2591%25E3%2583%25A2%25E3%2583%2587%25E3%2583%25AB%2Fdp%2FB09VH99TDT%2Fref%3Dsr_1_22_sspa%3F__mk_ja_JP%3D%25E3%2582%25AB%25E3%2582%25BF%25E3%2582%25AB%25E3%2583%258A%26crid%3D2BDORSHLJCA2S%26dib%3DeyJ2IjoiMSJ9.tfhUlnomU-oAg6k7AgKRu713Ac4yr-USOHTQ3QQFb6-tDqz6Vpekly9xpjvnXyBJJVZS77O7TQKCGkkKxIl3KL1nKgLjNtjJr8hKVYhrWHaB72sCXt0DyC4JgTLjz71fpU6T0iU02COM_3nWuPoKAw-G994s_d1pP6CMC8-avu-iVHxxKJA2BCrXmm2LkkKyeEdCAl4Qh2svUFJCC8z3vj7S2BldO7UZyPX5gkZtSgZlnVtvOOY3E85rxWl4g-lBsHb_5Sm2QH_A2qdjPJWcFSLvLg-FIW7rWKbXJ_WtEC8.yoEKM_UOJOb1FpD9idxNdTwizUR2FYnB-F9tE2fGwHc%26dib_tag%3Dse%26keywords%3DGodHand%2BLightning%2BNipper%26qid%3D1785244960%26sprefix%3D%252Caps%252C442%26sr%3D8-22-spons%26ufe%3Dapp_do%253Aamzn1.fos.35785624-70c4-44ae-a5c3-3f044f475d63%26sp_csd%3Dd2lkZ2V0TmFtZT1zcF9idGY%26psc%3D1","https://m.media-amazon.com/images/I/111mHoVK0kL._SS200_.png","ダブルポイント","日本の中小企業","日本の中小企業","Amazonは日本の中小企業のブランドの商品を応援しています。食品から家電まで「日本の中小企業 応援ストア」を今すぐチェック。","https://www.amazon.co.jp/b?ie=UTF8&node=10450728051",""
"https://www.amazon.co.jp/sspa/click?ie=UTF8&spc=MToyNzQyMzI5MDEzMjc3MTYxOjE3ODUyNDQ5NjA6c3BfYnRmOjEwMzc4NjI0ODYwNDo6MDo6&url=%2FWgrab-%25E3%2583%2597%25E3%2583%25A9%25E3%2583%25A2%25E3%2583%2587%25E3%2583%25AB%25E7%2594%25A8%25E5%25B7%25A5%25E5%2585%25B7%25E3%2582%25BB%25E3%2583%2583%25E3%2583%2588-%25E3%2582%25AA%25E3%2583%25AA%25E3%2582%25B8%25E3%2583%258A%25E3%2583%25AB%25E5%258F%258E%25E7%25B4%258D%25E3%2582%25B1%25E3%2583%25BC%25E3%2582%25B9%25E5%2585%25A5%25E3%2582%258A-%25E3%2583%25A2%25E3%2583%2587%25E3%2583%25A9%25E3%2583%25BC%25E3%2582%25BA%25E3%2583%258A%25E3%2582%25A4%25E3%2583%2595-%25E3%2583%2580%25E3%2582%25A4%25E3%2583%25A4%25E3%2583%25A2%25E3%2583%25B3%25E3%2583%2589%25E3%2583%25A4%25E3%2582%25B9%25E3%2583%25AA%2Fdp%2FB08CQ8C61F%2Fref%3Dsr_1_23_sspa%3F__mk_ja_JP%3D%25E3%2582%25AB%25E3%2582%25BF%25E3%2582%25AB%25E3%2583%258A%26crid%3D2BDORSHLJCA2S%26dib%3DeyJ2IjoiMSJ9.tfhUlnomU-oAg6k7AgKRu713Ac4yr-USOHTQ3QQFb6-tDqz6Vpekly9xpjvnXyBJJVZS77O7TQKCGkkKxIl3KL1nKgLjNtjJr8hKVYhrWHaB72sCXt0DyC4JgTLjz71fpU6T0iU02COM_3nWuPoKAw-G994s_d1pP6CMC8-avu-iVHxxKJA2BCrXmm2LkkKyeEdCAl4Qh2svUFJCC8z3vj7S2BldO7UZyPX5gkZtSgZlnVtvOOY3E85rxWl4g-lBsHb_5Sm2QH_A2qdjPJWcFSLvLg-FIW7rWKbXJ_WtEC8.yoEKM_UOJOb1FpD9idxNdTwizUR2FYnB-F9tE2fGwHc%26dib_tag%3Dse%26keywords%3DGodHand%2BLightning%2BNipper%26qid%3D1785244960%26sprefix%3D%252Caps%252C442%26sr%3D8-23-spons%26ufe%3Dapp_do%253Aamzn1.fos.35785624-70c4-44ae-a5c3-3f044f475d63%26sp_csd%3Dd2lkZ2V0TmFtZT1zcF9idGY%26psc%3D1","https://m.media-amazon.com/images/I/81ZOuc64sWL._AC_AIweblab1378949,T2_SF480.0,480.0_PQ62_.jpg?aicid=productui-image-1","https://www.amazon.co.jp/s?k=GodHand+Lightning+Nipper&__mk_ja_JP=%E3%82%AB%E3%82%BF%E3%82%AB%E3%83%8A&crid=2BDORSHLJCA2S&sprefix=%2Caps%2C442&ref=nb_sb_noss_2#","プラモデル用工具セット 入門ツール オリジナル収納ケース入り クラフトツール 初心者 薄刃ニッパー モデラーズナイフ ダイヤモンドヤスリ ピンセット 精密ドライバー","javascript:void(0)","5つ星のうち4.1","https://www.amazon.co.jp/sspa/click?ie=UTF8&spc=MToyNzQyMzI5MDEzMjc3MTYxOjE3ODUyNDQ5NjA6c3BfYnRmOjEwMzc4NjI0ODYwNDo6MDo6&url=%2FWgrab-%25E3%2583%2597%25E3%2583%25A9%25E3%2583%25A2%25E3%2583%2587%25E3%2583%25AB%25E7%2594%25A8%25E5%25B7%25A5%25E5%2585%25B7%25E3%2582%25BB%25E3%2583%2583%25E3%2583%2588-%25E3%2582%25AA%25E3%2583%25AA%25E3%2582%25B8%25E3%2583%258A%25E3%2583%25AB%25E5%258F%258E%25E7%25B4%258D%25E3%2582%25B1%25E3%2583%25BC%25E3%2582%25B9%25E5%2585%25A5%25E3%2582%258A-%25E3%2583%25A2%25E3%2583%2587%25E3%2583%25A9%25E3%2583%25BC%25E3%2582%25BA%25E3%2583%258A%25E3%2582%25A4%25E3%2583%2595-%25E3%2583%2580%25E3%2582%25A4%25E3%2583%25A4%25E3%2583%25A2%25E3%2583%25B3%25E3%2583%2589%25E3%2583%25A4%25E3%2582%25B9%25E3%2583%25AA%2Fdp%2FB08CQ8C61F%2Fref%3Dsr_1_23_sspa%3F__mk_ja_JP%3D%25E3%2582%25AB%25E3%2582%25BF%25E3%2582%25AB%25E3%2583%258A%26crid%3D2BDORSHLJCA2S%26dib%3DeyJ2IjoiMSJ9.tfhUlnomU-oAg6k7AgKRu713Ac4yr-USOHTQ3QQFb6-tDqz6Vpekly9xpjvnXyBJJVZS77O7TQKCGkkKxIl3KL1nKgLjNtjJr8hKVYhrWHaB72sCXt0DyC4JgTLjz71fpU6T0iU02COM_3nWuPoKAw-G994s_d1pP6CMC8-avu-iVHxxKJA2BCrXmm2LkkKyeEdCAl4Qh2svUFJCC8z3vj7S2BldO7UZyPX5gkZtSgZlnVtvOOY3E85rxWl4g-lBsHb_5Sm2QH_A2qdjPJWcFSLvLg-FIW7rWKbXJ_WtEC8.yoEKM_UOJOb1FpD9idxNdTwizUR2FYnB-F9tE2fGwHc%26dib_tag%3Dse%26keywords%3DGodHand%2BLightning%2BNipper%26qid%3D1785244960%26sprefix%3D%252Caps%252C442%26sr%3D8-23-spons%26ufe%3Dapp_do%253Aamzn1.fos.35785624-70c4-44ae-a5c3-3f044f475d63%26sp_csd%3Dd2lkZ2V0TmFtZT1zcF9idGY%26psc%3D1","プラモデル","https://www.amazon.co.jp/sspa/click?ie=UTF8&spc=MToyNzQyMzI5MDEzMjc3MTYxOjE3ODUyNDQ5NjA6c3BfYnRmOjEwMzc4NjI0ODYwNDo6MDo6&url=%2FWgrab-%25E3%2583%2597%25E3%2583%25A9%25E3%2583%25A2%25E3%2583%2587%25E3%2583%25AB%25E7%2594%25A8%25E5%25B7%25A5%25E5%2585%25B7%25E3%2582%25BB%25E3%2583%2583%25E3%2583%2588-%25E3%2582%25AA%25E3%2583%25AA%25E3%2582%25B8%25E3%2583%258A%25E3%2583%25AB%25E5%258F%258E%25E7%25B4%258D%25E3%2582%25B1%25E3%2583%25BC%25E3%2582%25B9%25E5%2585%25A5%25E3%2582%258A-%25E3%2583%25A2%25E3%2583%2587%25E3%2583%25A9%25E3%2583%25BC%25E3%2582%25BA%25E3%2583%258A%25E3%2582%25A4%25E3%2583%2595-%25E3%2583%2580%25E3%2582%25A4%25E3%2583%25A4%25E3%2583%25A2%25E3%2583%25B3%25E3%2583%2589%25E3%2583%25A4%25E3%2582%25B9%25E3%2583%25AA%2Fdp%2FB08CQ8C61F%2Fref%3Dsr_1_23_sspa%3F__mk_ja_JP%3D%25E3%2582%25AB%25E3%2582%25BF%25E3%2582%25AB%25E3%2583%258A%26crid%3D2BDORSHLJCA2S%26dib%3DeyJ2IjoiMSJ9.tfhUlnomU-oAg6k7AgKRu713Ac4yr-USOHTQ3QQFb6-tDqz6Vpekly9xpjvnXyBJJVZS77O7TQKCGkkKxIl3KL1nKgLjNtjJr8hKVYhrWHaB72sCXt0DyC4JgTLjz71fpU6T0iU02COM_3nWuPoKAw-G994s_d1pP6CMC8-avu-iVHxxKJA2BCrXmm2LkkKyeEdCAl4Qh2svUFJCC8z3vj7S2BldO7UZyPX5gkZtSgZlnVtvOOY3E85rxWl4g-lBsHb_5Sm2QH_A2qdjPJWcFSLvLg-FIW7rWKbXJ_WtEC8.yoEKM_UOJOb1FpD9idxNdTwizUR2FYnB-F9tE2fGwHc%26dib_tag%3Dse%26keywords%3DGodHand%2BLightning%2BNipper%26qid%3D1785244960%26sprefix%3D%252Caps%252C442%26sr%3D8-23-spons%26ufe%3Dapp_do%253Aamzn1.fos.35785624-70c4-44ae-a5c3-3f044f475d63%26sp_csd%3Dd2lkZ2V0TmFtZT1zcF9idGY%26psc%3D1#customerReviews","6回払いなら月々","https://www.amazon.co.jp/sspa/click?ie=UTF8&spc=MToyNzQyMzI5MDEzMjc3MTYxOjE3ODUyNDQ5NjA6c3BfYnRmOjEwMzc4NjI0ODYwNDo6MDo6&url=%2FWgrab-%25E3%2583%2597%25E3%2583%25A9%25E3%2583%25A2%25E3%2583%2587%25E3%2583%25AB%25E7%2594%25A8%25E5%25B7%25A5%25E5%2585%25B7%25E3%2582%25BB%25E3%2583%2583%25E3%2583%2588-%25E3%2582%25AA%25E3%2583%25AA%25E3%2582%25B8%25E3%2583%258A%25E3%2583%25AB%25E5%258F%258E%25E7%25B4%258D%25E3%2582%25B1%25E3%2583%25BC%25E3%2582%25B9%25E5%2585%25A5%25E3%2582%258A-%25E3%2583%25A2%25E3%2583%2587%25E3%2583%25A9%25E3%2583%25BC%25E3%2582%25BA%25E3%2583%258A%25E3%2582%25A4%25E3%2583%2595-%25E3%2583%2580%25E3%2582%25A4%25E3%2583%25A4%25E3%2583%25A2%25E3%2583%25B3%25E3%2583%2589%25E3%2583%25A4%25E3%2582%25B9%25E3%2583%25AA%2Fdp%2FB08CQ8C61F%2Fref%3Dsr_1_23_sspa%3F__mk_ja_JP%3D%25E3%2582%25AB%25E3%2582%25BF%25E3%2582%25AB%25E3%2583%258A%26crid%3D2BDORSHLJCA2S%26dib%3DeyJ2IjoiMSJ9.tfhUlnomU-oAg6k7AgKRu713Ac4yr-USOHTQ3QQFb6-tDqz6Vpekly9xpjvnXyBJJVZS77O7TQKCGkkKxIl3KL1nKgLjNtjJr8hKVYhrWHaB72sCXt0DyC4JgTLjz71fpU6T0iU02COM_3nWuPoKAw-G994s_d1pP6CMC8-avu-iVHxxKJA2BCrXmm2LkkKyeEdCAl4Qh2svUFJCC8z3vj7S2BldO7UZyPX5gkZtSgZlnVtvOOY3E85rxWl4g-lBsHb_5Sm2QH_A2qdjPJWcFSLvLg-FIW7rWKbXJ_WtEC8.yoEKM_UOJOb1FpD9idxNdTwizUR2FYnB-F9tE2fGwHc%26dib_tag%3Dse%26keywords%3DGodHand%2BLightning%2BNipper%26qid%3D1785244960%26sprefix%3D%252Caps%252C442%26sr%3D8-23-spons%26ufe%3Dapp_do%253Aamzn1.fos.35785624-70c4-44ae-a5c3-3f044f475d63%26sp_csd%3Dd2lkZ2V0TmFtZT1zcF9idGY%26psc%3D1","￥2,980","￥","2,980","￥496","","￥496","60ポイント(2%)","","ダブルポイント","","","","","","","",""
"https://www.amazon.co.jp/sspa/click?ie=UTF8&spc=MToyNzQyMzI5MDEzMjc3MTYxOjE3ODUyNDQ5NjA6c3BfYnRmOjMwMDI1ODY4ODM5MjE2Mjo6MDo6&url=%2Fstedi-%25E3%2583%2597%25E3%2583%25A9%25E3%2583%25A2%25E3%2583%2587%25E3%2583%25AB-%25E3%2583%258B%25E3%2583%2583%25E3%2583%2591%25E3%2583%25BC-%25E5%25B7%25A5%25E5%2585%25B7%25E3%2580%2581%25E9%258B%25AD%25E3%2581%2584%25E8%2596%2584%25E3%2581%2584%25E5%2588%2583%25E3%2581%25A7%25E5%2588%2583%25E3%2581%25AE%25E4%25BF%259D%25E8%25AD%25B7%25E3%2582%25AB%25E3%2583%2590%25E3%2583%25BC%25E4%25BB%2598%25E3%2581%258D%25E3%2581%25AE%25E3%2583%2597%25E3%2583%25A9%25E3%2582%25B9%25E3%2583%2581%25E3%2583%2583%25E3%2582%25AF%25E3%2583%25A2%25E3%2583%2587%25E3%2583%25AB%25E5%25B0%2582%25E7%2594%25A8%25E3%2583%2584%25E3%2583%25BC%25E3%2583%25AB%25E3%2581%25A7%25E3%2581%2599%25E3%2580%2582%25E3%2583%258B%25E3%2583%2583%25E3%2583%2591%25E3%2583%25BC-%25E3%2583%2597%25E3%2583%25A9%25E3%2583%25A2%25E3%2583%2587%25E3%2583%25AB%25E7%2594%25A8%2Fdp%2FB0BK8KPZF9%2Fref%3Dsr_1_24_sspa%3F__mk_ja_JP%3D%25E3%2582%25AB%25E3%2582%25BF%25E3%2582%25AB%25E3%2583%258A%26crid%3D2BDORSHLJCA2S%26dib%3DeyJ2IjoiMSJ9.tfhUlnomU-oAg6k7AgKRu713Ac4yr-USOHTQ3QQFb6-tDqz6Vpekly9xpjvnXyBJJVZS77O7TQKCGkkKxIl3KL1nKgLjNtjJr8hKVYhrWHaB72sCXt0DyC4JgTLjz71fpU6T0iU02COM_3nWuPoKAw-G994s_d1pP6CMC8-avu-iVHxxKJA2BCrXmm2LkkKyeEdCAl4Qh2svUFJCC8z3vj7S2BldO7UZyPX5gkZtSgZlnVtvOOY3E85rxWl4g-lBsHb_5Sm2QH_A2qdjPJWcFSLvLg-FIW7rWKbXJ_WtEC8.yoEKM_UOJOb1FpD9idxNdTwizUR2FYnB-F9tE2fGwHc%26dib_tag%3Dse%26keywords%3DGodHand%2BLightning%2BNipper%26qid%3D1785244960%26sprefix%3D%252Caps%252C442%26sr%3D8-24-spons%26ufe%3Dapp_do%253Aamzn1.fos.35785624-70c4-44ae-a5c3-3f044f475d63%26sp_csd%3Dd2lkZ2V0TmFtZT1zcF9idGY%26psc%3D1","https://m.media-amazon.com/images/I/41oBets46SL._AC_AIweblab1378949,T2_SF480.0,480.0_PQ62_.jpg?aicid=productui-image-1","https://www.amazon.co.jp/s?k=GodHand+Lightning+Nipper&__mk_ja_JP=%E3%82%AB%E3%82%BF%E3%82%AB%E3%83%8A&crid=2BDORSHLJCA2S&sprefix=%2Caps%2C442&ref=nb_sb_noss_2#","Stedi プラモデル ニッパー 極薄刃 片刃 工具、鋭い刃で刃の保護カバー付き専用ツール ブラック","javascript:void(0)","5つ星のうち4.1","https://www.amazon.co.jp/sspa/click?ie=UTF8&spc=MToyNzQyMzI5MDEzMjc3MTYxOjE3ODUyNDQ5NjA6c3BfYnRmOjMwMDI1ODY4ODM5MjE2Mjo6MDo6&url=%2Fstedi-%25E3%2583%2597%25E3%2583%25A9%25E3%2583%25A2%25E3%2583%2587%25E3%2583%25AB-%25E3%2583%258B%25E3%2583%2583%25E3%2583%2591%25E3%2583%25BC-%25E5%25B7%25A5%25E5%2585%25B7%25E3%2580%2581%25E9%258B%25AD%25E3%2581%2584%25E8%2596%2584%25E3%2581%2584%25E5%2588%2583%25E3%2581%25A7%25E5%2588%2583%25E3%2581%25AE%25E4%25BF%259D%25E8%25AD%25B7%25E3%2582%25AB%25E3%2583%2590%25E3%2583%25BC%25E4%25BB%2598%25E3%2581%258D%25E3%2581%25AE%25E3%2583%2597%25E3%2583%25A9%25E3%2582%25B9%25E3%2583%2581%25E3%2583%2583%25E3%2582%25AF%25E3%2583%25A2%25E3%2583%2587%25E3%2583%25AB%25E5%25B0%2582%25E7%2594%25A8%25E3%2583%2584%25E3%2583%25BC%25E3%2583%25AB%25E3%2581%25A7%25E3%2581%2599%25E3%2580%2582%25E3%2583%258B%25E3%2583%2583%25E3%2583%2591%25E3%2583%25BC-%25E3%2583%2597%25E3%2583%25A9%25E3%2583%25A2%25E3%2583%2587%25E3%2583%25AB%25E7%2594%25A8%2Fdp%2FB0BK8KPZF9%2Fref%3Dsr_1_24_sspa%3F__mk_ja_JP%3D%25E3%2582%25AB%25E3%2582%25BF%25E3%2582%25AB%25E3%2583%258A%26crid%3D2BDORSHLJCA2S%26dib%3DeyJ2IjoiMSJ9.tfhUlnomU-oAg6k7AgKRu713Ac4yr-USOHTQ3QQFb6-tDqz6Vpekly9xpjvnXyBJJVZS77O7TQKCGkkKxIl3KL1nKgLjNtjJr8hKVYhrWHaB72sCXt0DyC4JgTLjz71fpU6T0iU02COM_3nWuPoKAw-G994s_d1pP6CMC8-avu-iVHxxKJA2BCrXmm2LkkKyeEdCAl4Qh2svUFJCC8z3vj7S2BldO7UZyPX5gkZtSgZlnVtvOOY3E85rxWl4g-lBsHb_5Sm2QH_A2qdjPJWcFSLvLg-FIW7rWKbXJ_WtEC8.yoEKM_UOJOb1FpD9idxNdTwizUR2FYnB-F9tE2fGwHc%26dib_tag%3Dse%26keywords%3DGodHand%2BLightning%2BNipper%26qid%3D1785244960%26sprefix%3D%252Caps%252C442%26sr%3D8-24-spons%26ufe%3Dapp_do%253Aamzn1.fos.35785624-70c4-44ae-a5c3-3f044f475d63%26sp_csd%3Dd2lkZ2V0TmFtZT1zcF9idGY%26psc%3D1","過去1か月で50点以上購入されました","https://www.amazon.co.jp/sspa/click?ie=UTF8&spc=MToyNzQyMzI5MDEzMjc3MTYxOjE3ODUyNDQ5NjA6c3BfYnRmOjMwMDI1ODY4ODM5MjE2Mjo6MDo6&url=%2Fstedi-%25E3%2583%2597%25E3%2583%25A9%25E3%2583%25A2%25E3%2583%2587%25E3%2583%25AB-%25E3%2583%258B%25E3%2583%2583%25E3%2583%2591%25E3%2583%25BC-%25E5%25B7%25A5%25E5%2585%25B7%25E3%2580%2581%25E9%258B%25AD%25E3%2581%2584%25E8%2596%2584%25E3%2581%2584%25E5%2588%2583%25E3%2581%25A7%25E5%2588%2583%25E3%2581%25AE%25E4%25BF%259D%25E8%25AD%25B7%25E3%2582%25AB%25E3%2583%2590%25E3%2583%25BC%25E4%25BB%2598%25E3%2581%258D%25E3%2581%25AE%25E3%2583%2597%25E3%2583%25A9%25E3%2582%25B9%25E3%2583%2581%25E3%2583%2583%25E3%2582%25AF%25E3%2583%25A2%25E3%2583%2587%25E3%2583%25AB%25E5%25B0%2582%25E7%2594%25A8%25E3%2583%2584%25E3%2583%25BC%25E3%2583%25AB%25E3%2581%25A7%25E3%2581%2599%25E3%2580%2582%25E3%2583%258B%25E3%2583%2583%25E3%2583%2591%25E3%2583%25BC-%25E3%2583%2597%25E3%2583%25A9%25E3%2583%25A2%25E3%2583%2587%25E3%2583%25AB%25E7%2594%25A8%2Fdp%2FB0BK8KPZF9%2Fref%3Dsr_1_24_sspa%3F__mk_ja_JP%3D%25E3%2582%25AB%25E3%2582%25BF%25E3%2582%25AB%25E3%2583%258A%26crid%3D2BDORSHLJCA2S%26dib%3DeyJ2IjoiMSJ9.tfhUlnomU-oAg6k7AgKRu713Ac4yr-USOHTQ3QQFb6-tDqz6Vpekly9xpjvnXyBJJVZS77O7TQKCGkkKxIl3KL1nKgLjNtjJr8hKVYhrWHaB72sCXt0DyC4JgTLjz71fpU6T0iU02COM_3nWuPoKAw-G994s_d1pP6CMC8-avu-iVHxxKJA2BCrXmm2LkkKyeEdCAl4Qh2svUFJCC8z3vj7S2BldO7UZyPX5gkZtSgZlnVtvOOY3E85rxWl4g-lBsHb_5Sm2QH_A2qdjPJWcFSLvLg-FIW7rWKbXJ_WtEC8.yoEKM_UOJOb1FpD9idxNdTwizUR2FYnB-F9tE2fGwHc%26dib_tag%3Dse%26keywords%3DGodHand%2BLightning%2BNipper%26qid%3D1785244960%26sprefix%3D%252Caps%252C442%26sr%3D8-24-spons%26ufe%3Dapp_do%253Aamzn1.fos.35785624-70c4-44ae-a5c3-3f044f475d63%26sp_csd%3Dd2lkZ2V0TmFtZT1zcF9idGY%26psc%3D1#customerReviews","手数料無料","https://www.amazon.co.jp/sspa/click?ie=UTF8&spc=MToyNzQyMzI5MDEzMjc3MTYxOjE3ODUyNDQ5NjA6c3BfYnRmOjMwMDI1ODY4ODM5MjE2Mjo6MDo6&url=%2Fstedi-%25E3%2583%2597%25E3%2583%25A9%25E3%2583%25A2%25E3%2583%2587%25E3%2583%25AB-%25E3%2583%258B%25E3%2583%2583%25E3%2583%2591%25E3%2583%25BC-%25E5%25B7%25A5%25E5%2585%25B7%25E3%2580%2581%25E9%258B%25AD%25E3%2581%2584%25E8%2596%2584%25E3%2581%2584%25E5%2588%2583%25E3%2581%25A7%25E5%2588%2583%25E3%2581%25AE%25E4%25BF%259D%25E8%25AD%25B7%25E3%2582%25AB%25E3%2583%2590%25E3%2583%25BC%25E4%25BB%2598%25E3%2581%258D%25E3%2581%25AE%25E3%2583%2597%25E3%2583%25A9%25E3%2582%25B9%25E3%2583%2581%25E3%2583%2583%25E3%2582%25AF%25E3%2583%25A2%25E3%2583%2587%25E3%2583%25AB%25E5%25B0%2582%25E7%2594%25A8%25E3%2583%2584%25E3%2583%25BC%25E3%2583%25AB%25E3%2581%25A7%25E3%2581%2599%25E3%2580%2582%25E3%2583%258B%25E3%2583%2583%25E3%2583%2591%25E3%2583%25BC-%25E3%2583%2597%25E3%2583%25A9%25E3%2583%25A2%25E3%2583%2587%25E3%2583%25AB%25E7%2594%25A8%2Fdp%2FB0BK8KPZF9%2Fref%3Dsr_1_24_sspa%3F__mk_ja_JP%3D%25E3%2582%25AB%25E3%2582%25BF%25E3%2582%25AB%25E3%2583%258A%26crid%3D2BDORSHLJCA2S%26dib%3DeyJ2IjoiMSJ9.tfhUlnomU-oAg6k7AgKRu713Ac4yr-USOHTQ3QQFb6-tDqz6Vpekly9xpjvnXyBJJVZS77O7TQKCGkkKxIl3KL1nKgLjNtjJr8hKVYhrWHaB72sCXt0DyC4JgTLjz71fpU6T0iU02COM_3nWuPoKAw-G994s_d1pP6CMC8-avu-iVHxxKJA2BCrXmm2LkkKyeEdCAl4Qh2svUFJCC8z3vj7S2BldO7UZyPX5gkZtSgZlnVtvOOY3E85rxWl4g-lBsHb_5Sm2QH_A2qdjPJWcFSLvLg-FIW7rWKbXJ_WtEC8.yoEKM_UOJOb1FpD9idxNdTwizUR2FYnB-F9tE2fGwHc%26dib_tag%3Dse%26keywords%3DGodHand%2BLightning%2BNipper%26qid%3D1785244960%26sprefix%3D%252Caps%252C442%26sr%3D8-24-spons%26ufe%3Dapp_do%253Aamzn1.fos.35785624-70c4-44ae-a5c3-3f044f475d63%26sp_csd%3Dd2lkZ2V0TmFtZT1zcF9idGY%26psc%3D1","￥3,960","￥","3,960","￥660","","￥660","ダブルポイント","","","","","","","","","",""
"https://www.amazon.co.jp/sspa/click?ie=UTF8&spc=MToyNzQyMzI5MDEzMjc3MTYxOjE3ODUyNDQ5NjA6c3BfYnRmOjMwMDA3NTE1NTAyODQ2Mjo6MDo6&url=%2FGodHand-%25E3%2582%25A2%25E3%2583%25AB%25E3%2583%2586%25E3%2582%25A3%25E3%2583%25A1%25E3%2583%2583%25E3%2583%2588%25E3%2583%258B%25E3%2583%2583%25E3%2583%2591%25E3%2583%25BC-5-0-GH-SPN-120-%25E5%25B7%25A5%25E5%2585%25B7%2Fdp%2FB0DRPM322Q%2Fref%3Dsr_1_25_sspa%3F__mk_ja_JP%3D%25E3%2582%25AB%25E3%2582%25BF%25E3%2582%25AB%25E3%2583%258A%26crid%3D2BDORSHLJCA2S%26dib%3DeyJ2IjoiMSJ9.tfhUlnomU-oAg6k7AgKRu713Ac4yr-USOHTQ3QQFb6-tDqz6Vpekly9xpjvnXyBJJVZS77O7TQKCGkkKxIl3KL1nKgLjNtjJr8hKVYhrWHaB72sCXt0DyC4JgTLjz71fpU6T0iU02COM_3nWuPoKAw-G994s_d1pP6CMC8-avu-iVHxxKJA2BCrXmm2LkkKyeEdCAl4Qh2svUFJCC8z3vj7S2BldO7UZyPX5gkZtSgZlnVtvOOY3E85rxWl4g-lBsHb_5Sm2QH_A2qdjPJWcFSLvLg-FIW7rWKbXJ_WtEC8.yoEKM_UOJOb1FpD9idxNdTwizUR2FYnB-F9tE2fGwHc%26dib_tag%3Dse%26keywords%3DGodHand%2BLightning%2BNipper%26qid%3D1785244960%26sprefix%3D%252Caps%252C442%26sr%3D8-25-spons%26ufe%3Dapp_do%253Aamzn1.fos.35785624-70c4-44ae-a5c3-3f044f475d63%26sp_csd%3Dd2lkZ2V0TmFtZT1zcF9idGY%26psc%3D1","https://m.media-amazon.com/images/I/41DDf1F07NL._AC_AIweblab1378949,T2_SF480.0,480.0_PQ62_.jpg?aicid=productui-image-1","https://www.amazon.co.jp/s?k=GodHand+Lightning+Nipper&__mk_ja_JP=%E3%82%AB%E3%82%BF%E3%82%AB%E3%83%8A&crid=2BDORSHLJCA2S&sprefix=%2Caps%2C442&ref=nb_sb_noss_2#","GodHand アルティメットニッパー 5.0 GH-SPN-120 工具","javascript:void(0)","5つ星のうち5.0","https://www.amazon.co.jp/sspa/click?ie=UTF8&spc=MToyNzQyMzI5MDEzMjc3MTYxOjE3ODUyNDQ5NjA6c3BfYnRmOjMwMDA3NTE1NTAyODQ2Mjo6MDo6&url=%2FGodHand-%25E3%2582%25A2%25E3%2583%25AB%25E3%2583%2586%25E3%2582%25A3%25E3%2583%25A1%25E3%2583%2583%25E3%2583%2588%25E3%2583%258B%25E3%2583%2583%25E3%2583%2591%25E3%2583%25BC-5-0-GH-SPN-120-%25E5%25B7%25A5%25E5%2585%25B7%2Fdp%2FB0DRPM322Q%2Fref%3Dsr_1_25_sspa%3F__mk_ja_JP%3D%25E3%2582%25AB%25E3%2582%25BF%25E3%2582%25AB%25E3%2583%258A%26crid%3D2BDORSHLJCA2S%26dib%3DeyJ2IjoiMSJ9.tfhUlnomU-oAg6k7AgKRu713Ac4yr-USOHTQ3QQFb6-tDqz6Vpekly9xpjvnXyBJJVZS77O7TQKCGkkKxIl3KL1nKgLjNtjJr8hKVYhrWHaB72sCXt0DyC4JgTLjz71fpU6T0iU02COM_3nWuPoKAw-G994s_d1pP6CMC8-avu-iVHxxKJA2BCrXmm2LkkKyeEdCAl4Qh2svUFJCC8z3vj7S2BldO7UZyPX5gkZtSgZlnVtvOOY3E85rxWl4g-lBsHb_5Sm2QH_A2qdjPJWcFSLvLg-FIW7rWKbXJ_WtEC8.yoEKM_UOJOb1FpD9idxNdTwizUR2FYnB-F9tE2fGwHc%26dib_tag%3Dse%26keywords%3DGodHand%2BLightning%2BNipper%26qid%3D1785244960%26sprefix%3D%252Caps%252C442%26sr%3D8-25-spons%26ufe%3Dapp_do%253Aamzn1.fos.35785624-70c4-44ae-a5c3-3f044f475d63%26sp_csd%3Dd2lkZ2V0TmFtZT1zcF9idGY%26psc%3D1","6回払いなら月々","https://www.amazon.co.jp/sspa/click?ie=UTF8&spc=MToyNzQyMzI5MDEzMjc3MTYxOjE3ODUyNDQ5NjA6c3BfYnRmOjMwMDA3NTE1NTAyODQ2Mjo6MDo6&url=%2FGodHand-%25E3%2582%25A2%25E3%2583%25AB%25E3%2583%2586%25E3%2582%25A3%25E3%2583%25A1%25E3%2583%2583%25E3%2583%2588%25E3%2583%258B%25E3%2583%2583%25E3%2583%2591%25E3%2583%25BC-5-0-GH-SPN-120-%25E5%25B7%25A5%25E5%2585%25B7%2Fdp%2FB0DRPM322Q%2Fref%3Dsr_1_25_sspa%3F__mk_ja_JP%3D%25E3%2582%25AB%25E3%2582%25BF%25E3%2582%25AB%25E3%2583%258A%26crid%3D2BDORSHLJCA2S%26dib%3DeyJ2IjoiMSJ9.tfhUlnomU-oAg6k7AgKRu713Ac4yr-USOHTQ3QQFb6-tDqz6Vpekly9xpjvnXyBJJVZS77O7TQKCGkkKxIl3KL1nKgLjNtjJr8hKVYhrWHaB72sCXt0DyC4JgTLjz71fpU6T0iU02COM_3nWuPoKAw-G994s_d1pP6CMC8-avu-iVHxxKJA2BCrXmm2LkkKyeEdCAl4Qh2svUFJCC8z3vj7S2BldO7UZyPX5gkZtSgZlnVtvOOY3E85rxWl4g-lBsHb_5Sm2QH_A2qdjPJWcFSLvLg-FIW7rWKbXJ_WtEC8.yoEKM_UOJOb1FpD9idxNdTwizUR2FYnB-F9tE2fGwHc%26dib_tag%3Dse%26keywords%3DGodHand%2BLightning%2BNipper%26qid%3D1785244960%26sprefix%3D%252Caps%252C442%26sr%3D8-25-spons%26ufe%3Dapp_do%253Aamzn1.fos.35785624-70c4-44ae-a5c3-3f044f475d63%26sp_csd%3Dd2lkZ2V0TmFtZT1zcF9idGY%26psc%3D1#customerReviews","77ポイント(1%)","https://www.amazon.co.jp/sspa/click?ie=UTF8&spc=MToyNzQyMzI5MDEzMjc3MTYxOjE3ODUyNDQ5NjA6c3BfYnRmOjMwMDA3NTE1NTAyODQ2Mjo6MDo6&url=%2FGodHand-%25E3%2582%25A2%25E3%2583%25AB%25E3%2583%2586%25E3%2582%25A3%25E3%2583%25A1%25E3%2583%2583%25E3%2583%2588%25E3%2583%258B%25E3%2583%2583%25E3%2583%2591%25E3%2583%25BC-5-0-GH-SPN-120-%25E5%25B7%25A5%25E5%2585%25B7%2Fdp%2FB0DRPM322Q%2Fref%3Dsr_1_25_sspa%3F__mk_ja_JP%3D%25E3%2582%25AB%25E3%2582%25BF%25E3%2582%25AB%25E3%2583%258A%26crid%3D2BDORSHLJCA2S%26dib%3DeyJ2IjoiMSJ9.tfhUlnomU-oAg6k7AgKRu713Ac4yr-USOHTQ3QQFb6-tDqz6Vpekly9xpjvnXyBJJVZS77O7TQKCGkkKxIl3KL1nKgLjNtjJr8hKVYhrWHaB72sCXt0DyC4JgTLjz71fpU6T0iU02COM_3nWuPoKAw-G994s_d1pP6CMC8-avu-iVHxxKJA2BCrXmm2LkkKyeEdCAl4Qh2svUFJCC8z3vj7S2BldO7UZyPX5gkZtSgZlnVtvOOY3E85rxWl4g-lBsHb_5Sm2QH_A2qdjPJWcFSLvLg-FIW7rWKbXJ_WtEC8.yoEKM_UOJOb1FpD9idxNdTwizUR2FYnB-F9tE2fGwHc%26dib_tag%3Dse%26keywords%3DGodHand%2BLightning%2BNipper%26qid%3D1785244960%26sprefix%3D%252Caps%252C442%26sr%3D8-25-spons%26ufe%3Dapp_do%253Aamzn1.fos.35785624-70c4-44ae-a5c3-3f044f475d63%26sp_csd%3Dd2lkZ2V0TmFtZT1zcF9idGY%26psc%3D1","￥7,725","￥","7,725","￥1,287","","￥1,287","","","","","","","","","","",""