source_file,source_row,category,status,asin,title,brand,price_yen,hit_type,hit_value,out_reason,amazon_url,image_url,raw_text_for_ng,all_asins,jan
swimmingattireothers_20260721.csv,1,swimmingattireothers,SAFE,B0G4379QM1,(アリーナ) 競泳水着 トレーニング用 メンズ 【TOUGHSUIT】 水泳 スイミング 耐久性 練習用 トレーニング向け ショートレッグ AS6SWM04M,,4300,category_allow,競泳水着,カテゴリ許可ワード一致(contains),https://www.amazon.co.jp/%E3%83%88%E3%83%AC%E3%83%BC%E3%83%8B%E3%83%B3%E3%82%B0%E7%94%A8-%E3%80%90TOUGHSUIT%E3%80%91-%E3%83%88%E3%83%AC%E3%83%BC%E3%83%8B%E3%83%B3%E3%82%B0%E5%90%91%E3%81%91-%E3%82%B7%E3%83%A7%E3%83%BC%E3%83%88%E3%83%AC%E3%83%83%E3%82%B0-AS6SWM04M/dp/B0G4379QM1/ref=sr_1_1?__mk_ja_JP=%E3%82%AB%E3%82%BF%E3%82%AB%E3%83%8A&crid=1VZWPQ7PCEW9L&dd=1G8INUDRiTN5hha909GVNQ%2C%2C&dib=eyJ2IjoiMSJ9.NycoCc-YDg8gxggeAMiH4BM280_cbAvnWRX9yhRQEaqfhg-KWP8-vkzEBa__L3PwQgSe6hG7LoIqcMzX6xX4W5_-N5bQOq3-PB2-SQEqAFFMH9UEaLkVxz_GmJIlkmsTo5bmHYX6wttkoFt2IOKJ72f8XfczW6-_kgC8LFtqztAZouRZg3pAG0U544_KD0j70tjuj9dSwdlL6lCdV8FDhU_Of6SMStGnf0YrUA-lqQDORN01pL0OliC7ELHmo3z5R5oWT0QQZt1TZ2l3yR2sr7-atgnrVn-bVIUqb3XEJlo.K1AxcTwl7DeRkL3M0qwpeHNNfdSK5XILXnNRPsqxSk8&dib_tag=se&keywords=%E3%82%A2%E3%83%AA%E3%83%BC%E3%83%8A+%E3%83%A1%E3%83%B3%E3%82%BA+%E6%B0%B4%E7%9D%80&qid=1784617326&refinements=p_90%3A3428068051%2Cp_n_g-101015233022111%3A24821512051&rnid=24821510051&sprefix=%E3%82%A2%E3%83%AA%E3%83%BC%E3%83%8A+%E3%83%A1%E3%83%B3%E3%82%BA+%E6%B0%B4%E7%9D%80%2Caps%2C325&sr=8-1&ufe=app_do%3Aamzn1.fos.35785624-70c4-44ae-a5c3-3f044f475d63,https://m.media-amazon.com/images/I/51d3VcOBZsL._AC_UL320_.jpg,"トレーニング用-【TOUGHSUIT】-トレーニング向け-ショートレッグ-AS6SWM04M トレーニング用-【TOUGHSUIT】-トレーニング向け-ショートレッグ-AS6SWM04M トレーニング用-【TOUGHSUIT】-トレーニング向け-ショートレッグ-AS6SWM04M トレーニング用-【TOUGHSUIT】-トレーニング向け-ショートレッグ-AS6SWM04M トレーニング用-【TOUGHSUIT】-トレーニング向け-ショートレッグ-AS6SWM04M ARENA トレーニング用-【TOUGHSUIT】-トレーニング向け-ショートレッグ-AS6SWM04M (アリーナ) 競泳水着 トレーニング用 メンズ 【TOUGHSUIT】 水泳 スイミング 耐久性 練習用 トレーニング向け ショートレッグ AS6SWM04M javascript:void(0) 5つ星のうち4.6 ベストセラー9位 トレーニング用-【TOUGHSUIT】-トレーニング向け-ショートレッグ-AS6SWM04M ￥4,300 ￥ 4,300 参考: ￥4,840 参考: ￥4,840 ￥4,840","B0G4379QM1,B0G41ZXGMJ,B0G432F8YH,B0G4344R45",
swimmingattireothers_20260721.csv,2,swimmingattireothers,SAFE,B0G432ZQ44,(アリーナ) フィットネス水着 メンズ 【AQUA EXA】 水泳 スイミング はっ水 AS6SWF60M,,4893,category_allow,フィットネス水着,カテゴリ許可ワード一致(contains),https://www.amazon.co.jp/arena-%E3%83%95%E3%82%A3%E3%83%83%E3%83%88%E3%83%8D%E3%82%B9%E6%B0%B4%E7%9D%80-%E3%80%90AQUA-%E3%82%B9%E3%82%A4%E3%83%9F%E3%83%B3%E3%82%B0-AS6SWF60M/dp/B0G432ZQ44/ref=sr_1_2?__mk_ja_JP=%E3%82%AB%E3%82%BF%E3%82%AB%E3%83%8A&crid=1VZWPQ7PCEW9L&dd=1G8INUDRiTN5hha909GVNQ%2C%2C&dib=eyJ2IjoiMSJ9.NycoCc-YDg8gxggeAMiH4BM280_cbAvnWRX9yhRQEaqfhg-KWP8-vkzEBa__L3PwQgSe6hG7LoIqcMzX6xX4W5_-N5bQOq3-PB2-SQEqAFFMH9UEaLkVxz_GmJIlkmsTo5bmHYX6wttkoFt2IOKJ72f8XfczW6-_kgC8LFtqztAZouRZg3pAG0U544_KD0j70tjuj9dSwdlL6lCdV8FDhU_Of6SMStGnf0YrUA-lqQDORN01pL0OliC7ELHmo3z5R5oWT0QQZt1TZ2l3yR2sr7-atgnrVn-bVIUqb3XEJlo.K1AxcTwl7DeRkL3M0qwpeHNNfdSK5XILXnNRPsqxSk8&dib_tag=se&keywords=%E3%82%A2%E3%83%AA%E3%83%BC%E3%83%8A+%E3%83%A1%E3%83%B3%E3%82%BA+%E6%B0%B4%E7%9D%80&qid=1784617326&refinements=p_90%3A3428068051%2Cp_n_g-101015233022111%3A24821512051&rnid=24821510051&sprefix=%E3%82%A2%E3%83%AA%E3%83%BC%E3%83%8A+%E3%83%A1%E3%83%B3%E3%82%BA+%E6%B0%B4%E7%9D%80%2Caps%2C325&sr=8-2&ufe=app_do%3Aamzn1.fos.35785624-70c4-44ae-a5c3-3f044f475d63,https://m.media-amazon.com/images/I/51zEx4La4FL._AC_UL320_.jpg,"arena-フィットネス水着-【AQUA-スイミング-AS6SWF60M arena-フィットネス水着-【AQUA-スイミング-AS6SWF60M arena-フィットネス水着-【AQUA-スイミング-AS6SWF60M arena-フィットネス水着-【AQUA-スイミング-AS6SWF60M arena-フィットネス水着-【AQUA-スイミング-AS6SWF60M ARENA arena-フィットネス水着-【AQUA-スイミング-AS6SWF60M (アリーナ) フィットネス水着 メンズ 【AQUA EXA】 水泳 スイミング はっ水 AS6SWF60M javascript:void(0) 5つ星のうち4.6 ベストセラー4位 arena-フィットネス水着-【AQUA-スイミング-AS6SWF60M ￥4,893 ￥ 4,893 参考: ￥6,490 参考: ￥6,490 ￥6,490","B0G432ZQ44,B0G4314C3S,B0G431VCMT,B0G42WJHNB",
swimmingattireothers_20260721.csv,3,swimmingattireothers,SAFE,B0G433CY68,(アリーナ) 競泳水着 トレーニング用 メンズ 【TOUGHSUIT】 水泳 スイミング 耐久性 練習用 トレーニング向け ショートレッグ AS6SWM04M,,4256,category_allow,競泳水着,カテゴリ許可ワード一致(contains),https://www.amazon.co.jp/%E3%83%88%E3%83%AC%E3%83%BC%E3%83%8B%E3%83%B3%E3%82%B0%E7%94%A8-%E3%80%90TOUGHSUIT%E3%80%91-%E3%83%88%E3%83%AC%E3%83%BC%E3%83%8B%E3%83%B3%E3%82%B0%E5%90%91%E3%81%91-%E3%82%B7%E3%83%A7%E3%83%BC%E3%83%88%E3%83%AC%E3%83%83%E3%82%B0-AS6SWM04M/dp/B0G433CY68/ref=sr_1_3?__mk_ja_JP=%E3%82%AB%E3%82%BF%E3%82%AB%E3%83%8A&crid=1VZWPQ7PCEW9L&dd=1G8INUDRiTN5hha909GVNQ%2C%2C&dib=eyJ2IjoiMSJ9.NycoCc-YDg8gxggeAMiH4BM280_cbAvnWRX9yhRQEaqfhg-KWP8-vkzEBa__L3PwQgSe6hG7LoIqcMzX6xX4W5_-N5bQOq3-PB2-SQEqAFFMH9UEaLkVxz_GmJIlkmsTo5bmHYX6wttkoFt2IOKJ72f8XfczW6-_kgC8LFtqztAZouRZg3pAG0U544_KD0j70tjuj9dSwdlL6lCdV8FDhU_Of6SMStGnf0YrUA-lqQDORN01pL0OliC7ELHmo3z5R5oWT0QQZt1TZ2l3yR2sr7-atgnrVn-bVIUqb3XEJlo.K1AxcTwl7DeRkL3M0qwpeHNNfdSK5XILXnNRPsqxSk8&dib_tag=se&keywords=%E3%82%A2%E3%83%AA%E3%83%BC%E3%83%8A+%E3%83%A1%E3%83%B3%E3%82%BA+%E6%B0%B4%E7%9D%80&qid=1784617326&refinements=p_90%3A3428068051%2Cp_n_g-101015233022111%3A24821512051&rnid=24821510051&sprefix=%E3%82%A2%E3%83%AA%E3%83%BC%E3%83%8A+%E3%83%A1%E3%83%B3%E3%82%BA+%E6%B0%B4%E7%9D%80%2Caps%2C325&sr=8-3&ufe=app_do%3Aamzn1.fos.35785624-70c4-44ae-a5c3-3f044f475d63,https://m.media-amazon.com/images/I/51NV54YZ7XL._AC_UL320_.jpg,"トレーニング用-【TOUGHSUIT】-トレーニング向け-ショートレッグ-AS6SWM04M トレーニング用-【TOUGHSUIT】-トレーニング向け-ショートレッグ-AS6SWM04M トレーニング用-【TOUGHSUIT】-トレーニング向け-ショートレッグ-AS6SWM04M トレーニング用-【TOUGHSUIT】-トレーニング向け-ショートレッグ-AS6SWM04M トレーニング用-【TOUGHSUIT】-トレーニング向け-ショートレッグ-AS6SWM04M ARENA トレーニング用-【TOUGHSUIT】-トレーニング向け-ショートレッグ-AS6SWM04M (アリーナ) 競泳水着 トレーニング用 メンズ 【TOUGHSUIT】 水泳 スイミング 耐久性 練習用 トレーニング向け ショートレッグ AS6SWM04M javascript:void(0) 5つ星のうち4.6 ベストセラー9位 トレーニング用-【TOUGHSUIT】-トレーニング向け-ショートレッグ-AS6SWM04M ￥4,256 ￥ 4,256 43ポイント(1%)","B0G433CY68,B0G434K5XX,B0G433HLL7,B0G432CY21",
swimmingattireothers_20260721.csv,4,swimmingattireothers,SAFE,B0G433JMD3,(アリーナ) 競泳水着 トレーニング用 メンズ 【TOUGHSUIT】 水泳 スイミング 耐久性 練習用 トレーニング向け ショートレッグ AS6SWM04M,,4070,category_allow,競泳水着,カテゴリ許可ワード一致(contains),https://www.amazon.co.jp/%E3%83%88%E3%83%AC%E3%83%BC%E3%83%8B%E3%83%B3%E3%82%B0%E7%94%A8-%E3%80%90TOUGHSUIT%E3%80%91-%E3%83%88%E3%83%AC%E3%83%BC%E3%83%8B%E3%83%B3%E3%82%B0%E5%90%91%E3%81%91-%E3%82%B7%E3%83%A7%E3%83%BC%E3%83%88%E3%83%AC%E3%83%83%E3%82%B0-AS6SWM04M/dp/B0G433JMD3/ref=sr_1_4?__mk_ja_JP=%E3%82%AB%E3%82%BF%E3%82%AB%E3%83%8A&crid=1VZWPQ7PCEW9L&dd=1G8INUDRiTN5hha909GVNQ%2C%2C&dib=eyJ2IjoiMSJ9.NycoCc-YDg8gxggeAMiH4BM280_cbAvnWRX9yhRQEaqfhg-KWP8-vkzEBa__L3PwQgSe6hG7LoIqcMzX6xX4W5_-N5bQOq3-PB2-SQEqAFFMH9UEaLkVxz_GmJIlkmsTo5bmHYX6wttkoFt2IOKJ72f8XfczW6-_kgC8LFtqztAZouRZg3pAG0U544_KD0j70tjuj9dSwdlL6lCdV8FDhU_Of6SMStGnf0YrUA-lqQDORN01pL0OliC7ELHmo3z5R5oWT0QQZt1TZ2l3yR2sr7-atgnrVn-bVIUqb3XEJlo.K1AxcTwl7DeRkL3M0qwpeHNNfdSK5XILXnNRPsqxSk8&dib_tag=se&keywords=%E3%82%A2%E3%83%AA%E3%83%BC%E3%83%8A+%E3%83%A1%E3%83%B3%E3%82%BA+%E6%B0%B4%E7%9D%80&qid=1784617326&refinements=p_90%3A3428068051%2Cp_n_g-101015233022111%3A24821512051&rnid=24821510051&sprefix=%E3%82%A2%E3%83%AA%E3%83%BC%E3%83%8A+%E3%83%A1%E3%83%B3%E3%82%BA+%E6%B0%B4%E7%9D%80%2Caps%2C325&sr=8-4&ufe=app_do%3Aamzn1.fos.35785624-70c4-44ae-a5c3-3f044f475d63,https://m.media-amazon.com/images/I/51+MYVIjQRL._AC_UL320_.jpg,"トレーニング用-【TOUGHSUIT】-トレーニング向け-ショートレッグ-AS6SWM04M トレーニング用-【TOUGHSUIT】-トレーニング向け-ショートレッグ-AS6SWM04M トレーニング用-【TOUGHSUIT】-トレーニング向け-ショートレッグ-AS6SWM04M トレーニング用-【TOUGHSUIT】-トレーニング向け-ショートレッグ-AS6SWM04M トレーニング用-【TOUGHSUIT】-トレーニング向け-ショートレッグ-AS6SWM04M ARENA トレーニング用-【TOUGHSUIT】-トレーニング向け-ショートレッグ-AS6SWM04M (アリーナ) 競泳水着 トレーニング用 メンズ 【TOUGHSUIT】 水泳 スイミング 耐久性 練習用 トレーニング向け ショートレッグ AS6SWM04M javascript:void(0) 5つ星のうち4.6 ベストセラー9位 トレーニング用-【TOUGHSUIT】-トレーニング向け-ショートレッグ-AS6SWM04M ￥4,070 ￥ 4,070 41ポイント(1%)","B0G433JMD3,B0G434YKYZ,B0G431HJ3Y,B0G421398Y",
swimmingattireothers_20260721.csv,5,swimmingattireothers,SAFE,B0G42QXTP3,【WA承認】arena(アリーナ) 競泳水着 レース用 メンズ 【AQUA ADVANCED】 水泳 スイミング 中級者向け ニット素材 AS6SRC24M,,4644,category_allow,競泳水着,カテゴリ許可ワード一致(contains),https://www.amazon.co.jp/%E3%80%90WA%E6%89%BF%E8%AA%8D%E3%80%91arena-%E3%80%90AQUA-ADVANCED%E3%80%91-%E3%82%B9%E3%82%A4%E3%83%9F%E3%83%B3%E3%82%B0-AS6SRC24M/dp/B0G42QXTP3/ref=sr_1_5?__mk_ja_JP=%E3%82%AB%E3%82%BF%E3%82%AB%E3%83%8A&crid=1VZWPQ7PCEW9L&dd=1G8INUDRiTN5hha909GVNQ%2C%2C&dib=eyJ2IjoiMSJ9.NycoCc-YDg8gxggeAMiH4BM280_cbAvnWRX9yhRQEaqfhg-KWP8-vkzEBa__L3PwQgSe6hG7LoIqcMzX6xX4W5_-N5bQOq3-PB2-SQEqAFFMH9UEaLkVxz_GmJIlkmsTo5bmHYX6wttkoFt2IOKJ72f8XfczW6-_kgC8LFtqztAZouRZg3pAG0U544_KD0j70tjuj9dSwdlL6lCdV8FDhU_Of6SMStGnf0YrUA-lqQDORN01pL0OliC7ELHmo3z5R5oWT0QQZt1TZ2l3yR2sr7-atgnrVn-bVIUqb3XEJlo.K1AxcTwl7DeRkL3M0qwpeHNNfdSK5XILXnNRPsqxSk8&dib_tag=se&keywords=%E3%82%A2%E3%83%AA%E3%83%BC%E3%83%8A+%E3%83%A1%E3%83%B3%E3%82%BA+%E6%B0%B4%E7%9D%80&qid=1784617326&refinements=p_90%3A3428068051%2Cp_n_g-101015233022111%3A24821512051&rnid=24821510051&sprefix=%E3%82%A2%E3%83%AA%E3%83%BC%E3%83%8A+%E3%83%A1%E3%83%B3%E3%82%BA+%E6%B0%B4%E7%9D%80%2Caps%2C325&sr=8-5&ufe=app_do%3Aamzn1.fos.35785624-70c4-44ae-a5c3-3f044f475d63,https://m.media-amazon.com/images/I/51GC0tAx+EL._AC_UL320_.jpg,"【WA承認】arena-【AQUA-ADVANCED】-スイミング-AS6SRC24M 【WA承認】arena-【AQUA-ADVANCED】-スイミング-AS6SRC24M 【WA承認】arena-【AQUA-ADVANCED】-スイミング-AS6SRC24M 【WA承認】arena-【AQUA-ADVANCED】-スイミング-AS6SRC24M 【WA承認】arena-【AQUA-ADVANCED】-スイミング-AS6SRC24M ARENA 【WA承認】arena-【AQUA-ADVANCED】-スイミング-AS6SRC24M 【WA承認】arena(アリーナ) 競泳水着 レース用 メンズ 【AQUA ADVANCED】 水泳 スイミング 中級者向け ニット素材 AS6SRC24M javascript:void(0) 5つ星のうち4.7 ベストセラー1位 【WA承認】arena-【AQUA-ADVANCED】-スイミング-AS6SRC24M ￥4,644 ￥ 4,644 参考: ￥5,610 参考: ￥5,610 ￥5,610","B0G42QXTP3,B0G42NL6C7,B0G42SKPDY,B0G42VLKND,B0G42N5RYS",
swimmingattireothers_20260721.csv,6,swimmingattireothers,SAFE,B0G42WNFVS,(アリーナ) 競泳水着 トレーニング用 メンズ 【TOUGHSUIT】 水泳 スイミング 耐久性 練習用 トレーニング向け ミドルレッグ AS6SWM09M,,5615,category_allow,競泳水着,カテゴリ許可ワード一致(contains),https://www.amazon.co.jp/%E3%83%88%E3%83%AC%E3%83%BC%E3%83%8B%E3%83%B3%E3%82%B0%E7%94%A8-%E3%80%90TOUGHSUIT%E3%80%91-%E3%83%88%E3%83%AC%E3%83%BC%E3%83%8B%E3%83%B3%E3%82%B0%E5%90%91%E3%81%91-%E3%83%9F%E3%83%89%E3%83%AB%E3%83%AC%E3%83%83%E3%82%B0-AS6SWM09M/dp/B0G42WNFVS/ref=sr_1_6?__mk_ja_JP=%E3%82%AB%E3%82%BF%E3%82%AB%E3%83%8A&crid=1VZWPQ7PCEW9L&dd=1G8INUDRiTN5hha909GVNQ%2C%2C&dib=eyJ2IjoiMSJ9.NycoCc-YDg8gxggeAMiH4BM280_cbAvnWRX9yhRQEaqfhg-KWP8-vkzEBa__L3PwQgSe6hG7LoIqcMzX6xX4W5_-N5bQOq3-PB2-SQEqAFFMH9UEaLkVxz_GmJIlkmsTo5bmHYX6wttkoFt2IOKJ72f8XfczW6-_kgC8LFtqztAZouRZg3pAG0U544_KD0j70tjuj9dSwdlL6lCdV8FDhU_Of6SMStGnf0YrUA-lqQDORN01pL0OliC7ELHmo3z5R5oWT0QQZt1TZ2l3yR2sr7-atgnrVn-bVIUqb3XEJlo.K1AxcTwl7DeRkL3M0qwpeHNNfdSK5XILXnNRPsqxSk8&dib_tag=se&keywords=%E3%82%A2%E3%83%AA%E3%83%BC%E3%83%8A+%E3%83%A1%E3%83%B3%E3%82%BA+%E6%B0%B4%E7%9D%80&qid=1784617326&refinements=p_90%3A3428068051%2Cp_n_g-101015233022111%3A24821512051&rnid=24821510051&sprefix=%E3%82%A2%E3%83%AA%E3%83%BC%E3%83%8A+%E3%83%A1%E3%83%B3%E3%82%BA+%E6%B0%B4%E7%9D%80%2Caps%2C325&sr=8-6&ufe=app_do%3Aamzn1.fos.35785624-70c4-44ae-a5c3-3f044f475d63,https://m.media-amazon.com/images/I/51ILy1rgnbL._AC_UL320_.jpg,"トレーニング用-【TOUGHSUIT】-トレーニング向け-ミドルレッグ-AS6SWM09M トレーニング用-【TOUGHSUIT】-トレーニング向け-ミドルレッグ-AS6SWM09M トレーニング用-【TOUGHSUIT】-トレーニング向け-ミドルレッグ-AS6SWM09M トレーニング用-【TOUGHSUIT】-トレーニング向け-ミドルレッグ-AS6SWM09M トレーニング用-【TOUGHSUIT】-トレーニング向け-ミドルレッグ-AS6SWM09M ARENA トレーニング用-【TOUGHSUIT】-トレーニング向け-ミドルレッグ-AS6SWM09M (アリーナ) 競泳水着 トレーニング用 メンズ 【TOUGHSUIT】 水泳 スイミング 耐久性 練習用 トレーニング向け ミドルレッグ AS6SWM09M 参考: ￥5,615 ￥ 5,615 参考: ￥6,600 ￥6,600 ￥6,600","B0G42WNFVS,B0GVYRF6QK,B0G432XD9K,B0G42X95MQ,B0G4317SPV",
swimmingattireothers_20260721.csv,7,swimmingattireothers,SAFE,B0G432CHG8,(アリーナ) 競泳水着 トレーニング用 メンズ 【TOUGHSUIT】 水泳 スイミング 耐久性 練習用 トレーニング向け ショートレッグ AS6SWM07M,,5200,category_allow,競泳水着,カテゴリ許可ワード一致(contains),https://www.amazon.co.jp/%E3%83%88%E3%83%AC%E3%83%BC%E3%83%8B%E3%83%B3%E3%82%B0%E7%94%A8-%E3%80%90TOUGHSUIT%E3%80%91-%E3%83%88%E3%83%AC%E3%83%BC%E3%83%8B%E3%83%B3%E3%82%B0%E5%90%91%E3%81%91-%E3%82%B7%E3%83%A7%E3%83%BC%E3%83%88%E3%83%AC%E3%83%83%E3%82%B0-AS6SWM07M/dp/B0G432CHG8/ref=sr_1_7?__mk_ja_JP=%E3%82%AB%E3%82%BF%E3%82%AB%E3%83%8A&crid=1VZWPQ7PCEW9L&dd=1G8INUDRiTN5hha909GVNQ%2C%2C&dib=eyJ2IjoiMSJ9.NycoCc-YDg8gxggeAMiH4BM280_cbAvnWRX9yhRQEaqfhg-KWP8-vkzEBa__L3PwQgSe6hG7LoIqcMzX6xX4W5_-N5bQOq3-PB2-SQEqAFFMH9UEaLkVxz_GmJIlkmsTo5bmHYX6wttkoFt2IOKJ72f8XfczW6-_kgC8LFtqztAZouRZg3pAG0U544_KD0j70tjuj9dSwdlL6lCdV8FDhU_Of6SMStGnf0YrUA-lqQDORN01pL0OliC7ELHmo3z5R5oWT0QQZt1TZ2l3yR2sr7-atgnrVn-bVIUqb3XEJlo.K1AxcTwl7DeRkL3M0qwpeHNNfdSK5XILXnNRPsqxSk8&dib_tag=se&keywords=%E3%82%A2%E3%83%AA%E3%83%BC%E3%83%8A+%E3%83%A1%E3%83%B3%E3%82%BA+%E6%B0%B4%E7%9D%80&qid=1784617326&refinements=p_90%3A3428068051%2Cp_n_g-101015233022111%3A24821512051&rnid=24821510051&sprefix=%E3%82%A2%E3%83%AA%E3%83%BC%E3%83%8A+%E3%83%A1%E3%83%B3%E3%82%BA+%E6%B0%B4%E7%9D%80%2Caps%2C325&sr=8-7&ufe=app_do%3Aamzn1.fos.35785624-70c4-44ae-a5c3-3f044f475d63,https://m.media-amazon.com/images/I/51ycLxIzYHL._AC_UL320_.jpg,"トレーニング用-【TOUGHSUIT】-トレーニング向け-ショートレッグ-AS6SWM07M トレーニング用-【TOUGHSUIT】-トレーニング向け-ショートレッグ-AS6SWM07M トレーニング用-【TOUGHSUIT】-トレーニング向け-ショートレッグ-AS6SWM07M トレーニング用-【TOUGHSUIT】-トレーニング向け-ショートレッグ-AS6SWM07M トレーニング用-【TOUGHSUIT】-トレーニング向け-ショートレッグ-AS6SWM07M ARENA (アリーナ) 競泳水着 トレーニング用 メンズ 【TOUGHSUIT】 水泳 スイミング 耐久性 練習用 トレーニング向け ショートレッグ AS6SWM07M javascript:void(0) 5つ星のうち5.0 参考: ￥5,200 ￥ 5,200 参考: ￥5,720 ￥5,720 ￥5,720",B0G432CHG8,
swimmingattireothers_20260721.csv,8,swimmingattireothers,SAFE,B0G42RGJ6Y,(アリーナ) 競泳水着 トレーニング用 メンズ 【TOUGHSUIT】 水泳 スイミング 耐久性 練習用 トレーニング向け ショートレッグ AS6SWM07M,,4747,category_allow,競泳水着,カテゴリ許可ワード一致(contains),https://www.amazon.co.jp/%E3%83%88%E3%83%AC%E3%83%BC%E3%83%8B%E3%83%B3%E3%82%B0%E7%94%A8-%E3%80%90TOUGHSUIT%E3%80%91-%E3%83%88%E3%83%AC%E3%83%BC%E3%83%8B%E3%83%B3%E3%82%B0%E5%90%91%E3%81%91-%E3%82%B7%E3%83%A7%E3%83%BC%E3%83%88%E3%83%AC%E3%83%83%E3%82%B0-AS6SWM07M/dp/B0G42RGJ6Y/ref=sr_1_8?__mk_ja_JP=%E3%82%AB%E3%82%BF%E3%82%AB%E3%83%8A&crid=1VZWPQ7PCEW9L&dd=1G8INUDRiTN5hha909GVNQ%2C%2C&dib=eyJ2IjoiMSJ9.NycoCc-YDg8gxggeAMiH4BM280_cbAvnWRX9yhRQEaqfhg-KWP8-vkzEBa__L3PwQgSe6hG7LoIqcMzX6xX4W5_-N5bQOq3-PB2-SQEqAFFMH9UEaLkVxz_GmJIlkmsTo5bmHYX6wttkoFt2IOKJ72f8XfczW6-_kgC8LFtqztAZouRZg3pAG0U544_KD0j70tjuj9dSwdlL6lCdV8FDhU_Of6SMStGnf0YrUA-lqQDORN01pL0OliC7ELHmo3z5R5oWT0QQZt1TZ2l3yR2sr7-atgnrVn-bVIUqb3XEJlo.K1AxcTwl7DeRkL3M0qwpeHNNfdSK5XILXnNRPsqxSk8&dib_tag=se&keywords=%E3%82%A2%E3%83%AA%E3%83%BC%E3%83%8A+%E3%83%A1%E3%83%B3%E3%82%BA+%E6%B0%B4%E7%9D%80&qid=1784617326&refinements=p_90%3A3428068051%2Cp_n_g-101015233022111%3A24821512051&rnid=24821510051&sprefix=%E3%82%A2%E3%83%AA%E3%83%BC%E3%83%8A+%E3%83%A1%E3%83%B3%E3%82%BA+%E6%B0%B4%E7%9D%80%2Caps%2C325&sr=8-8&ufe=app_do%3Aamzn1.fos.35785624-70c4-44ae-a5c3-3f044f475d63,https://m.media-amazon.com/images/I/51HfxwWh9tL._AC_UL320_.jpg,"トレーニング用-【TOUGHSUIT】-トレーニング向け-ショートレッグ-AS6SWM07M トレーニング用-【TOUGHSUIT】-トレーニング向け-ショートレッグ-AS6SWM07M トレーニング用-【TOUGHSUIT】-トレーニング向け-ショートレッグ-AS6SWM07M トレーニング用-【TOUGHSUIT】-トレーニング向け-ショートレッグ-AS6SWM07M トレーニング用-【TOUGHSUIT】-トレーニング向け-ショートレッグ-AS6SWM07M ARENA (アリーナ) 競泳水着 トレーニング用 メンズ 【TOUGHSUIT】 水泳 スイミング 耐久性 練習用 トレーニング向け ショートレッグ AS6SWM07M javascript:void(0) 5つ星のうち5.0 47ポイント(1%) ￥4,747 ￥ 4,747",B0G42RGJ6Y,
swimmingattireothers_20260721.csv,9,swimmingattireothers,SAFE,B0G42WLSMX,(アリーナ) 競泳水着 トレーニング用 メンズ 【TOUGHSUIT】 水泳 スイミング 耐久性 練習用 トレーニング向け ショートレッグ AS6SWM11M,,5465,category_allow,競泳水着,カテゴリ許可ワード一致(contains),https://www.amazon.co.jp/%E3%83%88%E3%83%AC%E3%83%BC%E3%83%8B%E3%83%B3%E3%82%B0%E7%94%A8-%E3%80%90TOUGHSUIT%E3%80%91-%E3%83%88%E3%83%AC%E3%83%BC%E3%83%8B%E3%83%B3%E3%82%B0%E5%90%91%E3%81%91-%E3%82%B7%E3%83%A7%E3%83%BC%E3%83%88%E3%83%AC%E3%83%83%E3%82%B0-AS6SWM11M/dp/B0G42WLSMX/ref=sr_1_9?__mk_ja_JP=%E3%82%AB%E3%82%BF%E3%82%AB%E3%83%8A&crid=1VZWPQ7PCEW9L&dd=1G8INUDRiTN5hha909GVNQ%2C%2C&dib=eyJ2IjoiMSJ9.NycoCc-YDg8gxggeAMiH4BM280_cbAvnWRX9yhRQEaqfhg-KWP8-vkzEBa__L3PwQgSe6hG7LoIqcMzX6xX4W5_-N5bQOq3-PB2-SQEqAFFMH9UEaLkVxz_GmJIlkmsTo5bmHYX6wttkoFt2IOKJ72f8XfczW6-_kgC8LFtqztAZouRZg3pAG0U544_KD0j70tjuj9dSwdlL6lCdV8FDhU_Of6SMStGnf0YrUA-lqQDORN01pL0OliC7ELHmo3z5R5oWT0QQZt1TZ2l3yR2sr7-atgnrVn-bVIUqb3XEJlo.K1AxcTwl7DeRkL3M0qwpeHNNfdSK5XILXnNRPsqxSk8&dib_tag=se&keywords=%E3%82%A2%E3%83%AA%E3%83%BC%E3%83%8A+%E3%83%A1%E3%83%B3%E3%82%BA+%E6%B0%B4%E7%9D%80&qid=1784617326&refinements=p_90%3A3428068051%2Cp_n_g-101015233022111%3A24821512051&rnid=24821510051&sprefix=%E3%82%A2%E3%83%AA%E3%83%BC%E3%83%8A+%E3%83%A1%E3%83%B3%E3%82%BA+%E6%B0%B4%E7%9D%80%2Caps%2C325&sr=8-9&ufe=app_do%3Aamzn1.fos.35785624-70c4-44ae-a5c3-3f044f475d63,https://m.media-amazon.com/images/I/518xwlvOVGL._AC_UL320_.jpg,"トレーニング用-【TOUGHSUIT】-トレーニング向け-ショートレッグ-AS6SWM11M トレーニング用-【TOUGHSUIT】-トレーニング向け-ショートレッグ-AS6SWM11M トレーニング用-【TOUGHSUIT】-トレーニング向け-ショートレッグ-AS6SWM11M トレーニング用-【TOUGHSUIT】-トレーニング向け-ショートレッグ-AS6SWM11M トレーニング用-【TOUGHSUIT】-トレーニング向け-ショートレッグ-AS6SWM11M ARENA トレーニング用-【TOUGHSUIT】-トレーニング向け-ショートレッグ-AS6SWM11M (アリーナ) 競泳水着 トレーニング用 メンズ 【TOUGHSUIT】 水泳 スイミング 耐久性 練習用 トレーニング向け ショートレッグ AS6SWM11M 55ポイント(1%) ￥5,465 ￥ 5,465","B0G42WLSMX,B0G42T7P47,B0G42ZZDHL,B0G434WPLR",
swimmingattireothers_20260721.csv,10,swimmingattireothers,SAFE,B0C2YX4P7Y,【Amazon.co.jp限定】 【FINA承認】 arena(アリーナ) 競泳水着 レース用メンズ 【アクアレーシング】 初級者スイマー向け 撥水加工 フィット感 ORIAZ2052M,,5020,category_allow,競泳水着,カテゴリ許可ワード一致(contains),https://www.amazon.co.jp/%E3%82%A2%E3%83%AA%E3%83%BC%E3%83%8A-%E3%80%90Amazon-co-jp%E9%99%90%E5%AE%9A%E3%80%91-%E3%80%90%E3%82%A2%E3%82%AF%E3%82%A2%E3%83%AC%E3%83%BC%E3%82%B7%E3%83%B3%E3%82%B0%E3%80%91-%E5%88%9D%E7%B4%9A%E8%80%85%E3%82%B9%E3%82%A4%E3%83%9E%E3%83%BC%E5%90%91%E3%81%91-ORIAZ2052M/dp/B0C2YX4P7Y/ref=sr_1_10?__mk_ja_JP=%E3%82%AB%E3%82%BF%E3%82%AB%E3%83%8A&crid=1VZWPQ7PCEW9L&dd=1G8INUDRiTN5hha909GVNQ%2C%2C&dib=eyJ2IjoiMSJ9.NycoCc-YDg8gxggeAMiH4BM280_cbAvnWRX9yhRQEaqfhg-KWP8-vkzEBa__L3PwQgSe6hG7LoIqcMzX6xX4W5_-N5bQOq3-PB2-SQEqAFFMH9UEaLkVxz_GmJIlkmsTo5bmHYX6wttkoFt2IOKJ72f8XfczW6-_kgC8LFtqztAZouRZg3pAG0U544_KD0j70tjuj9dSwdlL6lCdV8FDhU_Of6SMStGnf0YrUA-lqQDORN01pL0OliC7ELHmo3z5R5oWT0QQZt1TZ2l3yR2sr7-atgnrVn-bVIUqb3XEJlo.K1AxcTwl7DeRkL3M0qwpeHNNfdSK5XILXnNRPsqxSk8&dib_tag=se&keywords=%E3%82%A2%E3%83%AA%E3%83%BC%E3%83%8A+%E3%83%A1%E3%83%B3%E3%82%BA+%E6%B0%B4%E7%9D%80&qid=1784617326&refinements=p_90%3A3428068051%2Cp_n_g-101015233022111%3A24821512051&rnid=24821510051&sprefix=%E3%82%A2%E3%83%AA%E3%83%BC%E3%83%8A+%E3%83%A1%E3%83%B3%E3%82%BA+%E6%B0%B4%E7%9D%80%2Caps%2C325&sr=8-10&ufe=app_do%3Aamzn1.fos.35785624-70c4-44ae-a5c3-3f044f475d63,https://m.media-amazon.com/images/I/91+jvraMBdL._AC_UL320_.jpg,"アリーナ-【Amazon-co-jp限定】-【アクアレーシング】-初級者スイマー向け-ORIAZ2052M アリーナ-【Amazon-co-jp限定】-【アクアレーシング】-初級者スイマー向け-ORIAZ2052M アリーナ-【Amazon-co-jp限定】-【アクアレーシング】-初級者スイマー向け-ORIAZ2052M アリーナ-【Amazon-co-jp限定】-【アクアレーシング】-初級者スイマー向け-ORIAZ2052M アリーナ-【Amazon-co-jp限定】-【アクアレーシング】-初級者スイマー向け-ORIAZ2052M ARENA アリーナ-【Amazon-co-jp限定】-【アクアレーシング】-初級者スイマー向け-ORIAZ2052M javascript:void(0) 5つ星のうち3.9 50ポイント(1%) ￥5,020 ￥ 5,020","B0C2YX4P7Y,B0C2YWY4XD,B0C2YW7Z7S",
swimmingattireothers_20260721.csv,11,swimmingattireothers,SAFE,B0G42MZYR5,【WA承認】arena(アリーナ) 競泳水着 レース用 メンズ 【AQUA ADVANCED】 水泳 スイミング 中級者向け ニット素材 AS6SRC23M,,6625,category_allow,競泳水着,カテゴリ許可ワード一致(contains),https://www.amazon.co.jp/%E3%80%90WA%E6%89%BF%E8%AA%8D%E3%80%91arena-%E3%80%90AQUA-ADVANCED%E3%80%91-%E3%82%B9%E3%82%A4%E3%83%9F%E3%83%B3%E3%82%B0-AS6SRC23M/dp/B0G42MZYR5/ref=sr_1_11?__mk_ja_JP=%E3%82%AB%E3%82%BF%E3%82%AB%E3%83%8A&crid=1VZWPQ7PCEW9L&dd=1G8INUDRiTN5hha909GVNQ%2C%2C&dib=eyJ2IjoiMSJ9.NycoCc-YDg8gxggeAMiH4BM280_cbAvnWRX9yhRQEaqfhg-KWP8-vkzEBa__L3PwQgSe6hG7LoIqcMzX6xX4W5_-N5bQOq3-PB2-SQEqAFFMH9UEaLkVxz_GmJIlkmsTo5bmHYX6wttkoFt2IOKJ72f8XfczW6-_kgC8LFtqztAZouRZg3pAG0U544_KD0j70tjuj9dSwdlL6lCdV8FDhU_Of6SMStGnf0YrUA-lqQDORN01pL0OliC7ELHmo3z5R5oWT0QQZt1TZ2l3yR2sr7-atgnrVn-bVIUqb3XEJlo.K1AxcTwl7DeRkL3M0qwpeHNNfdSK5XILXnNRPsqxSk8&dib_tag=se&keywords=%E3%82%A2%E3%83%AA%E3%83%BC%E3%83%8A+%E3%83%A1%E3%83%B3%E3%82%BA+%E6%B0%B4%E7%9D%80&qid=1784617326&refinements=p_90%3A3428068051%2Cp_n_g-101015233022111%3A24821512051&rnid=24821510051&sprefix=%E3%82%A2%E3%83%AA%E3%83%BC%E3%83%8A+%E3%83%A1%E3%83%B3%E3%82%BA+%E6%B0%B4%E7%9D%80%2Caps%2C325&sr=8-11&ufe=app_do%3Aamzn1.fos.35785624-70c4-44ae-a5c3-3f044f475d63,https://m.media-amazon.com/images/I/51g3yNp48FL._AC_UL320_.jpg,"【WA承認】arena-【AQUA-ADVANCED】-スイミング-AS6SRC23M 【WA承認】arena-【AQUA-ADVANCED】-スイミング-AS6SRC23M 【WA承認】arena-【AQUA-ADVANCED】-スイミング-AS6SRC23M 【WA承認】arena-【AQUA-ADVANCED】-スイミング-AS6SRC23M 【WA承認】arena-【AQUA-ADVANCED】-スイミング-AS6SRC23M ARENA 【WA承認】arena-【AQUA-ADVANCED】-スイミング-AS6SRC23M 【WA承認】arena(アリーナ) 競泳水着 レース用 メンズ 【AQUA ADVANCED】 水泳 スイミング 中級者向け ニット素材 AS6SRC23M javascript:void(0) 5つ星のうち4.6 参考: 【WA承認】arena-【AQUA-ADVANCED】-スイミング-AS6SRC23M ￥6,625 ￥ 6,625 参考: ￥8,140 ￥8,140 ￥8,140","B0G42MZYR5,B0G42T1KRL,B0G42TNDNW,B0G43195RY,B0G41VXFW6",
swimmingattireothers_20260721.csv,12,swimmingattireothers,SAFE,B0G42R53WC,【WA承認】arena(アリーナ) 競泳水着 レース用 メンズ 【AQUA ADVANCED】 水泳 スイミング 中級者向け ニット素材 AS6SRC28M,,5089,category_allow,競泳水着,カテゴリ許可ワード一致(contains),https://www.amazon.co.jp/%E3%80%90WA%E6%89%BF%E8%AA%8D%E3%80%91arena-%E3%80%90AQUA-ADVANCED%E3%80%91-%E3%82%B9%E3%82%A4%E3%83%9F%E3%83%B3%E3%82%B0-AS6SRC28M/dp/B0G42R53WC/ref=sr_1_12?__mk_ja_JP=%E3%82%AB%E3%82%BF%E3%82%AB%E3%83%8A&crid=1VZWPQ7PCEW9L&dd=1G8INUDRiTN5hha909GVNQ%2C%2C&dib=eyJ2IjoiMSJ9.NycoCc-YDg8gxggeAMiH4BM280_cbAvnWRX9yhRQEaqfhg-KWP8-vkzEBa__L3PwQgSe6hG7LoIqcMzX6xX4W5_-N5bQOq3-PB2-SQEqAFFMH9UEaLkVxz_GmJIlkmsTo5bmHYX6wttkoFt2IOKJ72f8XfczW6-_kgC8LFtqztAZouRZg3pAG0U544_KD0j70tjuj9dSwdlL6lCdV8FDhU_Of6SMStGnf0YrUA-lqQDORN01pL0OliC7ELHmo3z5R5oWT0QQZt1TZ2l3yR2sr7-atgnrVn-bVIUqb3XEJlo.K1AxcTwl7DeRkL3M0qwpeHNNfdSK5XILXnNRPsqxSk8&dib_tag=se&keywords=%E3%82%A2%E3%83%AA%E3%83%BC%E3%83%8A+%E3%83%A1%E3%83%B3%E3%82%BA+%E6%B0%B4%E7%9D%80&qid=1784617326&refinements=p_90%3A3428068051%2Cp_n_g-101015233022111%3A24821512051&rnid=24821510051&sprefix=%E3%82%A2%E3%83%AA%E3%83%BC%E3%83%8A+%E3%83%A1%E3%83%B3%E3%82%BA+%E6%B0%B4%E7%9D%80%2Caps%2C325&sr=8-12&ufe=app_do%3Aamzn1.fos.35785624-70c4-44ae-a5c3-3f044f475d63,https://m.media-amazon.com/images/I/51BUegZnY3L._AC_UL320_.jpg,"【WA承認】arena-【AQUA-ADVANCED】-スイミング-AS6SRC28M 【WA承認】arena-【AQUA-ADVANCED】-スイミング-AS6SRC28M 【WA承認】arena-【AQUA-ADVANCED】-スイミング-AS6SRC28M 【WA承認】arena-【AQUA-ADVANCED】-スイミング-AS6SRC28M 【WA承認】arena-【AQUA-ADVANCED】-スイミング-AS6SRC28M ARENA 【WA承認】arena-【AQUA-ADVANCED】-スイミング-AS6SRC28M 【WA承認】arena(アリーナ) 競泳水着 レース用 メンズ 【AQUA ADVANCED】 水泳 スイミング 中級者向け ニット素材 AS6SRC28M javascript:void(0) 5つ星のうち4.8 ベストセラー5位 【WA承認】arena-【AQUA-ADVANCED】-スイミング-AS6SRC28M ￥5,089 ￥ 5,089 参考: ￥5,940 参考: ￥5,940 ￥5,940","B0G42R53WC,B0G42TLK6L,B0G42VDNMX,B0G42SJJV3",
swimmingattireothers_20260721.csv,16,swimmingattireothers,SAFE,B0G4319X4L,(アリーナ) 競泳水着 トレーニング用 メンズ 【TOUGHSUIT】 水泳 スイミング 耐久性 ハーフレッグ 練習用 トレーニング向け AS6SWM08M,,6083,category_allow,競泳水着,カテゴリ許可ワード一致(contains),https://www.amazon.co.jp/%E3%83%88%E3%83%AC%E3%83%BC%E3%83%8B%E3%83%B3%E3%82%B0%E7%94%A8-%E3%80%90TOUGHSUIT%E3%80%91-%E3%83%8F%E3%83%BC%E3%83%95%E3%83%AC%E3%83%83%E3%82%B0-%E3%83%88%E3%83%AC%E3%83%BC%E3%83%8B%E3%83%B3%E3%82%B0%E5%90%91%E3%81%91-AS6SWM08M/dp/B0G4319X4L/ref=sr_1_16?__mk_ja_JP=%E3%82%AB%E3%82%BF%E3%82%AB%E3%83%8A&crid=1VZWPQ7PCEW9L&dd=1G8INUDRiTN5hha909GVNQ%2C%2C&dib=eyJ2IjoiMSJ9.NycoCc-YDg8gxggeAMiH4BM280_cbAvnWRX9yhRQEaqfhg-KWP8-vkzEBa__L3PwQgSe6hG7LoIqcMzX6xX4W5_-N5bQOq3-PB2-SQEqAFFMH9UEaLkVxz_GmJIlkmsTo5bmHYX6wttkoFt2IOKJ72f8XfczW6-_kgC8LFtqztAZouRZg3pAG0U544_KD0j70tjuj9dSwdlL6lCdV8FDhU_Of6SMStGnf0YrUA-lqQDORN01pL0OliC7ELHmo3z5R5oWT0QQZt1TZ2l3yR2sr7-atgnrVn-bVIUqb3XEJlo.K1AxcTwl7DeRkL3M0qwpeHNNfdSK5XILXnNRPsqxSk8&dib_tag=se&keywords=%E3%82%A2%E3%83%AA%E3%83%BC%E3%83%8A+%E3%83%A1%E3%83%B3%E3%82%BA+%E6%B0%B4%E7%9D%80&qid=1784617326&refinements=p_90%3A3428068051%2Cp_n_g-101015233022111%3A24821512051&rnid=24821510051&sprefix=%E3%82%A2%E3%83%AA%E3%83%BC%E3%83%8A+%E3%83%A1%E3%83%B3%E3%82%BA+%E6%B0%B4%E7%9D%80%2Caps%2C325&sr=8-16&ufe=app_do%3Aamzn1.fos.35785624-70c4-44ae-a5c3-3f044f475d63,https://m.media-amazon.com/images/I/51Y6JQuwqzL._AC_UL320_.jpg,"トレーニング用-【TOUGHSUIT】-ハーフレッグ-トレーニング向け-AS6SWM08M トレーニング用-【TOUGHSUIT】-ハーフレッグ-トレーニング向け-AS6SWM08M トレーニング用-【TOUGHSUIT】-ハーフレッグ-トレーニング向け-AS6SWM08M トレーニング用-【TOUGHSUIT】-ハーフレッグ-トレーニング向け-AS6SWM08M トレーニング用-【TOUGHSUIT】-ハーフレッグ-トレーニング向け-AS6SWM08M ARENA (アリーナ) 競泳水着 トレーニング用 メンズ 【TOUGHSUIT】 水泳 スイミング 耐久性 ハーフレッグ 練習用 トレーニング向け AS6SWM08M javascript:void(0) 5つ星のうち4.8 参考: ￥6,083 ￥ 6,083 参考: ￥7,150 ￥7,150 ￥7,150",B0G4319X4L,
swimmingattireothers_20260721.csv,17,swimmingattireothers,SAFE,B08X4KZD4Z,【FINA承認】arena(アリーナ) 競泳水着 レース用メンズ 【AQUA ADVANCED】 リミック ARN-1023M,,4302,category_allow,競泳水着,カテゴリ許可ワード一致(contains),https://www.amazon.co.jp/arena-%E3%82%A2%E3%83%AA%E3%83%BC%E3%83%8A-%E3%83%AC%E3%83%BC%E3%82%B7%E3%83%B3%E3%82%B0%E6%B0%B4%E7%9D%80-%E3%83%96%E3%83%A9%E3%83%83%E3%82%AF%C3%97%E3%82%A4%E3%82%A8%E3%83%AD%E3%83%BC-ARN-1023M/dp/B08X4KZD4Z/ref=sr_1_17?__mk_ja_JP=%E3%82%AB%E3%82%BF%E3%82%AB%E3%83%8A&crid=1VZWPQ7PCEW9L&dd=1G8INUDRiTN5hha909GVNQ%2C%2C&dib=eyJ2IjoiMSJ9.NycoCc-YDg8gxggeAMiH4BM280_cbAvnWRX9yhRQEaqfhg-KWP8-vkzEBa__L3PwQgSe6hG7LoIqcMzX6xX4W5_-N5bQOq3-PB2-SQEqAFFMH9UEaLkVxz_GmJIlkmsTo5bmHYX6wttkoFt2IOKJ72f8XfczW6-_kgC8LFtqztAZouRZg3pAG0U544_KD0j70tjuj9dSwdlL6lCdV8FDhU_Of6SMStGnf0YrUA-lqQDORN01pL0OliC7ELHmo3z5R5oWT0QQZt1TZ2l3yR2sr7-atgnrVn-bVIUqb3XEJlo.K1AxcTwl7DeRkL3M0qwpeHNNfdSK5XILXnNRPsqxSk8&dib_tag=se&keywords=%E3%82%A2%E3%83%AA%E3%83%BC%E3%83%8A+%E3%83%A1%E3%83%B3%E3%82%BA+%E6%B0%B4%E7%9D%80&qid=1784617326&refinements=p_90%3A3428068051%2Cp_n_g-101015233022111%3A24821512051&rnid=24821510051&sprefix=%E3%82%A2%E3%83%AA%E3%83%BC%E3%83%8A+%E3%83%A1%E3%83%B3%E3%82%BA+%E6%B0%B4%E7%9D%80%2Caps%2C325&sr=8-17&ufe=app_do%3Aamzn1.fos.35785624-70c4-44ae-a5c3-3f044f475d63,https://m.media-amazon.com/images/I/610IJZvjLKL._AC_UL320_.jpg,"arena-アリーナ-レーシング水着-ブラック×イエロー-ARN-1023M arena-アリーナ-レーシング水着-ブラック×イエロー-ARN-1023M arena-アリーナ-レーシング水着-ブラック×イエロー-ARN-1023M arena-アリーナ-レーシング水着-ブラック×イエロー-ARN-1023M arena-アリーナ-レーシング水着-ブラック×イエロー-ARN-1023M ARENA arena-アリーナ-レーシング水着-ブラック×イエロー-ARN-1023M 【FINA承認】arena(アリーナ) 競泳水着 レース用メンズ 【AQUA ADVANCED】 リミック ARN-1023M javascript:void(0) 5つ星のうち4.3 43ポイント(1%) arena-アリーナ-レーシング水着-ブラック×イエロー-ARN-1023M ￥4,302 ￥ 4,302","B08X4KZD4Z,B09M9T76TN,B08X4LZPNP,B09M9RMX51,B08X4JLQPW",
swimmingattireothers_20260721.csv,19,swimmingattireothers,SAFE,B0GXJ7JMVM,(アリーナ) 競泳水着 トレーニング用 メンズ 【TOUGHSUIT】 水泳 スイミング トレーニング向け 練習用 耐久性 AS6FWM26M,,5736,category_allow,競泳水着,カテゴリ許可ワード一致(contains),https://www.amazon.co.jp/arena-%E3%83%88%E3%83%AC%E3%83%BC%E3%83%8B%E3%83%B3%E3%82%B0%E7%94%A8-%E3%80%90TOUGHSUIT%E3%80%91-%E3%83%88%E3%83%AC%E3%83%BC%E3%83%8B%E3%83%B3%E3%82%B0%E5%90%91%E3%81%91-AS6FWM26M/dp/B0GXJ7JMVM/ref=sr_1_19?__mk_ja_JP=%E3%82%AB%E3%82%BF%E3%82%AB%E3%83%8A&crid=1VZWPQ7PCEW9L&dd=1G8INUDRiTN5hha909GVNQ%2C%2C&dib=eyJ2IjoiMSJ9.NycoCc-YDg8gxggeAMiH4BM280_cbAvnWRX9yhRQEaqfhg-KWP8-vkzEBa__L3PwQgSe6hG7LoIqcMzX6xX4W5_-N5bQOq3-PB2-SQEqAFFMH9UEaLkVxz_GmJIlkmsTo5bmHYX6wttkoFt2IOKJ72f8XfczW6-_kgC8LFtqztAZouRZg3pAG0U544_KD0j70tjuj9dSwdlL6lCdV8FDhU_Of6SMStGnf0YrUA-lqQDORN01pL0OliC7ELHmo3z5R5oWT0QQZt1TZ2l3yR2sr7-atgnrVn-bVIUqb3XEJlo.K1AxcTwl7DeRkL3M0qwpeHNNfdSK5XILXnNRPsqxSk8&dib_tag=se&keywords=%E3%82%A2%E3%83%AA%E3%83%BC%E3%83%8A+%E3%83%A1%E3%83%B3%E3%82%BA+%E6%B0%B4%E7%9D%80&qid=1784617326&refinements=p_90%3A3428068051%2Cp_n_g-101015233022111%3A24821512051&rnid=24821510051&sprefix=%E3%82%A2%E3%83%AA%E3%83%BC%E3%83%8A+%E3%83%A1%E3%83%B3%E3%82%BA+%E6%B0%B4%E7%9D%80%2Caps%2C325&sr=8-19&ufe=app_do%3Aamzn1.fos.35785624-70c4-44ae-a5c3-3f044f475d63,https://m.media-amazon.com/images/I/61qFQZDRHtL._AC_UL320_.jpg,"arena-トレーニング用-【TOUGHSUIT】-トレーニング向け-AS6FWM26M arena-トレーニング用-【TOUGHSUIT】-トレーニング向け-AS6FWM26M arena-トレーニング用-【TOUGHSUIT】-トレーニング向け-AS6FWM26M arena-トレーニング用-【TOUGHSUIT】-トレーニング向け-AS6FWM26M arena-トレーニング用-【TOUGHSUIT】-トレーニング向け-AS6FWM26M ARENA arena-トレーニング用-【TOUGHSUIT】-トレーニング向け-AS6FWM26M (アリーナ) 競泳水着 トレーニング用 メンズ 【TOUGHSUIT】 水泳 スイミング トレーニング向け 練習用 耐久性 AS6FWM26M 57ポイント(1%) ￥5,736 ￥ 5,736","B0GXJ7JMVM,B0GXJ6L3CJ,B0GXJDMMP4",
swimmingattireothers_20260721.csv,20,swimmingattireothers,SAFE,B09TYBK8L8,【FINA承認】arena(アリーナ) 競泳水着 レース用メンズ 【AQUA ADVANCED】 ハーフスパッツ ARN-1022M,,6338,category_allow,競泳水着,カテゴリ許可ワード一致(contains),https://www.amazon.co.jp/%E3%80%90FINA%E6%89%BF%E8%AA%8D%E3%80%91-arena-%E3%82%A2%E3%83%AA%E3%83%BC%E3%83%8A-ADVANCED-ARN-1022M/dp/B09TYBK8L8/ref=sr_1_20?__mk_ja_JP=%E3%82%AB%E3%82%BF%E3%82%AB%E3%83%8A&crid=1VZWPQ7PCEW9L&dd=1G8INUDRiTN5hha909GVNQ%2C%2C&dib=eyJ2IjoiMSJ9.NycoCc-YDg8gxggeAMiH4BM280_cbAvnWRX9yhRQEaqfhg-KWP8-vkzEBa__L3PwQgSe6hG7LoIqcMzX6xX4W5_-N5bQOq3-PB2-SQEqAFFMH9UEaLkVxz_GmJIlkmsTo5bmHYX6wttkoFt2IOKJ72f8XfczW6-_kgC8LFtqztAZouRZg3pAG0U544_KD0j70tjuj9dSwdlL6lCdV8FDhU_Of6SMStGnf0YrUA-lqQDORN01pL0OliC7ELHmo3z5R5oWT0QQZt1TZ2l3yR2sr7-atgnrVn-bVIUqb3XEJlo.K1AxcTwl7DeRkL3M0qwpeHNNfdSK5XILXnNRPsqxSk8&dib_tag=se&keywords=%E3%82%A2%E3%83%AA%E3%83%BC%E3%83%8A+%E3%83%A1%E3%83%B3%E3%82%BA+%E6%B0%B4%E7%9D%80&qid=1784617326&refinements=p_90%3A3428068051%2Cp_n_g-101015233022111%3A24821512051&rnid=24821510051&sprefix=%E3%82%A2%E3%83%AA%E3%83%BC%E3%83%8A+%E3%83%A1%E3%83%B3%E3%82%BA+%E6%B0%B4%E7%9D%80%2Caps%2C325&sr=8-20&ufe=app_do%3Aamzn1.fos.35785624-70c4-44ae-a5c3-3f044f475d63,https://m.media-amazon.com/images/I/61ZytzKPIuL._AC_UL320_.jpg,"【FINA承認】-arena-アリーナ-ADVANCED-ARN-1022M 【FINA承認】-arena-アリーナ-ADVANCED-ARN-1022M 【FINA承認】-arena-アリーナ-ADVANCED-ARN-1022M 【FINA承認】-arena-アリーナ-ADVANCED-ARN-1022M 【FINA承認】-arena-アリーナ-ADVANCED-ARN-1022M ARENA 【FINA承認】-arena-アリーナ-ADVANCED-ARN-1022M 【FINA承認】arena(アリーナ) 競泳水着 レース用メンズ 【AQUA ADVANCED】 ハーフスパッツ ARN-1022M javascript:void(0) 5つ星のうち4.2 63ポイント(1%) 【FINA承認】-arena-アリーナ-ADVANCED-ARN-1022M ￥6,338 ￥ 6,338","B09TYBK8L8,B08X4JYPY9,B09TYFGXCM,B08X4JF8D2,B08X4HPCZP",
swimmingattireothers_20260721.csv,22,swimmingattireothers,SAFE,B0G42VD6HS,【選手着用モデル】 arena(アリーナ) 競泳水着 トレーニング用 メンズ 【TOUGHSUIT】 水泳 スイミング team arena チームアリーナ 耐久性 練習用 トレーニング向け AS6SWM14M,,5922,category_allow,競泳水着,カテゴリ許可ワード一致(contains),https://www.amazon.co.jp/%E3%80%90%E9%81%B8%E6%89%8B%E7%9D%80%E7%94%A8%E3%83%A2%E3%83%87%E3%83%AB%E3%80%91-%E3%83%88%E3%83%AC%E3%83%BC%E3%83%8B%E3%83%B3%E3%82%B0%E7%94%A8-%E3%80%90TOUGHSUIT%E3%80%91-%E3%83%88%E3%83%AC%E3%83%BC%E3%83%8B%E3%83%B3%E3%82%B0%E5%90%91%E3%81%91-AS6SWM14M/dp/B0G42VD6HS/ref=sr_1_22?__mk_ja_JP=%E3%82%AB%E3%82%BF%E3%82%AB%E3%83%8A&crid=1VZWPQ7PCEW9L&dd=1G8INUDRiTN5hha909GVNQ%2C%2C&dib=eyJ2IjoiMSJ9.NycoCc-YDg8gxggeAMiH4BM280_cbAvnWRX9yhRQEaqfhg-KWP8-vkzEBa__L3PwQgSe6hG7LoIqcMzX6xX4W5_-N5bQOq3-PB2-SQEqAFFMH9UEaLkVxz_GmJIlkmsTo5bmHYX6wttkoFt2IOKJ72f8XfczW6-_kgC8LFtqztAZouRZg3pAG0U544_KD0j70tjuj9dSwdlL6lCdV8FDhU_Of6SMStGnf0YrUA-lqQDORN01pL0OliC7ELHmo3z5R5oWT0QQZt1TZ2l3yR2sr7-atgnrVn-bVIUqb3XEJlo.K1AxcTwl7DeRkL3M0qwpeHNNfdSK5XILXnNRPsqxSk8&dib_tag=se&keywords=%E3%82%A2%E3%83%AA%E3%83%BC%E3%83%8A+%E3%83%A1%E3%83%B3%E3%82%BA+%E6%B0%B4%E7%9D%80&qid=1784617326&refinements=p_90%3A3428068051%2Cp_n_g-101015233022111%3A24821512051&rnid=24821510051&sprefix=%E3%82%A2%E3%83%AA%E3%83%BC%E3%83%8A+%E3%83%A1%E3%83%B3%E3%82%BA+%E6%B0%B4%E7%9D%80%2Caps%2C325&sr=8-22&ufe=app_do%3Aamzn1.fos.35785624-70c4-44ae-a5c3-3f044f475d63,https://m.media-amazon.com/images/I/61e6KyIsM2L._AC_UL320_.jpg,"【選手着用モデル】-トレーニング用-【TOUGHSUIT】-トレーニング向け-AS6SWM14M 【選手着用モデル】-トレーニング用-【TOUGHSUIT】-トレーニング向け-AS6SWM14M 【選手着用モデル】-トレーニング用-【TOUGHSUIT】-トレーニング向け-AS6SWM14M 【選手着用モデル】-トレーニング用-【TOUGHSUIT】-トレーニング向け-AS6SWM14M 【選手着用モデル】-トレーニング用-【TOUGHSUIT】-トレーニング向け-AS6SWM14M ARENA 【選手着用モデル】-トレーニング用-【TOUGHSUIT】-トレーニング向け-AS6SWM14M 【選手着用モデル】 arena(アリーナ) 競泳水着 トレーニング用 メンズ 【TOUGHSUIT】 水泳 スイミング team arena チームアリーナ 耐久性 練習用 トレーニング向け AS6SWM14M javascript:void(0) 5つ星のうち4.0 参考: 【選手着用モデル】-トレーニング用-【TOUGHSUIT】-トレーニング向け-AS6SWM14M ￥5,922 ￥ 5,922 参考: ￥7,590 ￥7,590 ￥7,590","B0G42VD6HS,B0G42Y8S8D,B0G4238VWH,B0G433J3HT,B0G431LQSV",
swimmingattireothers_20260721.csv,23,swimmingattireothers,SAFE,B0DNMHL43N,[アリーナ] 競泳水着 トレーニング用 メンズ 【TOUGHSUIT】 練習用 トレーニング向け AS5SWM00M / SAR-3100,,5511,category_allow,競泳水着,カテゴリ許可ワード一致(contains),https://www.amazon.co.jp/arena-%E3%83%88%E3%83%AC%E3%83%BC%E3%83%8B%E3%83%B3%E3%82%B0%E7%94%A8-%E3%80%90TOUGHSUIT%E3%80%91-%E3%83%88%E3%83%AC%E3%83%BC%E3%83%8B%E3%83%B3%E3%82%B0%E5%90%91%E3%81%91-AS5SWM00M/dp/B0DNMHL43N/ref=sr_1_23?__mk_ja_JP=%E3%82%AB%E3%82%BF%E3%82%AB%E3%83%8A&crid=1VZWPQ7PCEW9L&dd=1G8INUDRiTN5hha909GVNQ%2C%2C&dib=eyJ2IjoiMSJ9.NycoCc-YDg8gxggeAMiH4BM280_cbAvnWRX9yhRQEaqfhg-KWP8-vkzEBa__L3PwQgSe6hG7LoIqcMzX6xX4W5_-N5bQOq3-PB2-SQEqAFFMH9UEaLkVxz_GmJIlkmsTo5bmHYX6wttkoFt2IOKJ72f8XfczW6-_kgC8LFtqztAZouRZg3pAG0U544_KD0j70tjuj9dSwdlL6lCdV8FDhU_Of6SMStGnf0YrUA-lqQDORN01pL0OliC7ELHmo3z5R5oWT0QQZt1TZ2l3yR2sr7-atgnrVn-bVIUqb3XEJlo.K1AxcTwl7DeRkL3M0qwpeHNNfdSK5XILXnNRPsqxSk8&dib_tag=se&keywords=%E3%82%A2%E3%83%AA%E3%83%BC%E3%83%8A+%E3%83%A1%E3%83%B3%E3%82%BA+%E6%B0%B4%E7%9D%80&qid=1784617326&refinements=p_90%3A3428068051%2Cp_n_g-101015233022111%3A24821512051&rnid=24821510051&sprefix=%E3%82%A2%E3%83%AA%E3%83%BC%E3%83%8A+%E3%83%A1%E3%83%B3%E3%82%BA+%E6%B0%B4%E7%9D%80%2Caps%2C325&sr=8-23&ufe=app_do%3Aamzn1.fos.35785624-70c4-44ae-a5c3-3f044f475d63,https://m.media-amazon.com/images/I/51qR3wCZiDL._AC_UL320_.jpg,"arena-トレーニング用-【TOUGHSUIT】-トレーニング向け-AS5SWM00M arena-トレーニング用-【TOUGHSUIT】-トレーニング向け-AS5SWM00M arena-トレーニング用-【TOUGHSUIT】-トレーニング向け-AS5SWM00M arena-トレーニング用-【TOUGHSUIT】-トレーニング向け-AS5SWM00M arena-トレーニング用-【TOUGHSUIT】-トレーニング向け-AS5SWM00M ARENA arena-トレーニング用-【TOUGHSUIT】-トレーニング向け-AS5SWM00M [アリーナ] 競泳水着 トレーニング用 メンズ 【TOUGHSUIT】 練習用 トレーニング向け AS5SWM00M / SAR-3100 javascript:void(0) 5つ星のうち4.2 参考: arena-トレーニング用-【TOUGHSUIT】-トレーニング向け-AS5SWM00M ￥5,511 ￥ 5,511 参考: ￥6,380 ￥6,380 ￥6,380","B0DNMHL43N,B0DNMJYTS9,B0DNMGYDRW,B0DNMJG987,B0DNMKLTSH",
swimmingattireothers_20260721.csv,24,swimmingattireothers,SAFE,B0GXJC3T79,(アリーナ) 競泳水着 トレーニング用 メンズ 【TOUGHSUIT】 水泳 スイミング トレーニング向け 練習用 耐久性 AS6FWM39M,,5991,category_allow,競泳水着,カテゴリ許可ワード一致(contains),https://www.amazon.co.jp/arena-%E3%83%88%E3%83%AC%E3%83%BC%E3%83%8B%E3%83%B3%E3%82%B0%E7%94%A8-%E3%80%90TOUGHSUIT%E3%80%91-%E3%83%88%E3%83%AC%E3%83%BC%E3%83%8B%E3%83%B3%E3%82%B0%E5%90%91%E3%81%91-AS6FWM39M/dp/B0GXJC3T79/ref=sr_1_24?__mk_ja_JP=%E3%82%AB%E3%82%BF%E3%82%AB%E3%83%8A&crid=1VZWPQ7PCEW9L&dd=1G8INUDRiTN5hha909GVNQ%2C%2C&dib=eyJ2IjoiMSJ9.NycoCc-YDg8gxggeAMiH4BM280_cbAvnWRX9yhRQEaqfhg-KWP8-vkzEBa__L3PwQgSe6hG7LoIqcMzX6xX4W5_-N5bQOq3-PB2-SQEqAFFMH9UEaLkVxz_GmJIlkmsTo5bmHYX6wttkoFt2IOKJ72f8XfczW6-_kgC8LFtqztAZouRZg3pAG0U544_KD0j70tjuj9dSwdlL6lCdV8FDhU_Of6SMStGnf0YrUA-lqQDORN01pL0OliC7ELHmo3z5R5oWT0QQZt1TZ2l3yR2sr7-atgnrVn-bVIUqb3XEJlo.K1AxcTwl7DeRkL3M0qwpeHNNfdSK5XILXnNRPsqxSk8&dib_tag=se&keywords=%E3%82%A2%E3%83%AA%E3%83%BC%E3%83%8A+%E3%83%A1%E3%83%B3%E3%82%BA+%E6%B0%B4%E7%9D%80&qid=1784617326&refinements=p_90%3A3428068051%2Cp_n_g-101015233022111%3A24821512051&rnid=24821510051&sprefix=%E3%82%A2%E3%83%AA%E3%83%BC%E3%83%8A+%E3%83%A1%E3%83%B3%E3%82%BA+%E6%B0%B4%E7%9D%80%2Caps%2C325&sr=8-24&ufe=app_do%3Aamzn1.fos.35785624-70c4-44ae-a5c3-3f044f475d63,https://m.media-amazon.com/images/I/611vKfRJG6L._AC_UL320_.jpg,"arena-トレーニング用-【TOUGHSUIT】-トレーニング向け-AS6FWM39M arena-トレーニング用-【TOUGHSUIT】-トレーニング向け-AS6FWM39M arena-トレーニング用-【TOUGHSUIT】-トレーニング向け-AS6FWM39M arena-トレーニング用-【TOUGHSUIT】-トレーニング向け-AS6FWM39M arena-トレーニング用-【TOUGHSUIT】-トレーニング向け-AS6FWM39M ARENA arena-トレーニング用-【TOUGHSUIT】-トレーニング向け-AS6FWM39M (アリーナ) 競泳水着 トレーニング用 メンズ 【TOUGHSUIT】 水泳 スイミング トレーニング向け 練習用 耐久性 AS6FWM39M 60ポイント(1%) ￥5,991 ￥ 5,991","B0GXJC3T79,B0GXJ49CVM,B0GXJHXBJY,B0GXJFTXFS",
swimmingattireothers_20260721.csv,26,swimmingattireothers,SAFE,B0G42Z9K93,【WA承認】arena(アリーナ) 競泳水着 レース用 メンズ 【AQUA RACING】 水泳 スイミング ECO エコ 初級者向け はっ水 AS6SRC54M,,6009,category_allow,競泳水着,カテゴリ許可ワード一致(contains),https://www.amazon.co.jp/%E3%80%90WA%E6%89%BF%E8%AA%8D%E3%80%91arena-%E3%80%90AQUA-RACING%E3%80%91-XO%E3%82%B5%E3%82%A4%E3%82%BA-AS6SRC54M/dp/B0G42Z9K93/ref=sr_1_26?__mk_ja_JP=%E3%82%AB%E3%82%BF%E3%82%AB%E3%83%8A&crid=1VZWPQ7PCEW9L&dd=1G8INUDRiTN5hha909GVNQ%2C%2C&dib=eyJ2IjoiMSJ9.NycoCc-YDg8gxggeAMiH4BM280_cbAvnWRX9yhRQEaqfhg-KWP8-vkzEBa__L3PwQgSe6hG7LoIqcMzX6xX4W5_-N5bQOq3-PB2-SQEqAFFMH9UEaLkVxz_GmJIlkmsTo5bmHYX6wttkoFt2IOKJ72f8XfczW6-_kgC8LFtqztAZouRZg3pAG0U544_KD0j70tjuj9dSwdlL6lCdV8FDhU_Of6SMStGnf0YrUA-lqQDORN01pL0OliC7ELHmo3z5R5oWT0QQZt1TZ2l3yR2sr7-atgnrVn-bVIUqb3XEJlo.K1AxcTwl7DeRkL3M0qwpeHNNfdSK5XILXnNRPsqxSk8&dib_tag=se&keywords=%E3%82%A2%E3%83%AA%E3%83%BC%E3%83%8A+%E3%83%A1%E3%83%B3%E3%82%BA+%E6%B0%B4%E7%9D%80&qid=1784617326&refinements=p_90%3A3428068051%2Cp_n_g-101015233022111%3A24821512051&rnid=24821510051&sprefix=%E3%82%A2%E3%83%AA%E3%83%BC%E3%83%8A+%E3%83%A1%E3%83%B3%E3%82%BA+%E6%B0%B4%E7%9D%80%2Caps%2C325&sr=8-26&ufe=app_do%3Aamzn1.fos.35785624-70c4-44ae-a5c3-3f044f475d63,https://m.media-amazon.com/images/I/511ZtGwMx4L._AC_UL320_.jpg,"【WA承認】arena-【AQUA-RACING】-XOサイズ-AS6SRC54M 【WA承認】arena-【AQUA-RACING】-XOサイズ-AS6SRC54M 【WA承認】arena-【AQUA-RACING】-XOサイズ-AS6SRC54M 【WA承認】arena-【AQUA-RACING】-XOサイズ-AS6SRC54M 【WA承認】arena-【AQUA-RACING】-XOサイズ-AS6SRC54M ARENA 【WA承認】arena-【AQUA-RACING】-XOサイズ-AS6SRC54M 【WA承認】arena(アリーナ) 競泳水着 レース用 メンズ 【AQUA RACING】 水泳 スイミング ECO エコ 初級者向け はっ水 AS6SRC54M javascript:void(0) 5つ星のうち4.6 60ポイント(1%) 【WA承認】arena-【AQUA-RACING】-XOサイズ-AS6SRC54M ￥6,009 ￥ 6,009","B0G42Z9K93,B0FS1Q8M1F,B0FZ4571K3,B0FZ49X14N,B0FZ475RGY",
swimmingattireothers_20260721.csv,27,swimmingattireothers,SAFE,B09TYDX741,【FINA承認】arena(アリーナ) 競泳水着 レース用メンズ 【AQUA ADVANCED】 リミック ARN-1023M,,4302,category_allow,競泳水着,カテゴリ許可ワード一致(contains),https://www.amazon.co.jp/%E3%80%90FINA%E6%89%BF%E8%AA%8D%E3%80%91-arena-%E3%82%A2%E3%83%AA%E3%83%BC%E3%83%8A-ADVANCED-ARN-1023M/dp/B09TYDX741/ref=sr_1_27?__mk_ja_JP=%E3%82%AB%E3%82%BF%E3%82%AB%E3%83%8A&crid=1VZWPQ7PCEW9L&dd=1G8INUDRiTN5hha909GVNQ%2C%2C&dib=eyJ2IjoiMSJ9.NycoCc-YDg8gxggeAMiH4BM280_cbAvnWRX9yhRQEaqfhg-KWP8-vkzEBa__L3PwQgSe6hG7LoIqcMzX6xX4W5_-N5bQOq3-PB2-SQEqAFFMH9UEaLkVxz_GmJIlkmsTo5bmHYX6wttkoFt2IOKJ72f8XfczW6-_kgC8LFtqztAZouRZg3pAG0U544_KD0j70tjuj9dSwdlL6lCdV8FDhU_Of6SMStGnf0YrUA-lqQDORN01pL0OliC7ELHmo3z5R5oWT0QQZt1TZ2l3yR2sr7-atgnrVn-bVIUqb3XEJlo.K1AxcTwl7DeRkL3M0qwpeHNNfdSK5XILXnNRPsqxSk8&dib_tag=se&keywords=%E3%82%A2%E3%83%AA%E3%83%BC%E3%83%8A+%E3%83%A1%E3%83%B3%E3%82%BA+%E6%B0%B4%E7%9D%80&qid=1784617326&refinements=p_90%3A3428068051%2Cp_n_g-101015233022111%3A24821512051&rnid=24821510051&sprefix=%E3%82%A2%E3%83%AA%E3%83%BC%E3%83%8A+%E3%83%A1%E3%83%B3%E3%82%BA+%E6%B0%B4%E7%9D%80%2Caps%2C325&sr=8-27&ufe=app_do%3Aamzn1.fos.35785624-70c4-44ae-a5c3-3f044f475d63,https://m.media-amazon.com/images/I/51WJDFiJ5xL._AC_UL320_.jpg,"【FINA承認】-arena-アリーナ-ADVANCED-ARN-1023M 【FINA承認】-arena-アリーナ-ADVANCED-ARN-1023M 【FINA承認】-arena-アリーナ-ADVANCED-ARN-1023M 【FINA承認】-arena-アリーナ-ADVANCED-ARN-1023M 【FINA承認】-arena-アリーナ-ADVANCED-ARN-1023M ARENA 【FINA承認】-arena-アリーナ-ADVANCED-ARN-1023M 【FINA承認】arena(アリーナ) 競泳水着 レース用メンズ 【AQUA ADVANCED】 リミック ARN-1023M javascript:void(0) 5つ星のうち4.3 43ポイント(1%) 【FINA承認】-arena-アリーナ-ADVANCED-ARN-1023M ￥4,302 ￥ 4,302","B09TYDX741,B09M9T76TN,B08X4LZPNP,B09M9RMX51,B08X4JLQPW",
swimmingattireothers_20260721.csv,28,swimmingattireothers,SAFE,B0F79716KT,[アリーナ] 【選手着用モデル】 競泳水着 トレーニング用 メンズ 【TOUGHSUIT】 水泳 スイミング team チーム 練習用 AS5FWM04M,,5616,category_allow,競泳水着,カテゴリ許可ワード一致(contains),https://www.amazon.co.jp/%E3%80%90%E9%81%B8%E6%89%8B%E7%9D%80%E7%94%A8%E3%83%A2%E3%83%87%E3%83%AB%E3%80%91-%E3%83%88%E3%83%AC%E3%83%BC%E3%83%8B%E3%83%B3%E3%82%B0%E7%94%A8-%E3%80%90TOUGHSUIT%E3%80%91-%E3%82%B9%E3%82%A4%E3%83%9F%E3%83%B3%E3%82%B0-AS5FWM04M/dp/B0F79716KT/ref=sr_1_28?__mk_ja_JP=%E3%82%AB%E3%82%BF%E3%82%AB%E3%83%8A&crid=1VZWPQ7PCEW9L&dd=1G8INUDRiTN5hha909GVNQ%2C%2C&dib=eyJ2IjoiMSJ9.NycoCc-YDg8gxggeAMiH4BM280_cbAvnWRX9yhRQEaqfhg-KWP8-vkzEBa__L3PwQgSe6hG7LoIqcMzX6xX4W5_-N5bQOq3-PB2-SQEqAFFMH9UEaLkVxz_GmJIlkmsTo5bmHYX6wttkoFt2IOKJ72f8XfczW6-_kgC8LFtqztAZouRZg3pAG0U544_KD0j70tjuj9dSwdlL6lCdV8FDhU_Of6SMStGnf0YrUA-lqQDORN01pL0OliC7ELHmo3z5R5oWT0QQZt1TZ2l3yR2sr7-atgnrVn-bVIUqb3XEJlo.K1AxcTwl7DeRkL3M0qwpeHNNfdSK5XILXnNRPsqxSk8&dib_tag=se&keywords=%E3%82%A2%E3%83%AA%E3%83%BC%E3%83%8A+%E3%83%A1%E3%83%B3%E3%82%BA+%E6%B0%B4%E7%9D%80&qid=1784617326&refinements=p_90%3A3428068051%2Cp_n_g-101015233022111%3A24821512051&rnid=24821510051&sprefix=%E3%82%A2%E3%83%AA%E3%83%BC%E3%83%8A+%E3%83%A1%E3%83%B3%E3%82%BA+%E6%B0%B4%E7%9D%80%2Caps%2C325&sr=8-28&ufe=app_do%3Aamzn1.fos.35785624-70c4-44ae-a5c3-3f044f475d63,https://m.media-amazon.com/images/I/61bFhpFLOzL._AC_UL320_.jpg,"【選手着用モデル】-トレーニング用-【TOUGHSUIT】-スイミング-AS5FWM04M 【選手着用モデル】-トレーニング用-【TOUGHSUIT】-スイミング-AS5FWM04M 【選手着用モデル】-トレーニング用-【TOUGHSUIT】-スイミング-AS5FWM04M 【選手着用モデル】-トレーニング用-【TOUGHSUIT】-スイミング-AS5FWM04M 【選手着用モデル】-トレーニング用-【TOUGHSUIT】-スイミング-AS5FWM04M ARENA 【選手着用モデル】-トレーニング用-【TOUGHSUIT】-スイミング-AS5FWM04M [アリーナ] 【選手着用モデル】 競泳水着 トレーニング用 メンズ 【TOUGHSUIT】 水泳 スイミング team チーム 練習用 AS5FWM04M javascript:void(0) 5つ星のうち4.8 ベストセラー4位 【選手着用モデル】-トレーニング用-【TOUGHSUIT】-スイミング-AS5FWM04M ￥5,616 ￥ 5,616 56ポイント(1%)","B0F79716KT,B0F796MC57,B0F79S84JT,B0F79MP533,B0F7B1GNXN",
swimmingattireothers_20260721.csv,29,swimmingattireothers,SAFE,B0G436PK63,(アリーナ) 競泳水着 トレーニング用 メンズ 【TOUGHSUIT】 水泳 スイミング 耐久性 練習用 トレーニング向け ショートレッグ AS6SWM44M,,6100,category_allow,競泳水着,カテゴリ許可ワード一致(contains),https://www.amazon.co.jp/%E3%83%88%E3%83%AC%E3%83%BC%E3%83%8B%E3%83%B3%E3%82%B0%E7%94%A8-%E3%80%90TOUGHSUIT%E3%80%91-%E3%83%88%E3%83%AC%E3%83%BC%E3%83%8B%E3%83%B3%E3%82%B0%E5%90%91%E3%81%91-%E3%82%B7%E3%83%A7%E3%83%BC%E3%83%88%E3%83%AC%E3%83%83%E3%82%B0-AS6SWM44M/dp/B0G436PK63/ref=sr_1_29?__mk_ja_JP=%E3%82%AB%E3%82%BF%E3%82%AB%E3%83%8A&crid=1VZWPQ7PCEW9L&dd=1G8INUDRiTN5hha909GVNQ%2C%2C&dib=eyJ2IjoiMSJ9.NycoCc-YDg8gxggeAMiH4BM280_cbAvnWRX9yhRQEaqfhg-KWP8-vkzEBa__L3PwQgSe6hG7LoIqcMzX6xX4W5_-N5bQOq3-PB2-SQEqAFFMH9UEaLkVxz_GmJIlkmsTo5bmHYX6wttkoFt2IOKJ72f8XfczW6-_kgC8LFtqztAZouRZg3pAG0U544_KD0j70tjuj9dSwdlL6lCdV8FDhU_Of6SMStGnf0YrUA-lqQDORN01pL0OliC7ELHmo3z5R5oWT0QQZt1TZ2l3yR2sr7-atgnrVn-bVIUqb3XEJlo.K1AxcTwl7DeRkL3M0qwpeHNNfdSK5XILXnNRPsqxSk8&dib_tag=se&keywords=%E3%82%A2%E3%83%AA%E3%83%BC%E3%83%8A+%E3%83%A1%E3%83%B3%E3%82%BA+%E6%B0%B4%E7%9D%80&qid=1784617326&refinements=p_90%3A3428068051%2Cp_n_g-101015233022111%3A24821512051&rnid=24821510051&sprefix=%E3%82%A2%E3%83%AA%E3%83%BC%E3%83%8A+%E3%83%A1%E3%83%B3%E3%82%BA+%E6%B0%B4%E7%9D%80%2Caps%2C325&sr=8-29&ufe=app_do%3Aamzn1.fos.35785624-70c4-44ae-a5c3-3f044f475d63,https://m.media-amazon.com/images/I/513gUBJd5lL._AC_UL320_.jpg,"トレーニング用-【TOUGHSUIT】-トレーニング向け-ショートレッグ-AS6SWM44M トレーニング用-【TOUGHSUIT】-トレーニング向け-ショートレッグ-AS6SWM44M トレーニング用-【TOUGHSUIT】-トレーニング向け-ショートレッグ-AS6SWM44M トレーニング用-【TOUGHSUIT】-トレーニング向け-ショートレッグ-AS6SWM44M トレーニング用-【TOUGHSUIT】-トレーニング向け-ショートレッグ-AS6SWM44M ARENA トレーニング用-【TOUGHSUIT】-トレーニング向け-ショートレッグ-AS6SWM44M (アリーナ) 競泳水着 トレーニング用 メンズ 【TOUGHSUIT】 水泳 スイミング 耐久性 練習用 トレーニング向け ショートレッグ AS6SWM44M javascript:void(0) 5つ星のうち5.0 61ポイント(1%) ￥6,100 ￥ 6,100","B0G436PK63,B0G433J4B2,B0G431B4QZ,B0G435L3L1",
swimmingattireothers_20260721.csv,31,swimmingattireothers,SAFE,B0GXJBGNQ6,(アリーナ) 競泳水着 トレーニング用 メンズ 【TOUGHSUIT】 水泳 スイミング トレーニング向け 練習用 耐久性 AS6FWM30M,,5918,category_allow,競泳水着,カテゴリ許可ワード一致(contains),https://www.amazon.co.jp/arena-%E3%83%88%E3%83%AC%E3%83%BC%E3%83%8B%E3%83%B3%E3%82%B0%E7%94%A8-%E3%80%90TOUGHSUIT%E3%80%91-%E3%83%88%E3%83%AC%E3%83%BC%E3%83%8B%E3%83%B3%E3%82%B0%E5%90%91%E3%81%91-AS6FWM30M/dp/B0GXJBGNQ6/ref=sr_1_31?__mk_ja_JP=%E3%82%AB%E3%82%BF%E3%82%AB%E3%83%8A&crid=1VZWPQ7PCEW9L&dd=1G8INUDRiTN5hha909GVNQ%2C%2C&dib=eyJ2IjoiMSJ9.NycoCc-YDg8gxggeAMiH4BM280_cbAvnWRX9yhRQEaqfhg-KWP8-vkzEBa__L3PwQgSe6hG7LoIqcMzX6xX4W5_-N5bQOq3-PB2-SQEqAFFMH9UEaLkVxz_GmJIlkmsTo5bmHYX6wttkoFt2IOKJ72f8XfczW6-_kgC8LFtqztAZouRZg3pAG0U544_KD0j70tjuj9dSwdlL6lCdV8FDhU_Of6SMStGnf0YrUA-lqQDORN01pL0OliC7ELHmo3z5R5oWT0QQZt1TZ2l3yR2sr7-atgnrVn-bVIUqb3XEJlo.K1AxcTwl7DeRkL3M0qwpeHNNfdSK5XILXnNRPsqxSk8&dib_tag=se&keywords=%E3%82%A2%E3%83%AA%E3%83%BC%E3%83%8A+%E3%83%A1%E3%83%B3%E3%82%BA+%E6%B0%B4%E7%9D%80&qid=1784617326&refinements=p_90%3A3428068051%2Cp_n_g-101015233022111%3A24821512051&rnid=24821510051&sprefix=%E3%82%A2%E3%83%AA%E3%83%BC%E3%83%8A+%E3%83%A1%E3%83%B3%E3%82%BA+%E6%B0%B4%E7%9D%80%2Caps%2C325&sr=8-31&ufe=app_do%3Aamzn1.fos.35785624-70c4-44ae-a5c3-3f044f475d63,https://m.media-amazon.com/images/I/61n+jOaqjXL._AC_UL320_.jpg,"arena-トレーニング用-【TOUGHSUIT】-トレーニング向け-AS6FWM30M arena-トレーニング用-【TOUGHSUIT】-トレーニング向け-AS6FWM30M arena-トレーニング用-【TOUGHSUIT】-トレーニング向け-AS6FWM30M arena-トレーニング用-【TOUGHSUIT】-トレーニング向け-AS6FWM30M arena-トレーニング用-【TOUGHSUIT】-トレーニング向け-AS6FWM30M ARENA arena-トレーニング用-【TOUGHSUIT】-トレーニング向け-AS6FWM30M (アリーナ) 競泳水着 トレーニング用 メンズ 【TOUGHSUIT】 水泳 スイミング トレーニング向け 練習用 耐久性 AS6FWM30M 59ポイント(1%) ￥5,918 ￥ 5,918","B0GXJBGNQ6,B0GXJBSWP6,B0GXJQ6ZLT",
swimmingattireothers_20260721.csv,33,swimmingattireothers,SAFE,B0F8VHV8ZM,[アリーナ] 競泳水着 トレーニング用 メンズ 【TOUGHSUIT】 水泳 スイミング くんと仲間たち 練習用 トレーニング向け ショートレッグタイプ AS5FWM01M,,5918,category_allow,競泳水着,カテゴリ許可ワード一致(contains),https://www.amazon.co.jp/%E3%83%88%E3%83%AC%E3%83%BC%E3%83%8B%E3%83%B3%E3%82%B0%E7%94%A8-%E3%80%90TOUGHSUIT%E3%80%91-%E3%83%88%E3%83%AC%E3%83%BC%E3%83%8B%E3%83%B3%E3%82%B0%E5%90%91%E3%81%91-%E3%82%B7%E3%83%A7%E3%83%BC%E3%83%88%E3%83%AC%E3%83%83%E3%82%B0%E3%82%BF%E3%82%A4%E3%83%97-AS5FWM01M/dp/B0F8VHV8ZM/ref=sr_1_33?__mk_ja_JP=%E3%82%AB%E3%82%BF%E3%82%AB%E3%83%8A&crid=1VZWPQ7PCEW9L&dd=1G8INUDRiTN5hha909GVNQ%2C%2C&dib=eyJ2IjoiMSJ9.NycoCc-YDg8gxggeAMiH4BM280_cbAvnWRX9yhRQEaqfhg-KWP8-vkzEBa__L3PwQgSe6hG7LoIqcMzX6xX4W5_-N5bQOq3-PB2-SQEqAFFMH9UEaLkVxz_GmJIlkmsTo5bmHYX6wttkoFt2IOKJ72f8XfczW6-_kgC8LFtqztAZouRZg3pAG0U544_KD0j70tjuj9dSwdlL6lCdV8FDhU_Of6SMStGnf0YrUA-lqQDORN01pL0OliC7ELHmo3z5R5oWT0QQZt1TZ2l3yR2sr7-atgnrVn-bVIUqb3XEJlo.K1AxcTwl7DeRkL3M0qwpeHNNfdSK5XILXnNRPsqxSk8&dib_tag=se&keywords=%E3%82%A2%E3%83%AA%E3%83%BC%E3%83%8A+%E3%83%A1%E3%83%B3%E3%82%BA+%E6%B0%B4%E7%9D%80&qid=1784617326&refinements=p_90%3A3428068051%2Cp_n_g-101015233022111%3A24821512051&rnid=24821510051&sprefix=%E3%82%A2%E3%83%AA%E3%83%BC%E3%83%8A+%E3%83%A1%E3%83%B3%E3%82%BA+%E6%B0%B4%E7%9D%80%2Caps%2C325&sr=8-33&ufe=app_do%3Aamzn1.fos.35785624-70c4-44ae-a5c3-3f044f475d63,https://m.media-amazon.com/images/I/51zazj9-x4L._AC_UL320_.jpg,"トレーニング用-【TOUGHSUIT】-トレーニング向け-ショートレッグタイプ-AS5FWM01M トレーニング用-【TOUGHSUIT】-トレーニング向け-ショートレッグタイプ-AS5FWM01M トレーニング用-【TOUGHSUIT】-トレーニング向け-ショートレッグタイプ-AS5FWM01M トレーニング用-【TOUGHSUIT】-トレーニング向け-ショートレッグタイプ-AS5FWM01M トレーニング用-【TOUGHSUIT】-トレーニング向け-ショートレッグタイプ-AS5FWM01M ARENA トレーニング用-【TOUGHSUIT】-トレーニング向け-ショートレッグタイプ-AS5FWM01M [アリーナ] 競泳水着 トレーニング用 メンズ 【TOUGHSUIT】 水泳 スイミング くんと仲間たち 練習用 トレーニング向け ショートレッグタイプ AS5FWM01M javascript:void(0) 5つ星のうち5.0 59ポイント(1%) ￥5,918 ￥ 5,918","B0F8VHV8ZM,B0F8VDVQTK,B0F8VH6S6H,B0F8VJFDWY",
swimmingattireothers_20260721.csv,34,swimmingattireothers,SAFE,B0G432DKXT,(アリーナ) 競泳水着 トレーニング用 メンズ 【TOUGHSUIT】 水泳 スイミング 耐久性 練習用 トレーニング向け ショートレッグ AS6SWM35M,,5325,category_allow,競泳水着,カテゴリ許可ワード一致(contains),https://www.amazon.co.jp/%E3%83%88%E3%83%AC%E3%83%BC%E3%83%8B%E3%83%B3%E3%82%B0%E7%94%A8-%E3%80%90TOUGHSUIT%E3%80%91-%E3%83%88%E3%83%AC%E3%83%BC%E3%83%8B%E3%83%B3%E3%82%B0%E5%90%91%E3%81%91-%E3%82%B7%E3%83%A7%E3%83%BC%E3%83%88%E3%83%AC%E3%83%83%E3%82%B0-AS6SWM35M/dp/B0G432DKXT/ref=sr_1_34?__mk_ja_JP=%E3%82%AB%E3%82%BF%E3%82%AB%E3%83%8A&crid=1VZWPQ7PCEW9L&dd=1G8INUDRiTN5hha909GVNQ%2C%2C&dib=eyJ2IjoiMSJ9.NycoCc-YDg8gxggeAMiH4BM280_cbAvnWRX9yhRQEaqfhg-KWP8-vkzEBa__L3PwQgSe6hG7LoIqcMzX6xX4W5_-N5bQOq3-PB2-SQEqAFFMH9UEaLkVxz_GmJIlkmsTo5bmHYX6wttkoFt2IOKJ72f8XfczW6-_kgC8LFtqztAZouRZg3pAG0U544_KD0j70tjuj9dSwdlL6lCdV8FDhU_Of6SMStGnf0YrUA-lqQDORN01pL0OliC7ELHmo3z5R5oWT0QQZt1TZ2l3yR2sr7-atgnrVn-bVIUqb3XEJlo.K1AxcTwl7DeRkL3M0qwpeHNNfdSK5XILXnNRPsqxSk8&dib_tag=se&keywords=%E3%82%A2%E3%83%AA%E3%83%BC%E3%83%8A+%E3%83%A1%E3%83%B3%E3%82%BA+%E6%B0%B4%E7%9D%80&qid=1784617326&refinements=p_90%3A3428068051%2Cp_n_g-101015233022111%3A24821512051&rnid=24821510051&sprefix=%E3%82%A2%E3%83%AA%E3%83%BC%E3%83%8A+%E3%83%A1%E3%83%B3%E3%82%BA+%E6%B0%B4%E7%9D%80%2Caps%2C325&sr=8-34&ufe=app_do%3Aamzn1.fos.35785624-70c4-44ae-a5c3-3f044f475d63,https://m.media-amazon.com/images/I/61ompQ+P5qL._AC_UL320_.jpg,"トレーニング用-【TOUGHSUIT】-トレーニング向け-ショートレッグ-AS6SWM35M トレーニング用-【TOUGHSUIT】-トレーニング向け-ショートレッグ-AS6SWM35M トレーニング用-【TOUGHSUIT】-トレーニング向け-ショートレッグ-AS6SWM35M トレーニング用-【TOUGHSUIT】-トレーニング向け-ショートレッグ-AS6SWM35M トレーニング用-【TOUGHSUIT】-トレーニング向け-ショートレッグ-AS6SWM35M ARENA トレーニング用-【TOUGHSUIT】-トレーニング向け-ショートレッグ-AS6SWM35M (アリーナ) 競泳水着 トレーニング用 メンズ 【TOUGHSUIT】 水泳 スイミング 耐久性 練習用 トレーニング向け ショートレッグ AS6SWM35M 53ポイント(1%) ￥5,325 ￥ 5,325","B0G432DKXT,B0G42XTRWH,B0G435LVXT,B0G43717JS",
swimmingattireothers_20260721.csv,35,swimmingattireothers,SAFE,B0GXJSBBVQ,アリーナ 競泳水着 トレーニング用 メンズ 【TOUGHSUIT】 水泳 スイミング トレーニング向け 練習用 アリーナくん 耐久性 AS6FWM32M,,5904,category_allow,競泳水着,カテゴリ許可ワード一致(contains),https://www.amazon.co.jp/%E3%83%88%E3%83%AC%E3%83%BC%E3%83%8B%E3%83%B3%E3%82%B0%E7%94%A8-%E3%80%90TOUGHSUIT%E3%80%91-%E3%83%88%E3%83%AC%E3%83%BC%E3%83%8B%E3%83%B3%E3%82%B0%E5%90%91%E3%81%91-%E3%82%A2%E3%83%AA%E3%83%BC%E3%83%8A%E3%81%8F%E3%82%93-AS6FWM32M/dp/B0GXJSBBVQ/ref=sr_1_35?__mk_ja_JP=%E3%82%AB%E3%82%BF%E3%82%AB%E3%83%8A&crid=1VZWPQ7PCEW9L&dd=1G8INUDRiTN5hha909GVNQ%2C%2C&dib=eyJ2IjoiMSJ9.NycoCc-YDg8gxggeAMiH4BM280_cbAvnWRX9yhRQEaqfhg-KWP8-vkzEBa__L3PwQgSe6hG7LoIqcMzX6xX4W5_-N5bQOq3-PB2-SQEqAFFMH9UEaLkVxz_GmJIlkmsTo5bmHYX6wttkoFt2IOKJ72f8XfczW6-_kgC8LFtqztAZouRZg3pAG0U544_KD0j70tjuj9dSwdlL6lCdV8FDhU_Of6SMStGnf0YrUA-lqQDORN01pL0OliC7ELHmo3z5R5oWT0QQZt1TZ2l3yR2sr7-atgnrVn-bVIUqb3XEJlo.K1AxcTwl7DeRkL3M0qwpeHNNfdSK5XILXnNRPsqxSk8&dib_tag=se&keywords=%E3%82%A2%E3%83%AA%E3%83%BC%E3%83%8A+%E3%83%A1%E3%83%B3%E3%82%BA+%E6%B0%B4%E7%9D%80&qid=1784617326&refinements=p_90%3A3428068051%2Cp_n_g-101015233022111%3A24821512051&rnid=24821510051&sprefix=%E3%82%A2%E3%83%AA%E3%83%BC%E3%83%8A+%E3%83%A1%E3%83%B3%E3%82%BA+%E6%B0%B4%E7%9D%80%2Caps%2C325&sr=8-35&ufe=app_do%3Aamzn1.fos.35785624-70c4-44ae-a5c3-3f044f475d63,https://m.media-amazon.com/images/I/61yL01bEiQL._AC_UL320_.jpg,"トレーニング用-【TOUGHSUIT】-トレーニング向け-アリーナくん-AS6FWM32M トレーニング用-【TOUGHSUIT】-トレーニング向け-アリーナくん-AS6FWM32M トレーニング用-【TOUGHSUIT】-トレーニング向け-アリーナくん-AS6FWM32M トレーニング用-【TOUGHSUIT】-トレーニング向け-アリーナくん-AS6FWM32M ARENA アリーナ 競泳水着 トレーニング用 メンズ 【TOUGHSUIT】 水泳 スイミング トレーニング向け 練習用 アリーナくん 耐久性 AS6FWM32M 59ポイント(1%) ￥5,904 ￥ 5,904",B0GXJSBBVQ,
swimmingattireothers_20260721.csv,36,swimmingattireothers,SAFE,B0G42M9FX3,【WA承認】arena(アリーナ) 競泳水着 レース用 メンズ 【AQUA ADVANCED】 水泳 スイミング 中級者向け ニット素材 AS6SRC23M,,6780,category_allow,競泳水着,カテゴリ許可ワード一致(contains),https://www.amazon.co.jp/%E3%80%90WA%E6%89%BF%E8%AA%8D%E3%80%91arena-%E3%80%90AQUA-ADVANCED%E3%80%91-XO%E3%82%B5%E3%82%A4%E3%82%BA-AS6SRC23M/dp/B0G42M9FX3/ref=sr_1_36?__mk_ja_JP=%E3%82%AB%E3%82%BF%E3%82%AB%E3%83%8A&crid=1VZWPQ7PCEW9L&dd=1G8INUDRiTN5hha909GVNQ%2C%2C&dib=eyJ2IjoiMSJ9.NycoCc-YDg8gxggeAMiH4BM280_cbAvnWRX9yhRQEaqfhg-KWP8-vkzEBa__L3PwQgSe6hG7LoIqcMzX6xX4W5_-N5bQOq3-PB2-SQEqAFFMH9UEaLkVxz_GmJIlkmsTo5bmHYX6wttkoFt2IOKJ72f8XfczW6-_kgC8LFtqztAZouRZg3pAG0U544_KD0j70tjuj9dSwdlL6lCdV8FDhU_Of6SMStGnf0YrUA-lqQDORN01pL0OliC7ELHmo3z5R5oWT0QQZt1TZ2l3yR2sr7-atgnrVn-bVIUqb3XEJlo.K1AxcTwl7DeRkL3M0qwpeHNNfdSK5XILXnNRPsqxSk8&dib_tag=se&keywords=%E3%82%A2%E3%83%AA%E3%83%BC%E3%83%8A+%E3%83%A1%E3%83%B3%E3%82%BA+%E6%B0%B4%E7%9D%80&qid=1784617326&refinements=p_90%3A3428068051%2Cp_n_g-101015233022111%3A24821512051&rnid=24821510051&sprefix=%E3%82%A2%E3%83%AA%E3%83%BC%E3%83%8A+%E3%83%A1%E3%83%B3%E3%82%BA+%E6%B0%B4%E7%9D%80%2Caps%2C325&sr=8-36&ufe=app_do%3Aamzn1.fos.35785624-70c4-44ae-a5c3-3f044f475d63,https://m.media-amazon.com/images/I/513T41DgjxL._AC_UL320_.jpg,"【WA承認】arena-【AQUA-ADVANCED】-XOサイズ-AS6SRC23M 【WA承認】arena-【AQUA-ADVANCED】-XOサイズ-AS6SRC23M 【WA承認】arena-【AQUA-ADVANCED】-XOサイズ-AS6SRC23M 【WA承認】arena-【AQUA-ADVANCED】-XOサイズ-AS6SRC23M 【WA承認】arena-【AQUA-ADVANCED】-XOサイズ-AS6SRC23M ARENA 【WA承認】arena-【AQUA-ADVANCED】-XOサイズ-AS6SRC23M 【WA承認】arena(アリーナ) 競泳水着 レース用 メンズ 【AQUA ADVANCED】 水泳 スイミング 中級者向け ニット素材 AS6SRC23M javascript:void(0) 5つ星のうち4.6 68ポイント(1%) 【WA承認】arena-【AQUA-ADVANCED】-XOサイズ-AS6SRC23M ￥6,780 ￥ 6,780","B0G42M9FX3,B0G42LQ31Z,B0G42RJY3K,B0G42XBBMT,B0G42L25NN",
swimmingattireothers_20260721.csv,37,swimmingattireothers,SAFE,B0G432PPJY,(アリーナ) 競泳水着 トレーニング用 メンズ 【TOUGHSUIT】 水泳 スイミング 耐久性 練習用 トレーニング向け ショートレッグ AS6SWM29M,,5689,category_allow,競泳水着,カテゴリ許可ワード一致(contains),https://www.amazon.co.jp/%E3%83%88%E3%83%AC%E3%83%BC%E3%83%8B%E3%83%B3%E3%82%B0%E7%94%A8-%E3%80%90TOUGHSUIT%E3%80%91-%E3%83%88%E3%83%AC%E3%83%BC%E3%83%8B%E3%83%B3%E3%82%B0%E5%90%91%E3%81%91-%E3%82%B7%E3%83%A7%E3%83%BC%E3%83%88%E3%83%AC%E3%83%83%E3%82%B0-AS6SWM29M/dp/B0G432PPJY/ref=sr_1_37?__mk_ja_JP=%E3%82%AB%E3%82%BF%E3%82%AB%E3%83%8A&crid=1VZWPQ7PCEW9L&dd=1G8INUDRiTN5hha909GVNQ%2C%2C&dib=eyJ2IjoiMSJ9.NycoCc-YDg8gxggeAMiH4BM280_cbAvnWRX9yhRQEaqfhg-KWP8-vkzEBa__L3PwQgSe6hG7LoIqcMzX6xX4W5_-N5bQOq3-PB2-SQEqAFFMH9UEaLkVxz_GmJIlkmsTo5bmHYX6wttkoFt2IOKJ72f8XfczW6-_kgC8LFtqztAZouRZg3pAG0U544_KD0j70tjuj9dSwdlL6lCdV8FDhU_Of6SMStGnf0YrUA-lqQDORN01pL0OliC7ELHmo3z5R5oWT0QQZt1TZ2l3yR2sr7-atgnrVn-bVIUqb3XEJlo.K1AxcTwl7DeRkL3M0qwpeHNNfdSK5XILXnNRPsqxSk8&dib_tag=se&keywords=%E3%82%A2%E3%83%AA%E3%83%BC%E3%83%8A+%E3%83%A1%E3%83%B3%E3%82%BA+%E6%B0%B4%E7%9D%80&qid=1784617326&refinements=p_90%3A3428068051%2Cp_n_g-101015233022111%3A24821512051&rnid=24821510051&sprefix=%E3%82%A2%E3%83%AA%E3%83%BC%E3%83%8A+%E3%83%A1%E3%83%B3%E3%82%BA+%E6%B0%B4%E7%9D%80%2Caps%2C325&sr=8-37&ufe=app_do%3Aamzn1.fos.35785624-70c4-44ae-a5c3-3f044f475d63,https://m.media-amazon.com/images/I/61As39VS1LL._AC_UL320_.jpg,"トレーニング用-【TOUGHSUIT】-トレーニング向け-ショートレッグ-AS6SWM29M トレーニング用-【TOUGHSUIT】-トレーニング向け-ショートレッグ-AS6SWM29M トレーニング用-【TOUGHSUIT】-トレーニング向け-ショートレッグ-AS6SWM29M トレーニング用-【TOUGHSUIT】-トレーニング向け-ショートレッグ-AS6SWM29M トレーニング用-【TOUGHSUIT】-トレーニング向け-ショートレッグ-AS6SWM29M ARENA トレーニング用-【TOUGHSUIT】-トレーニング向け-ショートレッグ-AS6SWM29M (アリーナ) 競泳水着 トレーニング用 メンズ 【TOUGHSUIT】 水泳 スイミング 耐久性 練習用 トレーニング向け ショートレッグ AS6SWM29M javascript:void(0) 5つ星のうち5.0 57ポイント(1%) ￥5,689 ￥ 5,689","B0G432PPJY,B0G435HN7W,B0G432FSFK,B0G433742B",
swimmingattireothers_20260721.csv,39,swimmingattireothers,SAFE,B0DNMKPHFZ,[アリーナ] フィットネス水着 メンズ 【動けるフィットインナー】 インナー付き フィットネス向け AS5SWF63M / LAR-4303,,4998,category_allow,フィットネス水着,カテゴリ許可ワード一致(contains),https://www.amazon.co.jp/%E3%83%95%E3%82%A3%E3%83%83%E3%83%88%E3%83%8D%E3%82%B9%E6%B0%B4%E7%9D%80-%E3%80%90%E5%8B%95%E3%81%91%E3%82%8B%E3%83%95%E3%82%A3%E3%83%83%E3%83%88%E3%82%A4%E3%83%B3%E3%83%8A%E3%83%BC%E3%80%91-%E3%82%A4%E3%83%B3%E3%83%8A%E3%83%BC%E4%BB%98%E3%81%8D-%E3%83%95%E3%82%A3%E3%83%83%E3%83%88%E3%83%8D%E3%82%B9%E5%90%91%E3%81%91-AS5SWF63M/dp/B0DNMKPHFZ/ref=sr_1_39?__mk_ja_JP=%E3%82%AB%E3%82%BF%E3%82%AB%E3%83%8A&crid=1VZWPQ7PCEW9L&dd=1G8INUDRiTN5hha909GVNQ%2C%2C&dib=eyJ2IjoiMSJ9.NycoCc-YDg8gxggeAMiH4BM280_cbAvnWRX9yhRQEaqfhg-KWP8-vkzEBa__L3PwQgSe6hG7LoIqcMzX6xX4W5_-N5bQOq3-PB2-SQEqAFFMH9UEaLkVxz_GmJIlkmsTo5bmHYX6wttkoFt2IOKJ72f8XfczW6-_kgC8LFtqztAZouRZg3pAG0U544_KD0j70tjuj9dSwdlL6lCdV8FDhU_Of6SMStGnf0YrUA-lqQDORN01pL0OliC7ELHmo3z5R5oWT0QQZt1TZ2l3yR2sr7-atgnrVn-bVIUqb3XEJlo.K1AxcTwl7DeRkL3M0qwpeHNNfdSK5XILXnNRPsqxSk8&dib_tag=se&keywords=%E3%82%A2%E3%83%AA%E3%83%BC%E3%83%8A+%E3%83%A1%E3%83%B3%E3%82%BA+%E6%B0%B4%E7%9D%80&qid=1784617326&refinements=p_90%3A3428068051%2Cp_n_g-101015233022111%3A24821512051&rnid=24821510051&sprefix=%E3%82%A2%E3%83%AA%E3%83%BC%E3%83%8A+%E3%83%A1%E3%83%B3%E3%82%BA+%E6%B0%B4%E7%9D%80%2Caps%2C325&sr=8-39&ufe=app_do%3Aamzn1.fos.35785624-70c4-44ae-a5c3-3f044f475d63,https://m.media-amazon.com/images/I/51j8IEKhm3L._AC_UL320_.jpg,"フィットネス水着-【動けるフィットインナー】-インナー付き-フィットネス向け-AS5SWF63M フィットネス水着-【動けるフィットインナー】-インナー付き-フィットネス向け-AS5SWF63M フィットネス水着-【動けるフィットインナー】-インナー付き-フィットネス向け-AS5SWF63M フィットネス水着-【動けるフィットインナー】-インナー付き-フィットネス向け-AS5SWF63M フィットネス水着-【動けるフィットインナー】-インナー付き-フィットネス向け-AS5SWF63M ARENA フィットネス水着-【動けるフィットインナー】-インナー付き-フィットネス向け-AS5SWF63M [アリーナ] フィットネス水着 メンズ 【動けるフィットインナー】 インナー付き フィットネス向け AS5SWF63M / LAR-4303 javascript:void(0) 5つ星のうち3.5 参考: フィットネス水着-【動けるフィットインナー】-インナー付き-フィットネス向け-AS5SWF63M ￥4,998 ￥ 4,998 参考: ￥5,940 ￥5,940 ￥5,940","B0DNMKPHFZ,B0DNMJ67JL,B0CN8ZBCGD,B0CN8ZGJRQ,B0DNMKM8FM",
swimmingattireothers_20260721.csv,40,swimmingattireothers,SAFE,B0GXJGVZD6,(アリーナ) 競泳水着 トレーニング用 メンズ 【TOUGHSUIT】 水泳 スイミング トレーニング向け 練習用 耐久性 AS6FWM37M,,5816,category_allow,競泳水着,カテゴリ許可ワード一致(contains),https://www.amazon.co.jp/arena-%E3%83%88%E3%83%AC%E3%83%BC%E3%83%8B%E3%83%B3%E3%82%B0%E7%94%A8-%E3%80%90TOUGHSUIT%E3%80%91-%E3%83%88%E3%83%AC%E3%83%BC%E3%83%8B%E3%83%B3%E3%82%B0%E5%90%91%E3%81%91-AS6FWM37M/dp/B0GXJGVZD6/ref=sr_1_40?__mk_ja_JP=%E3%82%AB%E3%82%BF%E3%82%AB%E3%83%8A&crid=1VZWPQ7PCEW9L&dd=1G8INUDRiTN5hha909GVNQ%2C%2C&dib=eyJ2IjoiMSJ9.NycoCc-YDg8gxggeAMiH4BM280_cbAvnWRX9yhRQEaqfhg-KWP8-vkzEBa__L3PwQgSe6hG7LoIqcMzX6xX4W5_-N5bQOq3-PB2-SQEqAFFMH9UEaLkVxz_GmJIlkmsTo5bmHYX6wttkoFt2IOKJ72f8XfczW6-_kgC8LFtqztAZouRZg3pAG0U544_KD0j70tjuj9dSwdlL6lCdV8FDhU_Of6SMStGnf0YrUA-lqQDORN01pL0OliC7ELHmo3z5R5oWT0QQZt1TZ2l3yR2sr7-atgnrVn-bVIUqb3XEJlo.K1AxcTwl7DeRkL3M0qwpeHNNfdSK5XILXnNRPsqxSk8&dib_tag=se&keywords=%E3%82%A2%E3%83%AA%E3%83%BC%E3%83%8A+%E3%83%A1%E3%83%B3%E3%82%BA+%E6%B0%B4%E7%9D%80&qid=1784617326&refinements=p_90%3A3428068051%2Cp_n_g-101015233022111%3A24821512051&rnid=24821510051&sprefix=%E3%82%A2%E3%83%AA%E3%83%BC%E3%83%8A+%E3%83%A1%E3%83%B3%E3%82%BA+%E6%B0%B4%E7%9D%80%2Caps%2C325&sr=8-40&ufe=app_do%3Aamzn1.fos.35785624-70c4-44ae-a5c3-3f044f475d63,https://m.media-amazon.com/images/I/61viVqZb3mL._AC_UL320_.jpg,"arena-トレーニング用-【TOUGHSUIT】-トレーニング向け-AS6FWM37M arena-トレーニング用-【TOUGHSUIT】-トレーニング向け-AS6FWM37M arena-トレーニング用-【TOUGHSUIT】-トレーニング向け-AS6FWM37M arena-トレーニング用-【TOUGHSUIT】-トレーニング向け-AS6FWM37M arena-トレーニング用-【TOUGHSUIT】-トレーニング向け-AS6FWM37M ARENA arena-トレーニング用-【TOUGHSUIT】-トレーニング向け-AS6FWM37M (アリーナ) 競泳水着 トレーニング用 メンズ 【TOUGHSUIT】 水泳 スイミング トレーニング向け 練習用 耐久性 AS6FWM37M 58ポイント(1%) ￥5,816 ￥ 5,816","B0GXJGVZD6,B0GXJH7X3W,B0GXJM9DPZ",
swimmingattireothers_20260721.csv,41,swimmingattireothers,SAFE,B0GXJD9M26,(アリーナ) 競泳水着 トレーニング用 メンズ 水泳 スイミング トレーニング向け 練習用 AS6FWM44M,,5257,category_allow,競泳水着,カテゴリ許可ワード一致(contains),https://www.amazon.co.jp/arena-%E3%83%88%E3%83%AC%E3%83%BC%E3%83%8B%E3%83%B3%E3%82%B0%E7%94%A8-SS%E3%82%B5%E3%82%A4%E3%82%BA-%E3%83%88%E3%83%AC%E3%83%BC%E3%83%8B%E3%83%B3%E3%82%B0%E5%90%91%E3%81%91-AS6FWM44M/dp/B0GXJD9M26/ref=sr_1_41?__mk_ja_JP=%E3%82%AB%E3%82%BF%E3%82%AB%E3%83%8A&crid=1VZWPQ7PCEW9L&dd=1G8INUDRiTN5hha909GVNQ%2C%2C&dib=eyJ2IjoiMSJ9.NycoCc-YDg8gxggeAMiH4BM280_cbAvnWRX9yhRQEaqfhg-KWP8-vkzEBa__L3PwQgSe6hG7LoIqcMzX6xX4W5_-N5bQOq3-PB2-SQEqAFFMH9UEaLkVxz_GmJIlkmsTo5bmHYX6wttkoFt2IOKJ72f8XfczW6-_kgC8LFtqztAZouRZg3pAG0U544_KD0j70tjuj9dSwdlL6lCdV8FDhU_Of6SMStGnf0YrUA-lqQDORN01pL0OliC7ELHmo3z5R5oWT0QQZt1TZ2l3yR2sr7-atgnrVn-bVIUqb3XEJlo.K1AxcTwl7DeRkL3M0qwpeHNNfdSK5XILXnNRPsqxSk8&dib_tag=se&keywords=%E3%82%A2%E3%83%AA%E3%83%BC%E3%83%8A+%E3%83%A1%E3%83%B3%E3%82%BA+%E6%B0%B4%E7%9D%80&qid=1784617326&refinements=p_90%3A3428068051%2Cp_n_g-101015233022111%3A24821512051&rnid=24821510051&sprefix=%E3%82%A2%E3%83%AA%E3%83%BC%E3%83%8A+%E3%83%A1%E3%83%B3%E3%82%BA+%E6%B0%B4%E7%9D%80%2Caps%2C325&sr=8-41&ufe=app_do%3Aamzn1.fos.35785624-70c4-44ae-a5c3-3f044f475d63,https://m.media-amazon.com/images/I/51APtM+K69L._AC_UL320_.jpg,"arena-トレーニング用-SSサイズ-トレーニング向け-AS6FWM44M arena-トレーニング用-SSサイズ-トレーニング向け-AS6FWM44M arena-トレーニング用-SSサイズ-トレーニング向け-AS6FWM44M arena-トレーニング用-SSサイズ-トレーニング向け-AS6FWM44M arena-トレーニング用-SSサイズ-トレーニング向け-AS6FWM44M ARENA arena-トレーニング用-SSサイズ-トレーニング向け-AS6FWM44M (アリーナ) 競泳水着 トレーニング用 メンズ 水泳 スイミング トレーニング向け 練習用 AS6FWM44M javascript:void(0) 5つ星のうち4.0 過去: ￥5,257 ￥ 5,257 過去: ￥5,656 30日間での最低価格 ￥5,656 ￥5,656","B0GXJD9M26,B0GXJGRKJY,B0GXJKKJW2,B0GXJB89F2",
swimmingattireothers_20260721.csv,42,swimmingattireothers,SAFE,B0G42R19ND,【WA承認】arena(アリーナ) 競泳水着 レース用 メンズ 【AQUA RACING】 水泳 スイミング ECO エコ 初級者向け はっ水 AS6SRC58M,,7322,category_allow,競泳水着,カテゴリ許可ワード一致(contains),https://www.amazon.co.jp/%E3%80%90WA%E6%89%BF%E8%AA%8D%E3%80%91arena-%E3%80%90AQUA-RACING%E3%80%91-%E3%82%B9%E3%82%A4%E3%83%9F%E3%83%B3%E3%82%B0-AS6SRC58M/dp/B0G42R19ND/ref=sr_1_42?__mk_ja_JP=%E3%82%AB%E3%82%BF%E3%82%AB%E3%83%8A&crid=1VZWPQ7PCEW9L&dd=1G8INUDRiTN5hha909GVNQ%2C%2C&dib=eyJ2IjoiMSJ9.NycoCc-YDg8gxggeAMiH4BM280_cbAvnWRX9yhRQEaqfhg-KWP8-vkzEBa__L3PwQgSe6hG7LoIqcMzX6xX4W5_-N5bQOq3-PB2-SQEqAFFMH9UEaLkVxz_GmJIlkmsTo5bmHYX6wttkoFt2IOKJ72f8XfczW6-_kgC8LFtqztAZouRZg3pAG0U544_KD0j70tjuj9dSwdlL6lCdV8FDhU_Of6SMStGnf0YrUA-lqQDORN01pL0OliC7ELHmo3z5R5oWT0QQZt1TZ2l3yR2sr7-atgnrVn-bVIUqb3XEJlo.K1AxcTwl7DeRkL3M0qwpeHNNfdSK5XILXnNRPsqxSk8&dib_tag=se&keywords=%E3%82%A2%E3%83%AA%E3%83%BC%E3%83%8A+%E3%83%A1%E3%83%B3%E3%82%BA+%E6%B0%B4%E7%9D%80&qid=1784617326&refinements=p_90%3A3428068051%2Cp_n_g-101015233022111%3A24821512051&rnid=24821510051&sprefix=%E3%82%A2%E3%83%AA%E3%83%BC%E3%83%8A+%E3%83%A1%E3%83%B3%E3%82%BA+%E6%B0%B4%E7%9D%80%2Caps%2C325&sr=8-42&ufe=app_do%3Aamzn1.fos.35785624-70c4-44ae-a5c3-3f044f475d63,https://m.media-amazon.com/images/I/51R0FB6P2eL._AC_UL320_.jpg,"【WA承認】arena-【AQUA-RACING】-スイミング-AS6SRC58M 【WA承認】arena-【AQUA-RACING】-スイミング-AS6SRC58M 【WA承認】arena-【AQUA-RACING】-スイミング-AS6SRC58M 【WA承認】arena-【AQUA-RACING】-スイミング-AS6SRC58M 【WA承認】arena-【AQUA-RACING】-スイミング-AS6SRC58M ARENA 【WA承認】arena-【AQUA-RACING】-スイミング-AS6SRC58M 【WA承認】arena(アリーナ) 競泳水着 レース用 メンズ 【AQUA RACING】 水泳 スイミング ECO エコ 初級者向け はっ水 AS6SRC58M javascript:void(0) 5つ星のうち4.0 73ポイント(1%) ￥7,322 ￥ 7,322","B0G42R19ND,B0G42W4GMS,B0G42SMK17,B0G42TT3F3",
swimmingattireothers_20260721.csv,43,swimmingattireothers,SAFE,B0F8VH7S4N,[アリーナ] 競泳水着 トレーニング用 メンズ 【TOUGHSUIT】 水泳 スイミング 練習用 トレーニング向け ショートレッグタイプ AS5FWM21M,,6271,category_allow,競泳水着,カテゴリ許可ワード一致(contains),https://www.amazon.co.jp/%E3%83%88%E3%83%AC%E3%83%BC%E3%83%8B%E3%83%B3%E3%82%B0%E7%94%A8-%E3%80%90TOUGHSUIT%E3%80%91-%E3%83%88%E3%83%AC%E3%83%BC%E3%83%8B%E3%83%B3%E3%82%B0%E5%90%91%E3%81%91-%E3%82%B7%E3%83%A7%E3%83%BC%E3%83%88%E3%83%AC%E3%83%83%E3%82%B0%E3%82%BF%E3%82%A4%E3%83%97-AS5FWM21M/dp/B0F8VH7S4N/ref=sr_1_43?__mk_ja_JP=%E3%82%AB%E3%82%BF%E3%82%AB%E3%83%8A&crid=1VZWPQ7PCEW9L&dd=1G8INUDRiTN5hha909GVNQ%2C%2C&dib=eyJ2IjoiMSJ9.NycoCc-YDg8gxggeAMiH4BM280_cbAvnWRX9yhRQEaqfhg-KWP8-vkzEBa__L3PwQgSe6hG7LoIqcMzX6xX4W5_-N5bQOq3-PB2-SQEqAFFMH9UEaLkVxz_GmJIlkmsTo5bmHYX6wttkoFt2IOKJ72f8XfczW6-_kgC8LFtqztAZouRZg3pAG0U544_KD0j70tjuj9dSwdlL6lCdV8FDhU_Of6SMStGnf0YrUA-lqQDORN01pL0OliC7ELHmo3z5R5oWT0QQZt1TZ2l3yR2sr7-atgnrVn-bVIUqb3XEJlo.K1AxcTwl7DeRkL3M0qwpeHNNfdSK5XILXnNRPsqxSk8&dib_tag=se&keywords=%E3%82%A2%E3%83%AA%E3%83%BC%E3%83%8A+%E3%83%A1%E3%83%B3%E3%82%BA+%E6%B0%B4%E7%9D%80&qid=1784617326&refinements=p_90%3A3428068051%2Cp_n_g-101015233022111%3A24821512051&rnid=24821510051&sprefix=%E3%82%A2%E3%83%AA%E3%83%BC%E3%83%8A+%E3%83%A1%E3%83%B3%E3%82%BA+%E6%B0%B4%E7%9D%80%2Caps%2C325&sr=8-43&ufe=app_do%3Aamzn1.fos.35785624-70c4-44ae-a5c3-3f044f475d63,https://m.media-amazon.com/images/I/61fPU3VaedL._AC_UL320_.jpg,"トレーニング用-【TOUGHSUIT】-トレーニング向け-ショートレッグタイプ-AS5FWM21M トレーニング用-【TOUGHSUIT】-トレーニング向け-ショートレッグタイプ-AS5FWM21M トレーニング用-【TOUGHSUIT】-トレーニング向け-ショートレッグタイプ-AS5FWM21M トレーニング用-【TOUGHSUIT】-トレーニング向け-ショートレッグタイプ-AS5FWM21M トレーニング用-【TOUGHSUIT】-トレーニング向け-ショートレッグタイプ-AS5FWM21M ARENA トレーニング用-【TOUGHSUIT】-トレーニング向け-ショートレッグタイプ-AS5FWM21M [アリーナ] 競泳水着 トレーニング用 メンズ 【TOUGHSUIT】 水泳 スイミング 練習用 トレーニング向け ショートレッグタイプ AS5FWM21M javascript:void(0) 5つ星のうち5.0 63ポイント(1%) ￥6,271 ￥ 6,271","B0F8VH7S4N,B0F8VHMTW7,B0F8VFT9K8",
swimmingattireothers_20260721.csv,44,swimmingattireothers,SAFE,B0DNJNFD6Z,【WA承認】Speedo(スピード) 【競泳水着】フレックスシグマニュージャマー1 メンズ スイムミングパンツ SC62505F,,6253,category_allow,競泳水着,カテゴリ許可ワード一致(contains),https://www.amazon.co.jp/%E3%82%B9%E3%83%94%E3%83%BC%E3%83%89-%E7%AB%B6%E6%B3%B3%E6%B0%B4%E7%9D%80-FLEX-Jammer-%E3%83%95%E3%83%AC%E3%83%83%E3%82%AF%E3%82%B9%E3%82%B7%E3%82%B0%E3%83%9E%E3%83%8B%E3%83%A5%E3%83%BC%E3%82%B8%E3%83%A3%E3%83%9E%E3%83%BC1/dp/B0DNJNFD6Z/ref=sr_1_44?__mk_ja_JP=%E3%82%AB%E3%82%BF%E3%82%AB%E3%83%8A&crid=1VZWPQ7PCEW9L&dd=1G8INUDRiTN5hha909GVNQ%2C%2C&dib=eyJ2IjoiMSJ9.NycoCc-YDg8gxggeAMiH4BM280_cbAvnWRX9yhRQEaqfhg-KWP8-vkzEBa__L3PwQgSe6hG7LoIqcMzX6xX4W5_-N5bQOq3-PB2-SQEqAFFMH9UEaLkVxz_GmJIlkmsTo5bmHYX6wttkoFt2IOKJ72f8XfczW6-_kgC8LFtqztAZouRZg3pAG0U544_KD0j70tjuj9dSwdlL6lCdV8FDhU_Of6SMStGnf0YrUA-lqQDORN01pL0OliC7ELHmo3z5R5oWT0QQZt1TZ2l3yR2sr7-atgnrVn-bVIUqb3XEJlo.K1AxcTwl7DeRkL3M0qwpeHNNfdSK5XILXnNRPsqxSk8&dib_tag=se&keywords=%E3%82%A2%E3%83%AA%E3%83%BC%E3%83%8A+%E3%83%A1%E3%83%B3%E3%82%BA+%E6%B0%B4%E7%9D%80&qid=1784617326&refinements=p_90%3A3428068051%2Cp_n_g-101015233022111%3A24821512051&rnid=24821510051&sprefix=%E3%82%A2%E3%83%AA%E3%83%BC%E3%83%8A+%E3%83%A1%E3%83%B3%E3%82%BA+%E6%B0%B4%E7%9D%80%2Caps%2C325&sr=8-44&ufe=app_do%3Aamzn1.fos.35785624-70c4-44ae-a5c3-3f044f475d63,https://m.media-amazon.com/images/I/612r4i7l3rL._AC_UL320_.jpg,"スピード-競泳水着-FLEX-Jammer-フレックスシグマニュージャマー1 スピード-競泳水着-FLEX-Jammer-フレックスシグマニュージャマー1 スピード-競泳水着-FLEX-Jammer-フレックスシグマニュージャマー1 スピード-競泳水着-FLEX-Jammer-フレックスシグマニュージャマー1 スピード-競泳水着-FLEX-Jammer-フレックスシグマニュージャマー1 Speedo(スピード) スピード-競泳水着-FLEX-Jammer-フレックスシグマニュージャマー1 【WA承認】Speedo(スピード) 【競泳水着】フレックスシグマニュージャマー1 メンズ スイムミングパンツ SC62505F javascript:void(0) 5つ星のうち4.7 参考: ￥6,253 ￥ 6,253 参考: ￥6,930 ￥6,930 ￥6,930","B0DNJNFD6Z,B0DNJNZJLQ,B0DNJNGC6J,B0DNJNWHQV",
swimmingattireothers_20260721.csv,46,swimmingattireothers,SAFE,B0CN8ZST9L,(アリーナ) トレーニング水着 メンズ 【TOUGHSUIT(タフスーツ)】 ショートレッグ シンプルデザイン SAR-4104 / SAR-4107,,5858,category_allow,トレーニング水着,カテゴリ許可ワード一致(contains),https://www.amazon.co.jp/%E3%82%A2%E3%83%AA%E3%83%BC%E3%83%8A-%E3%83%88%E3%83%AC%E3%83%BC%E3%83%8B%E3%83%B3%E3%82%B0%E7%94%A8-%E3%80%90TOUGHSUIT%E3%80%91-%E3%83%88%E3%83%AC%E3%83%BC%E3%83%8B%E3%83%B3%E3%82%B0%E5%90%91%E3%81%91-SAR-4107/dp/B0CN8ZST9L/ref=sr_1_46?__mk_ja_JP=%E3%82%AB%E3%82%BF%E3%82%AB%E3%83%8A&crid=1VZWPQ7PCEW9L&dd=1G8INUDRiTN5hha909GVNQ%2C%2C&dib=eyJ2IjoiMSJ9.NycoCc-YDg8gxggeAMiH4BM280_cbAvnWRX9yhRQEaqfhg-KWP8-vkzEBa__L3PwQgSe6hG7LoIqcMzX6xX4W5_-N5bQOq3-PB2-SQEqAFFMH9UEaLkVxz_GmJIlkmsTo5bmHYX6wttkoFt2IOKJ72f8XfczW6-_kgC8LFtqztAZouRZg3pAG0U544_KD0j70tjuj9dSwdlL6lCdV8FDhU_Of6SMStGnf0YrUA-lqQDORN01pL0OliC7ELHmo3z5R5oWT0QQZt1TZ2l3yR2sr7-atgnrVn-bVIUqb3XEJlo.K1AxcTwl7DeRkL3M0qwpeHNNfdSK5XILXnNRPsqxSk8&dib_tag=se&keywords=%E3%82%A2%E3%83%AA%E3%83%BC%E3%83%8A+%E3%83%A1%E3%83%B3%E3%82%BA+%E6%B0%B4%E7%9D%80&qid=1784617326&refinements=p_90%3A3428068051%2Cp_n_g-101015233022111%3A24821512051&rnid=24821510051&sprefix=%E3%82%A2%E3%83%AA%E3%83%BC%E3%83%8A+%E3%83%A1%E3%83%B3%E3%82%BA+%E6%B0%B4%E7%9D%80%2Caps%2C325&sr=8-46&ufe=app_do%3Aamzn1.fos.35785624-70c4-44ae-a5c3-3f044f475d63,https://m.media-amazon.com/images/I/51TBeFRrViL._AC_UL320_.jpg,"アリーナ-トレーニング用-【TOUGHSUIT】-トレーニング向け-SAR-4107 アリーナ-トレーニング用-【TOUGHSUIT】-トレーニング向け-SAR-4107 アリーナ-トレーニング用-【TOUGHSUIT】-トレーニング向け-SAR-4107 アリーナ-トレーニング用-【TOUGHSUIT】-トレーニング向け-SAR-4107 アリーナ-トレーニング用-【TOUGHSUIT】-トレーニング向け-SAR-4107 ARENA アリーナ-トレーニング用-【TOUGHSUIT】-トレーニング向け-SAR-4107 (アリーナ) トレーニング水着 メンズ 【TOUGHSUIT(タフスーツ)】 ショートレッグ シンプルデザイン SAR-4104 / SAR-4107 javascript:void(0) 5つ星のうち4.1 59ポイント(1%) アリーナ-トレーニング用-【TOUGHSUIT】-トレーニング向け-SAR-4107 ￥5,858 ￥ 5,858","B0CN8ZST9L,B0F8VL4QRW,B0F8VKCPC2,B0CN8ZXKCQ,B0CN8ZMT1X",
swimmingattireothers_20260721.csv,47,swimmingattireothers,SAFE,B0G432CQR1,(アリーナ) 競泳水着 トレーニング用 メンズ 【TOUGHSUIT】 水泳 スイミング 耐久性 練習用 トレーニング向け ショートレッグ AS6SWM17M,,5841,category_allow,競泳水着,カテゴリ許可ワード一致(contains),https://www.amazon.co.jp/%E3%83%88%E3%83%AC%E3%83%BC%E3%83%8B%E3%83%B3%E3%82%B0%E7%94%A8-%E3%80%90TOUGHSUIT%E3%80%91-%E3%83%88%E3%83%AC%E3%83%BC%E3%83%8B%E3%83%B3%E3%82%B0%E5%90%91%E3%81%91-%E3%82%B7%E3%83%A7%E3%83%BC%E3%83%88%E3%83%AC%E3%83%83%E3%82%B0-AS6SWM17M/dp/B0G432CQR1/ref=sr_1_47?__mk_ja_JP=%E3%82%AB%E3%82%BF%E3%82%AB%E3%83%8A&crid=1VZWPQ7PCEW9L&dd=1G8INUDRiTN5hha909GVNQ%2C%2C&dib=eyJ2IjoiMSJ9.NycoCc-YDg8gxggeAMiH4BM280_cbAvnWRX9yhRQEaqfhg-KWP8-vkzEBa__L3PwQgSe6hG7LoIqcMzX6xX4W5_-N5bQOq3-PB2-SQEqAFFMH9UEaLkVxz_GmJIlkmsTo5bmHYX6wttkoFt2IOKJ72f8XfczW6-_kgC8LFtqztAZouRZg3pAG0U544_KD0j70tjuj9dSwdlL6lCdV8FDhU_Of6SMStGnf0YrUA-lqQDORN01pL0OliC7ELHmo3z5R5oWT0QQZt1TZ2l3yR2sr7-atgnrVn-bVIUqb3XEJlo.K1AxcTwl7DeRkL3M0qwpeHNNfdSK5XILXnNRPsqxSk8&dib_tag=se&keywords=%E3%82%A2%E3%83%AA%E3%83%BC%E3%83%8A+%E3%83%A1%E3%83%B3%E3%82%BA+%E6%B0%B4%E7%9D%80&qid=1784617326&refinements=p_90%3A3428068051%2Cp_n_g-101015233022111%3A24821512051&rnid=24821510051&sprefix=%E3%82%A2%E3%83%AA%E3%83%BC%E3%83%8A+%E3%83%A1%E3%83%B3%E3%82%BA+%E6%B0%B4%E7%9D%80%2Caps%2C325&sr=8-47&ufe=app_do%3Aamzn1.fos.35785624-70c4-44ae-a5c3-3f044f475d63,https://m.media-amazon.com/images/I/61sOQXVJ7fL._AC_UL320_.jpg,"トレーニング用-【TOUGHSUIT】-トレーニング向け-ショートレッグ-AS6SWM17M トレーニング用-【TOUGHSUIT】-トレーニング向け-ショートレッグ-AS6SWM17M トレーニング用-【TOUGHSUIT】-トレーニング向け-ショートレッグ-AS6SWM17M トレーニング用-【TOUGHSUIT】-トレーニング向け-ショートレッグ-AS6SWM17M トレーニング用-【TOUGHSUIT】-トレーニング向け-ショートレッグ-AS6SWM17M ARENA トレーニング用-【TOUGHSUIT】-トレーニング向け-ショートレッグ-AS6SWM17M (アリーナ) 競泳水着 トレーニング用 メンズ 【TOUGHSUIT】 水泳 スイミング 耐久性 練習用 トレーニング向け ショートレッグ AS6SWM17M javascript:void(0) 5つ星のうち5.0 58ポイント(1%) ￥5,841 ￥ 5,841","B0G432CQR1,B0G4339GNQ,B0G435XJB4,B0G436LF33",
swimmingattireothers_20260721.csv,48,swimmingattireothers,SAFE,B00ZQUPFBS,【フィットネス用】メンズ メンズスパッツ インナー付き ぴったりタイプ(レギュラーサイズ・ビッグサイズ) スイムパンツ/スパッツ SD85S63・SD85S63E エクササイズ用水着初心者 UVカット機能 4分丈,,5830,category_allow,スイムパンツ,カテゴリ許可ワード一致(contains),https://www.amazon.co.jp/Speedo-%E3%82%B9%E3%83%94%E3%83%BC%E3%83%89-%E3%83%95%E3%82%A3%E3%83%83%E3%83%88%E3%83%8D%E3%82%B9%E6%B0%B4%E7%9D%80-SD85S63-%E3%83%96%E3%83%A9%E3%83%83%E3%82%AF%C3%97%E3%82%B7%E3%83%AB%E3%83%90%E3%83%BC/dp/B00ZQUPFBS/ref=sr_1_48?__mk_ja_JP=%E3%82%AB%E3%82%BF%E3%82%AB%E3%83%8A&crid=1VZWPQ7PCEW9L&dd=1G8INUDRiTN5hha909GVNQ%2C%2C&dib=eyJ2IjoiMSJ9.NycoCc-YDg8gxggeAMiH4BM280_cbAvnWRX9yhRQEaqfhg-KWP8-vkzEBa__L3PwQgSe6hG7LoIqcMzX6xX4W5_-N5bQOq3-PB2-SQEqAFFMH9UEaLkVxz_GmJIlkmsTo5bmHYX6wttkoFt2IOKJ72f8XfczW6-_kgC8LFtqztAZouRZg3pAG0U544_KD0j70tjuj9dSwdlL6lCdV8FDhU_Of6SMStGnf0YrUA-lqQDORN01pL0OliC7ELHmo3z5R5oWT0QQZt1TZ2l3yR2sr7-atgnrVn-bVIUqb3XEJlo.K1AxcTwl7DeRkL3M0qwpeHNNfdSK5XILXnNRPsqxSk8&dib_tag=se&keywords=%E3%82%A2%E3%83%AA%E3%83%BC%E3%83%8A+%E3%83%A1%E3%83%B3%E3%82%BA+%E6%B0%B4%E7%9D%80&qid=1784617326&refinements=p_90%3A3428068051%2Cp_n_g-101015233022111%3A24821512051&rnid=24821510051&sprefix=%E3%82%A2%E3%83%AA%E3%83%BC%E3%83%8A+%E3%83%A1%E3%83%B3%E3%82%BA+%E6%B0%B4%E7%9D%80%2Caps%2C325&sr=8-48&ufe=app_do%3Aamzn1.fos.35785624-70c4-44ae-a5c3-3f044f475d63,https://m.media-amazon.com/images/I/51N1RlrCEYL._AC_UL320_.jpg,"Speedo-スピード-フィットネス水着-SD85S63-ブラック×シルバー Speedo-スピード-フィットネス水着-SD85S63-ブラック×シルバー Speedo-スピード-フィットネス水着-SD85S63-ブラック×シルバー Speedo-スピード-フィットネス水着-SD85S63-ブラック×シルバー Speedo(スピード) Speedo-スピード-フィットネス水着-SD85S63-ブラック×シルバー 【フィットネス用】メンズ メンズスパッツ インナー付き ぴったりタイプ(レギュラーサイズ・ビッグサイズ) スイムパンツ/スパッツ SD85S63・SD85S63E エクササイズ用水着初心者 UVカット機能 4分丈 javascript:void(0) 5つ星のうち4.1 ベストセラー7位 ￥5,830 ￥ 5,830 58ポイント(1%)",B00ZQUPFBS,
swimmingattireothers_20260721.csv,49,swimmingattireothers,SAFE,B0G434K1R6,(アリーナ) 競泳水着 トレーニング用 メンズ 【TOUGHSUIT】 水泳 スイミング 耐久性 練習用 トレーニング向け ショートレッグ AS6SWM47M,,6417,category_allow,競泳水着,カテゴリ許可ワード一致(contains),https://www.amazon.co.jp/%E3%83%88%E3%83%AC%E3%83%BC%E3%83%8B%E3%83%B3%E3%82%B0%E7%94%A8-%E3%80%90TOUGHSUIT%E3%80%91-%E3%83%88%E3%83%AC%E3%83%BC%E3%83%8B%E3%83%B3%E3%82%B0%E5%90%91%E3%81%91-%E3%82%B7%E3%83%A7%E3%83%BC%E3%83%88%E3%83%AC%E3%83%83%E3%82%B0-AS6SWM47M/dp/B0G434K1R6/ref=sr_1_49?__mk_ja_JP=%E3%82%AB%E3%82%BF%E3%82%AB%E3%83%8A&crid=1VZWPQ7PCEW9L&dd=1G8INUDRiTN5hha909GVNQ%2C%2C&dib=eyJ2IjoiMSJ9.NycoCc-YDg8gxggeAMiH4BM280_cbAvnWRX9yhRQEaqfhg-KWP8-vkzEBa__L3PwQgSe6hG7LoIqcMzX6xX4W5_-N5bQOq3-PB2-SQEqAFFMH9UEaLkVxz_GmJIlkmsTo5bmHYX6wttkoFt2IOKJ72f8XfczW6-_kgC8LFtqztAZouRZg3pAG0U544_KD0j70tjuj9dSwdlL6lCdV8FDhU_Of6SMStGnf0YrUA-lqQDORN01pL0OliC7ELHmo3z5R5oWT0QQZt1TZ2l3yR2sr7-atgnrVn-bVIUqb3XEJlo.K1AxcTwl7DeRkL3M0qwpeHNNfdSK5XILXnNRPsqxSk8&dib_tag=se&keywords=%E3%82%A2%E3%83%AA%E3%83%BC%E3%83%8A+%E3%83%A1%E3%83%B3%E3%82%BA+%E6%B0%B4%E7%9D%80&qid=1784617326&refinements=p_90%3A3428068051%2Cp_n_g-101015233022111%3A24821512051&rnid=24821510051&sprefix=%E3%82%A2%E3%83%AA%E3%83%BC%E3%83%8A+%E3%83%A1%E3%83%B3%E3%82%BA+%E6%B0%B4%E7%9D%80%2Caps%2C325&sr=8-49&ufe=app_do%3Aamzn1.fos.35785624-70c4-44ae-a5c3-3f044f475d63,https://m.media-amazon.com/images/I/61kuil9dppL._AC_UL320_.jpg,"トレーニング用-【TOUGHSUIT】-トレーニング向け-ショートレッグ-AS6SWM47M トレーニング用-【TOUGHSUIT】-トレーニング向け-ショートレッグ-AS6SWM47M トレーニング用-【TOUGHSUIT】-トレーニング向け-ショートレッグ-AS6SWM47M ARENA (アリーナ) 競泳水着 トレーニング用 メンズ 【TOUGHSUIT】 水泳 スイミング 耐久性 練習用 トレーニング向け ショートレッグ AS6SWM47M 参考: ￥6,417 ￥ 6,417 参考: ￥7,590 ￥7,590 ￥7,590",B0G434K1R6,
swimmingattireothers_20260721.csv,50,swimmingattireothers,SAFE,B0B24JS6C2,【Amazon.co.jp限定】 arena(アリーナ) 競泳水着 フィットネス用 メンズ ORロングボックス ORIAZ6304,,4375,category_allow,競泳水着,カテゴリ許可ワード一致(contains),https://www.amazon.co.jp/%E3%80%90Amazon-co-jp%E9%99%90%E5%AE%9A%E3%80%91-arena-%E3%82%A2%E3%83%AA%E3%83%BC%E3%83%8A-OR%E3%83%AD%E3%83%B3%E3%82%B0%E3%83%9C%E3%83%83%E3%82%AF%E3%82%B9-ORIAZ6304/dp/B0B24JS6C2/ref=sr_1_50?__mk_ja_JP=%E3%82%AB%E3%82%BF%E3%82%AB%E3%83%8A&crid=1VZWPQ7PCEW9L&dd=1G8INUDRiTN5hha909GVNQ%2C%2C&dib=eyJ2IjoiMSJ9.NycoCc-YDg8gxggeAMiH4BM280_cbAvnWRX9yhRQEaqfhg-KWP8-vkzEBa__L3PwQgSe6hG7LoIqcMzX6xX4W5_-N5bQOq3-PB2-SQEqAFFMH9UEaLkVxz_GmJIlkmsTo5bmHYX6wttkoFt2IOKJ72f8XfczW6-_kgC8LFtqztAZouRZg3pAG0U544_KD0j70tjuj9dSwdlL6lCdV8FDhU_Of6SMStGnf0YrUA-lqQDORN01pL0OliC7ELHmo3z5R5oWT0QQZt1TZ2l3yR2sr7-atgnrVn-bVIUqb3XEJlo.K1AxcTwl7DeRkL3M0qwpeHNNfdSK5XILXnNRPsqxSk8&dib_tag=se&keywords=%E3%82%A2%E3%83%AA%E3%83%BC%E3%83%8A+%E3%83%A1%E3%83%B3%E3%82%BA+%E6%B0%B4%E7%9D%80&qid=1784617326&refinements=p_90%3A3428068051%2Cp_n_g-101015233022111%3A24821512051&rnid=24821510051&sprefix=%E3%82%A2%E3%83%AA%E3%83%BC%E3%83%8A+%E3%83%A1%E3%83%B3%E3%82%BA+%E6%B0%B4%E7%9D%80%2Caps%2C325&sr=8-50&ufe=app_do%3Aamzn1.fos.35785624-70c4-44ae-a5c3-3f044f475d63,https://m.media-amazon.com/images/I/81WVDX9xCxL._AC_UL320_.jpg,"【Amazon-co-jp限定】-arena-アリーナ-ORロングボックス-ORIAZ6304 【Amazon-co-jp限定】-arena-アリーナ-ORロングボックス-ORIAZ6304 【Amazon-co-jp限定】-arena-アリーナ-ORロングボックス-ORIAZ6304 【Amazon-co-jp限定】-arena-アリーナ-ORロングボックス-ORIAZ6304 ARENA javascript:void(0) 5つ星のうち3.8 44ポイント(1%) ￥4,375 ￥ 4,375",B0B24JS6C2,
swimmingattireothers_20260721.csv,51,swimmingattireothers,SAFE,B0G42Y66SL,(アリーナ) フィットネス水着 メンズ 【動けるフィットインナー】 水泳 スイミング アクアビクス 水中ウォーキング インナー付き AS6SWF66M,,4960,category_allow,フィットネス水着,カテゴリ許可ワード一致(contains),https://www.amazon.co.jp/%E3%83%95%E3%82%A3%E3%83%83%E3%83%88%E3%83%8D%E3%82%B9%E6%B0%B4%E7%9D%80-%E3%80%90%E5%8B%95%E3%81%91%E3%82%8B%E3%83%95%E3%82%A3%E3%83%83%E3%83%88%E3%82%A4%E3%83%B3%E3%83%8A%E3%83%BC%E3%80%91-%E3%82%A2%E3%82%AF%E3%82%A2%E3%83%93%E3%82%AF%E3%82%B9-%E6%B0%B4%E4%B8%AD%E3%82%A6%E3%82%A9%E3%83%BC%E3%82%AD%E3%83%B3%E3%82%B0-AS6SWF66M/dp/B0G42Y66SL/ref=sr_1_51?__mk_ja_JP=%E3%82%AB%E3%82%BF%E3%82%AB%E3%83%8A&crid=1VZWPQ7PCEW9L&dd=1G8INUDRiTN5hha909GVNQ%2C%2C&dib=eyJ2IjoiMSJ9.NycoCc-YDg8gxggeAMiH4BM280_cbAvnWRX9yhRQEaqfhg-KWP8-vkzEBa__L3PwQgSe6hG7LoIqcMzX6xX4W5_-N5bQOq3-PB2-SQEqAFFMH9UEaLkVxz_GmJIlkmsTo5bmHYX6wttkoFt2IOKJ72f8XfczW6-_kgC8LFtqztAZouRZg3pAG0U544_KD0j70tjuj9dSwdlL6lCdV8FDhU_Of6SMStGnf0YrUA-lqQDORN01pL0OliC7ELHmo3z5R5oWT0QQZt1TZ2l3yR2sr7-atgnrVn-bVIUqb3XEJlo.K1AxcTwl7DeRkL3M0qwpeHNNfdSK5XILXnNRPsqxSk8&dib_tag=se&keywords=%E3%82%A2%E3%83%AA%E3%83%BC%E3%83%8A+%E3%83%A1%E3%83%B3%E3%82%BA+%E6%B0%B4%E7%9D%80&qid=1784617326&refinements=p_90%3A3428068051%2Cp_n_g-101015233022111%3A24821512051&rnid=24821510051&sprefix=%E3%82%A2%E3%83%AA%E3%83%BC%E3%83%8A+%E3%83%A1%E3%83%B3%E3%82%BA+%E6%B0%B4%E7%9D%80%2Caps%2C325&sr=8-51&ufe=app_do%3Aamzn1.fos.35785624-70c4-44ae-a5c3-3f044f475d63,https://m.media-amazon.com/images/I/51OZCdK3hbL._AC_UL320_.jpg,"フィットネス水着-【動けるフィットインナー】-アクアビクス-水中ウォーキング-AS6SWF66M フィットネス水着-【動けるフィットインナー】-アクアビクス-水中ウォーキング-AS6SWF66M フィットネス水着-【動けるフィットインナー】-アクアビクス-水中ウォーキング-AS6SWF66M フィットネス水着-【動けるフィットインナー】-アクアビクス-水中ウォーキング-AS6SWF66M フィットネス水着-【動けるフィットインナー】-アクアビクス-水中ウォーキング-AS6SWF66M ARENA フィットネス水着-【動けるフィットインナー】-アクアビクス-水中ウォーキング-AS6SWF66M (アリーナ) フィットネス水着 メンズ 【動けるフィットインナー】 水泳 スイミング アクアビクス 水中ウォーキング インナー付き AS6SWF66M javascript:void(0) 5つ星のうち4.5 50ポイント(1%) ￥4,960 ￥ 4,960","B0G42Y66SL,B0G41SQKSW,B0G433GDS8",
swimmingattireothers_20260721.csv,58,swimmingattireothers,SAFE,B0DNMH46KZ,[アリーナ] フィットネス水着 メンズ 【動けるフィットインナー】 インナー付き フィットネス向け AS5SWF64M / LAR-4303E,,5761,category_allow,フィットネス水着,カテゴリ許可ワード一致(contains),https://www.amazon.co.jp/%E3%83%95%E3%82%A3%E3%83%83%E3%83%88%E3%83%8D%E3%82%B9%E6%B0%B4%E7%9D%80-%E3%80%90%E5%8B%95%E3%81%91%E3%82%8B%E3%83%95%E3%82%A3%E3%83%83%E3%83%88%E3%82%A4%E3%83%B3%E3%83%8A%E3%83%BC%E3%80%91-3XO%E3%82%B5%E3%82%A4%E3%82%BA-%E3%83%95%E3%82%A3%E3%83%83%E3%83%88%E3%83%8D%E3%82%B9%E5%90%91%E3%81%91-AS5SWF64M/dp/B0DNMH46KZ/ref=sr_1_54?__mk_ja_JP=%E3%82%AB%E3%82%BF%E3%82%AB%E3%83%8A&crid=1VZWPQ7PCEW9L&dd=1G8INUDRiTN5hha909GVNQ%2C%2C&dib=eyJ2IjoiMSJ9.D2M2gkzFK7nZeAs_3v0vMWh0JRReO36gENaTF3_Vq2cO0URDT51MX1rnXm-30CJbP-Hx_6w2cha3HiQrYrhFFnfklHJlEQImpjh_9Nn_Kc4.OQj7FcKYTTHqD6IghQtzgFUS307K0yLoxSgkLqT_V0A&dib_tag=se&keywords=%E3%82%A2%E3%83%AA%E3%83%BC%E3%83%8A+%E3%83%A1%E3%83%B3%E3%82%BA+%E6%B0%B4%E7%9D%80&qid=1784617346&refinements=p_90%3A3428068051%2Cp_n_g-101015233022111%3A24821512051&rnid=24821510051&sprefix=%E3%82%A2%E3%83%AA%E3%83%BC%E3%83%8A+%E3%83%A1%E3%83%B3%E3%82%BA+%E6%B0%B4%E7%9D%80%2Caps%2C325&sr=8-54&ufe=app_do%3Aamzn1.fos.35785624-70c4-44ae-a5c3-3f044f475d63&xpid=PK80Z_zVbJf9i,https://m.media-amazon.com/images/I/51FYkLrqvnL._AC_UL320_.jpg,"フィットネス水着-【動けるフィットインナー】-3XOサイズ-フィットネス向け-AS5SWF64M フィットネス水着-【動けるフィットインナー】-3XOサイズ-フィットネス向け-AS5SWF64M フィットネス水着-【動けるフィットインナー】-3XOサイズ-フィットネス向け-AS5SWF64M フィットネス水着-【動けるフィットインナー】-3XOサイズ-フィットネス向け-AS5SWF64M フィットネス水着-【動けるフィットインナー】-3XOサイズ-フィットネス向け-AS5SWF64M ARENA フィットネス水着-【動けるフィットインナー】-3XOサイズ-フィットネス向け-AS5SWF64M [アリーナ] フィットネス水着 メンズ 【動けるフィットインナー】 インナー付き フィットネス向け AS5SWF64M / LAR-4303E javascript:void(0) 5つ星のうち4.3 58ポイント(1%) ￥5,761 ￥ 5,761","B0DNMH46KZ,B0DNMHX7TC,B0CN8X3F1H,B0DNMJ5SR6",
swimmingattireothers_20260721.csv,60,swimmingattireothers,SAFE,B0F8VJMPTF,(アリーナ) 競泳水着 トレーニング用 メンズ 【TOUGHSUIT】 水泳 スイミング 練習用 トレーニング向け ショートレッグタイプ AS5FWM23M,,5863,category_allow,競泳水着,カテゴリ許可ワード一致(contains),https://www.amazon.co.jp/%E3%83%88%E3%83%AC%E3%83%BC%E3%83%8B%E3%83%B3%E3%82%B0%E7%94%A8-%E3%80%90TOUGHSUIT%E3%80%91-%E3%83%88%E3%83%AC%E3%83%BC%E3%83%8B%E3%83%B3%E3%82%B0%E5%90%91%E3%81%91-%E3%82%B7%E3%83%A7%E3%83%BC%E3%83%88%E3%83%AC%E3%83%83%E3%82%B0%E3%82%BF%E3%82%A4%E3%83%97-AS5FWM23M/dp/B0F8VJMPTF/ref=sr_1_56?__mk_ja_JP=%E3%82%AB%E3%82%BF%E3%82%AB%E3%83%8A&crid=1VZWPQ7PCEW9L&dd=1G8INUDRiTN5hha909GVNQ%2C%2C&dib=eyJ2IjoiMSJ9.D2M2gkzFK7nZeAs_3v0vMWh0JRReO36gENaTF3_Vq2cO0URDT51MX1rnXm-30CJbP-Hx_6w2cha3HiQrYrhFFnfklHJlEQImpjh_9Nn_Kc4.OQj7FcKYTTHqD6IghQtzgFUS307K0yLoxSgkLqT_V0A&dib_tag=se&keywords=%E3%82%A2%E3%83%AA%E3%83%BC%E3%83%8A+%E3%83%A1%E3%83%B3%E3%82%BA+%E6%B0%B4%E7%9D%80&qid=1784617346&refinements=p_90%3A3428068051%2Cp_n_g-101015233022111%3A24821512051&rnid=24821510051&sprefix=%E3%82%A2%E3%83%AA%E3%83%BC%E3%83%8A+%E3%83%A1%E3%83%B3%E3%82%BA+%E6%B0%B4%E7%9D%80%2Caps%2C325&sr=8-56&ufe=app_do%3Aamzn1.fos.35785624-70c4-44ae-a5c3-3f044f475d63&xpid=PK80Z_zVbJf9i,https://m.media-amazon.com/images/I/61AGDKvVNLL._AC_UL320_.jpg,"トレーニング用-【TOUGHSUIT】-トレーニング向け-ショートレッグタイプ-AS5FWM23M トレーニング用-【TOUGHSUIT】-トレーニング向け-ショートレッグタイプ-AS5FWM23M トレーニング用-【TOUGHSUIT】-トレーニング向け-ショートレッグタイプ-AS5FWM23M トレーニング用-【TOUGHSUIT】-トレーニング向け-ショートレッグタイプ-AS5FWM23M トレーニング用-【TOUGHSUIT】-トレーニング向け-ショートレッグタイプ-AS5FWM23M ARENA トレーニング用-【TOUGHSUIT】-トレーニング向け-ショートレッグタイプ-AS5FWM23M (アリーナ) 競泳水着 トレーニング用 メンズ 【TOUGHSUIT】 水泳 スイミング 練習用 トレーニング向け ショートレッグタイプ AS5FWM23M javascript:void(0) 5つ星のうち4.0 59ポイント(1%) ￥5,863 ￥ 5,863","B0F8VJMPTF,B0F8VF232V,B0F8VK59TK",
swimmingattireothers_20260721.csv,61,swimmingattireothers,SAFE,B0GXJ8VJ98,【選手着用モデル】 (アリーナ) 競泳水着 トレーニング用 メンズ 【TOUGHSUIT】 水泳 スイミング トレーニング向け 練習用 team チームアリーナ 耐久性 AS6FWM16M,,5671,category_allow,競泳水着,カテゴリ許可ワード一致(contains),https://www.amazon.co.jp/%E3%80%90%E9%81%B8%E6%89%8B%E7%9D%80%E7%94%A8%E3%83%A2%E3%83%87%E3%83%AB%E3%80%91-%E3%83%88%E3%83%AC%E3%83%BC%E3%83%8B%E3%83%B3%E3%82%B0%E7%94%A8-%E3%80%90TOUGHSUIT%E3%80%91-%E3%83%88%E3%83%AC%E3%83%BC%E3%83%8B%E3%83%B3%E3%82%B0%E5%90%91%E3%81%91-AS6FWM16M/dp/B0GXJ8VJ98/ref=sr_1_57?__mk_ja_JP=%E3%82%AB%E3%82%BF%E3%82%AB%E3%83%8A&crid=1VZWPQ7PCEW9L&dd=1G8INUDRiTN5hha909GVNQ%2C%2C&dib=eyJ2IjoiMSJ9.D2M2gkzFK7nZeAs_3v0vMWh0JRReO36gENaTF3_Vq2cO0URDT51MX1rnXm-30CJbP-Hx_6w2cha3HiQrYrhFFnfklHJlEQImpjh_9Nn_Kc4.OQj7FcKYTTHqD6IghQtzgFUS307K0yLoxSgkLqT_V0A&dib_tag=se&keywords=%E3%82%A2%E3%83%AA%E3%83%BC%E3%83%8A+%E3%83%A1%E3%83%B3%E3%82%BA+%E6%B0%B4%E7%9D%80&qid=1784617346&refinements=p_90%3A3428068051%2Cp_n_g-101015233022111%3A24821512051&rnid=24821510051&sprefix=%E3%82%A2%E3%83%AA%E3%83%BC%E3%83%8A+%E3%83%A1%E3%83%B3%E3%82%BA+%E6%B0%B4%E7%9D%80%2Caps%2C325&sr=8-57&ufe=app_do%3Aamzn1.fos.35785624-70c4-44ae-a5c3-3f044f475d63&xpid=PK80Z_zVbJf9i,https://m.media-amazon.com/images/I/51MLEc0iaZL._AC_UL320_.jpg,"【選手着用モデル】-トレーニング用-【TOUGHSUIT】-トレーニング向け-AS6FWM16M 【選手着用モデル】-トレーニング用-【TOUGHSUIT】-トレーニング向け-AS6FWM16M 【選手着用モデル】-トレーニング用-【TOUGHSUIT】-トレーニング向け-AS6FWM16M 【選手着用モデル】-トレーニング用-【TOUGHSUIT】-トレーニング向け-AS6FWM16M 【選手着用モデル】-トレーニング用-【TOUGHSUIT】-トレーニング向け-AS6FWM16M ARENA 【選手着用モデル】-トレーニング用-【TOUGHSUIT】-トレーニング向け-AS6FWM16M 【選手着用モデル】 (アリーナ) 競泳水着 トレーニング用 メンズ 【TOUGHSUIT】 水泳 スイミング トレーニング向け 練習用 team チームアリーナ 耐久性 AS6FWM16M 57ポイント(1%) ￥5,671 ￥ 5,671","B0GXJ8VJ98,B0GXJ4X484,B0GXHXKR3G,B0GXJ9K29B",
swimmingattireothers_20260721.csv,62,swimmingattireothers,SAFE,B088ZY3L6X,フィットネス用 メンズ Big Liner Jammer ビッグライナー Short Jammer ショート スイムパンツ/スパッツ SF62060 SF62455 エクササイズ用水着初心者 2分丈 4分丈 ストレッチ,,4812,category_allow,スイムパンツ,カテゴリ許可ワード一致(contains),https://www.amazon.co.jp/Speedo-%E3%82%B9%E3%83%94%E3%83%BC%E3%83%89-%E3%83%95%E3%82%A3%E3%83%83%E3%83%88%E3%83%8D%E3%82%B9%E6%B0%B4%E7%9D%80-SF62060-%E3%83%96%E3%83%A9%E3%83%83%E3%82%AF%C3%97%E3%82%B7%E3%83%AB%E3%83%90%E3%83%BC/dp/B088ZY3L6X/ref=sr_1_58?__mk_ja_JP=%E3%82%AB%E3%82%BF%E3%82%AB%E3%83%8A&crid=1VZWPQ7PCEW9L&dd=1G8INUDRiTN5hha909GVNQ%2C%2C&dib=eyJ2IjoiMSJ9.D2M2gkzFK7nZeAs_3v0vMWh0JRReO36gENaTF3_Vq2cO0URDT51MX1rnXm-30CJbP-Hx_6w2cha3HiQrYrhFFnfklHJlEQImpjh_9Nn_Kc4.OQj7FcKYTTHqD6IghQtzgFUS307K0yLoxSgkLqT_V0A&dib_tag=se&keywords=%E3%82%A2%E3%83%AA%E3%83%BC%E3%83%8A+%E3%83%A1%E3%83%B3%E3%82%BA+%E6%B0%B4%E7%9D%80&qid=1784617346&refinements=p_90%3A3428068051%2Cp_n_g-101015233022111%3A24821512051&rnid=24821510051&sprefix=%E3%82%A2%E3%83%AA%E3%83%BC%E3%83%8A+%E3%83%A1%E3%83%B3%E3%82%BA+%E6%B0%B4%E7%9D%80%2Caps%2C325&sr=8-58&ufe=app_do%3Aamzn1.fos.35785624-70c4-44ae-a5c3-3f044f475d63&xpid=PK80Z_zVbJf9i,https://m.media-amazon.com/images/I/61MYX1NGCXL._AC_UL320_.jpg,"Speedo-スピード-フィットネス水着-SF62060-ブラック×シルバー Speedo-スピード-フィットネス水着-SF62060-ブラック×シルバー Speedo-スピード-フィットネス水着-SF62060-ブラック×シルバー Speedo-スピード-フィットネス水着-SF62060-ブラック×シルバー Speedo-スピード-フィットネス水着-SF62060-ブラック×シルバー Speedo(スピード) Speedo-スピード-フィットネス水着-SF62060-ブラック×シルバー フィットネス用 メンズ Big Liner Jammer ビッグライナー Short Jammer ショート スイムパンツ/スパッツ SF62060 SF62455 エクササイズ用水着初心者 2分丈 4分丈 ストレッチ javascript:void(0) 5つ星のうち4.2 過去1か月で50点以上購入されました Speedo-スピード-フィットネス水着-SF62060-ブラック×シルバー ￥4,812 ￥ 4,812 参考: ￥5,940 - メンズフィットネス・競泳用スパッツ ￥5,940 ￥5,940","B088ZY3L6X,B0G1RY4SSD,B0DNJPY797,B0D3XCWBXH,B0BLZ7SSY1",
swimmingattireothers_20260721.csv,64,swimmingattireothers,SAFE,B0GXJ758Y6,(アリーナ) フィットネス水着 メンズ 【AQUA EXA】 水泳 スイミング フィットネス向け 撥水 AS6FWF65M,,4687,category_allow,フィットネス水着,カテゴリ許可ワード一致(contains),https://www.amazon.co.jp/arena-%E3%83%95%E3%82%A3%E3%83%83%E3%83%88%E3%83%8D%E3%82%B9%E6%B0%B4%E7%9D%80-%E3%80%90AQUA-%E3%83%95%E3%82%A3%E3%83%83%E3%83%88%E3%83%8D%E3%82%B9%E5%90%91%E3%81%91-AS6FWF65M/dp/B0GXJ758Y6/ref=sr_1_60?__mk_ja_JP=%E3%82%AB%E3%82%BF%E3%82%AB%E3%83%8A&crid=1VZWPQ7PCEW9L&dd=1G8INUDRiTN5hha909GVNQ%2C%2C&dib=eyJ2IjoiMSJ9.MnVDj0Db5a1QRaqdeKt6CW3CbOFQwoCC1XcRP71czr5bKTfAZAy0jWn_CUbH02XMu6bEY-J7axGaNJTnVVUr0HCq9isGpnmkpGcnLSpAJJmqp1AX6q7_XF21n7_DvzM6IlyDZoGsJ6GdNjXGMkhyFXFWSxgql7ht67ECEbWUUM5o7lNr61pjHsQkFfivY2Uf1MgdD8TvNFYlMEd9i3qBQ_zK4IfG4tMhBvJBls54JcZIc2jr1yrasera5R3QJj5qW8Nm7yEu34ddOEXlxHgfhW3UfwTCSpN6r28o11Wj7k8.9BzY8hZDA0vqs_PHPEFLZX0w-ZPBwXc7eh8OVwJZdA4&dib_tag=se&keywords=%E3%82%A2%E3%83%AA%E3%83%BC%E3%83%8A+%E3%83%A1%E3%83%B3%E3%82%BA+%E6%B0%B4%E7%9D%80&qid=1784617346&refinements=p_90%3A3428068051%2Cp_n_g-101015233022111%3A24821512051&rnid=24821510051&sprefix=%E3%82%A2%E3%83%AA%E3%83%BC%E3%83%8A+%E3%83%A1%E3%83%B3%E3%82%BA+%E6%B0%B4%E7%9D%80%2Caps%2C325&sr=8-60&ufe=app_do%3Aamzn1.fos.35785624-70c4-44ae-a5c3-3f044f475d63&xpid=PK80Z_zVbJf9i,https://m.media-amazon.com/images/I/51KvMzPhtLL._AC_UL320_.jpg,"arena-フィットネス水着-【AQUA-フィットネス向け-AS6FWF65M arena-フィットネス水着-【AQUA-フィットネス向け-AS6FWF65M arena-フィットネス水着-【AQUA-フィットネス向け-AS6FWF65M arena-フィットネス水着-【AQUA-フィットネス向け-AS6FWF65M arena-フィットネス水着-【AQUA-フィットネス向け-AS6FWF65M ARENA arena-フィットネス水着-【AQUA-フィットネス向け-AS6FWF65M (アリーナ) フィットネス水着 メンズ 【AQUA EXA】 水泳 スイミング フィットネス向け 撥水 AS6FWF65M 47ポイント(1%) ￥4,687 ￥ 4,687","B0GXJ758Y6,B0GXJCY49T,B0GXJ4WSCX",
swimmingattireothers_20260721.csv,65,swimmingattireothers,SAFE,B0CC5G61YQ,【Amazon.co.jp限定】【WA承認】 arena(アリーナ) 競泳水着 レース用メンズ 【AQUA ADVANCED】 ニット素材 中級者向け ORIAZ1022M,,5292,category_allow,競泳水着,カテゴリ許可ワード一致(contains),https://www.amazon.co.jp/%E3%80%90Amazon-co-jp%E9%99%90%E5%AE%9A%E3%80%91%E3%80%90WA%E6%89%BF%E8%AA%8D%E3%80%91-%E3%83%AC%E3%83%BC%E3%82%B9%E7%94%A8%E3%83%A1%E3%83%B3%E3%82%BA-%E3%80%90AQUA-ADVANCED%E3%80%91-ORIAZ1022M/dp/B0CC5G61YQ/ref=sr_1_61?__mk_ja_JP=%E3%82%AB%E3%82%BF%E3%82%AB%E3%83%8A&crid=1VZWPQ7PCEW9L&dd=1G8INUDRiTN5hha909GVNQ%2C%2C&dib=eyJ2IjoiMSJ9.MnVDj0Db5a1QRaqdeKt6CW3CbOFQwoCC1XcRP71czr5bKTfAZAy0jWn_CUbH02XMu6bEY-J7axGaNJTnVVUr0HCq9isGpnmkpGcnLSpAJJmqp1AX6q7_XF21n7_DvzM6IlyDZoGsJ6GdNjXGMkhyFXFWSxgql7ht67ECEbWUUM5o7lNr61pjHsQkFfivY2Uf1MgdD8TvNFYlMEd9i3qBQ_zK4IfG4tMhBvJBls54JcZIc2jr1yrasera5R3QJj5qW8Nm7yEu34ddOEXlxHgfhW3UfwTCSpN6r28o11Wj7k8.9BzY8hZDA0vqs_PHPEFLZX0w-ZPBwXc7eh8OVwJZdA4&dib_tag=se&keywords=%E3%82%A2%E3%83%AA%E3%83%BC%E3%83%8A+%E3%83%A1%E3%83%B3%E3%82%BA+%E6%B0%B4%E7%9D%80&qid=1784617346&refinements=p_90%3A3428068051%2Cp_n_g-101015233022111%3A24821512051&rnid=24821510051&sprefix=%E3%82%A2%E3%83%AA%E3%83%BC%E3%83%8A+%E3%83%A1%E3%83%B3%E3%82%BA+%E6%B0%B4%E7%9D%80%2Caps%2C325&sr=8-61&ufe=app_do%3Aamzn1.fos.35785624-70c4-44ae-a5c3-3f044f475d63&xpid=PK80Z_zVbJf9i,https://m.media-amazon.com/images/I/91p5O5kbRNL._AC_UL320_.jpg,"【Amazon-co-jp限定】【WA承認】-レース用メンズ-【AQUA-ADVANCED】-ORIAZ1022M 【Amazon-co-jp限定】【WA承認】-レース用メンズ-【AQUA-ADVANCED】-ORIAZ1022M 【Amazon-co-jp限定】【WA承認】-レース用メンズ-【AQUA-ADVANCED】-ORIAZ1022M 【Amazon-co-jp限定】【WA承認】-レース用メンズ-【AQUA-ADVANCED】-ORIAZ1022M ARENA 【Amazon-co-jp限定】【WA承認】-レース用メンズ-【AQUA-ADVANCED】-ORIAZ1022M javascript:void(0) 5つ星のうち3.8 53ポイント(1%) ￥5,292 ￥ 5,292","B0CC5G61YQ,B0CC5GT7B5",
swimmingattireothers_20260721.csv,66,swimmingattireothers,SAFE,B0GXJF28H1,(アリーナ) フィットネス水着 メンズ 【動けるフィットインナー】 水泳 スイミング フィットネス向け インナー付き プール AS6FWF72M,,5344,category_allow,フィットネス水着,カテゴリ許可ワード一致(contains),https://www.amazon.co.jp/%E3%83%95%E3%82%A3%E3%83%83%E3%83%88%E3%83%8D%E3%82%B9%E6%B0%B4%E7%9D%80-%E3%80%90%E5%8B%95%E3%81%91%E3%82%8B%E3%83%95%E3%82%A3%E3%83%83%E3%83%88%E3%82%A4%E3%83%B3%E3%83%8A%E3%83%BC%E3%80%91-%E3%83%95%E3%82%A3%E3%83%83%E3%83%88%E3%83%8D%E3%82%B9%E5%90%91%E3%81%91-%E3%82%A4%E3%83%B3%E3%83%8A%E3%83%BC%E4%BB%98%E3%81%8D-AS6FWF72M/dp/B0GXJF28H1/ref=sr_1_62?__mk_ja_JP=%E3%82%AB%E3%82%BF%E3%82%AB%E3%83%8A&crid=1VZWPQ7PCEW9L&dd=1G8INUDRiTN5hha909GVNQ%2C%2C&dib=eyJ2IjoiMSJ9.MnVDj0Db5a1QRaqdeKt6CW3CbOFQwoCC1XcRP71czr5bKTfAZAy0jWn_CUbH02XMu6bEY-J7axGaNJTnVVUr0HCq9isGpnmkpGcnLSpAJJmqp1AX6q7_XF21n7_DvzM6IlyDZoGsJ6GdNjXGMkhyFXFWSxgql7ht67ECEbWUUM5o7lNr61pjHsQkFfivY2Uf1MgdD8TvNFYlMEd9i3qBQ_zK4IfG4tMhBvJBls54JcZIc2jr1yrasera5R3QJj5qW8Nm7yEu34ddOEXlxHgfhW3UfwTCSpN6r28o11Wj7k8.9BzY8hZDA0vqs_PHPEFLZX0w-ZPBwXc7eh8OVwJZdA4&dib_tag=se&keywords=%E3%82%A2%E3%83%AA%E3%83%BC%E3%83%8A+%E3%83%A1%E3%83%B3%E3%82%BA+%E6%B0%B4%E7%9D%80&qid=1784617346&refinements=p_90%3A3428068051%2Cp_n_g-101015233022111%3A24821512051&rnid=24821510051&sprefix=%E3%82%A2%E3%83%AA%E3%83%BC%E3%83%8A+%E3%83%A1%E3%83%B3%E3%82%BA+%E6%B0%B4%E7%9D%80%2Caps%2C325&sr=8-62&ufe=app_do%3Aamzn1.fos.35785624-70c4-44ae-a5c3-3f044f475d63&xpid=PK80Z_zVbJf9i,https://m.media-amazon.com/images/I/51tGjUnOE+L._AC_UL320_.jpg,"フィットネス水着-【動けるフィットインナー】-フィットネス向け-インナー付き-AS6FWF72M フィットネス水着-【動けるフィットインナー】-フィットネス向け-インナー付き-AS6FWF72M フィットネス水着-【動けるフィットインナー】-フィットネス向け-インナー付き-AS6FWF72M フィットネス水着-【動けるフィットインナー】-フィットネス向け-インナー付き-AS6FWF72M フィットネス水着-【動けるフィットインナー】-フィットネス向け-インナー付き-AS6FWF72M ARENA フィットネス水着-【動けるフィットインナー】-フィットネス向け-インナー付き-AS6FWF72M (アリーナ) フィットネス水着 メンズ 【動けるフィットインナー】 水泳 スイミング フィットネス向け インナー付き プール AS6FWF72M 53ポイント(1%) ￥5,344 ￥ 5,344","B0GXJF28H1,B0GXJ4S9XF,B0GXJMW3YX",
swimmingattireothers_20260721.csv,67,swimmingattireothers,SAFE,B0G434F8R7,(アリーナ) 競泳水着 トレーニング用 メンズ 【TOUGHSUIT】 水泳 スイミング 耐久性 練習用 トレーニング向け ショートレッグ AS6SWM37M,,5325,category_allow,競泳水着,カテゴリ許可ワード一致(contains),https://www.amazon.co.jp/%E3%83%88%E3%83%AC%E3%83%BC%E3%83%8B%E3%83%B3%E3%82%B0%E7%94%A8-%E3%80%90TOUGHSUIT%E3%80%91-%E3%83%88%E3%83%AC%E3%83%BC%E3%83%8B%E3%83%B3%E3%82%B0%E5%90%91%E3%81%91-%E3%82%B7%E3%83%A7%E3%83%BC%E3%83%88%E3%83%AC%E3%83%83%E3%82%B0-AS6SWM37M/dp/B0G434F8R7/ref=sr_1_63?__mk_ja_JP=%E3%82%AB%E3%82%BF%E3%82%AB%E3%83%8A&crid=1VZWPQ7PCEW9L&dd=1G8INUDRiTN5hha909GVNQ%2C%2C&dib=eyJ2IjoiMSJ9.MnVDj0Db5a1QRaqdeKt6CW3CbOFQwoCC1XcRP71czr5bKTfAZAy0jWn_CUbH02XMu6bEY-J7axGaNJTnVVUr0HCq9isGpnmkpGcnLSpAJJmqp1AX6q7_XF21n7_DvzM6IlyDZoGsJ6GdNjXGMkhyFXFWSxgql7ht67ECEbWUUM5o7lNr61pjHsQkFfivY2Uf1MgdD8TvNFYlMEd9i3qBQ_zK4IfG4tMhBvJBls54JcZIc2jr1yrasera5R3QJj5qW8Nm7yEu34ddOEXlxHgfhW3UfwTCSpN6r28o11Wj7k8.9BzY8hZDA0vqs_PHPEFLZX0w-ZPBwXc7eh8OVwJZdA4&dib_tag=se&keywords=%E3%82%A2%E3%83%AA%E3%83%BC%E3%83%8A+%E3%83%A1%E3%83%B3%E3%82%BA+%E6%B0%B4%E7%9D%80&qid=1784617346&refinements=p_90%3A3428068051%2Cp_n_g-101015233022111%3A24821512051&rnid=24821510051&sprefix=%E3%82%A2%E3%83%AA%E3%83%BC%E3%83%8A+%E3%83%A1%E3%83%B3%E3%82%BA+%E6%B0%B4%E7%9D%80%2Caps%2C325&sr=8-63&ufe=app_do%3Aamzn1.fos.35785624-70c4-44ae-a5c3-3f044f475d63&xpid=PK80Z_zVbJf9i,https://m.media-amazon.com/images/I/71W3JnnWsWL._AC_UL320_.jpg,"トレーニング用-【TOUGHSUIT】-トレーニング向け-ショートレッグ-AS6SWM37M トレーニング用-【TOUGHSUIT】-トレーニング向け-ショートレッグ-AS6SWM37M トレーニング用-【TOUGHSUIT】-トレーニング向け-ショートレッグ-AS6SWM37M トレーニング用-【TOUGHSUIT】-トレーニング向け-ショートレッグ-AS6SWM37M ARENA (アリーナ) 競泳水着 トレーニング用 メンズ 【TOUGHSUIT】 水泳 スイミング 耐久性 練習用 トレーニング向け ショートレッグ AS6SWM37M javascript:void(0) 5つ星のうち5.0 53ポイント(1%) トレーニング用-【TOUGHSUIT】-トレーニング向け-ショートレッグ-AS6SWM37M ￥5,325 ￥ 5,325 過去: ￥6,241 ￥6,241 ￥6,241","B0G434F8R7,B0G434KMXP,B0G4373W2S",
swimmingattireothers_20260721.csv,68,swimmingattireothers,SAFE,B0G4383NPZ,(アリーナ) 競泳水着 トレーニング用 メンズ 【TOUGHSUIT】 水泳 スイミング 耐久性 練習用 トレーニング向け ショートレッグ AS6SWMP4M,,5755,category_allow,競泳水着,カテゴリ許可ワード一致(contains),https://www.amazon.co.jp/%E3%83%88%E3%83%AC%E3%83%BC%E3%83%8B%E3%83%B3%E3%82%B0%E7%94%A8-%E3%80%90TOUGHSUIT%E3%80%91-%E3%83%88%E3%83%AC%E3%83%BC%E3%83%8B%E3%83%B3%E3%82%B0%E5%90%91%E3%81%91-%E3%82%B7%E3%83%A7%E3%83%BC%E3%83%88%E3%83%AC%E3%83%83%E3%82%B0-AS6SWMP4M/dp/B0G4383NPZ/ref=sr_1_64?__mk_ja_JP=%E3%82%AB%E3%82%BF%E3%82%AB%E3%83%8A&crid=1VZWPQ7PCEW9L&dd=1G8INUDRiTN5hha909GVNQ%2C%2C&dib=eyJ2IjoiMSJ9.MnVDj0Db5a1QRaqdeKt6CW3CbOFQwoCC1XcRP71czr5bKTfAZAy0jWn_CUbH02XMu6bEY-J7axGaNJTnVVUr0HCq9isGpnmkpGcnLSpAJJmqp1AX6q7_XF21n7_DvzM6IlyDZoGsJ6GdNjXGMkhyFXFWSxgql7ht67ECEbWUUM5o7lNr61pjHsQkFfivY2Uf1MgdD8TvNFYlMEd9i3qBQ_zK4IfG4tMhBvJBls54JcZIc2jr1yrasera5R3QJj5qW8Nm7yEu34ddOEXlxHgfhW3UfwTCSpN6r28o11Wj7k8.9BzY8hZDA0vqs_PHPEFLZX0w-ZPBwXc7eh8OVwJZdA4&dib_tag=se&keywords=%E3%82%A2%E3%83%AA%E3%83%BC%E3%83%8A+%E3%83%A1%E3%83%B3%E3%82%BA+%E6%B0%B4%E7%9D%80&qid=1784617346&refinements=p_90%3A3428068051%2Cp_n_g-101015233022111%3A24821512051&rnid=24821510051&sprefix=%E3%82%A2%E3%83%AA%E3%83%BC%E3%83%8A+%E3%83%A1%E3%83%B3%E3%82%BA+%E6%B0%B4%E7%9D%80%2Caps%2C325&sr=8-64&ufe=app_do%3Aamzn1.fos.35785624-70c4-44ae-a5c3-3f044f475d63&xpid=PK80Z_zVbJf9i,https://m.media-amazon.com/images/I/61mdXZ2mkgL._AC_UL320_.jpg,"トレーニング用-【TOUGHSUIT】-トレーニング向け-ショートレッグ-AS6SWMP4M トレーニング用-【TOUGHSUIT】-トレーニング向け-ショートレッグ-AS6SWMP4M トレーニング用-【TOUGHSUIT】-トレーニング向け-ショートレッグ-AS6SWMP4M ARENA トレーニング用-【TOUGHSUIT】-トレーニング向け-ショートレッグ-AS6SWMP4M (アリーナ) 競泳水着 トレーニング用 メンズ 【TOUGHSUIT】 水泳 スイミング 耐久性 練習用 トレーニング向け ショートレッグ AS6SWMP4M 58ポイント(1%) ￥5,755 ￥ 5,755","B0G4383NPZ,B0G4382M9K",
swimmingattireothers_20260721.csv,69,swimmingattireothers,SAFE,B0F8VHHQ79,[アリーナ] 競泳水着 トレーニング用 メンズ 【TOUGHSUIT】 水泳 スイミング 練習用 トレーニング向け マーベルデザインモデル AS5FWM51M,,6722,category_allow,競泳水着,カテゴリ許可ワード一致(contains),https://www.amazon.co.jp/%E3%83%88%E3%83%AC%E3%83%BC%E3%83%8B%E3%83%B3%E3%82%B0%E7%94%A8-%E3%80%90TOUGHSUIT%E3%80%91-%E3%83%88%E3%83%AC%E3%83%BC%E3%83%8B%E3%83%B3%E3%82%B0%E5%90%91%E3%81%91-%E3%83%9E%E3%83%BC%E3%83%99%E3%83%AB%E3%83%87%E3%82%B6%E3%82%A4%E3%83%B3%E3%83%A2%E3%83%87%E3%83%AB-AS5FWM51M/dp/B0F8VHHQ79/ref=sr_1_65?__mk_ja_JP=%E3%82%AB%E3%82%BF%E3%82%AB%E3%83%8A&crid=1VZWPQ7PCEW9L&dd=1G8INUDRiTN5hha909GVNQ%2C%2C&dib=eyJ2IjoiMSJ9.MnVDj0Db5a1QRaqdeKt6CW3CbOFQwoCC1XcRP71czr5bKTfAZAy0jWn_CUbH02XMu6bEY-J7axGaNJTnVVUr0HCq9isGpnmkpGcnLSpAJJmqp1AX6q7_XF21n7_DvzM6IlyDZoGsJ6GdNjXGMkhyFXFWSxgql7ht67ECEbWUUM5o7lNr61pjHsQkFfivY2Uf1MgdD8TvNFYlMEd9i3qBQ_zK4IfG4tMhBvJBls54JcZIc2jr1yrasera5R3QJj5qW8Nm7yEu34ddOEXlxHgfhW3UfwTCSpN6r28o11Wj7k8.9BzY8hZDA0vqs_PHPEFLZX0w-ZPBwXc7eh8OVwJZdA4&dib_tag=se&keywords=%E3%82%A2%E3%83%AA%E3%83%BC%E3%83%8A+%E3%83%A1%E3%83%B3%E3%82%BA+%E6%B0%B4%E7%9D%80&qid=1784617346&refinements=p_90%3A3428068051%2Cp_n_g-101015233022111%3A24821512051&rnid=24821510051&sprefix=%E3%82%A2%E3%83%AA%E3%83%BC%E3%83%8A+%E3%83%A1%E3%83%B3%E3%82%BA+%E6%B0%B4%E7%9D%80%2Caps%2C325&sr=8-65&ufe=app_do%3Aamzn1.fos.35785624-70c4-44ae-a5c3-3f044f475d63&xpid=PK80Z_zVbJf9i,https://m.media-amazon.com/images/I/71ZYqyck8HL._AC_UL320_.jpg,"トレーニング用-【TOUGHSUIT】-トレーニング向け-マーベルデザインモデル-AS5FWM51M トレーニング用-【TOUGHSUIT】-トレーニング向け-マーベルデザインモデル-AS5FWM51M トレーニング用-【TOUGHSUIT】-トレーニング向け-マーベルデザインモデル-AS5FWM51M トレーニング用-【TOUGHSUIT】-トレーニング向け-マーベルデザインモデル-AS5FWM51M トレーニング用-【TOUGHSUIT】-トレーニング向け-マーベルデザインモデル-AS5FWM51M ARENA トレーニング用-【TOUGHSUIT】-トレーニング向け-マーベルデザインモデル-AS5FWM51M [アリーナ] 競泳水着 トレーニング用 メンズ 【TOUGHSUIT】 水泳 スイミング 練習用 トレーニング向け マーベルデザインモデル AS5FWM51M javascript:void(0) 5つ星のうち4.2 ￥6,722 ￥ 6,722","B0F8VHHQ79,B0F8VGXKMS,B0F8VGTBM4",
swimmingattireothers_20260721.csv,70,swimmingattireothers,SAFE,B0GXJDQMC3,(アリーナ) 競泳水着 トレーニング用 メンズ 【TOUGHSUIT】 水泳 スイミング トレーニング向け 練習用 耐久性 AS6FWM28M,,5508,category_allow,競泳水着,カテゴリ許可ワード一致(contains),https://www.amazon.co.jp/arena-%E3%83%88%E3%83%AC%E3%83%BC%E3%83%8B%E3%83%B3%E3%82%B0%E7%94%A8-%E3%80%90TOUGHSUIT%E3%80%91-%E3%83%88%E3%83%AC%E3%83%BC%E3%83%8B%E3%83%B3%E3%82%B0%E5%90%91%E3%81%91-AS6FWM28M/dp/B0GXJDQMC3/ref=sr_1_66?__mk_ja_JP=%E3%82%AB%E3%82%BF%E3%82%AB%E3%83%8A&crid=1VZWPQ7PCEW9L&dd=1G8INUDRiTN5hha909GVNQ%2C%2C&dib=eyJ2IjoiMSJ9.MnVDj0Db5a1QRaqdeKt6CW3CbOFQwoCC1XcRP71czr5bKTfAZAy0jWn_CUbH02XMu6bEY-J7axGaNJTnVVUr0HCq9isGpnmkpGcnLSpAJJmqp1AX6q7_XF21n7_DvzM6IlyDZoGsJ6GdNjXGMkhyFXFWSxgql7ht67ECEbWUUM5o7lNr61pjHsQkFfivY2Uf1MgdD8TvNFYlMEd9i3qBQ_zK4IfG4tMhBvJBls54JcZIc2jr1yrasera5R3QJj5qW8Nm7yEu34ddOEXlxHgfhW3UfwTCSpN6r28o11Wj7k8.9BzY8hZDA0vqs_PHPEFLZX0w-ZPBwXc7eh8OVwJZdA4&dib_tag=se&keywords=%E3%82%A2%E3%83%AA%E3%83%BC%E3%83%8A+%E3%83%A1%E3%83%B3%E3%82%BA+%E6%B0%B4%E7%9D%80&qid=1784617346&refinements=p_90%3A3428068051%2Cp_n_g-101015233022111%3A24821512051&rnid=24821510051&sprefix=%E3%82%A2%E3%83%AA%E3%83%BC%E3%83%8A+%E3%83%A1%E3%83%B3%E3%82%BA+%E6%B0%B4%E7%9D%80%2Caps%2C325&sr=8-66&ufe=app_do%3Aamzn1.fos.35785624-70c4-44ae-a5c3-3f044f475d63&xpid=PK80Z_zVbJf9i,https://m.media-amazon.com/images/I/61XyHcQfi2L._AC_UL320_.jpg,"arena-トレーニング用-【TOUGHSUIT】-トレーニング向け-AS6FWM28M arena-トレーニング用-【TOUGHSUIT】-トレーニング向け-AS6FWM28M arena-トレーニング用-【TOUGHSUIT】-トレーニング向け-AS6FWM28M arena-トレーニング用-【TOUGHSUIT】-トレーニング向け-AS6FWM28M arena-トレーニング用-【TOUGHSUIT】-トレーニング向け-AS6FWM28M ARENA (アリーナ) 競泳水着 トレーニング用 メンズ 【TOUGHSUIT】 水泳 スイミング トレーニング向け 練習用 耐久性 AS6FWM28M 55ポイント(1%) ￥5,508 ￥ 5,508","B0GXJDQMC3,B0GXJJDSHS,B0GXJGXJCQ",
swimmingattireothers_20260721.csv,72,swimmingattireothers,SAFE,B0F8VFMQ1J,[アリーナ] 競泳水着 トレーニング用 メンズ 【TOUGHSUIT】 水泳 スイミング 練習用 トレーニング向け ショートレッグタイプ AS5FWM06M,,5986,category_allow,競泳水着,カテゴリ許可ワード一致(contains),https://www.amazon.co.jp/%E3%83%88%E3%83%AC%E3%83%BC%E3%83%8B%E3%83%B3%E3%82%B0%E7%94%A8-%E3%80%90TOUGHSUIT%E3%80%91-%E3%83%88%E3%83%AC%E3%83%BC%E3%83%8B%E3%83%B3%E3%82%B0%E5%90%91%E3%81%91-%E3%82%B7%E3%83%A7%E3%83%BC%E3%83%88%E3%83%AC%E3%83%83%E3%82%B0%E3%82%BF%E3%82%A4%E3%83%97-AS5FWM06M/dp/B0F8VFMQ1J/ref=sr_1_68?__mk_ja_JP=%E3%82%AB%E3%82%BF%E3%82%AB%E3%83%8A&crid=1VZWPQ7PCEW9L&dd=1G8INUDRiTN5hha909GVNQ%2C%2C&dib=eyJ2IjoiMSJ9.MnVDj0Db5a1QRaqdeKt6CW3CbOFQwoCC1XcRP71czr5bKTfAZAy0jWn_CUbH02XMu6bEY-J7axGaNJTnVVUr0HCq9isGpnmkpGcnLSpAJJmqp1AX6q7_XF21n7_DvzM6IlyDZoGsJ6GdNjXGMkhyFXFWSxgql7ht67ECEbWUUM5o7lNr61pjHsQkFfivY2Uf1MgdD8TvNFYlMEd9i3qBQ_zK4IfG4tMhBvJBls54JcZIc2jr1yrasera5R3QJj5qW8Nm7yEu34ddOEXlxHgfhW3UfwTCSpN6r28o11Wj7k8.9BzY8hZDA0vqs_PHPEFLZX0w-ZPBwXc7eh8OVwJZdA4&dib_tag=se&keywords=%E3%82%A2%E3%83%AA%E3%83%BC%E3%83%8A+%E3%83%A1%E3%83%B3%E3%82%BA+%E6%B0%B4%E7%9D%80&qid=1784617346&refinements=p_90%3A3428068051%2Cp_n_g-101015233022111%3A24821512051&rnid=24821510051&sprefix=%E3%82%A2%E3%83%AA%E3%83%BC%E3%83%8A+%E3%83%A1%E3%83%B3%E3%82%BA+%E6%B0%B4%E7%9D%80%2Caps%2C325&sr=8-68&ufe=app_do%3Aamzn1.fos.35785624-70c4-44ae-a5c3-3f044f475d63&xpid=PK80Z_zVbJf9i,https://m.media-amazon.com/images/I/61pX+HODRRL._AC_UL320_.jpg,"トレーニング用-【TOUGHSUIT】-トレーニング向け-ショートレッグタイプ-AS5FWM06M トレーニング用-【TOUGHSUIT】-トレーニング向け-ショートレッグタイプ-AS5FWM06M トレーニング用-【TOUGHSUIT】-トレーニング向け-ショートレッグタイプ-AS5FWM06M トレーニング用-【TOUGHSUIT】-トレーニング向け-ショートレッグタイプ-AS5FWM06M トレーニング用-【TOUGHSUIT】-トレーニング向け-ショートレッグタイプ-AS5FWM06M ARENA [アリーナ] 競泳水着 トレーニング用 メンズ 【TOUGHSUIT】 水泳 スイミング 練習用 トレーニング向け ショートレッグタイプ AS5FWM06M javascript:void(0) 5つ星のうち4.5 60ポイント(1%) トレーニング用-【TOUGHSUIT】-トレーニング向け-ショートレッグタイプ-AS5FWM06M ￥5,986 ￥ 5,986","B0F8VFMQ1J,B0F8VGP93G,B0F8VJSPMH,B0F8VH1Y7X",
swimmingattireothers_20260721.csv,73,swimmingattireothers,SAFE,B0G434TFSP,(アリーナ) 競泳水着 トレーニング用 メンズ 【TOUGHSUIT】 水泳 スイミング 耐久性 練習用 トレーニング向け ショートレッグ AS6SWMP2M,,5325,category_allow,競泳水着,カテゴリ許可ワード一致(contains),https://www.amazon.co.jp/%E3%83%88%E3%83%AC%E3%83%BC%E3%83%8B%E3%83%B3%E3%82%B0%E7%94%A8-%E3%80%90TOUGHSUIT%E3%80%91-%E3%83%88%E3%83%AC%E3%83%BC%E3%83%8B%E3%83%B3%E3%82%B0%E5%90%91%E3%81%91-%E3%82%B7%E3%83%A7%E3%83%BC%E3%83%88%E3%83%AC%E3%83%83%E3%82%B0-AS6SWMP2M/dp/B0G434TFSP/ref=sr_1_69?__mk_ja_JP=%E3%82%AB%E3%82%BF%E3%82%AB%E3%83%8A&crid=1VZWPQ7PCEW9L&dd=1G8INUDRiTN5hha909GVNQ%2C%2C&dib=eyJ2IjoiMSJ9.MnVDj0Db5a1QRaqdeKt6CW3CbOFQwoCC1XcRP71czr5bKTfAZAy0jWn_CUbH02XMu6bEY-J7axGaNJTnVVUr0HCq9isGpnmkpGcnLSpAJJmqp1AX6q7_XF21n7_DvzM6IlyDZoGsJ6GdNjXGMkhyFXFWSxgql7ht67ECEbWUUM5o7lNr61pjHsQkFfivY2Uf1MgdD8TvNFYlMEd9i3qBQ_zK4IfG4tMhBvJBls54JcZIc2jr1yrasera5R3QJj5qW8Nm7yEu34ddOEXlxHgfhW3UfwTCSpN6r28o11Wj7k8.9BzY8hZDA0vqs_PHPEFLZX0w-ZPBwXc7eh8OVwJZdA4&dib_tag=se&keywords=%E3%82%A2%E3%83%AA%E3%83%BC%E3%83%8A+%E3%83%A1%E3%83%B3%E3%82%BA+%E6%B0%B4%E7%9D%80&qid=1784617346&refinements=p_90%3A3428068051%2Cp_n_g-101015233022111%3A24821512051&rnid=24821510051&sprefix=%E3%82%A2%E3%83%AA%E3%83%BC%E3%83%8A+%E3%83%A1%E3%83%B3%E3%82%BA+%E6%B0%B4%E7%9D%80%2Caps%2C325&sr=8-69&ufe=app_do%3Aamzn1.fos.35785624-70c4-44ae-a5c3-3f044f475d63&xpid=PK80Z_zVbJf9i,https://m.media-amazon.com/images/I/71WYrwCHTeL._AC_UL320_.jpg,"トレーニング用-【TOUGHSUIT】-トレーニング向け-ショートレッグ-AS6SWMP2M トレーニング用-【TOUGHSUIT】-トレーニング向け-ショートレッグ-AS6SWMP2M トレーニング用-【TOUGHSUIT】-トレーニング向け-ショートレッグ-AS6SWMP2M トレーニング用-【TOUGHSUIT】-トレーニング向け-ショートレッグ-AS6SWMP2M トレーニング用-【TOUGHSUIT】-トレーニング向け-ショートレッグ-AS6SWMP2M ARENA (アリーナ) 競泳水着 トレーニング用 メンズ 【TOUGHSUIT】 水泳 スイミング 耐久性 練習用 トレーニング向け ショートレッグ AS6SWMP2M 53ポイント(1%) ￥5,325 ￥ 5,325","B0G434TFSP,B0G435ZMF4",
swimmingattireothers_20260721.csv,74,swimmingattireothers,SAFE,B0DNMGWLZ2,[アリーナ] 【選手着用モデル】 競泳水着 トレーニング用 メンズ 【TOUGHSUIT】 team チーム 練習用 トレーニング向け AS5SWM04M,,4852,category_allow,競泳水着,カテゴリ許可ワード一致(contains),https://www.amazon.co.jp/%E3%80%90%E9%81%B8%E6%89%8B%E7%9D%80%E7%94%A8%E3%83%A2%E3%83%87%E3%83%AB%E3%80%91-%E3%83%88%E3%83%AC%E3%83%BC%E3%83%8B%E3%83%B3%E3%82%B0%E7%94%A8-%E3%80%90TOUGHSUIT%E3%80%91-%E3%83%88%E3%83%AC%E3%83%BC%E3%83%8B%E3%83%B3%E3%82%B0%E5%90%91%E3%81%91-AS5SWM04M/dp/B0DNMGWLZ2/ref=sr_1_70?__mk_ja_JP=%E3%82%AB%E3%82%BF%E3%82%AB%E3%83%8A&crid=1VZWPQ7PCEW9L&dd=1G8INUDRiTN5hha909GVNQ%2C%2C&dib=eyJ2IjoiMSJ9.MnVDj0Db5a1QRaqdeKt6CW3CbOFQwoCC1XcRP71czr5bKTfAZAy0jWn_CUbH02XMu6bEY-J7axGaNJTnVVUr0HCq9isGpnmkpGcnLSpAJJmqp1AX6q7_XF21n7_DvzM6IlyDZoGsJ6GdNjXGMkhyFXFWSxgql7ht67ECEbWUUM5o7lNr61pjHsQkFfivY2Uf1MgdD8TvNFYlMEd9i3qBQ_zK4IfG4tMhBvJBls54JcZIc2jr1yrasera5R3QJj5qW8Nm7yEu34ddOEXlxHgfhW3UfwTCSpN6r28o11Wj7k8.9BzY8hZDA0vqs_PHPEFLZX0w-ZPBwXc7eh8OVwJZdA4&dib_tag=se&keywords=%E3%82%A2%E3%83%AA%E3%83%BC%E3%83%8A+%E3%83%A1%E3%83%B3%E3%82%BA+%E6%B0%B4%E7%9D%80&qid=1784617346&refinements=p_90%3A3428068051%2Cp_n_g-101015233022111%3A24821512051&rnid=24821510051&sprefix=%E3%82%A2%E3%83%AA%E3%83%BC%E3%83%8A+%E3%83%A1%E3%83%B3%E3%82%BA+%E6%B0%B4%E7%9D%80%2Caps%2C325&sr=8-70&ufe=app_do%3Aamzn1.fos.35785624-70c4-44ae-a5c3-3f044f475d63&xpid=PK80Z_zVbJf9i,https://m.media-amazon.com/images/I/61yDSoyXtRL._AC_UL320_.jpg,"【選手着用モデル】-トレーニング用-【TOUGHSUIT】-トレーニング向け-AS5SWM04M 【選手着用モデル】-トレーニング用-【TOUGHSUIT】-トレーニング向け-AS5SWM04M 【選手着用モデル】-トレーニング用-【TOUGHSUIT】-トレーニング向け-AS5SWM04M 【選手着用モデル】-トレーニング用-【TOUGHSUIT】-トレーニング向け-AS5SWM04M 【選手着用モデル】-トレーニング用-【TOUGHSUIT】-トレーニング向け-AS5SWM04M ARENA 【選手着用モデル】-トレーニング用-【TOUGHSUIT】-トレーニング向け-AS5SWM04M [アリーナ] 【選手着用モデル】 競泳水着 トレーニング用 メンズ 【TOUGHSUIT】 team チーム 練習用 トレーニング向け AS5SWM04M javascript:void(0) 5つ星のうち4.9 ￥4,852 ￥ 4,852","B0DNMGWLZ2,B0DNMJMB4B,B0DNMJWSS7",
swimmingattireothers_20260721.csv,75,swimmingattireothers,SAFE,B0GXJ7HD8R,(アリーナ) 競泳水着 トレーニング用 メンズ 【TOUGHSUIT】 水泳 スイミング トレーニング向け 練習用 耐久性 AS6FWM34M,,5808,category_allow,競泳水着,カテゴリ許可ワード一致(contains),https://www.amazon.co.jp/arena-%E3%83%88%E3%83%AC%E3%83%BC%E3%83%8B%E3%83%B3%E3%82%B0%E7%94%A8-%E3%80%90TOUGHSUIT%E3%80%91-%E3%83%88%E3%83%AC%E3%83%BC%E3%83%8B%E3%83%B3%E3%82%B0%E5%90%91%E3%81%91-AS6FWM34M/dp/B0GXJ7HD8R/ref=sr_1_71?__mk_ja_JP=%E3%82%AB%E3%82%BF%E3%82%AB%E3%83%8A&crid=1VZWPQ7PCEW9L&dd=1G8INUDRiTN5hha909GVNQ%2C%2C&dib=eyJ2IjoiMSJ9.MnVDj0Db5a1QRaqdeKt6CW3CbOFQwoCC1XcRP71czr5bKTfAZAy0jWn_CUbH02XMu6bEY-J7axGaNJTnVVUr0HCq9isGpnmkpGcnLSpAJJmqp1AX6q7_XF21n7_DvzM6IlyDZoGsJ6GdNjXGMkhyFXFWSxgql7ht67ECEbWUUM5o7lNr61pjHsQkFfivY2Uf1MgdD8TvNFYlMEd9i3qBQ_zK4IfG4tMhBvJBls54JcZIc2jr1yrasera5R3QJj5qW8Nm7yEu34ddOEXlxHgfhW3UfwTCSpN6r28o11Wj7k8.9BzY8hZDA0vqs_PHPEFLZX0w-ZPBwXc7eh8OVwJZdA4&dib_tag=se&keywords=%E3%82%A2%E3%83%AA%E3%83%BC%E3%83%8A+%E3%83%A1%E3%83%B3%E3%82%BA+%E6%B0%B4%E7%9D%80&qid=1784617346&refinements=p_90%3A3428068051%2Cp_n_g-101015233022111%3A24821512051&rnid=24821510051&sprefix=%E3%82%A2%E3%83%AA%E3%83%BC%E3%83%8A+%E3%83%A1%E3%83%B3%E3%82%BA+%E6%B0%B4%E7%9D%80%2Caps%2C325&sr=8-71&ufe=app_do%3Aamzn1.fos.35785624-70c4-44ae-a5c3-3f044f475d63&xpid=PK80Z_zVbJf9i,https://m.media-amazon.com/images/I/61zogh+rLHL._AC_UL320_.jpg,"arena-トレーニング用-【TOUGHSUIT】-トレーニング向け-AS6FWM34M arena-トレーニング用-【TOUGHSUIT】-トレーニング向け-AS6FWM34M arena-トレーニング用-【TOUGHSUIT】-トレーニング向け-AS6FWM34M arena-トレーニング用-【TOUGHSUIT】-トレーニング向け-AS6FWM34M arena-トレーニング用-【TOUGHSUIT】-トレーニング向け-AS6FWM34M ARENA arena-トレーニング用-【TOUGHSUIT】-トレーニング向け-AS6FWM34M (アリーナ) 競泳水着 トレーニング用 メンズ 【TOUGHSUIT】 水泳 スイミング トレーニング向け 練習用 耐久性 AS6FWM34M 58ポイント(1%) ￥5,808 ￥ 5,808","B0GXJ7HD8R,B0GXJ6GNRR,B0GXJ78HSS",
swimmingattireothers_20260721.csv,76,swimmingattireothers,SAFE,B0G42QDK9T,【WA承認】arena(アリーナ) 競泳水着 レース用 メンズ 【AQUA ADVANCED】 水泳 スイミング 中級者向け ニット素材 AS6SRC45M,,7511,category_allow,競泳水着,カテゴリ許可ワード一致(contains),https://www.amazon.co.jp/%E3%80%90WA%E6%89%BF%E8%AA%8D%E3%80%91arena-%E3%80%90AQUA-ADVANCED%E3%80%91-%E3%82%B9%E3%82%A4%E3%83%9F%E3%83%B3%E3%82%B0-AS6SRC45M/dp/B0G42QDK9T/ref=sr_1_72?__mk_ja_JP=%E3%82%AB%E3%82%BF%E3%82%AB%E3%83%8A&crid=1VZWPQ7PCEW9L&dd=1G8INUDRiTN5hha909GVNQ%2C%2C&dib=eyJ2IjoiMSJ9.MnVDj0Db5a1QRaqdeKt6CW3CbOFQwoCC1XcRP71czr5bKTfAZAy0jWn_CUbH02XMu6bEY-J7axGaNJTnVVUr0HCq9isGpnmkpGcnLSpAJJmqp1AX6q7_XF21n7_DvzM6IlyDZoGsJ6GdNjXGMkhyFXFWSxgql7ht67ECEbWUUM5o7lNr61pjHsQkFfivY2Uf1MgdD8TvNFYlMEd9i3qBQ_zK4IfG4tMhBvJBls54JcZIc2jr1yrasera5R3QJj5qW8Nm7yEu34ddOEXlxHgfhW3UfwTCSpN6r28o11Wj7k8.9BzY8hZDA0vqs_PHPEFLZX0w-ZPBwXc7eh8OVwJZdA4&dib_tag=se&keywords=%E3%82%A2%E3%83%AA%E3%83%BC%E3%83%8A+%E3%83%A1%E3%83%B3%E3%82%BA+%E6%B0%B4%E7%9D%80&qid=1784617346&refinements=p_90%3A3428068051%2Cp_n_g-101015233022111%3A24821512051&rnid=24821510051&sprefix=%E3%82%A2%E3%83%AA%E3%83%BC%E3%83%8A+%E3%83%A1%E3%83%B3%E3%82%BA+%E6%B0%B4%E7%9D%80%2Caps%2C325&sr=8-72&ufe=app_do%3Aamzn1.fos.35785624-70c4-44ae-a5c3-3f044f475d63&xpid=PK80Z_zVbJf9i,https://m.media-amazon.com/images/I/51d3lqFMZkL._AC_UL320_.jpg,"【WA承認】arena-【AQUA-ADVANCED】-スイミング-AS6SRC45M 【WA承認】arena-【AQUA-ADVANCED】-スイミング-AS6SRC45M 【WA承認】arena-【AQUA-ADVANCED】-スイミング-AS6SRC45M 【WA承認】arena-【AQUA-ADVANCED】-スイミング-AS6SRC45M 【WA承認】arena-【AQUA-ADVANCED】-スイミング-AS6SRC45M ARENA 【WA承認】arena-【AQUA-ADVANCED】-スイミング-AS6SRC45M 【WA承認】arena(アリーナ) 競泳水着 レース用 メンズ 【AQUA ADVANCED】 水泳 スイミング 中級者向け ニット素材 AS6SRC45M 過去: ￥7,511 ￥ 7,511 過去: ￥7,898 ￥7,898 ￥7,898","B0G42QDK9T,B0G42W5XM9,B0G42V4BJ7",
swimmingattireothers_20260721.csv,77,swimmingattireothers,SAFE,B0GXJFS899,(アリーナ) 競泳水着 トレーニング用 メンズ 【TOUGHSUIT】 水泳 スイミング トレーニング向け 練習用 耐久性 AS6FWM41M,,5751,category_allow,競泳水着,カテゴリ許可ワード一致(contains),https://www.amazon.co.jp/arena-%E3%83%88%E3%83%AC%E3%83%BC%E3%83%8B%E3%83%B3%E3%82%B0%E7%94%A8-%E3%80%90TOUGHSUIT%E3%80%91-%E3%83%88%E3%83%AC%E3%83%BC%E3%83%8B%E3%83%B3%E3%82%B0%E5%90%91%E3%81%91-AS6FWM41M/dp/B0GXJFS899/ref=sr_1_73?__mk_ja_JP=%E3%82%AB%E3%82%BF%E3%82%AB%E3%83%8A&crid=1VZWPQ7PCEW9L&dd=1G8INUDRiTN5hha909GVNQ%2C%2C&dib=eyJ2IjoiMSJ9.MnVDj0Db5a1QRaqdeKt6CW3CbOFQwoCC1XcRP71czr5bKTfAZAy0jWn_CUbH02XMu6bEY-J7axGaNJTnVVUr0HCq9isGpnmkpGcnLSpAJJmqp1AX6q7_XF21n7_DvzM6IlyDZoGsJ6GdNjXGMkhyFXFWSxgql7ht67ECEbWUUM5o7lNr61pjHsQkFfivY2Uf1MgdD8TvNFYlMEd9i3qBQ_zK4IfG4tMhBvJBls54JcZIc2jr1yrasera5R3QJj5qW8Nm7yEu34ddOEXlxHgfhW3UfwTCSpN6r28o11Wj7k8.9BzY8hZDA0vqs_PHPEFLZX0w-ZPBwXc7eh8OVwJZdA4&dib_tag=se&keywords=%E3%82%A2%E3%83%AA%E3%83%BC%E3%83%8A+%E3%83%A1%E3%83%B3%E3%82%BA+%E6%B0%B4%E7%9D%80&qid=1784617346&refinements=p_90%3A3428068051%2Cp_n_g-101015233022111%3A24821512051&rnid=24821510051&sprefix=%E3%82%A2%E3%83%AA%E3%83%BC%E3%83%8A+%E3%83%A1%E3%83%B3%E3%82%BA+%E6%B0%B4%E7%9D%80%2Caps%2C325&sr=8-73&ufe=app_do%3Aamzn1.fos.35785624-70c4-44ae-a5c3-3f044f475d63&xpid=PK80Z_zVbJf9i,https://m.media-amazon.com/images/I/61Ee7tzEVbL._AC_UL320_.jpg,"arena-トレーニング用-【TOUGHSUIT】-トレーニング向け-AS6FWM41M arena-トレーニング用-【TOUGHSUIT】-トレーニング向け-AS6FWM41M arena-トレーニング用-【TOUGHSUIT】-トレーニング向け-AS6FWM41M arena-トレーニング用-【TOUGHSUIT】-トレーニング向け-AS6FWM41M arena-トレーニング用-【TOUGHSUIT】-トレーニング向け-AS6FWM41M ARENA arena-トレーニング用-【TOUGHSUIT】-トレーニング向け-AS6FWM41M (アリーナ) 競泳水着 トレーニング用 メンズ 【TOUGHSUIT】 水泳 スイミング トレーニング向け 練習用 耐久性 AS6FWM41M 58ポイント(1%) ￥5,751 ￥ 5,751","B0GXJFS899,B0GXJJRCHH,B0GXJ6GNWD",
swimmingattireothers_20260721.csv,78,swimmingattireothers,SAFE,B0G41YTMHH,(アリーナ) フィットネス水着 メンズ 【AQUA EXA】 水泳 スイミング はっ水 AS6SWF65M,,4769,category_allow,フィットネス水着,カテゴリ許可ワード一致(contains),https://www.amazon.co.jp/arena-%E3%83%95%E3%82%A3%E3%83%83%E3%83%88%E3%83%8D%E3%82%B9%E6%B0%B4%E7%9D%80-%E3%80%90AQUA-%E3%82%B9%E3%82%A4%E3%83%9F%E3%83%B3%E3%82%B0-AS6SWF65M/dp/B0G41YTMHH/ref=sr_1_74?__mk_ja_JP=%E3%82%AB%E3%82%BF%E3%82%AB%E3%83%8A&crid=1VZWPQ7PCEW9L&dd=1G8INUDRiTN5hha909GVNQ%2C%2C&dib=eyJ2IjoiMSJ9.MnVDj0Db5a1QRaqdeKt6CW3CbOFQwoCC1XcRP71czr5bKTfAZAy0jWn_CUbH02XMu6bEY-J7axGaNJTnVVUr0HCq9isGpnmkpGcnLSpAJJmqp1AX6q7_XF21n7_DvzM6IlyDZoGsJ6GdNjXGMkhyFXFWSxgql7ht67ECEbWUUM5o7lNr61pjHsQkFfivY2Uf1MgdD8TvNFYlMEd9i3qBQ_zK4IfG4tMhBvJBls54JcZIc2jr1yrasera5R3QJj5qW8Nm7yEu34ddOEXlxHgfhW3UfwTCSpN6r28o11Wj7k8.9BzY8hZDA0vqs_PHPEFLZX0w-ZPBwXc7eh8OVwJZdA4&dib_tag=se&keywords=%E3%82%A2%E3%83%AA%E3%83%BC%E3%83%8A+%E3%83%A1%E3%83%B3%E3%82%BA+%E6%B0%B4%E7%9D%80&qid=1784617346&refinements=p_90%3A3428068051%2Cp_n_g-101015233022111%3A24821512051&rnid=24821510051&sprefix=%E3%82%A2%E3%83%AA%E3%83%BC%E3%83%8A+%E3%83%A1%E3%83%B3%E3%82%BA+%E6%B0%B4%E7%9D%80%2Caps%2C325&sr=8-74&ufe=app_do%3Aamzn1.fos.35785624-70c4-44ae-a5c3-3f044f475d63&xpid=PK80Z_zVbJf9i,https://m.media-amazon.com/images/I/51PevRVtJUL._AC_UL320_.jpg,"arena-フィットネス水着-【AQUA-スイミング-AS6SWF65M arena-フィットネス水着-【AQUA-スイミング-AS6SWF65M arena-フィットネス水着-【AQUA-スイミング-AS6SWF65M arena-フィットネス水着-【AQUA-スイミング-AS6SWF65M arena-フィットネス水着-【AQUA-スイミング-AS6SWF65M ARENA arena-フィットネス水着-【AQUA-スイミング-AS6SWF65M (アリーナ) フィットネス水着 メンズ 【AQUA EXA】 水泳 スイミング はっ水 AS6SWF65M 48ポイント(1%) ￥4,769 ￥ 4,769","B0G41YTMHH,B0G42XFL7Y,B0G436CZ4X,B0G431QBN6",
swimmingattireothers_20260721.csv,79,swimmingattireothers,SAFE,B0G42ZLSC5,(アリーナ) 競泳水着 トレーニング用 メンズ 【TOUGHSUIT】 水泳 スイミング 耐久性 練習用 トレーニング向け ショートレッグ AS6SWM22M,,5587,category_allow,競泳水着,カテゴリ許可ワード一致(contains),https://www.amazon.co.jp/%E3%83%88%E3%83%AC%E3%83%BC%E3%83%8B%E3%83%B3%E3%82%B0%E7%94%A8-%E3%80%90TOUGHSUIT%E3%80%91-%E3%83%88%E3%83%AC%E3%83%BC%E3%83%8B%E3%83%B3%E3%82%B0%E5%90%91%E3%81%91-%E3%82%B7%E3%83%A7%E3%83%BC%E3%83%88%E3%83%AC%E3%83%83%E3%82%B0-AS6SWM22M/dp/B0G42ZLSC5/ref=sr_1_75?__mk_ja_JP=%E3%82%AB%E3%82%BF%E3%82%AB%E3%83%8A&crid=1VZWPQ7PCEW9L&dd=1G8INUDRiTN5hha909GVNQ%2C%2C&dib=eyJ2IjoiMSJ9.MnVDj0Db5a1QRaqdeKt6CW3CbOFQwoCC1XcRP71czr5bKTfAZAy0jWn_CUbH02XMu6bEY-J7axGaNJTnVVUr0HCq9isGpnmkpGcnLSpAJJmqp1AX6q7_XF21n7_DvzM6IlyDZoGsJ6GdNjXGMkhyFXFWSxgql7ht67ECEbWUUM5o7lNr61pjHsQkFfivY2Uf1MgdD8TvNFYlMEd9i3qBQ_zK4IfG4tMhBvJBls54JcZIc2jr1yrasera5R3QJj5qW8Nm7yEu34ddOEXlxHgfhW3UfwTCSpN6r28o11Wj7k8.9BzY8hZDA0vqs_PHPEFLZX0w-ZPBwXc7eh8OVwJZdA4&dib_tag=se&keywords=%E3%82%A2%E3%83%AA%E3%83%BC%E3%83%8A+%E3%83%A1%E3%83%B3%E3%82%BA+%E6%B0%B4%E7%9D%80&qid=1784617346&refinements=p_90%3A3428068051%2Cp_n_g-101015233022111%3A24821512051&rnid=24821510051&sprefix=%E3%82%A2%E3%83%AA%E3%83%BC%E3%83%8A+%E3%83%A1%E3%83%B3%E3%82%BA+%E6%B0%B4%E7%9D%80%2Caps%2C325&sr=8-75&ufe=app_do%3Aamzn1.fos.35785624-70c4-44ae-a5c3-3f044f475d63&xpid=PK80Z_zVbJf9i,https://m.media-amazon.com/images/I/61pN9VVnftL._AC_UL320_.jpg,"トレーニング用-【TOUGHSUIT】-トレーニング向け-ショートレッグ-AS6SWM22M トレーニング用-【TOUGHSUIT】-トレーニング向け-ショートレッグ-AS6SWM22M トレーニング用-【TOUGHSUIT】-トレーニング向け-ショートレッグ-AS6SWM22M トレーニング用-【TOUGHSUIT】-トレーニング向け-ショートレッグ-AS6SWM22M トレーニング用-【TOUGHSUIT】-トレーニング向け-ショートレッグ-AS6SWM22M ARENA トレーニング用-【TOUGHSUIT】-トレーニング向け-ショートレッグ-AS6SWM22M (アリーナ) 競泳水着 トレーニング用 メンズ 【TOUGHSUIT】 水泳 スイミング 耐久性 練習用 トレーニング向け ショートレッグ AS6SWM22M javascript:void(0) 5つ星のうち1.0 56ポイント(1%) ￥5,587 ￥ 5,587","B0G42ZLSC5,B0G422M7T6,B0G436JX1H",
swimmingattireothers_20260721.csv,80,swimmingattireothers,SAFE,B0G431YFBS,(アリーナ) 競泳水着 トレーニング用 メンズ 【TOUGHSUIT】 水泳 スイミング 耐久性 ハーフレッグ 練習用 トレーニング向け AS6SWM20M,,5851,category_allow,競泳水着,カテゴリ許可ワード一致(contains),https://www.amazon.co.jp/%E3%83%88%E3%83%AC%E3%83%BC%E3%83%8B%E3%83%B3%E3%82%B0%E7%94%A8-%E3%80%90TOUGHSUIT%E3%80%91-%E3%83%8F%E3%83%BC%E3%83%95%E3%83%AC%E3%83%83%E3%82%B0-%E3%83%88%E3%83%AC%E3%83%BC%E3%83%8B%E3%83%B3%E3%82%B0%E5%90%91%E3%81%91-AS6SWM20M/dp/B0G431YFBS/ref=sr_1_76?__mk_ja_JP=%E3%82%AB%E3%82%BF%E3%82%AB%E3%83%8A&crid=1VZWPQ7PCEW9L&dd=1G8INUDRiTN5hha909GVNQ%2C%2C&dib=eyJ2IjoiMSJ9.MnVDj0Db5a1QRaqdeKt6CW3CbOFQwoCC1XcRP71czr5bKTfAZAy0jWn_CUbH02XMu6bEY-J7axGaNJTnVVUr0HCq9isGpnmkpGcnLSpAJJmqp1AX6q7_XF21n7_DvzM6IlyDZoGsJ6GdNjXGMkhyFXFWSxgql7ht67ECEbWUUM5o7lNr61pjHsQkFfivY2Uf1MgdD8TvNFYlMEd9i3qBQ_zK4IfG4tMhBvJBls54JcZIc2jr1yrasera5R3QJj5qW8Nm7yEu34ddOEXlxHgfhW3UfwTCSpN6r28o11Wj7k8.9BzY8hZDA0vqs_PHPEFLZX0w-ZPBwXc7eh8OVwJZdA4&dib_tag=se&keywords=%E3%82%A2%E3%83%AA%E3%83%BC%E3%83%8A+%E3%83%A1%E3%83%B3%E3%82%BA+%E6%B0%B4%E7%9D%80&qid=1784617346&refinements=p_90%3A3428068051%2Cp_n_g-101015233022111%3A24821512051&rnid=24821510051&sprefix=%E3%82%A2%E3%83%AA%E3%83%BC%E3%83%8A+%E3%83%A1%E3%83%B3%E3%82%BA+%E6%B0%B4%E7%9D%80%2Caps%2C325&sr=8-76&ufe=app_do%3Aamzn1.fos.35785624-70c4-44ae-a5c3-3f044f475d63&xpid=PK80Z_zVbJf9i,https://m.media-amazon.com/images/I/51TI755U2kL._AC_UL320_.jpg,"トレーニング用-【TOUGHSUIT】-ハーフレッグ-トレーニング向け-AS6SWM20M トレーニング用-【TOUGHSUIT】-ハーフレッグ-トレーニング向け-AS6SWM20M トレーニング用-【TOUGHSUIT】-ハーフレッグ-トレーニング向け-AS6SWM20M トレーニング用-【TOUGHSUIT】-ハーフレッグ-トレーニング向け-AS6SWM20M トレーニング用-【TOUGHSUIT】-ハーフレッグ-トレーニング向け-AS6SWM20M ARENA トレーニング用-【TOUGHSUIT】-ハーフレッグ-トレーニング向け-AS6SWM20M (アリーナ) 競泳水着 トレーニング用 メンズ 【TOUGHSUIT】 水泳 スイミング 耐久性 ハーフレッグ 練習用 トレーニング向け AS6SWM20M 過去: ￥5,851 ￥ 5,851 過去: ￥7,093 ￥7,093 ￥7,093","B0G431YFBS,B0G432G49V,B0G434LNBS,B0G435H3WK",
swimmingattireothers_20260721.csv,81,swimmingattireothers,SAFE,B0G42Z9WLF,【WA承認】arena(アリーナ) 競泳水着 レース用 メンズ 【AQUA ADVANCED】 水泳 スイミング 中級者向け ニット素材 AS6SRC27M,,9210,category_allow,競泳水着,カテゴリ許可ワード一致(contains),https://www.amazon.co.jp/%E3%80%90WA%E6%89%BF%E8%AA%8D%E3%80%91arena-%E3%80%90AQUA-ADVANCED%E3%80%91-SS%E3%82%B5%E3%82%A4%E3%82%BA-AS6SRC27M/dp/B0G42Z9WLF/ref=sr_1_77?__mk_ja_JP=%E3%82%AB%E3%82%BF%E3%82%AB%E3%83%8A&crid=1VZWPQ7PCEW9L&dd=1G8INUDRiTN5hha909GVNQ%2C%2C&dib=eyJ2IjoiMSJ9.MnVDj0Db5a1QRaqdeKt6CW3CbOFQwoCC1XcRP71czr5bKTfAZAy0jWn_CUbH02XMu6bEY-J7axGaNJTnVVUr0HCq9isGpnmkpGcnLSpAJJmqp1AX6q7_XF21n7_DvzM6IlyDZoGsJ6GdNjXGMkhyFXFWSxgql7ht67ECEbWUUM5o7lNr61pjHsQkFfivY2Uf1MgdD8TvNFYlMEd9i3qBQ_zK4IfG4tMhBvJBls54JcZIc2jr1yrasera5R3QJj5qW8Nm7yEu34ddOEXlxHgfhW3UfwTCSpN6r28o11Wj7k8.9BzY8hZDA0vqs_PHPEFLZX0w-ZPBwXc7eh8OVwJZdA4&dib_tag=se&keywords=%E3%82%A2%E3%83%AA%E3%83%BC%E3%83%8A+%E3%83%A1%E3%83%B3%E3%82%BA+%E6%B0%B4%E7%9D%80&qid=1784617346&refinements=p_90%3A3428068051%2Cp_n_g-101015233022111%3A24821512051&rnid=24821510051&sprefix=%E3%82%A2%E3%83%AA%E3%83%BC%E3%83%8A+%E3%83%A1%E3%83%B3%E3%82%BA+%E6%B0%B4%E7%9D%80%2Caps%2C325&sr=8-77&ufe=app_do%3Aamzn1.fos.35785624-70c4-44ae-a5c3-3f044f475d63&xpid=PK80Z_zVbJf9i,https://m.media-amazon.com/images/I/51rEnGN-Q-L._AC_UL320_.jpg,"【WA承認】arena-【AQUA-ADVANCED】-SSサイズ-AS6SRC27M 【WA承認】arena-【AQUA-ADVANCED】-SSサイズ-AS6SRC27M 【WA承認】arena-【AQUA-ADVANCED】-SSサイズ-AS6SRC27M 【WA承認】arena-【AQUA-ADVANCED】-SSサイズ-AS6SRC27M 【WA承認】arena-【AQUA-ADVANCED】-SSサイズ-AS6SRC27M ARENA 【WA承認】arena-【AQUA-ADVANCED】-SSサイズ-AS6SRC27M 【WA承認】arena(アリーナ) 競泳水着 レース用 メンズ 【AQUA ADVANCED】 水泳 スイミング 中級者向け ニット素材 AS6SRC27M javascript:void(0) 5つ星のうち5.0 92ポイント(1%) ￥9,210 ￥ 9,210","B0G42Z9WLF,B0G42W5LH5,B0G42QHC6Z,B0G42W65VR",
swimmingattireothers_20260721.csv,82,swimmingattireothers,SAFE,B0DNQ2Q8W4,[アリーナ] 【選手着用モデル】 競泳水着 トレーニング用 メンズ 【TOUGHSUIT】 team チーム 練習用 トレーニング向け AS5SWM05M,,4382,category_allow,競泳水着,カテゴリ許可ワード一致(contains),https://www.amazon.co.jp/%E3%80%90%E9%81%B8%E6%89%8B%E7%9D%80%E7%94%A8%E3%83%A2%E3%83%87%E3%83%AB%E3%80%91-%E3%83%88%E3%83%AC%E3%83%BC%E3%83%8B%E3%83%B3%E3%82%B0%E7%94%A8-%E3%80%90TOUGHSUIT%E3%80%91-%E3%83%88%E3%83%AC%E3%83%BC%E3%83%8B%E3%83%B3%E3%82%B0%E5%90%91%E3%81%91-AS5SWM05M/dp/B0DNQ2Q8W4/ref=sr_1_78?__mk_ja_JP=%E3%82%AB%E3%82%BF%E3%82%AB%E3%83%8A&crid=1VZWPQ7PCEW9L&dd=1G8INUDRiTN5hha909GVNQ%2C%2C&dib=eyJ2IjoiMSJ9.MnVDj0Db5a1QRaqdeKt6CW3CbOFQwoCC1XcRP71czr5bKTfAZAy0jWn_CUbH02XMu6bEY-J7axGaNJTnVVUr0HCq9isGpnmkpGcnLSpAJJmqp1AX6q7_XF21n7_DvzM6IlyDZoGsJ6GdNjXGMkhyFXFWSxgql7ht67ECEbWUUM5o7lNr61pjHsQkFfivY2Uf1MgdD8TvNFYlMEd9i3qBQ_zK4IfG4tMhBvJBls54JcZIc2jr1yrasera5R3QJj5qW8Nm7yEu34ddOEXlxHgfhW3UfwTCSpN6r28o11Wj7k8.9BzY8hZDA0vqs_PHPEFLZX0w-ZPBwXc7eh8OVwJZdA4&dib_tag=se&keywords=%E3%82%A2%E3%83%AA%E3%83%BC%E3%83%8A+%E3%83%A1%E3%83%B3%E3%82%BA+%E6%B0%B4%E7%9D%80&qid=1784617346&refinements=p_90%3A3428068051%2Cp_n_g-101015233022111%3A24821512051&rnid=24821510051&sprefix=%E3%82%A2%E3%83%AA%E3%83%BC%E3%83%8A+%E3%83%A1%E3%83%B3%E3%82%BA+%E6%B0%B4%E7%9D%80%2Caps%2C325&sr=8-78&ufe=app_do%3Aamzn1.fos.35785624-70c4-44ae-a5c3-3f044f475d63&xpid=PK80Z_zVbJf9i,https://m.media-amazon.com/images/I/51B2fCMWNDL._AC_UL320_.jpg,"【選手着用モデル】-トレーニング用-【TOUGHSUIT】-トレーニング向け-AS5SWM05M 【選手着用モデル】-トレーニング用-【TOUGHSUIT】-トレーニング向け-AS5SWM05M 【選手着用モデル】-トレーニング用-【TOUGHSUIT】-トレーニング向け-AS5SWM05M 【選手着用モデル】-トレーニング用-【TOUGHSUIT】-トレーニング向け-AS5SWM05M 【選手着用モデル】-トレーニング用-【TOUGHSUIT】-トレーニング向け-AS5SWM05M ARENA 【選手着用モデル】-トレーニング用-【TOUGHSUIT】-トレーニング向け-AS5SWM05M [アリーナ] 【選手着用モデル】 競泳水着 トレーニング用 メンズ 【TOUGHSUIT】 team チーム 練習用 トレーニング向け AS5SWM05M javascript:void(0) 5つ星のうち4.5 【選手着用モデル】-トレーニング用-【TOUGHSUIT】-トレーニング向け-AS5SWM05M ￥4,382 ￥ 4,382","B0DNQ2Q8W4,B0DNMJ624S,B0DNMKPBBW,B0DNMMC8TP,B0DNMJB5ZC",
swimmingattireothers_20260721.csv,83,swimmingattireothers,SAFE,B0DNQ2MH8D,【FINA承認】arena(アリーナ) 競泳水着 レース用メンズ 【AQUA RACING】 マスターズSP 初心者~トップスイマー向け ARN-2052M,,6443,category_allow,競泳水着,カテゴリ許可ワード一致(contains),https://www.amazon.co.jp/%E3%82%A2%E3%83%AA%E3%83%BC%E3%83%8A-%E3%80%90WA%E6%89%BF%E8%AA%8D%E3%80%91-RACING%E3%80%91-AQUASTRIPE-D-ARN-2052ME/dp/B0DNQ2MH8D/ref=sr_1_79?__mk_ja_JP=%E3%82%AB%E3%82%BF%E3%82%AB%E3%83%8A&crid=1VZWPQ7PCEW9L&dd=1G8INUDRiTN5hha909GVNQ%2C%2C&dib=eyJ2IjoiMSJ9.MnVDj0Db5a1QRaqdeKt6CW3CbOFQwoCC1XcRP71czr5bKTfAZAy0jWn_CUbH02XMu6bEY-J7axGaNJTnVVUr0HCq9isGpnmkpGcnLSpAJJmqp1AX6q7_XF21n7_DvzM6IlyDZoGsJ6GdNjXGMkhyFXFWSxgql7ht67ECEbWUUM5o7lNr61pjHsQkFfivY2Uf1MgdD8TvNFYlMEd9i3qBQ_zK4IfG4tMhBvJBls54JcZIc2jr1yrasera5R3QJj5qW8Nm7yEu34ddOEXlxHgfhW3UfwTCSpN6r28o11Wj7k8.9BzY8hZDA0vqs_PHPEFLZX0w-ZPBwXc7eh8OVwJZdA4&dib_tag=se&keywords=%E3%82%A2%E3%83%AA%E3%83%BC%E3%83%8A+%E3%83%A1%E3%83%B3%E3%82%BA+%E6%B0%B4%E7%9D%80&qid=1784617346&refinements=p_90%3A3428068051%2Cp_n_g-101015233022111%3A24821512051&rnid=24821510051&sprefix=%E3%82%A2%E3%83%AA%E3%83%BC%E3%83%8A+%E3%83%A1%E3%83%B3%E3%82%BA+%E6%B0%B4%E7%9D%80%2Caps%2C325&sr=8-79&ufe=app_do%3Aamzn1.fos.35785624-70c4-44ae-a5c3-3f044f475d63&xpid=PK80Z_zVbJf9i,https://m.media-amazon.com/images/I/51EkiC-DyAL._AC_UL320_.jpg,"アリーナ-【WA承認】-RACING】-AQUASTRIPE-D-ARN-2052ME アリーナ-【WA承認】-RACING】-AQUASTRIPE-D-ARN-2052ME アリーナ-【WA承認】-RACING】-AQUASTRIPE-D-ARN-2052ME アリーナ-【WA承認】-RACING】-AQUASTRIPE-D-ARN-2052ME アリーナ-【WA承認】-RACING】-AQUASTRIPE-D-ARN-2052ME ARENA アリーナ-【WA承認】-RACING】-AQUASTRIPE-D-ARN-2052ME 【FINA承認】arena(アリーナ) 競泳水着 レース用メンズ 【AQUA RACING】 マスターズSP 初心者~トップスイマー向け ARN-2052M javascript:void(0) 5つ星のうち4.1 64ポイント(1%) アリーナ-【WA承認】-RACING】-AQUASTRIPE-D-ARN-2052ME ￥6,443 ￥ 6,443","B0DNQ2MH8D,B002NQP5PY,B0DNPM6B4N,B002NQNEAW,B002NQHHGE",
swimmingattireothers_20260721.csv,84,swimmingattireothers,SAFE,B00NOZ5IZ0,[アリーナ] 競泳水着 トレーニング用 メンズ/ボーイズ 【TOUGHSUIT】 水泳 スイミング くん 練習用 トレーニング向け,,5527,category_allow,競泳水着,カテゴリ許可ワード一致(contains),https://www.amazon.co.jp/%E3%82%A2%E3%83%AA%E3%83%BC%E3%83%8A-%E3%83%88%E3%83%AC%E3%83%BC%E3%83%8B%E3%83%B3%E3%82%B0%E7%94%A8-%E3%80%90TOUGHSUIT%E3%80%91-%E3%83%88%E3%83%AC%E3%83%BC%E3%83%8B%E3%83%B3%E3%82%B0%E5%90%91%E3%81%91-SAR-4110/dp/B00NOZ5IZ0/ref=sr_1_80?__mk_ja_JP=%E3%82%AB%E3%82%BF%E3%82%AB%E3%83%8A&crid=1VZWPQ7PCEW9L&dd=1G8INUDRiTN5hha909GVNQ%2C%2C&dib=eyJ2IjoiMSJ9.MnVDj0Db5a1QRaqdeKt6CW3CbOFQwoCC1XcRP71czr5bKTfAZAy0jWn_CUbH02XMu6bEY-J7axGaNJTnVVUr0HCq9isGpnmkpGcnLSpAJJmqp1AX6q7_XF21n7_DvzM6IlyDZoGsJ6GdNjXGMkhyFXFWSxgql7ht67ECEbWUUM5o7lNr61pjHsQkFfivY2Uf1MgdD8TvNFYlMEd9i3qBQ_zK4IfG4tMhBvJBls54JcZIc2jr1yrasera5R3QJj5qW8Nm7yEu34ddOEXlxHgfhW3UfwTCSpN6r28o11Wj7k8.9BzY8hZDA0vqs_PHPEFLZX0w-ZPBwXc7eh8OVwJZdA4&dib_tag=se&keywords=%E3%82%A2%E3%83%AA%E3%83%BC%E3%83%8A+%E3%83%A1%E3%83%B3%E3%82%BA+%E6%B0%B4%E7%9D%80&qid=1784617346&refinements=p_90%3A3428068051%2Cp_n_g-101015233022111%3A24821512051&rnid=24821510051&sprefix=%E3%82%A2%E3%83%AA%E3%83%BC%E3%83%8A+%E3%83%A1%E3%83%B3%E3%82%BA+%E6%B0%B4%E7%9D%80%2Caps%2C325&sr=8-80&ufe=app_do%3Aamzn1.fos.35785624-70c4-44ae-a5c3-3f044f475d63&xpid=PK80Z_zVbJf9i,https://m.media-amazon.com/images/I/51vPBExEIyL._AC_UL320_.jpg,"アリーナ-トレーニング用-【TOUGHSUIT】-トレーニング向け-SAR-4110 アリーナ-トレーニング用-【TOUGHSUIT】-トレーニング向け-SAR-4110 アリーナ-トレーニング用-【TOUGHSUIT】-トレーニング向け-SAR-4110 アリーナ-トレーニング用-【TOUGHSUIT】-トレーニング向け-SAR-4110 アリーナ-トレーニング用-【TOUGHSUIT】-トレーニング向け-SAR-4110 ARENA アリーナ-トレーニング用-【TOUGHSUIT】-トレーニング向け-SAR-4110 [アリーナ] 競泳水着 トレーニング用 メンズ/ボーイズ 【TOUGHSUIT】 水泳 スイミング くん 練習用 トレーニング向け javascript:void(0) 5つ星のうち4.3 ￥5,527 ￥ 5,527","B00NOZ5IZ0,B0CN91Y2JZ,B00I2VZ62Q",
swimmingattireothers_20260721.csv,85,swimmingattireothers,SAFE,B06XTQD13K,競泳水着 メンズ 競泳用水着 フィットネス 水着 男性 競泳 スイムウェア ジム スイミングウェア 水泳 パンツ,,2598,category_allow,競泳水着,カテゴリ許可ワード一致(contains),https://www.amazon.co.jp/%E7%AB%B6%E6%B3%B3%E6%B0%B4%E7%9D%80-%E3%83%95%E3%82%A3%E3%83%83%E3%83%88%E3%83%8D%E3%82%B9-%E3%82%B9%E3%82%A4%E3%83%A0%E3%82%A6%E3%82%A7%E3%82%A2-%E3%83%8F%E3%83%BC%E3%83%95%E3%82%B9%E3%83%91%E3%83%83%E3%83%84-%E3%83%A1%E3%83%B3%E3%82%BA%E3%82%B9%E3%82%A4%E3%83%9F%E3%83%B3%E3%82%B0/dp/B06XTQD13K/ref=sr_1_81?__mk_ja_JP=%E3%82%AB%E3%82%BF%E3%82%AB%E3%83%8A&crid=1VZWPQ7PCEW9L&dd=1G8INUDRiTN5hha909GVNQ%2C%2C&dib=eyJ2IjoiMSJ9.MnVDj0Db5a1QRaqdeKt6CW3CbOFQwoCC1XcRP71czr5bKTfAZAy0jWn_CUbH02XMu6bEY-J7axGaNJTnVVUr0HCq9isGpnmkpGcnLSpAJJmqp1AX6q7_XF21n7_DvzM6IlyDZoGsJ6GdNjXGMkhyFXFWSxgql7ht67ECEbWUUM5o7lNr61pjHsQkFfivY2Uf1MgdD8TvNFYlMEd9i3qBQ_zK4IfG4tMhBvJBls54JcZIc2jr1yrasera5R3QJj5qW8Nm7yEu34ddOEXlxHgfhW3UfwTCSpN6r28o11Wj7k8.9BzY8hZDA0vqs_PHPEFLZX0w-ZPBwXc7eh8OVwJZdA4&dib_tag=se&keywords=%E3%82%A2%E3%83%AA%E3%83%BC%E3%83%8A+%E3%83%A1%E3%83%B3%E3%82%BA+%E6%B0%B4%E7%9D%80&qid=1784617346&refinements=p_90%3A3428068051%2Cp_n_g-101015233022111%3A24821512051&rnid=24821510051&sprefix=%E3%82%A2%E3%83%AA%E3%83%BC%E3%83%8A+%E3%83%A1%E3%83%B3%E3%82%BA+%E6%B0%B4%E7%9D%80%2Caps%2C325&sr=8-81&ufe=app_do%3Aamzn1.fos.35785624-70c4-44ae-a5c3-3f044f475d63&xpid=PK80Z_zVbJf9i,https://m.media-amazon.com/images/I/51m2lwoHQOL._AC_UL320_.jpg,"競泳水着-フィットネス-スイムウェア-ハーフスパッツ-メンズスイミング 競泳水着-フィットネス-スイムウェア-ハーフスパッツ-メンズスイミング 競泳水着-フィットネス-スイムウェア-ハーフスパッツ-メンズスイミング 競泳水着-フィットネス-スイムウェア-ハーフスパッツ-メンズスイミング 競泳水着-フィットネス-スイムウェア-ハーフスパッツ-メンズスイミング SPALTAX 競泳水着-フィットネス-スイムウェア-ハーフスパッツ-メンズスイミング 競泳水着 メンズ 競泳用水着 フィットネス 水着 男性 競泳 スイムウェア ジム スイミングウェア 水泳 パンツ javascript:void(0) 5つ星のうち4.1 過去1か月で200点以上購入されました 競泳水着-フィットネス-スイムウェア-ハーフスパッツ-メンズスイミング ￥2,598 ￥ 2,598 - メンズフィットネス・競泳用スパッツ","B06XTQD13K,B081MQT14F,B08292LZJ6,B06XTQF15R,B084KKS5TX",
swimmingattireothers_20260721.csv,86,swimmingattireothers,SAFE,B0GXJJHLP6,(アリーナ) 競泳水着 トレーニング用 メンズ 【TOUGHSUIT】 水泳 スイミング トレーニング向け 練習用 耐久性 AS6FWM23M,,6533,category_allow,競泳水着,カテゴリ許可ワード一致(contains),https://www.amazon.co.jp/arena-%E3%83%88%E3%83%AC%E3%83%BC%E3%83%8B%E3%83%B3%E3%82%B0%E7%94%A8-%E3%80%90TOUGHSUIT%E3%80%91-%E3%83%88%E3%83%AC%E3%83%BC%E3%83%8B%E3%83%B3%E3%82%B0%E5%90%91%E3%81%91-AS6FWM23M/dp/B0GXJJHLP6/ref=sr_1_82?__mk_ja_JP=%E3%82%AB%E3%82%BF%E3%82%AB%E3%83%8A&crid=1VZWPQ7PCEW9L&dd=1G8INUDRiTN5hha909GVNQ%2C%2C&dib=eyJ2IjoiMSJ9.MnVDj0Db5a1QRaqdeKt6CW3CbOFQwoCC1XcRP71czr5bKTfAZAy0jWn_CUbH02XMu6bEY-J7axGaNJTnVVUr0HCq9isGpnmkpGcnLSpAJJmqp1AX6q7_XF21n7_DvzM6IlyDZoGsJ6GdNjXGMkhyFXFWSxgql7ht67ECEbWUUM5o7lNr61pjHsQkFfivY2Uf1MgdD8TvNFYlMEd9i3qBQ_zK4IfG4tMhBvJBls54JcZIc2jr1yrasera5R3QJj5qW8Nm7yEu34ddOEXlxHgfhW3UfwTCSpN6r28o11Wj7k8.9BzY8hZDA0vqs_PHPEFLZX0w-ZPBwXc7eh8OVwJZdA4&dib_tag=se&keywords=%E3%82%A2%E3%83%AA%E3%83%BC%E3%83%8A+%E3%83%A1%E3%83%B3%E3%82%BA+%E6%B0%B4%E7%9D%80&qid=1784617346&refinements=p_90%3A3428068051%2Cp_n_g-101015233022111%3A24821512051&rnid=24821510051&sprefix=%E3%82%A2%E3%83%AA%E3%83%BC%E3%83%8A+%E3%83%A1%E3%83%B3%E3%82%BA+%E6%B0%B4%E7%9D%80%2Caps%2C325&sr=8-82&ufe=app_do%3Aamzn1.fos.35785624-70c4-44ae-a5c3-3f044f475d63&xpid=PK80Z_zVbJf9i,https://m.media-amazon.com/images/I/51mhTAu6DvL._AC_UL320_.jpg,"arena-トレーニング用-【TOUGHSUIT】-トレーニング向け-AS6FWM23M arena-トレーニング用-【TOUGHSUIT】-トレーニング向け-AS6FWM23M arena-トレーニング用-【TOUGHSUIT】-トレーニング向け-AS6FWM23M arena-トレーニング用-【TOUGHSUIT】-トレーニング向け-AS6FWM23M arena-トレーニング用-【TOUGHSUIT】-トレーニング向け-AS6FWM23M ARENA arena-トレーニング用-【TOUGHSUIT】-トレーニング向け-AS6FWM23M (アリーナ) 競泳水着 トレーニング用 メンズ 【TOUGHSUIT】 水泳 スイミング トレーニング向け 練習用 耐久性 AS6FWM23M 65ポイント(1%) ￥6,533 ￥ 6,533","B0GXJJHLP6,B0GXJKM1Q6,B0GXJ7BBK8,B0GXJG5M74",
swimmingattireothers_20260721.csv,87,swimmingattireothers,SAFE,B0D4DDTXMV,[アリーナ] 競泳水着 トレーニング用 メンズ 【TOUGHSUIT】 水泳 スイミング 練習用 トレーニング向け 耐久性 AS4FWM20M,,4990,category_allow,競泳水着,カテゴリ許可ワード一致(contains),https://www.amazon.co.jp/%E3%83%88%E3%83%AC%E3%83%BC%E3%83%8B%E3%83%B3%E3%82%B0%E7%94%A8-%E3%80%90TOUGHSUIT%E3%80%91-%E3%82%B9%E3%82%A4%E3%83%9F%E3%83%B3%E3%82%B0-%E3%83%88%E3%83%AC%E3%83%BC%E3%83%8B%E3%83%B3%E3%82%B0%E5%90%91%E3%81%91-AS4FWM20M/dp/B0D4DDTXMV/ref=sr_1_83?__mk_ja_JP=%E3%82%AB%E3%82%BF%E3%82%AB%E3%83%8A&crid=1VZWPQ7PCEW9L&dd=1G8INUDRiTN5hha909GVNQ%2C%2C&dib=eyJ2IjoiMSJ9.MnVDj0Db5a1QRaqdeKt6CW3CbOFQwoCC1XcRP71czr5bKTfAZAy0jWn_CUbH02XMu6bEY-J7axGaNJTnVVUr0HCq9isGpnmkpGcnLSpAJJmqp1AX6q7_XF21n7_DvzM6IlyDZoGsJ6GdNjXGMkhyFXFWSxgql7ht67ECEbWUUM5o7lNr61pjHsQkFfivY2Uf1MgdD8TvNFYlMEd9i3qBQ_zK4IfG4tMhBvJBls54JcZIc2jr1yrasera5R3QJj5qW8Nm7yEu34ddOEXlxHgfhW3UfwTCSpN6r28o11Wj7k8.9BzY8hZDA0vqs_PHPEFLZX0w-ZPBwXc7eh8OVwJZdA4&dib_tag=se&keywords=%E3%82%A2%E3%83%AA%E3%83%BC%E3%83%8A+%E3%83%A1%E3%83%B3%E3%82%BA+%E6%B0%B4%E7%9D%80&qid=1784617346&refinements=p_90%3A3428068051%2Cp_n_g-101015233022111%3A24821512051&rnid=24821510051&sprefix=%E3%82%A2%E3%83%AA%E3%83%BC%E3%83%8A+%E3%83%A1%E3%83%B3%E3%82%BA+%E6%B0%B4%E7%9D%80%2Caps%2C325&sr=8-83&ufe=app_do%3Aamzn1.fos.35785624-70c4-44ae-a5c3-3f044f475d63&xpid=PK80Z_zVbJf9i,https://m.media-amazon.com/images/I/613syJa95zL._AC_UL320_.jpg,"トレーニング用-【TOUGHSUIT】-スイミング-トレーニング向け-AS4FWM20M トレーニング用-【TOUGHSUIT】-スイミング-トレーニング向け-AS4FWM20M トレーニング用-【TOUGHSUIT】-スイミング-トレーニング向け-AS4FWM20M トレーニング用-【TOUGHSUIT】-スイミング-トレーニング向け-AS4FWM20M トレーニング用-【TOUGHSUIT】-スイミング-トレーニング向け-AS4FWM20M ARENA トレーニング用-【TOUGHSUIT】-スイミング-トレーニング向け-AS4FWM20M [アリーナ] 競泳水着 トレーニング用 メンズ 【TOUGHSUIT】 水泳 スイミング 練習用 トレーニング向け 耐久性 AS4FWM20M javascript:void(0) 5つ星のうち4.6 ￥4,990 ￥ 4,990","B0D4DDTXMV,B0D4DMWL3T",
swimmingattireothers_20260721.csv,89,swimmingattireothers,SAFE,B0DNPND97W,[アリーナ] 【WA承認】 競泳水着 レース用 メンズ 【POWERSKIN CARBON-AIR2】 布帛素材 トップモデル 上級者向け FAR-9505M / AS5SRC01M,,31556,category_allow,競泳水着,カテゴリ許可ワード一致(contains),https://www.amazon.co.jp/%E3%82%A2%E3%83%AA%E3%83%BC%E3%83%8A-%E3%80%90WA%E6%89%BF%E8%AA%8D%E3%80%91-%E3%80%90POWERSKIN-CARBON-AIR2%E3%80%91-AS5SRC01M/dp/B0DNPND97W/ref=sr_1_85?__mk_ja_JP=%E3%82%AB%E3%82%BF%E3%82%AB%E3%83%8A&crid=1VZWPQ7PCEW9L&dd=1G8INUDRiTN5hha909GVNQ%2C%2C&dib=eyJ2IjoiMSJ9.MnVDj0Db5a1QRaqdeKt6CW3CbOFQwoCC1XcRP71czr5bKTfAZAy0jWn_CUbH02XMu6bEY-J7axGaNJTnVVUr0HCq9isGpnmkpGcnLSpAJJmqp1AX6q7_XF21n7_DvzM6IlyDZoGsJ6GdNjXGMkhyFXFWSxgql7ht67ECEbWUUM5o7lNr61pjHsQkFfivY2Uf1MgdD8TvNFYlMEd9i3qBQ_zK4IfG4tMhBvJBls54JcZIc2jr1yrasera5R3QJj5qW8Nm7yEu34ddOEXlxHgfhW3UfwTCSpN6r28o11Wj7k8.9BzY8hZDA0vqs_PHPEFLZX0w-ZPBwXc7eh8OVwJZdA4&dib_tag=se&keywords=%E3%82%A2%E3%83%AA%E3%83%BC%E3%83%8A+%E3%83%A1%E3%83%B3%E3%82%BA+%E6%B0%B4%E7%9D%80&qid=1784617346&refinements=p_90%3A3428068051%2Cp_n_g-101015233022111%3A24821512051&rnid=24821510051&sprefix=%E3%82%A2%E3%83%AA%E3%83%BC%E3%83%8A+%E3%83%A1%E3%83%B3%E3%82%BA+%E6%B0%B4%E7%9D%80%2Caps%2C325&sr=8-85&ufe=app_do%3Aamzn1.fos.35785624-70c4-44ae-a5c3-3f044f475d63&xpid=PK80Z_zVbJf9i,https://m.media-amazon.com/images/I/417T03DG7zL._AC_UL320_.jpg,"アリーナ-【WA承認】-【POWERSKIN-CARBON-AIR2】-AS5SRC01M アリーナ-【WA承認】-【POWERSKIN-CARBON-AIR2】-AS5SRC01M アリーナ-【WA承認】-【POWERSKIN-CARBON-AIR2】-AS5SRC01M アリーナ-【WA承認】-【POWERSKIN-CARBON-AIR2】-AS5SRC01M アリーナ-【WA承認】-【POWERSKIN-CARBON-AIR2】-AS5SRC01M ARENA アリーナ-【WA承認】-【POWERSKIN-CARBON-AIR2】-AS5SRC01M [アリーナ] 【WA承認】 競泳水着 レース用 メンズ 【POWERSKIN CARBON-AIR2】 布帛素材 トップモデル 上級者向け FAR-9505M / AS5SRC01M javascript:void(0) 5つ星のうち4.4 過去: ￥31,556 ￥ 31,556 過去: ￥33,477 ￥33,477 ￥33,477","B0DNPND97W,B0DNPP1TBN",
swimmingattireothers_20260721.csv,90,swimmingattireothers,SAFE,B0G4319BR4,(アリーナ) フィットネス水着 メンズ 【動けるフィットインナー】 水泳 スイミング アクアビクス 水中ウォーキング インナー付き AS6SWF67M,,5709,category_allow,フィットネス水着,カテゴリ許可ワード一致(contains),https://www.amazon.co.jp/%E3%83%95%E3%82%A3%E3%83%83%E3%83%88%E3%83%8D%E3%82%B9%E6%B0%B4%E7%9D%80-%E3%80%90%E5%8B%95%E3%81%91%E3%82%8B%E3%83%95%E3%82%A3%E3%83%83%E3%83%88%E3%82%A4%E3%83%B3%E3%83%8A%E3%83%BC%E3%80%91-%E3%82%A2%E3%82%AF%E3%82%A2%E3%83%93%E3%82%AF%E3%82%B9-%E6%B0%B4%E4%B8%AD%E3%82%A6%E3%82%A9%E3%83%BC%E3%82%AD%E3%83%B3%E3%82%B0-AS6SWF67M/dp/B0G4319BR4/ref=sr_1_86?__mk_ja_JP=%E3%82%AB%E3%82%BF%E3%82%AB%E3%83%8A&crid=1VZWPQ7PCEW9L&dd=1G8INUDRiTN5hha909GVNQ%2C%2C&dib=eyJ2IjoiMSJ9.MnVDj0Db5a1QRaqdeKt6CW3CbOFQwoCC1XcRP71czr5bKTfAZAy0jWn_CUbH02XMu6bEY-J7axGaNJTnVVUr0HCq9isGpnmkpGcnLSpAJJmqp1AX6q7_XF21n7_DvzM6IlyDZoGsJ6GdNjXGMkhyFXFWSxgql7ht67ECEbWUUM5o7lNr61pjHsQkFfivY2Uf1MgdD8TvNFYlMEd9i3qBQ_zK4IfG4tMhBvJBls54JcZIc2jr1yrasera5R3QJj5qW8Nm7yEu34ddOEXlxHgfhW3UfwTCSpN6r28o11Wj7k8.9BzY8hZDA0vqs_PHPEFLZX0w-ZPBwXc7eh8OVwJZdA4&dib_tag=se&keywords=%E3%82%A2%E3%83%AA%E3%83%BC%E3%83%8A+%E3%83%A1%E3%83%B3%E3%82%BA+%E6%B0%B4%E7%9D%80&qid=1784617346&refinements=p_90%3A3428068051%2Cp_n_g-101015233022111%3A24821512051&rnid=24821510051&sprefix=%E3%82%A2%E3%83%AA%E3%83%BC%E3%83%8A+%E3%83%A1%E3%83%B3%E3%82%BA+%E6%B0%B4%E7%9D%80%2Caps%2C325&sr=8-86&ufe=app_do%3Aamzn1.fos.35785624-70c4-44ae-a5c3-3f044f475d63&xpid=PK80Z_zVbJf9i,https://m.media-amazon.com/images/I/51D0Sq+xdGL._AC_UL320_.jpg,"フィットネス水着-【動けるフィットインナー】-アクアビクス-水中ウォーキング-AS6SWF67M フィットネス水着-【動けるフィットインナー】-アクアビクス-水中ウォーキング-AS6SWF67M フィットネス水着-【動けるフィットインナー】-アクアビクス-水中ウォーキング-AS6SWF67M フィットネス水着-【動けるフィットインナー】-アクアビクス-水中ウォーキング-AS6SWF67M フィットネス水着-【動けるフィットインナー】-アクアビクス-水中ウォーキング-AS6SWF67M ARENA (アリーナ) フィットネス水着 メンズ 【動けるフィットインナー】 水泳 スイミング アクアビクス 水中ウォーキング インナー付き AS6SWF67M 57ポイント(1%) ￥5,709 ￥ 5,709","B0G4319BR4,B0G42ZZGS5",
swimmingattireothers_20260721.csv,91,swimmingattireothers,SAFE,B0G42Y9P1X,【WA承認】arena(アリーナ) 競泳水着 レース用 メンズ 【AQUA ADVANCED】 水泳 スイミング 中級者向け ニット素材 AS6SRC42M,,8683,category_allow,競泳水着,カテゴリ許可ワード一致(contains),https://www.amazon.co.jp/%E3%80%90WA%E6%89%BF%E8%AA%8D%E3%80%91arena-%E3%80%90AQUA-ADVANCED%E3%80%91-%E3%82%B9%E3%82%A4%E3%83%9F%E3%83%B3%E3%82%B0-AS6SRC42M/dp/B0G42Y9P1X/ref=sr_1_87?__mk_ja_JP=%E3%82%AB%E3%82%BF%E3%82%AB%E3%83%8A&crid=1VZWPQ7PCEW9L&dd=1G8INUDRiTN5hha909GVNQ%2C%2C&dib=eyJ2IjoiMSJ9.MnVDj0Db5a1QRaqdeKt6CW3CbOFQwoCC1XcRP71czr5bKTfAZAy0jWn_CUbH02XMu6bEY-J7axGaNJTnVVUr0HCq9isGpnmkpGcnLSpAJJmqp1AX6q7_XF21n7_DvzM6IlyDZoGsJ6GdNjXGMkhyFXFWSxgql7ht67ECEbWUUM5o7lNr61pjHsQkFfivY2Uf1MgdD8TvNFYlMEd9i3qBQ_zK4IfG4tMhBvJBls54JcZIc2jr1yrasera5R3QJj5qW8Nm7yEu34ddOEXlxHgfhW3UfwTCSpN6r28o11Wj7k8.9BzY8hZDA0vqs_PHPEFLZX0w-ZPBwXc7eh8OVwJZdA4&dib_tag=se&keywords=%E3%82%A2%E3%83%AA%E3%83%BC%E3%83%8A+%E3%83%A1%E3%83%B3%E3%82%BA+%E6%B0%B4%E7%9D%80&qid=1784617346&refinements=p_90%3A3428068051%2Cp_n_g-101015233022111%3A24821512051&rnid=24821510051&sprefix=%E3%82%A2%E3%83%AA%E3%83%BC%E3%83%8A+%E3%83%A1%E3%83%B3%E3%82%BA+%E6%B0%B4%E7%9D%80%2Caps%2C325&sr=8-87&ufe=app_do%3Aamzn1.fos.35785624-70c4-44ae-a5c3-3f044f475d63&xpid=PK80Z_zVbJf9i,https://m.media-amazon.com/images/I/61AvBH8z7BL._AC_UL320_.jpg,"【WA承認】arena-【AQUA-ADVANCED】-スイミング-AS6SRC42M 【WA承認】arena-【AQUA-ADVANCED】-スイミング-AS6SRC42M 【WA承認】arena-【AQUA-ADVANCED】-スイミング-AS6SRC42M 【WA承認】arena-【AQUA-ADVANCED】-スイミング-AS6SRC42M 【WA承認】arena-【AQUA-ADVANCED】-スイミング-AS6SRC42M ARENA 【WA承認】arena-【AQUA-ADVANCED】-スイミング-AS6SRC42M 【WA承認】arena(アリーナ) 競泳水着 レース用 メンズ 【AQUA ADVANCED】 水泳 スイミング 中級者向け ニット素材 AS6SRC42M 参考: ￥8,683 ￥ 8,683 参考: ￥11,770 ￥11,770 ￥11,770","B0G42Y9P1X,B0G42T5DNC,B0G42RSTGW",
swimmingattireothers_20260721.csv,92,swimmingattireothers,SAFE,B0G42ZZZ8W,【WA承認】arena(アリーナ) 競泳水着 レース用 メンズ 【AQUA RACING】 水泳 スイミング ECO エコ 初級者向け はっ水 AS6SRCP2M,,8552,category_allow,競泳水着,カテゴリ許可ワード一致(contains),https://www.amazon.co.jp/%E3%80%90WA%E6%89%BF%E8%AA%8D%E3%80%91arena-%E3%80%90AQUA-RACING%E3%80%91-%E3%82%B9%E3%82%A4%E3%83%9F%E3%83%B3%E3%82%B0-AS6SRCP2M/dp/B0G42ZZZ8W/ref=sr_1_88?__mk_ja_JP=%E3%82%AB%E3%82%BF%E3%82%AB%E3%83%8A&crid=1VZWPQ7PCEW9L&dd=1G8INUDRiTN5hha909GVNQ%2C%2C&dib=eyJ2IjoiMSJ9.MnVDj0Db5a1QRaqdeKt6CW3CbOFQwoCC1XcRP71czr5bKTfAZAy0jWn_CUbH02XMu6bEY-J7axGaNJTnVVUr0HCq9isGpnmkpGcnLSpAJJmqp1AX6q7_XF21n7_DvzM6IlyDZoGsJ6GdNjXGMkhyFXFWSxgql7ht67ECEbWUUM5o7lNr61pjHsQkFfivY2Uf1MgdD8TvNFYlMEd9i3qBQ_zK4IfG4tMhBvJBls54JcZIc2jr1yrasera5R3QJj5qW8Nm7yEu34ddOEXlxHgfhW3UfwTCSpN6r28o11Wj7k8.9BzY8hZDA0vqs_PHPEFLZX0w-ZPBwXc7eh8OVwJZdA4&dib_tag=se&keywords=%E3%82%A2%E3%83%AA%E3%83%BC%E3%83%8A+%E3%83%A1%E3%83%B3%E3%82%BA+%E6%B0%B4%E7%9D%80&qid=1784617346&refinements=p_90%3A3428068051%2Cp_n_g-101015233022111%3A24821512051&rnid=24821510051&sprefix=%E3%82%A2%E3%83%AA%E3%83%BC%E3%83%8A+%E3%83%A1%E3%83%B3%E3%82%BA+%E6%B0%B4%E7%9D%80%2Caps%2C325&sr=8-88&ufe=app_do%3Aamzn1.fos.35785624-70c4-44ae-a5c3-3f044f475d63&xpid=PK80Z_zVbJf9i,https://m.media-amazon.com/images/I/61BolviVUXL._AC_UL320_.jpg,"【WA承認】arena-【AQUA-RACING】-スイミング-AS6SRCP2M 【WA承認】arena-【AQUA-RACING】-スイミング-AS6SRCP2M 【WA承認】arena-【AQUA-RACING】-スイミング-AS6SRCP2M 【WA承認】arena-【AQUA-RACING】-スイミング-AS6SRCP2M ARENA 【WA承認】arena(アリーナ) 競泳水着 レース用 メンズ 【AQUA RACING】 水泳 スイミング ECO エコ 初級者向け はっ水 AS6SRCP2M 86ポイント(1%) ￥8,552 ￥ 8,552",B0G42ZZZ8W,
swimmingattireothers_20260721.csv,93,swimmingattireothers,SAFE,B0GXJD1ZSC,【選手着用モデル】 (アリーナ) 競泳水着 トレーニング用 メンズ 【TOUGHSUIT】 水泳 スイミング トレーニング向け 練習用 team チームアリーナ 耐久性 AS6FWM17M,,6853,category_allow,競泳水着,カテゴリ許可ワード一致(contains),https://www.amazon.co.jp/%E3%80%90%E9%81%B8%E6%89%8B%E7%9D%80%E7%94%A8%E3%83%A2%E3%83%87%E3%83%AB%E3%80%91-%E3%83%88%E3%83%AC%E3%83%BC%E3%83%8B%E3%83%B3%E3%82%B0%E7%94%A8-%E3%80%90TOUGHSUIT%E3%80%91-%E3%83%88%E3%83%AC%E3%83%BC%E3%83%8B%E3%83%B3%E3%82%B0%E5%90%91%E3%81%91-AS6FWM17M/dp/B0GXJD1ZSC/ref=sr_1_89?__mk_ja_JP=%E3%82%AB%E3%82%BF%E3%82%AB%E3%83%8A&crid=1VZWPQ7PCEW9L&dd=1G8INUDRiTN5hha909GVNQ%2C%2C&dib=eyJ2IjoiMSJ9.MnVDj0Db5a1QRaqdeKt6CW3CbOFQwoCC1XcRP71czr5bKTfAZAy0jWn_CUbH02XMu6bEY-J7axGaNJTnVVUr0HCq9isGpnmkpGcnLSpAJJmqp1AX6q7_XF21n7_DvzM6IlyDZoGsJ6GdNjXGMkhyFXFWSxgql7ht67ECEbWUUM5o7lNr61pjHsQkFfivY2Uf1MgdD8TvNFYlMEd9i3qBQ_zK4IfG4tMhBvJBls54JcZIc2jr1yrasera5R3QJj5qW8Nm7yEu34ddOEXlxHgfhW3UfwTCSpN6r28o11Wj7k8.9BzY8hZDA0vqs_PHPEFLZX0w-ZPBwXc7eh8OVwJZdA4&dib_tag=se&keywords=%E3%82%A2%E3%83%AA%E3%83%BC%E3%83%8A+%E3%83%A1%E3%83%B3%E3%82%BA+%E6%B0%B4%E7%9D%80&qid=1784617346&refinements=p_90%3A3428068051%2Cp_n_g-101015233022111%3A24821512051&rnid=24821510051&sprefix=%E3%82%A2%E3%83%AA%E3%83%BC%E3%83%8A+%E3%83%A1%E3%83%B3%E3%82%BA+%E6%B0%B4%E7%9D%80%2Caps%2C325&sr=8-89&ufe=app_do%3Aamzn1.fos.35785624-70c4-44ae-a5c3-3f044f475d63&xpid=PK80Z_zVbJf9i,https://m.media-amazon.com/images/I/51ItDCu6wIL._AC_UL320_.jpg,"【選手着用モデル】-トレーニング用-【TOUGHSUIT】-トレーニング向け-AS6FWM17M 【選手着用モデル】-トレーニング用-【TOUGHSUIT】-トレーニング向け-AS6FWM17M 【選手着用モデル】-トレーニング用-【TOUGHSUIT】-トレーニング向け-AS6FWM17M 【選手着用モデル】-トレーニング用-【TOUGHSUIT】-トレーニング向け-AS6FWM17M 【選手着用モデル】-トレーニング用-【TOUGHSUIT】-トレーニング向け-AS6FWM17M ARENA 【選手着用モデル】-トレーニング用-【TOUGHSUIT】-トレーニング向け-AS6FWM17M 【選手着用モデル】 (アリーナ) 競泳水着 トレーニング用 メンズ 【TOUGHSUIT】 水泳 スイミング トレーニング向け 練習用 team チームアリーナ 耐久性 AS6FWM17M javascript:void(0) 5つ星のうち4.0 69ポイント(1%) ￥6,853 ￥ 6,853","B0GXJD1ZSC,B0GXJ4WJ95,B0GXJB5DWQ,B0GXJ9HT6C",
swimmingattireothers_20260721.csv,95,swimmingattireothers,SAFE,B0G42THJCR,(アリーナ) フィットネス水着 メンズ 【動けるフィットインナー】 水泳 スイミング アクアビクス 水中ウォーキング インナー付き AS6SWF68M,,6824,category_allow,フィットネス水着,カテゴリ許可ワード一致(contains),https://www.amazon.co.jp/%E3%83%95%E3%82%A3%E3%83%83%E3%83%88%E3%83%8D%E3%82%B9%E6%B0%B4%E7%9D%80-%E3%80%90%E5%8B%95%E3%81%91%E3%82%8B%E3%83%95%E3%82%A3%E3%83%83%E3%83%88%E3%82%A4%E3%83%B3%E3%83%8A%E3%83%BC%E3%80%91-3XO%E3%82%B5%E3%82%A4%E3%82%BA-%E6%B0%B4%E4%B8%AD%E3%82%A6%E3%82%A9%E3%83%BC%E3%82%AD%E3%83%B3%E3%82%B0-AS6SWF68M/dp/B0G42THJCR/ref=sr_1_91?__mk_ja_JP=%E3%82%AB%E3%82%BF%E3%82%AB%E3%83%8A&crid=1VZWPQ7PCEW9L&dd=1G8INUDRiTN5hha909GVNQ%2C%2C&dib=eyJ2IjoiMSJ9.MnVDj0Db5a1QRaqdeKt6CW3CbOFQwoCC1XcRP71czr5bKTfAZAy0jWn_CUbH02XMu6bEY-J7axGaNJTnVVUr0HCq9isGpnmkpGcnLSpAJJmqp1AX6q7_XF21n7_DvzM6IlyDZoGsJ6GdNjXGMkhyFXFWSxgql7ht67ECEbWUUM5o7lNr61pjHsQkFfivY2Uf1MgdD8TvNFYlMEd9i3qBQ_zK4IfG4tMhBvJBls54JcZIc2jr1yrasera5R3QJj5qW8Nm7yEu34ddOEXlxHgfhW3UfwTCSpN6r28o11Wj7k8.9BzY8hZDA0vqs_PHPEFLZX0w-ZPBwXc7eh8OVwJZdA4&dib_tag=se&keywords=%E3%82%A2%E3%83%AA%E3%83%BC%E3%83%8A+%E3%83%A1%E3%83%B3%E3%82%BA+%E6%B0%B4%E7%9D%80&qid=1784617346&refinements=p_90%3A3428068051%2Cp_n_g-101015233022111%3A24821512051&rnid=24821510051&sprefix=%E3%82%A2%E3%83%AA%E3%83%BC%E3%83%8A+%E3%83%A1%E3%83%B3%E3%82%BA+%E6%B0%B4%E7%9D%80%2Caps%2C325&sr=8-91&ufe=app_do%3Aamzn1.fos.35785624-70c4-44ae-a5c3-3f044f475d63&xpid=PK80Z_zVbJf9i,https://m.media-amazon.com/images/I/51D0Sq+xdGL._AC_UL320_.jpg,"フィットネス水着-【動けるフィットインナー】-3XOサイズ-水中ウォーキング-AS6SWF68M フィットネス水着-【動けるフィットインナー】-3XOサイズ-水中ウォーキング-AS6SWF68M フィットネス水着-【動けるフィットインナー】-3XOサイズ-水中ウォーキング-AS6SWF68M ARENA (アリーナ) フィットネス水着 メンズ 【動けるフィットインナー】 水泳 スイミング アクアビクス 水中ウォーキング インナー付き AS6SWF68M 68ポイント(1%) ￥6,824 ￥ 6,824",B0G42THJCR,
swimmingattireothers_20260721.csv,96,swimmingattireothers,SAFE,B0G42Z4YMN,【WA承認】arena(アリーナ) 競泳水着 レース用 メンズ 【AQUA RACING】 水泳 スイミング ECO エコ 初級者向け はっ水 AS6SRC72M,,8527,category_allow,競泳水着,カテゴリ許可ワード一致(contains),https://www.amazon.co.jp/%E3%80%90WA%E6%89%BF%E8%AA%8D%E3%80%91arena-%E3%80%90AQUA-RACING%E3%80%91-%E3%82%B9%E3%82%A4%E3%83%9F%E3%83%B3%E3%82%B0-AS6SRC72M/dp/B0G42Z4YMN/ref=sr_1_92?__mk_ja_JP=%E3%82%AB%E3%82%BF%E3%82%AB%E3%83%8A&crid=1VZWPQ7PCEW9L&dd=1G8INUDRiTN5hha909GVNQ%2C%2C&dib=eyJ2IjoiMSJ9.MnVDj0Db5a1QRaqdeKt6CW3CbOFQwoCC1XcRP71czr5bKTfAZAy0jWn_CUbH02XMu6bEY-J7axGaNJTnVVUr0HCq9isGpnmkpGcnLSpAJJmqp1AX6q7_XF21n7_DvzM6IlyDZoGsJ6GdNjXGMkhyFXFWSxgql7ht67ECEbWUUM5o7lNr61pjHsQkFfivY2Uf1MgdD8TvNFYlMEd9i3qBQ_zK4IfG4tMhBvJBls54JcZIc2jr1yrasera5R3QJj5qW8Nm7yEu34ddOEXlxHgfhW3UfwTCSpN6r28o11Wj7k8.9BzY8hZDA0vqs_PHPEFLZX0w-ZPBwXc7eh8OVwJZdA4&dib_tag=se&keywords=%E3%82%A2%E3%83%AA%E3%83%BC%E3%83%8A+%E3%83%A1%E3%83%B3%E3%82%BA+%E6%B0%B4%E7%9D%80&qid=1784617346&refinements=p_90%3A3428068051%2Cp_n_g-101015233022111%3A24821512051&rnid=24821510051&sprefix=%E3%82%A2%E3%83%AA%E3%83%BC%E3%83%8A+%E3%83%A1%E3%83%B3%E3%82%BA+%E6%B0%B4%E7%9D%80%2Caps%2C325&sr=8-92&ufe=app_do%3Aamzn1.fos.35785624-70c4-44ae-a5c3-3f044f475d63&xpid=PK80Z_zVbJf9i,https://m.media-amazon.com/images/I/51oqWuKevSL._AC_UL320_.jpg,"【WA承認】arena-【AQUA-RACING】-スイミング-AS6SRC72M 【WA承認】arena-【AQUA-RACING】-スイミング-AS6SRC72M 【WA承認】arena-【AQUA-RACING】-スイミング-AS6SRC72M 【WA承認】arena-【AQUA-RACING】-スイミング-AS6SRC72M ARENA 【WA承認】arena(アリーナ) 競泳水着 レース用 メンズ 【AQUA RACING】 水泳 スイミング ECO エコ 初級者向け はっ水 AS6SRC72M 85ポイント(1%) ￥8,527 ￥ 8,527",B0G42Z4YMN,
swimmingattireothers_20260721.csv,97,swimmingattireothers,SAFE,B0G435G38V,(アリーナ) フィットネス水着 メンズ 【AQUA EXA】 水泳 スイミング はっ水 AS6SWF61M,,5465,category_allow,フィットネス水着,カテゴリ許可ワード一致(contains),https://www.amazon.co.jp/arena-%E3%83%95%E3%82%A3%E3%83%83%E3%83%88%E3%83%8D%E3%82%B9%E6%B0%B4%E7%9D%80-%E3%80%90AQUA-XO%E3%82%B5%E3%82%A4%E3%82%BA-AS6SWF61M/dp/B0G435G38V/ref=sr_1_93?__mk_ja_JP=%E3%82%AB%E3%82%BF%E3%82%AB%E3%83%8A&crid=1VZWPQ7PCEW9L&dd=1G8INUDRiTN5hha909GVNQ%2C%2C&dib=eyJ2IjoiMSJ9.MnVDj0Db5a1QRaqdeKt6CW3CbOFQwoCC1XcRP71czr5bKTfAZAy0jWn_CUbH02XMu6bEY-J7axGaNJTnVVUr0HCq9isGpnmkpGcnLSpAJJmqp1AX6q7_XF21n7_DvzM6IlyDZoGsJ6GdNjXGMkhyFXFWSxgql7ht67ECEbWUUM5o7lNr61pjHsQkFfivY2Uf1MgdD8TvNFYlMEd9i3qBQ_zK4IfG4tMhBvJBls54JcZIc2jr1yrasera5R3QJj5qW8Nm7yEu34ddOEXlxHgfhW3UfwTCSpN6r28o11Wj7k8.9BzY8hZDA0vqs_PHPEFLZX0w-ZPBwXc7eh8OVwJZdA4&dib_tag=se&keywords=%E3%82%A2%E3%83%AA%E3%83%BC%E3%83%8A+%E3%83%A1%E3%83%B3%E3%82%BA+%E6%B0%B4%E7%9D%80&qid=1784617346&refinements=p_90%3A3428068051%2Cp_n_g-101015233022111%3A24821512051&rnid=24821510051&sprefix=%E3%82%A2%E3%83%AA%E3%83%BC%E3%83%8A+%E3%83%A1%E3%83%B3%E3%82%BA+%E6%B0%B4%E7%9D%80%2Caps%2C325&sr=8-93&ufe=app_do%3Aamzn1.fos.35785624-70c4-44ae-a5c3-3f044f475d63&xpid=PK80Z_zVbJf9i,https://m.media-amazon.com/images/I/51253fPRCyL._AC_UL320_.jpg,"arena-フィットネス水着-【AQUA-XOサイズ-AS6SWF61M arena-フィットネス水着-【AQUA-XOサイズ-AS6SWF61M arena-フィットネス水着-【AQUA-XOサイズ-AS6SWF61M ARENA (アリーナ) フィットネス水着 メンズ 【AQUA EXA】 水泳 スイミング はっ水 AS6SWF61M 55ポイント(1%) ￥5,465 ￥ 5,465",B0G435G38V,
swimmingattireothers_20260721.csv,98,swimmingattireothers,SAFE,B0DNMJBWVW,(アリーナ) フィットネス水着 メンズ 【AQUA EXA】 アクアエクサ はっ水 フィットネス向け AS5SWF61M / LAR-3271,,5924,category_allow,フィットネス水着,カテゴリ許可ワード一致(contains),https://www.amazon.co.jp/%E3%83%95%E3%82%A3%E3%83%83%E3%83%88%E3%83%8D%E3%82%B9%E6%B0%B4%E7%9D%80-%E3%80%90AQUA-%E3%82%A2%E3%82%AF%E3%82%A2%E3%82%A8%E3%82%AF%E3%82%B5-%E3%83%95%E3%82%A3%E3%83%83%E3%83%88%E3%83%8D%E3%82%B9%E5%90%91%E3%81%91-AS5SWF61M/dp/B0DNMJBWVW/ref=sr_1_94?__mk_ja_JP=%E3%82%AB%E3%82%BF%E3%82%AB%E3%83%8A&crid=1VZWPQ7PCEW9L&dd=1G8INUDRiTN5hha909GVNQ%2C%2C&dib=eyJ2IjoiMSJ9.MnVDj0Db5a1QRaqdeKt6CW3CbOFQwoCC1XcRP71czr5bKTfAZAy0jWn_CUbH02XMu6bEY-J7axGaNJTnVVUr0HCq9isGpnmkpGcnLSpAJJmqp1AX6q7_XF21n7_DvzM6IlyDZoGsJ6GdNjXGMkhyFXFWSxgql7ht67ECEbWUUM5o7lNr61pjHsQkFfivY2Uf1MgdD8TvNFYlMEd9i3qBQ_zK4IfG4tMhBvJBls54JcZIc2jr1yrasera5R3QJj5qW8Nm7yEu34ddOEXlxHgfhW3UfwTCSpN6r28o11Wj7k8.9BzY8hZDA0vqs_PHPEFLZX0w-ZPBwXc7eh8OVwJZdA4&dib_tag=se&keywords=%E3%82%A2%E3%83%AA%E3%83%BC%E3%83%8A+%E3%83%A1%E3%83%B3%E3%82%BA+%E6%B0%B4%E7%9D%80&qid=1784617346&refinements=p_90%3A3428068051%2Cp_n_g-101015233022111%3A24821512051&rnid=24821510051&sprefix=%E3%82%A2%E3%83%AA%E3%83%BC%E3%83%8A+%E3%83%A1%E3%83%B3%E3%82%BA+%E6%B0%B4%E7%9D%80%2Caps%2C325&sr=8-94&ufe=app_do%3Aamzn1.fos.35785624-70c4-44ae-a5c3-3f044f475d63&xpid=PK80Z_zVbJf9i,https://m.media-amazon.com/images/I/51F63mhdE4L._AC_UL320_.jpg,"フィットネス水着-【AQUA-アクアエクサ-フィットネス向け-AS5SWF61M フィットネス水着-【AQUA-アクアエクサ-フィットネス向け-AS5SWF61M フィットネス水着-【AQUA-アクアエクサ-フィットネス向け-AS5SWF61M フィットネス水着-【AQUA-アクアエクサ-フィットネス向け-AS5SWF61M フィットネス水着-【AQUA-アクアエクサ-フィットネス向け-AS5SWF61M ARENA フィットネス水着-【AQUA-アクアエクサ-フィットネス向け-AS5SWF61M (アリーナ) フィットネス水着 メンズ 【AQUA EXA】 アクアエクサ はっ水 フィットネス向け AS5SWF61M / LAR-3271 javascript:void(0) 5つ星のうち3.8 59ポイント(1%) ￥5,924 ￥ 5,924","B0DNMJBWVW,B0DNMHWP9F,B0DNMJ33WT,B0BNSZC8NR",
swimmingattireothers_20260721.csv,99,swimmingattireothers,SAFE,B0GXJKVGHW,(アリーナ) 競泳水着 トレーニング用 メンズ 【TOUGHSUIT】 水泳 スイミング トレーニング向け 練習用 耐久性 AS6FWM22M,,5807,category_allow,競泳水着,カテゴリ許可ワード一致(contains),https://www.amazon.co.jp/arena-%E3%83%88%E3%83%AC%E3%83%BC%E3%83%8B%E3%83%B3%E3%82%B0%E7%94%A8-%E3%80%90TOUGHSUIT%E3%80%91-%E3%83%88%E3%83%AC%E3%83%BC%E3%83%8B%E3%83%B3%E3%82%B0%E5%90%91%E3%81%91-AS6FWM22M/dp/B0GXJKVGHW/ref=sr_1_95?__mk_ja_JP=%E3%82%AB%E3%82%BF%E3%82%AB%E3%83%8A&crid=1VZWPQ7PCEW9L&dd=1G8INUDRiTN5hha909GVNQ%2C%2C&dib=eyJ2IjoiMSJ9.MnVDj0Db5a1QRaqdeKt6CW3CbOFQwoCC1XcRP71czr5bKTfAZAy0jWn_CUbH02XMu6bEY-J7axGaNJTnVVUr0HCq9isGpnmkpGcnLSpAJJmqp1AX6q7_XF21n7_DvzM6IlyDZoGsJ6GdNjXGMkhyFXFWSxgql7ht67ECEbWUUM5o7lNr61pjHsQkFfivY2Uf1MgdD8TvNFYlMEd9i3qBQ_zK4IfG4tMhBvJBls54JcZIc2jr1yrasera5R3QJj5qW8Nm7yEu34ddOEXlxHgfhW3UfwTCSpN6r28o11Wj7k8.9BzY8hZDA0vqs_PHPEFLZX0w-ZPBwXc7eh8OVwJZdA4&dib_tag=se&keywords=%E3%82%A2%E3%83%AA%E3%83%BC%E3%83%8A+%E3%83%A1%E3%83%B3%E3%82%BA+%E6%B0%B4%E7%9D%80&qid=1784617346&refinements=p_90%3A3428068051%2Cp_n_g-101015233022111%3A24821512051&rnid=24821510051&sprefix=%E3%82%A2%E3%83%AA%E3%83%BC%E3%83%8A+%E3%83%A1%E3%83%B3%E3%82%BA+%E6%B0%B4%E7%9D%80%2Caps%2C325&sr=8-95&ufe=app_do%3Aamzn1.fos.35785624-70c4-44ae-a5c3-3f044f475d63&xpid=PK80Z_zVbJf9i,https://m.media-amazon.com/images/I/61cEYZqCUqL._AC_UL320_.jpg,"arena-トレーニング用-【TOUGHSUIT】-トレーニング向け-AS6FWM22M arena-トレーニング用-【TOUGHSUIT】-トレーニング向け-AS6FWM22M arena-トレーニング用-【TOUGHSUIT】-トレーニング向け-AS6FWM22M arena-トレーニング用-【TOUGHSUIT】-トレーニング向け-AS6FWM22M arena-トレーニング用-【TOUGHSUIT】-トレーニング向け-AS6FWM22M ARENA arena-トレーニング用-【TOUGHSUIT】-トレーニング向け-AS6FWM22M (アリーナ) 競泳水着 トレーニング用 メンズ 【TOUGHSUIT】 水泳 スイミング トレーニング向け 練習用 耐久性 AS6FWM22M 58ポイント(1%) ￥5,807 ￥ 5,807","B0GXJKVGHW,B0GXJD1414,B0GXHZWRGX,B0GXJKXLF7",
swimmingattireothers_20260721.csv,100,swimmingattireothers,SAFE,B0GXJ8JR7D,(アリーナ) フィットネス水着 メンズ 【動けるフィットインナー】 水泳 スイミング フィットネス向け インナー付き プール AS6FWF73M,,5672,category_allow,フィットネス水着,カテゴリ許可ワード一致(contains),https://www.amazon.co.jp/%E3%83%95%E3%82%A3%E3%83%83%E3%83%88%E3%83%8D%E3%82%B9%E6%B0%B4%E7%9D%80-%E3%80%90%E5%8B%95%E3%81%91%E3%82%8B%E3%83%95%E3%82%A3%E3%83%83%E3%83%88%E3%82%A4%E3%83%B3%E3%83%8A%E3%83%BC%E3%80%91-%E3%83%95%E3%82%A3%E3%83%83%E3%83%88%E3%83%8D%E3%82%B9%E5%90%91%E3%81%91-%E3%82%A4%E3%83%B3%E3%83%8A%E3%83%BC%E4%BB%98%E3%81%8D-AS6FWF73M/dp/B0GXJ8JR7D/ref=sr_1_96?__mk_ja_JP=%E3%82%AB%E3%82%BF%E3%82%AB%E3%83%8A&crid=1VZWPQ7PCEW9L&dd=1G8INUDRiTN5hha909GVNQ%2C%2C&dib=eyJ2IjoiMSJ9.MnVDj0Db5a1QRaqdeKt6CW3CbOFQwoCC1XcRP71czr5bKTfAZAy0jWn_CUbH02XMu6bEY-J7axGaNJTnVVUr0HCq9isGpnmkpGcnLSpAJJmqp1AX6q7_XF21n7_DvzM6IlyDZoGsJ6GdNjXGMkhyFXFWSxgql7ht67ECEbWUUM5o7lNr61pjHsQkFfivY2Uf1MgdD8TvNFYlMEd9i3qBQ_zK4IfG4tMhBvJBls54JcZIc2jr1yrasera5R3QJj5qW8Nm7yEu34ddOEXlxHgfhW3UfwTCSpN6r28o11Wj7k8.9BzY8hZDA0vqs_PHPEFLZX0w-ZPBwXc7eh8OVwJZdA4&dib_tag=se&keywords=%E3%82%A2%E3%83%AA%E3%83%BC%E3%83%8A+%E3%83%A1%E3%83%B3%E3%82%BA+%E6%B0%B4%E7%9D%80&qid=1784617346&refinements=p_90%3A3428068051%2Cp_n_g-101015233022111%3A24821512051&rnid=24821510051&sprefix=%E3%82%A2%E3%83%AA%E3%83%BC%E3%83%8A+%E3%83%A1%E3%83%B3%E3%82%BA+%E6%B0%B4%E7%9D%80%2Caps%2C325&sr=8-96&ufe=app_do%3Aamzn1.fos.35785624-70c4-44ae-a5c3-3f044f475d63&xpid=PK80Z_zVbJf9i,https://m.media-amazon.com/images/I/51tvUJecP2L._AC_UL320_.jpg,"フィットネス水着-【動けるフィットインナー】-フィットネス向け-インナー付き-AS6FWF73M フィットネス水着-【動けるフィットインナー】-フィットネス向け-インナー付き-AS6FWF73M フィットネス水着-【動けるフィットインナー】-フィットネス向け-インナー付き-AS6FWF73M フィットネス水着-【動けるフィットインナー】-フィットネス向け-インナー付き-AS6FWF73M フィットネス水着-【動けるフィットインナー】-フィットネス向け-インナー付き-AS6FWF73M ARENA (アリーナ) フィットネス水着 メンズ 【動けるフィットインナー】 水泳 スイミング フィットネス向け インナー付き プール AS6FWF73M 57ポイント(1%) ￥5,672 ￥ 5,672","B0GXJ8JR7D,B0GXJ43KV5",
swimmingattireothers_20260721.csv,101,swimmingattireothers,SAFE,B0G42ZQY5H,【WA承認】arena(アリーナ) 競泳水着 レース用 メンズ 【AQUA RACING】 水泳 スイミング ECO エコ 初級者向け はっ水 AS6SRC77M,,9437,category_allow,競泳水着,カテゴリ許可ワード一致(contains),https://www.amazon.co.jp/%E3%80%90WA%E6%89%BF%E8%AA%8D%E3%80%91arena-%E3%80%90AQUA-RACING%E3%80%91-%E3%82%B9%E3%82%A4%E3%83%9F%E3%83%B3%E3%82%B0-AS6SRC77M/dp/B0G42ZQY5H/ref=sr_1_97?__mk_ja_JP=%E3%82%AB%E3%82%BF%E3%82%AB%E3%83%8A&crid=1VZWPQ7PCEW9L&dd=1G8INUDRiTN5hha909GVNQ%2C%2C&dib=eyJ2IjoiMSJ9.MnVDj0Db5a1QRaqdeKt6CW3CbOFQwoCC1XcRP71czr5bKTfAZAy0jWn_CUbH02XMu6bEY-J7axGaNJTnVVUr0HCq9isGpnmkpGcnLSpAJJmqp1AX6q7_XF21n7_DvzM6IlyDZoGsJ6GdNjXGMkhyFXFWSxgql7ht67ECEbWUUM5o7lNr61pjHsQkFfivY2Uf1MgdD8TvNFYlMEd9i3qBQ_zK4IfG4tMhBvJBls54JcZIc2jr1yrasera5R3QJj5qW8Nm7yEu34ddOEXlxHgfhW3UfwTCSpN6r28o11Wj7k8.9BzY8hZDA0vqs_PHPEFLZX0w-ZPBwXc7eh8OVwJZdA4&dib_tag=se&keywords=%E3%82%A2%E3%83%AA%E3%83%BC%E3%83%8A+%E3%83%A1%E3%83%B3%E3%82%BA+%E6%B0%B4%E7%9D%80&qid=1784617346&refinements=p_90%3A3428068051%2Cp_n_g-101015233022111%3A24821512051&rnid=24821510051&sprefix=%E3%82%A2%E3%83%AA%E3%83%BC%E3%83%8A+%E3%83%A1%E3%83%B3%E3%82%BA+%E6%B0%B4%E7%9D%80%2Caps%2C325&sr=8-97&ufe=app_do%3Aamzn1.fos.35785624-70c4-44ae-a5c3-3f044f475d63&xpid=PK80Z_zVbJf9i,https://m.media-amazon.com/images/I/616DoFC8AqL._AC_UL320_.jpg,"【WA承認】arena-【AQUA-RACING】-スイミング-AS6SRC77M 【WA承認】arena-【AQUA-RACING】-スイミング-AS6SRC77M 【WA承認】arena-【AQUA-RACING】-スイミング-AS6SRC77M 【WA承認】arena-【AQUA-RACING】-スイミング-AS6SRC77M ARENA 【WA承認】arena(アリーナ) 競泳水着 レース用 メンズ 【AQUA RACING】 水泳 スイミング ECO エコ 初級者向け はっ水 AS6SRC77M 94ポイント(1%) ￥9,437 ￥ 9,437",B0G42ZQY5H,
swimmingattireothers_20260721.csv,102,swimmingattireothers,SAFE,B0G41Z1J3Q,(アリーナ) フィットネス水着 メンズ 【動けるフィットインナー】 水泳 スイミング アクアビクス 水中ウォーキング はっ水 インナー付き AS6SWF70M,,5218,category_allow,フィットネス水着,カテゴリ許可ワード一致(contains),https://www.amazon.co.jp/%E3%83%95%E3%82%A3%E3%83%83%E3%83%88%E3%83%8D%E3%82%B9%E6%B0%B4%E7%9D%80-%E3%80%90%E5%8B%95%E3%81%91%E3%82%8B%E3%83%95%E3%82%A3%E3%83%83%E3%83%88%E3%82%A4%E3%83%B3%E3%83%8A%E3%83%BC%E3%80%91-%E3%82%A2%E3%82%AF%E3%82%A2%E3%83%93%E3%82%AF%E3%82%B9-%E6%B0%B4%E4%B8%AD%E3%82%A6%E3%82%A9%E3%83%BC%E3%82%AD%E3%83%B3%E3%82%B0-AS6SWF70M/dp/B0G41Z1J3Q/ref=sr_1_98?__mk_ja_JP=%E3%82%AB%E3%82%BF%E3%82%AB%E3%83%8A&crid=1VZWPQ7PCEW9L&dd=1G8INUDRiTN5hha909GVNQ%2C%2C&dib=eyJ2IjoiMSJ9.MnVDj0Db5a1QRaqdeKt6CW3CbOFQwoCC1XcRP71czr5bKTfAZAy0jWn_CUbH02XMu6bEY-J7axGaNJTnVVUr0HCq9isGpnmkpGcnLSpAJJmqp1AX6q7_XF21n7_DvzM6IlyDZoGsJ6GdNjXGMkhyFXFWSxgql7ht67ECEbWUUM5o7lNr61pjHsQkFfivY2Uf1MgdD8TvNFYlMEd9i3qBQ_zK4IfG4tMhBvJBls54JcZIc2jr1yrasera5R3QJj5qW8Nm7yEu34ddOEXlxHgfhW3UfwTCSpN6r28o11Wj7k8.9BzY8hZDA0vqs_PHPEFLZX0w-ZPBwXc7eh8OVwJZdA4&dib_tag=se&keywords=%E3%82%A2%E3%83%AA%E3%83%BC%E3%83%8A+%E3%83%A1%E3%83%B3%E3%82%BA+%E6%B0%B4%E7%9D%80&qid=1784617346&refinements=p_90%3A3428068051%2Cp_n_g-101015233022111%3A24821512051&rnid=24821510051&sprefix=%E3%82%A2%E3%83%AA%E3%83%BC%E3%83%8A+%E3%83%A1%E3%83%B3%E3%82%BA+%E6%B0%B4%E7%9D%80%2Caps%2C325&sr=8-98&ufe=app_do%3Aamzn1.fos.35785624-70c4-44ae-a5c3-3f044f475d63&xpid=PK80Z_zVbJf9i,https://m.media-amazon.com/images/I/51C+sUr1oYL._AC_UL320_.jpg,"フィットネス水着-【動けるフィットインナー】-アクアビクス-水中ウォーキング-AS6SWF70M フィットネス水着-【動けるフィットインナー】-アクアビクス-水中ウォーキング-AS6SWF70M フィットネス水着-【動けるフィットインナー】-アクアビクス-水中ウォーキング-AS6SWF70M ARENA (アリーナ) フィットネス水着 メンズ 【動けるフィットインナー】 水泳 スイミング アクアビクス 水中ウォーキング はっ水 インナー付き AS6SWF70M 52ポイント(1%) ￥5,218 ￥ 5,218",B0G41Z1J3Q,
swimmingattireothers_20260721.csv,103,swimmingattireothers,SAFE,B0DNML1TLT,(アリーナ) フィットネス水着 メンズ 【動けるフィットインナー】 インナー付き フィットネス向け AS5SWF68M,,5000,category_allow,フィットネス水着,カテゴリ許可ワード一致(contains),https://www.amazon.co.jp/%E3%83%95%E3%82%A3%E3%83%83%E3%83%88%E3%83%8D%E3%82%B9%E6%B0%B4%E7%9D%80-%E3%80%90%E5%8B%95%E3%81%91%E3%82%8B%E3%83%95%E3%82%A3%E3%83%83%E3%83%88%E3%82%A4%E3%83%B3%E3%83%8A%E3%83%BC%E3%80%91-%E3%82%A4%E3%83%B3%E3%83%8A%E3%83%BC%E4%BB%98%E3%81%8D-%E3%83%95%E3%82%A3%E3%83%83%E3%83%88%E3%83%8D%E3%82%B9%E5%90%91%E3%81%91-AS5SWF68M/dp/B0DNML1TLT/ref=sr_1_99?__mk_ja_JP=%E3%82%AB%E3%82%BF%E3%82%AB%E3%83%8A&crid=1VZWPQ7PCEW9L&dd=1G8INUDRiTN5hha909GVNQ%2C%2C&dib=eyJ2IjoiMSJ9.MnVDj0Db5a1QRaqdeKt6CW3CbOFQwoCC1XcRP71czr5bKTfAZAy0jWn_CUbH02XMu6bEY-J7axGaNJTnVVUr0HCq9isGpnmkpGcnLSpAJJmqp1AX6q7_XF21n7_DvzM6IlyDZoGsJ6GdNjXGMkhyFXFWSxgql7ht67ECEbWUUM5o7lNr61pjHsQkFfivY2Uf1MgdD8TvNFYlMEd9i3qBQ_zK4IfG4tMhBvJBls54JcZIc2jr1yrasera5R3QJj5qW8Nm7yEu34ddOEXlxHgfhW3UfwTCSpN6r28o11Wj7k8.9BzY8hZDA0vqs_PHPEFLZX0w-ZPBwXc7eh8OVwJZdA4&dib_tag=se&keywords=%E3%82%A2%E3%83%AA%E3%83%BC%E3%83%8A+%E3%83%A1%E3%83%B3%E3%82%BA+%E6%B0%B4%E7%9D%80&qid=1784617346&refinements=p_90%3A3428068051%2Cp_n_g-101015233022111%3A24821512051&rnid=24821510051&sprefix=%E3%82%A2%E3%83%AA%E3%83%BC%E3%83%8A+%E3%83%A1%E3%83%B3%E3%82%BA+%E6%B0%B4%E7%9D%80%2Caps%2C325&sr=8-99&ufe=app_do%3Aamzn1.fos.35785624-70c4-44ae-a5c3-3f044f475d63&xpid=PK80Z_zVbJf9i,https://m.media-amazon.com/images/I/51Ep1F9O3vL._AC_UL320_.jpg,"フィットネス水着-【動けるフィットインナー】-インナー付き-フィットネス向け-AS5SWF68M フィットネス水着-【動けるフィットインナー】-インナー付き-フィットネス向け-AS5SWF68M フィットネス水着-【動けるフィットインナー】-インナー付き-フィットネス向け-AS5SWF68M フィットネス水着-【動けるフィットインナー】-インナー付き-フィットネス向け-AS5SWF68M フィットネス水着-【動けるフィットインナー】-インナー付き-フィットネス向け-AS5SWF68M ARENA フィットネス水着-【動けるフィットインナー】-インナー付き-フィットネス向け-AS5SWF68M (アリーナ) フィットネス水着 メンズ 【動けるフィットインナー】 インナー付き フィットネス向け AS5SWF68M ￥5,000 ￥ 5,000","B0DNML1TLT,B0DNMJ7NBG,B0DNMHSMNB",
swimmingattireothers_20260721.csv,104,swimmingattireothers,SAFE,B0G42XPGHW,(アリーナ) フィットネス水着 メンズ 【AQUA EXA】 水泳 スイミング はっ水 AS6SWF62M,,5969,category_allow,フィットネス水着,カテゴリ許可ワード一致(contains),https://www.amazon.co.jp/arena-%E3%83%95%E3%82%A3%E3%83%83%E3%83%88%E3%83%8D%E3%82%B9%E6%B0%B4%E7%9D%80-%E3%80%90AQUA-%E3%82%B9%E3%82%A4%E3%83%9F%E3%83%B3%E3%82%B0-AS6SWF62M/dp/B0G42XPGHW/ref=sr_1_100?__mk_ja_JP=%E3%82%AB%E3%82%BF%E3%82%AB%E3%83%8A&crid=1VZWPQ7PCEW9L&dd=1G8INUDRiTN5hha909GVNQ%2C%2C&dib=eyJ2IjoiMSJ9.MnVDj0Db5a1QRaqdeKt6CW3CbOFQwoCC1XcRP71czr5bKTfAZAy0jWn_CUbH02XMu6bEY-J7axGaNJTnVVUr0HCq9isGpnmkpGcnLSpAJJmqp1AX6q7_XF21n7_DvzM6IlyDZoGsJ6GdNjXGMkhyFXFWSxgql7ht67ECEbWUUM5o7lNr61pjHsQkFfivY2Uf1MgdD8TvNFYlMEd9i3qBQ_zK4IfG4tMhBvJBls54JcZIc2jr1yrasera5R3QJj5qW8Nm7yEu34ddOEXlxHgfhW3UfwTCSpN6r28o11Wj7k8.9BzY8hZDA0vqs_PHPEFLZX0w-ZPBwXc7eh8OVwJZdA4&dib_tag=se&keywords=%E3%82%A2%E3%83%AA%E3%83%BC%E3%83%8A+%E3%83%A1%E3%83%B3%E3%82%BA+%E6%B0%B4%E7%9D%80&qid=1784617346&refinements=p_90%3A3428068051%2Cp_n_g-101015233022111%3A24821512051&rnid=24821510051&sprefix=%E3%82%A2%E3%83%AA%E3%83%BC%E3%83%8A+%E3%83%A1%E3%83%B3%E3%82%BA+%E6%B0%B4%E7%9D%80%2Caps%2C325&sr=8-100&ufe=app_do%3Aamzn1.fos.35785624-70c4-44ae-a5c3-3f044f475d63&xpid=PK80Z_zVbJf9i,https://m.media-amazon.com/images/I/511euz9ZBfL._AC_UL320_.jpg,"arena-フィットネス水着-【AQUA-スイミング-AS6SWF62M arena-フィットネス水着-【AQUA-スイミング-AS6SWF62M arena-フィットネス水着-【AQUA-スイミング-AS6SWF62M arena-フィットネス水着-【AQUA-スイミング-AS6SWF62M ARENA (アリーナ) フィットネス水着 メンズ 【AQUA EXA】 水泳 スイミング はっ水 AS6SWF62M 60ポイント(1%) ￥5,969 ￥ 5,969",B0G42XPGHW,
swimmingattireothers_20260721.csv,105,swimmingattireothers,SAFE,B0G4363JVQ,(アリーナ) 競泳水着 トレーニング用 メンズ 【TOUGHSUIT】 水泳 スイミング 耐久性 練習用 トレーニング向け ショートレッグ AS6SWM24M,,5325,category_allow,競泳水着,カテゴリ許可ワード一致(contains),https://www.amazon.co.jp/%E3%83%88%E3%83%AC%E3%83%BC%E3%83%8B%E3%83%B3%E3%82%B0%E7%94%A8-%E3%80%90TOUGHSUIT%E3%80%91-%E3%83%88%E3%83%AC%E3%83%BC%E3%83%8B%E3%83%B3%E3%82%B0%E5%90%91%E3%81%91-%E3%82%B7%E3%83%A7%E3%83%BC%E3%83%88%E3%83%AC%E3%83%83%E3%82%B0-AS6SWM24M/dp/B0G4363JVQ/ref=sr_1_101?__mk_ja_JP=%E3%82%AB%E3%82%BF%E3%82%AB%E3%83%8A&crid=1VZWPQ7PCEW9L&dd=1G8INUDRiTN5hha909GVNQ%2C%2C&dib=eyJ2IjoiMSJ9.MnVDj0Db5a1QRaqdeKt6CW3CbOFQwoCC1XcRP71czr5bKTfAZAy0jWn_CUbH02XMu6bEY-J7axGaNJTnVVUr0HCq9isGpnmkpGcnLSpAJJmqp1AX6q7_XF21n7_DvzM6IlyDZoGsJ6GdNjXGMkhyFXFWSxgql7ht67ECEbWUUM5o7lNr61pjHsQkFfivY2Uf1MgdD8TvNFYlMEd9i3qBQ_zK4IfG4tMhBvJBls54JcZIc2jr1yrasera5R3QJj5qW8Nm7yEu34ddOEXlxHgfhW3UfwTCSpN6r28o11Wj7k8.9BzY8hZDA0vqs_PHPEFLZX0w-ZPBwXc7eh8OVwJZdA4&dib_tag=se&keywords=%E3%82%A2%E3%83%AA%E3%83%BC%E3%83%8A+%E3%83%A1%E3%83%B3%E3%82%BA+%E6%B0%B4%E7%9D%80&qid=1784617346&refinements=p_90%3A3428068051%2Cp_n_g-101015233022111%3A24821512051&rnid=24821510051&sprefix=%E3%82%A2%E3%83%AA%E3%83%BC%E3%83%8A+%E3%83%A1%E3%83%B3%E3%82%BA+%E6%B0%B4%E7%9D%80%2Caps%2C325&sr=8-101&ufe=app_do%3Aamzn1.fos.35785624-70c4-44ae-a5c3-3f044f475d63&xpid=PK80Z_zVbJf9i,https://m.media-amazon.com/images/I/61yvzJRsKgL._AC_UL320_.jpg,"トレーニング用-【TOUGHSUIT】-トレーニング向け-ショートレッグ-AS6SWM24M トレーニング用-【TOUGHSUIT】-トレーニング向け-ショートレッグ-AS6SWM24M トレーニング用-【TOUGHSUIT】-トレーニング向け-ショートレッグ-AS6SWM24M トレーニング用-【TOUGHSUIT】-トレーニング向け-ショートレッグ-AS6SWM24M トレーニング用-【TOUGHSUIT】-トレーニング向け-ショートレッグ-AS6SWM24M ARENA トレーニング用-【TOUGHSUIT】-トレーニング向け-ショートレッグ-AS6SWM24M (アリーナ) 競泳水着 トレーニング用 メンズ 【TOUGHSUIT】 水泳 スイミング 耐久性 練習用 トレーニング向け ショートレッグ AS6SWM24M javascript:void(0) 5つ星のうち5.0 53ポイント(1%) ￥5,325 ￥ 5,325","B0G4363JVQ,B0G435H68Q,B0G4364CRL,B0G432XW58",
swimmingattireothers_20260721.csv,111,swimmingattireothers,SAFE,B0F9L7DWK9,スイム 競泳 水着 GX・SONIC STREAM ハーフスパッツ N2MBC526 N2MBC926,,5817,category_allow,競泳水着,カテゴリ許可ワード一致(contains),https://www.amazon.co.jp/%E3%83%9F%E3%82%BA%E3%83%8E-GX%E3%83%BBSONIC-STREAM-%E3%83%8F%E3%83%BC%E3%83%95%E3%82%B9%E3%83%91%E3%83%83%E3%83%84-%E3%83%96%E3%83%A9%E3%83%83%E3%82%AF%C3%97%E3%82%B5%E3%83%83%E3%82%AF%E3%82%B9/dp/B0F9L7DWK9/ref=sr_1_102?__mk_ja_JP=%E3%82%AB%E3%82%BF%E3%82%AB%E3%83%8A&crid=1VZWPQ7PCEW9L&dd=1G8INUDRiTN5hha909GVNQ%2C%2C&dib=eyJ2IjoiMSJ9.4MbVS4K3fCpxlf0iIU1JWtLO5bIZo3FCYtbE0Uc4slWYZvwb_0VbdN4OxftPRVrBl1HMlxY_mQ2KjAkSOlalCLw7r26-kr8ZsZxv76lkbyQ.8eVrTYPCALQWqzzZmfBBSyNhSBFrAtHpYTx42H8rE5o&dib_tag=se&keywords=%E3%82%A2%E3%83%AA%E3%83%BC%E3%83%8A+%E3%83%A1%E3%83%B3%E3%82%BA+%E6%B0%B4%E7%9D%80&qid=1784617367&refinements=p_90%3A3428068051%2Cp_n_g-101015233022111%3A24821512051&rnid=24821510051&sprefix=%E3%82%A2%E3%83%AA%E3%83%BC%E3%83%8A+%E3%83%A1%E3%83%B3%E3%82%BA+%E6%B0%B4%E7%9D%80%2Caps%2C325&sr=8-102&ufe=app_do%3Aamzn1.fos.35785624-70c4-44ae-a5c3-3f044f475d63&xpid=PK80Z_zVbJf9i,https://m.media-amazon.com/images/I/61WvInjkqvL._AC_UL320_.jpg,"ミズノ-GX・SONIC-STREAM-ハーフスパッツ-ブラック×サックス ミズノ-GX・SONIC-STREAM-ハーフスパッツ-ブラック×サックス ミズノ-GX・SONIC-STREAM-ハーフスパッツ-ブラック×サックス ミズノ-GX・SONIC-STREAM-ハーフスパッツ-ブラック×サックス ミズノ-GX・SONIC-STREAM-ハーフスパッツ-ブラック×サックス MIZUNO(ミズノ) ミズノ-GX・SONIC-STREAM-ハーフスパッツ-ブラック×サックス スイム 競泳 水着 GX・SONIC STREAM ハーフスパッツ N2MBC526 N2MBC926 javascript:void(0) 5つ星のうち3.3 58ポイント(1%) ￥5,817 ￥ 5,817","B0F9L7DWK9,B0F9L7DWKC,B0F9L9PX7T,B0F9L3X8GZ",
swimmingattireothers_20260721.csv,118,swimmingattireothers,SAFE,B0DNMKMD31,[アリーナ] 競泳水着 トレーニング用 メンズ 【TOUGHSUIT】 練習用 トレーニング向け AS5SWM30M,,5990,category_allow,競泳水着,カテゴリ許可ワード一致(contains),https://www.amazon.co.jp/arena-%E3%83%88%E3%83%AC%E3%83%BC%E3%83%8B%E3%83%B3%E3%82%B0%E7%94%A8-%E3%80%90TOUGHSUIT%E3%80%91-%E3%83%88%E3%83%AC%E3%83%BC%E3%83%8B%E3%83%B3%E3%82%B0%E5%90%91%E3%81%91-AS5SWM30M/dp/B0DNMKMD31/ref=sr_1_109?__mk_ja_JP=%E3%82%AB%E3%82%BF%E3%82%AB%E3%83%8A&crid=1VZWPQ7PCEW9L&dd=1G8INUDRiTN5hha909GVNQ%2C%2C&dib=eyJ2IjoiMSJ9.q-o11wx4z6n53VWLdTCpkRH9AZrqM9dxKByf7QV7raVLMldn2ubySh-hD2sq95w3gzCLIlr7JRjlnpm7QqEOAh1lJI32TPNzcsef_yusPMFz_vDD_rH0qlZ0WmIOTebBnwinw56sbg6hCgXcvBrco0nljfRRp0P5v3jOXa-jtEOFhYuKj5H7T2-njuApCNplIc5QnQ7iHQE2RDm0mpcWX6Npucyms9DMm_5zh0StvCNXDDRLugVzAnl9gI0YBaY5p1YQt-zurLmUNBegf-Za5KF1VSOTxJLAphmRqi0_zIw.he3996ugLHXsI5vu4y7BovtQTiZTHkt1K7d7eLsSuzo&dib_tag=se&keywords=%E3%82%A2%E3%83%AA%E3%83%BC%E3%83%8A+%E3%83%A1%E3%83%B3%E3%82%BA+%E6%B0%B4%E7%9D%80&qid=1784617367&refinements=p_90%3A3428068051%2Cp_n_g-101015233022111%3A24821512051&rnid=24821510051&sprefix=%E3%82%A2%E3%83%AA%E3%83%BC%E3%83%8A+%E3%83%A1%E3%83%B3%E3%82%BA+%E6%B0%B4%E7%9D%80%2Caps%2C325&sr=8-109&ufe=app_do%3Aamzn1.fos.35785624-70c4-44ae-a5c3-3f044f475d63&xpid=PK80Z_zVbJf9i,https://m.media-amazon.com/images/I/61X76c-OFoL._AC_UL320_.jpg,"arena-トレーニング用-【TOUGHSUIT】-トレーニング向け-AS5SWM30M arena-トレーニング用-【TOUGHSUIT】-トレーニング向け-AS5SWM30M arena-トレーニング用-【TOUGHSUIT】-トレーニング向け-AS5SWM30M arena-トレーニング用-【TOUGHSUIT】-トレーニング向け-AS5SWM30M arena-トレーニング用-【TOUGHSUIT】-トレーニング向け-AS5SWM30M ARENA arena-トレーニング用-【TOUGHSUIT】-トレーニング向け-AS5SWM30M [アリーナ] 競泳水着 トレーニング用 メンズ 【TOUGHSUIT】 練習用 トレーニング向け AS5SWM30M javascript:void(0) 5つ星のうち3.9 ￥5,990 ￥ 5,990","B0DNMKMD31,B0DNMLHNDD,B0DNMLJPYJ",
swimmingattireothers_20260721.csv,119,swimmingattireothers,SAFE,B0GXJ8YCZJ,(アリーナ) フィットネス水着 メンズ 水泳 スイミング フィットネス向け 撥水 AS6FWF61M,,6732,category_allow,フィットネス水着,カテゴリ許可ワード一致(contains),https://www.amazon.co.jp/arena-%E3%83%95%E3%82%A3%E3%83%83%E3%83%88%E3%83%8D%E3%82%B9%E6%B0%B4%E7%9D%80-%E3%82%B9%E3%82%A4%E3%83%9F%E3%83%B3%E3%82%B0-%E3%83%95%E3%82%A3%E3%83%83%E3%83%88%E3%83%8D%E3%82%B9%E5%90%91%E3%81%91-AS6FWF61M/dp/B0GXJ8YCZJ/ref=sr_1_110?__mk_ja_JP=%E3%82%AB%E3%82%BF%E3%82%AB%E3%83%8A&crid=1VZWPQ7PCEW9L&dd=1G8INUDRiTN5hha909GVNQ%2C%2C&dib=eyJ2IjoiMSJ9.q-o11wx4z6n53VWLdTCpkRH9AZrqM9dxKByf7QV7raVLMldn2ubySh-hD2sq95w3gzCLIlr7JRjlnpm7QqEOAh1lJI32TPNzcsef_yusPMFz_vDD_rH0qlZ0WmIOTebBnwinw56sbg6hCgXcvBrco0nljfRRp0P5v3jOXa-jtEOFhYuKj5H7T2-njuApCNplIc5QnQ7iHQE2RDm0mpcWX6Npucyms9DMm_5zh0StvCNXDDRLugVzAnl9gI0YBaY5p1YQt-zurLmUNBegf-Za5KF1VSOTxJLAphmRqi0_zIw.he3996ugLHXsI5vu4y7BovtQTiZTHkt1K7d7eLsSuzo&dib_tag=se&keywords=%E3%82%A2%E3%83%AA%E3%83%BC%E3%83%8A+%E3%83%A1%E3%83%B3%E3%82%BA+%E6%B0%B4%E7%9D%80&qid=1784617367&refinements=p_90%3A3428068051%2Cp_n_g-101015233022111%3A24821512051&rnid=24821510051&sprefix=%E3%82%A2%E3%83%AA%E3%83%BC%E3%83%8A+%E3%83%A1%E3%83%B3%E3%82%BA+%E6%B0%B4%E7%9D%80%2Caps%2C325&sr=8-110&ufe=app_do%3Aamzn1.fos.35785624-70c4-44ae-a5c3-3f044f475d63&xpid=PK80Z_zVbJf9i,https://m.media-amazon.com/images/I/51mZmXVPwEL._AC_UL320_.jpg,"arena-フィットネス水着-スイミング-フィットネス向け-AS6FWF61M arena-フィットネス水着-スイミング-フィットネス向け-AS6FWF61M arena-フィットネス水着-スイミング-フィットネス向け-AS6FWF61M arena-フィットネス水着-スイミング-フィットネス向け-AS6FWF61M arena-フィットネス水着-スイミング-フィットネス向け-AS6FWF61M ARENA arena-フィットネス水着-スイミング-フィットネス向け-AS6FWF61M (アリーナ) フィットネス水着 メンズ 水泳 スイミング フィットネス向け 撥水 AS6FWF61M 67ポイント(1%) ￥6,732 ￥ 6,732","B0GXJ8YCZJ,B0GXJ9W66H,B0GXJJ1PX4",
swimmingattireothers_20260721.csv,120,swimmingattireothers,SAFE,B0G42SPRRN,【WA承認】arena(アリーナ) 競泳水着 レース用 メンズ 【AQUA RACING】 水泳 スイミング ECO エコ 初級者向け はっ水 AS6SRC55M,,8174,category_allow,競泳水着,カテゴリ許可ワード一致(contains),https://www.amazon.co.jp/%E3%80%90WA%E6%89%BF%E8%AA%8D%E3%80%91arena-%E3%80%90AQUA-RACING%E3%80%91-3XO%E3%82%B5%E3%82%A4%E3%82%BA-AS6SRC55M/dp/B0G42SPRRN/ref=sr_1_111?__mk_ja_JP=%E3%82%AB%E3%82%BF%E3%82%AB%E3%83%8A&crid=1VZWPQ7PCEW9L&dd=1G8INUDRiTN5hha909GVNQ%2C%2C&dib=eyJ2IjoiMSJ9.q-o11wx4z6n53VWLdTCpkRH9AZrqM9dxKByf7QV7raVLMldn2ubySh-hD2sq95w3gzCLIlr7JRjlnpm7QqEOAh1lJI32TPNzcsef_yusPMFz_vDD_rH0qlZ0WmIOTebBnwinw56sbg6hCgXcvBrco0nljfRRp0P5v3jOXa-jtEOFhYuKj5H7T2-njuApCNplIc5QnQ7iHQE2RDm0mpcWX6Npucyms9DMm_5zh0StvCNXDDRLugVzAnl9gI0YBaY5p1YQt-zurLmUNBegf-Za5KF1VSOTxJLAphmRqi0_zIw.he3996ugLHXsI5vu4y7BovtQTiZTHkt1K7d7eLsSuzo&dib_tag=se&keywords=%E3%82%A2%E3%83%AA%E3%83%BC%E3%83%8A+%E3%83%A1%E3%83%B3%E3%82%BA+%E6%B0%B4%E7%9D%80&qid=1784617367&refinements=p_90%3A3428068051%2Cp_n_g-101015233022111%3A24821512051&rnid=24821510051&sprefix=%E3%82%A2%E3%83%AA%E3%83%BC%E3%83%8A+%E3%83%A1%E3%83%B3%E3%82%BA+%E6%B0%B4%E7%9D%80%2Caps%2C325&sr=8-111&ufe=app_do%3Aamzn1.fos.35785624-70c4-44ae-a5c3-3f044f475d63&xpid=PK80Z_zVbJf9i,https://m.media-amazon.com/images/I/511ZtGwMx4L._AC_UL320_.jpg,"【WA承認】arena-【AQUA-RACING】-3XOサイズ-AS6SRC55M 【WA承認】arena-【AQUA-RACING】-3XOサイズ-AS6SRC55M ARENA 【WA承認】arena-【AQUA-RACING】-3XOサイズ-AS6SRC55M 【WA承認】arena(アリーナ) 競泳水着 レース用 メンズ 【AQUA RACING】 水泳 スイミング ECO エコ 初級者向け はっ水 AS6SRC55M 82ポイント(1%) ￥8,174 ￥ 8,174",B0G42SPRRN,
swimmingattireothers_20260721.csv,122,swimmingattireothers,SAFE,B0F8VHHHFQ,[アリーナ] フィットネス水着 メンズ 【動けるフィットインナー】 水泳 スイミング プール フィットネス向け AS5FWF66M,,5000,category_allow,フィットネス水着,カテゴリ許可ワード一致(contains),https://www.amazon.co.jp/%E3%83%95%E3%82%A3%E3%83%83%E3%83%88%E3%83%8D%E3%82%B9%E6%B0%B4%E7%9D%80-%E3%80%90%E5%8B%95%E3%81%91%E3%82%8B%E3%83%95%E3%82%A3%E3%83%83%E3%83%88%E3%82%A4%E3%83%B3%E3%83%8A%E3%83%BC%E3%80%91-XO%E3%82%B5%E3%82%A4%E3%82%BA-%E3%83%95%E3%82%A3%E3%83%83%E3%83%88%E3%83%8D%E3%82%B9%E5%90%91%E3%81%91-AS5FWF66M/dp/B0F8VHHHFQ/ref=sr_1_113?__mk_ja_JP=%E3%82%AB%E3%82%BF%E3%82%AB%E3%83%8A&crid=1VZWPQ7PCEW9L&dd=1G8INUDRiTN5hha909GVNQ%2C%2C&dib=eyJ2IjoiMSJ9.q-o11wx4z6n53VWLdTCpkRH9AZrqM9dxKByf7QV7raVLMldn2ubySh-hD2sq95w3gzCLIlr7JRjlnpm7QqEOAh1lJI32TPNzcsef_yusPMFz_vDD_rH0qlZ0WmIOTebBnwinw56sbg6hCgXcvBrco0nljfRRp0P5v3jOXa-jtEOFhYuKj5H7T2-njuApCNplIc5QnQ7iHQE2RDm0mpcWX6Npucyms9DMm_5zh0StvCNXDDRLugVzAnl9gI0YBaY5p1YQt-zurLmUNBegf-Za5KF1VSOTxJLAphmRqi0_zIw.he3996ugLHXsI5vu4y7BovtQTiZTHkt1K7d7eLsSuzo&dib_tag=se&keywords=%E3%82%A2%E3%83%AA%E3%83%BC%E3%83%8A+%E3%83%A1%E3%83%B3%E3%82%BA+%E6%B0%B4%E7%9D%80&qid=1784617367&refinements=p_90%3A3428068051%2Cp_n_g-101015233022111%3A24821512051&rnid=24821510051&sprefix=%E3%82%A2%E3%83%AA%E3%83%BC%E3%83%8A+%E3%83%A1%E3%83%B3%E3%82%BA+%E6%B0%B4%E7%9D%80%2Caps%2C325&sr=8-113&ufe=app_do%3Aamzn1.fos.35785624-70c4-44ae-a5c3-3f044f475d63&xpid=PK80Z_zVbJf9i,https://m.media-amazon.com/images/I/51H22CQY6OL._AC_UL320_.jpg,"フィットネス水着-【動けるフィットインナー】-XOサイズ-フィットネス向け-AS5FWF66M フィットネス水着-【動けるフィットインナー】-XOサイズ-フィットネス向け-AS5FWF66M フィットネス水着-【動けるフィットインナー】-XOサイズ-フィットネス向け-AS5FWF66M フィットネス水着-【動けるフィットインナー】-XOサイズ-フィットネス向け-AS5FWF66M フィットネス水着-【動けるフィットインナー】-XOサイズ-フィットネス向け-AS5FWF66M ARENA フィットネス水着-【動けるフィットインナー】-XOサイズ-フィットネス向け-AS5FWF66M [アリーナ] フィットネス水着 メンズ 【動けるフィットインナー】 水泳 スイミング プール フィットネス向け AS5FWF66M javascript:void(0) 5つ星のうち5.0 ￥5,000 ￥ 5,000","B0F8VHHHFQ,B0F8VF8DKM",
swimmingattireothers_20260721.csv,123,swimmingattireothers,SAFE,B0F8VH5CJD,[アリーナ] フィットネス水着 メンズ 【動けるフィットインナー】 水泳 スイミング プール フィットネス向け AS5FWF71M,,5900,category_allow,フィットネス水着,カテゴリ許可ワード一致(contains),https://www.amazon.co.jp/%E3%83%95%E3%82%A3%E3%83%83%E3%83%88%E3%83%8D%E3%82%B9%E6%B0%B4%E7%9D%80-%E3%80%90%E5%8B%95%E3%81%91%E3%82%8B%E3%83%95%E3%82%A3%E3%83%83%E3%83%88%E3%82%A4%E3%83%B3%E3%83%8A%E3%83%BC%E3%80%91-%E3%82%B9%E3%82%A4%E3%83%9F%E3%83%B3%E3%82%B0-%E3%83%95%E3%82%A3%E3%83%83%E3%83%88%E3%83%8D%E3%82%B9%E5%90%91%E3%81%91-AS5FWF71M/dp/B0F8VH5CJD/ref=sr_1_114?__mk_ja_JP=%E3%82%AB%E3%82%BF%E3%82%AB%E3%83%8A&crid=1VZWPQ7PCEW9L&dd=1G8INUDRiTN5hha909GVNQ%2C%2C&dib=eyJ2IjoiMSJ9.q-o11wx4z6n53VWLdTCpkRH9AZrqM9dxKByf7QV7raVLMldn2ubySh-hD2sq95w3gzCLIlr7JRjlnpm7QqEOAh1lJI32TPNzcsef_yusPMFz_vDD_rH0qlZ0WmIOTebBnwinw56sbg6hCgXcvBrco0nljfRRp0P5v3jOXa-jtEOFhYuKj5H7T2-njuApCNplIc5QnQ7iHQE2RDm0mpcWX6Npucyms9DMm_5zh0StvCNXDDRLugVzAnl9gI0YBaY5p1YQt-zurLmUNBegf-Za5KF1VSOTxJLAphmRqi0_zIw.he3996ugLHXsI5vu4y7BovtQTiZTHkt1K7d7eLsSuzo&dib_tag=se&keywords=%E3%82%A2%E3%83%AA%E3%83%BC%E3%83%8A+%E3%83%A1%E3%83%B3%E3%82%BA+%E6%B0%B4%E7%9D%80&qid=1784617367&refinements=p_90%3A3428068051%2Cp_n_g-101015233022111%3A24821512051&rnid=24821510051&sprefix=%E3%82%A2%E3%83%AA%E3%83%BC%E3%83%8A+%E3%83%A1%E3%83%B3%E3%82%BA+%E6%B0%B4%E7%9D%80%2Caps%2C325&sr=8-114&ufe=app_do%3Aamzn1.fos.35785624-70c4-44ae-a5c3-3f044f475d63&xpid=PK80Z_zVbJf9i,https://m.media-amazon.com/images/I/51qhqPWfF1L._AC_UL320_.jpg,"フィットネス水着-【動けるフィットインナー】-スイミング-フィットネス向け-AS5FWF71M フィットネス水着-【動けるフィットインナー】-スイミング-フィットネス向け-AS5FWF71M フィットネス水着-【動けるフィットインナー】-スイミング-フィットネス向け-AS5FWF71M フィットネス水着-【動けるフィットインナー】-スイミング-フィットネス向け-AS5FWF71M ARENA フィットネス水着-【動けるフィットインナー】-スイミング-フィットネス向け-AS5FWF71M [アリーナ] フィットネス水着 メンズ 【動けるフィットインナー】 水泳 スイミング プール フィットネス向け AS5FWF71M javascript:void(0) 5つ星のうち5.0 ￥5,900 ￥ 5,900","B0F8VH5CJD,B0F8VGQX2M,B0F8VFQBXV",
swimmingattireothers_20260721.csv,124,swimmingattireothers,SAFE,B0BLZ7QVJM,競泳水着 FLEX Σχ Jammer フレックスシグマカイジャマー 競泳水着 FLEX Σχ Jammer フレックスシグマカイジャマー SC62301F,,7038,category_allow,競泳水着,カテゴリ許可ワード一致(contains),https://www.amazon.co.jp/%E3%82%B9%E3%83%94%E3%83%BC%E3%83%89-%E7%AB%B6%E6%B3%B3%E6%B0%B4%E7%9D%80-Jammer-%E3%83%95%E3%83%AC%E3%83%83%E3%82%AF%E3%82%B9%E3%82%B7%E3%82%B0%E3%83%9E%E3%82%AB%E3%82%A4%E3%82%B8%E3%83%A3%E3%83%9E%E3%83%BC-SC62301F/dp/B0BLZ7QVJM/ref=sr_1_115?__mk_ja_JP=%E3%82%AB%E3%82%BF%E3%82%AB%E3%83%8A&crid=1VZWPQ7PCEW9L&dd=1G8INUDRiTN5hha909GVNQ%2C%2C&dib=eyJ2IjoiMSJ9.q-o11wx4z6n53VWLdTCpkRH9AZrqM9dxKByf7QV7raVLMldn2ubySh-hD2sq95w3gzCLIlr7JRjlnpm7QqEOAh1lJI32TPNzcsef_yusPMFz_vDD_rH0qlZ0WmIOTebBnwinw56sbg6hCgXcvBrco0nljfRRp0P5v3jOXa-jtEOFhYuKj5H7T2-njuApCNplIc5QnQ7iHQE2RDm0mpcWX6Npucyms9DMm_5zh0StvCNXDDRLugVzAnl9gI0YBaY5p1YQt-zurLmUNBegf-Za5KF1VSOTxJLAphmRqi0_zIw.he3996ugLHXsI5vu4y7BovtQTiZTHkt1K7d7eLsSuzo&dib_tag=se&keywords=%E3%82%A2%E3%83%AA%E3%83%BC%E3%83%8A+%E3%83%A1%E3%83%B3%E3%82%BA+%E6%B0%B4%E7%9D%80&qid=1784617367&refinements=p_90%3A3428068051%2Cp_n_g-101015233022111%3A24821512051&rnid=24821510051&sprefix=%E3%82%A2%E3%83%AA%E3%83%BC%E3%83%8A+%E3%83%A1%E3%83%B3%E3%82%BA+%E6%B0%B4%E7%9D%80%2Caps%2C325&sr=8-115&ufe=app_do%3Aamzn1.fos.35785624-70c4-44ae-a5c3-3f044f475d63&xpid=PK80Z_zVbJf9i,https://m.media-amazon.com/images/I/51xNLvbeUIL._AC_UL320_.jpg,"スピード-競泳水着-Jammer-フレックスシグマカイジャマー-SC62301F スピード-競泳水着-Jammer-フレックスシグマカイジャマー-SC62301F スピード-競泳水着-Jammer-フレックスシグマカイジャマー-SC62301F スピード-競泳水着-Jammer-フレックスシグマカイジャマー-SC62301F スピード-競泳水着-Jammer-フレックスシグマカイジャマー-SC62301F Speedo(スピード) スピード-競泳水着-Jammer-フレックスシグマカイジャマー-SC62301F 競泳水着 FLEX Σχ Jammer フレックスシグマカイジャマー 競泳水着 FLEX Σχ Jammer フレックスシグマカイジャマー SC62301F javascript:void(0) 5つ星のうち4.3 70ポイント(1%) ￥7,038 ￥ 7,038","B0BLZ7QVJM,B0BLZ5VXXK,B0BLZ4FRFL",
swimmingattireothers_20260721.csv,125,swimmingattireothers,SAFE,B0CN8YHTH6,(アリーナ) フィットネス水着 メンズ 【動けるフィットインナー】 水泳 スイミング インナー付き フィットネス向け LAR-4302,,5023,category_allow,フィットネス水着,カテゴリ許可ワード一致(contains),https://www.amazon.co.jp/%E3%82%A2%E3%83%AA%E3%83%BC%E3%83%8A-%E3%83%95%E3%82%A3%E3%83%83%E3%83%88%E3%83%8D%E3%82%B9%E6%B0%B4%E7%9D%80-%E3%80%90%E5%8B%95%E3%81%91%E3%82%8B%E3%83%95%E3%82%A3%E3%83%83%E3%83%88%E3%82%A4%E3%83%B3%E3%83%8A%E3%83%BC%E3%80%91-%E3%83%95%E3%82%A3%E3%83%83%E3%83%88%E3%83%8D%E3%82%B9%E5%90%91%E3%81%91-LAR-4302/dp/B0CN8YHTH6/ref=sr_1_116?__mk_ja_JP=%E3%82%AB%E3%82%BF%E3%82%AB%E3%83%8A&crid=1VZWPQ7PCEW9L&dd=1G8INUDRiTN5hha909GVNQ%2C%2C&dib=eyJ2IjoiMSJ9.q-o11wx4z6n53VWLdTCpkRH9AZrqM9dxKByf7QV7raVLMldn2ubySh-hD2sq95w3gzCLIlr7JRjlnpm7QqEOAh1lJI32TPNzcsef_yusPMFz_vDD_rH0qlZ0WmIOTebBnwinw56sbg6hCgXcvBrco0nljfRRp0P5v3jOXa-jtEOFhYuKj5H7T2-njuApCNplIc5QnQ7iHQE2RDm0mpcWX6Npucyms9DMm_5zh0StvCNXDDRLugVzAnl9gI0YBaY5p1YQt-zurLmUNBegf-Za5KF1VSOTxJLAphmRqi0_zIw.he3996ugLHXsI5vu4y7BovtQTiZTHkt1K7d7eLsSuzo&dib_tag=se&keywords=%E3%82%A2%E3%83%AA%E3%83%BC%E3%83%8A+%E3%83%A1%E3%83%B3%E3%82%BA+%E6%B0%B4%E7%9D%80&qid=1784617367&refinements=p_90%3A3428068051%2Cp_n_g-101015233022111%3A24821512051&rnid=24821510051&sprefix=%E3%82%A2%E3%83%AA%E3%83%BC%E3%83%8A+%E3%83%A1%E3%83%B3%E3%82%BA+%E6%B0%B4%E7%9D%80%2Caps%2C325&sr=8-116&ufe=app_do%3Aamzn1.fos.35785624-70c4-44ae-a5c3-3f044f475d63&xpid=PK80Z_zVbJf9i,https://m.media-amazon.com/images/I/51RjNLAquRL._AC_UL320_.jpg,"アリーナ-フィットネス水着-【動けるフィットインナー】-フィットネス向け-LAR-4302 アリーナ-フィットネス水着-【動けるフィットインナー】-フィットネス向け-LAR-4302 アリーナ-フィットネス水着-【動けるフィットインナー】-フィットネス向け-LAR-4302 アリーナ-フィットネス水着-【動けるフィットインナー】-フィットネス向け-LAR-4302 アリーナ-フィットネス水着-【動けるフィットインナー】-フィットネス向け-LAR-4302 ARENA アリーナ-フィットネス水着-【動けるフィットインナー】-フィットネス向け-LAR-4302 (アリーナ) フィットネス水着 メンズ 【動けるフィットインナー】 水泳 スイミング インナー付き フィットネス向け LAR-4302 javascript:void(0) 5つ星のうち4.7 ￥5,023 ￥ 5,023","B0CN8YHTH6,B0CN8YJ4H8,B0CN92BGF1",
swimmingattireothers_20260721.csv,126,swimmingattireothers,SAFE,B0GXJP5QHR,アリーナ 競泳水着 トレーニング用 メンズ 【TOUGHSUIT】 水泳 スイミング トレーニング向け 練習用 アリーナくん 耐久性 AS6FWM46M,,6141,category_allow,競泳水着,カテゴリ許可ワード一致(contains),https://www.amazon.co.jp/%E3%83%88%E3%83%AC%E3%83%BC%E3%83%8B%E3%83%B3%E3%82%B0%E7%94%A8-%E3%80%90TOUGHSUIT%E3%80%91-%E3%83%88%E3%83%AC%E3%83%BC%E3%83%8B%E3%83%B3%E3%82%B0%E5%90%91%E3%81%91-%E3%82%A2%E3%83%AA%E3%83%BC%E3%83%8A%E3%81%8F%E3%82%93-AS6FWM46M/dp/B0GXJP5QHR/ref=sr_1_117?__mk_ja_JP=%E3%82%AB%E3%82%BF%E3%82%AB%E3%83%8A&crid=1VZWPQ7PCEW9L&dd=1G8INUDRiTN5hha909GVNQ%2C%2C&dib=eyJ2IjoiMSJ9.q-o11wx4z6n53VWLdTCpkRH9AZrqM9dxKByf7QV7raVLMldn2ubySh-hD2sq95w3gzCLIlr7JRjlnpm7QqEOAh1lJI32TPNzcsef_yusPMFz_vDD_rH0qlZ0WmIOTebBnwinw56sbg6hCgXcvBrco0nljfRRp0P5v3jOXa-jtEOFhYuKj5H7T2-njuApCNplIc5QnQ7iHQE2RDm0mpcWX6Npucyms9DMm_5zh0StvCNXDDRLugVzAnl9gI0YBaY5p1YQt-zurLmUNBegf-Za5KF1VSOTxJLAphmRqi0_zIw.he3996ugLHXsI5vu4y7BovtQTiZTHkt1K7d7eLsSuzo&dib_tag=se&keywords=%E3%82%A2%E3%83%AA%E3%83%BC%E3%83%8A+%E3%83%A1%E3%83%B3%E3%82%BA+%E6%B0%B4%E7%9D%80&qid=1784617367&refinements=p_90%3A3428068051%2Cp_n_g-101015233022111%3A24821512051&rnid=24821510051&sprefix=%E3%82%A2%E3%83%AA%E3%83%BC%E3%83%8A+%E3%83%A1%E3%83%B3%E3%82%BA+%E6%B0%B4%E7%9D%80%2Caps%2C325&sr=8-117&ufe=app_do%3Aamzn1.fos.35785624-70c4-44ae-a5c3-3f044f475d63&xpid=PK80Z_zVbJf9i,https://m.media-amazon.com/images/I/61JF4mJ3axL._AC_UL320_.jpg,"トレーニング用-【TOUGHSUIT】-トレーニング向け-アリーナくん-AS6FWM46M トレーニング用-【TOUGHSUIT】-トレーニング向け-アリーナくん-AS6FWM46M トレーニング用-【TOUGHSUIT】-トレーニング向け-アリーナくん-AS6FWM46M トレーニング用-【TOUGHSUIT】-トレーニング向け-アリーナくん-AS6FWM46M トレーニング用-【TOUGHSUIT】-トレーニング向け-アリーナくん-AS6FWM46M ARENA トレーニング用-【TOUGHSUIT】-トレーニング向け-アリーナくん-AS6FWM46M アリーナ 競泳水着 トレーニング用 メンズ 【TOUGHSUIT】 水泳 スイミング トレーニング向け 練習用 アリーナくん 耐久性 AS6FWM46M 61ポイント(1%) ￥6,141 ￥ 6,141","B0GXJP5QHR,B0GXJKNF1R,B0GXJKJW3N",
swimmingattireothers_20260721.csv,127,swimmingattireothers,SAFE,B0DNMK434X,[アリーナ] 競泳水着 トレーニング用 メンズ 【TOUGHSUIT】 練習用 トレーニング向け AS5SWM23M,,5990,category_allow,競泳水着,カテゴリ許可ワード一致(contains),https://www.amazon.co.jp/arena-%E3%83%88%E3%83%AC%E3%83%BC%E3%83%8B%E3%83%B3%E3%82%B0%E7%94%A8-%E3%80%90TOUGHSUIT%E3%80%91-%E3%83%88%E3%83%AC%E3%83%BC%E3%83%8B%E3%83%B3%E3%82%B0%E5%90%91%E3%81%91-AS5SWM23M/dp/B0DNMK434X/ref=sr_1_118?__mk_ja_JP=%E3%82%AB%E3%82%BF%E3%82%AB%E3%83%8A&crid=1VZWPQ7PCEW9L&dd=1G8INUDRiTN5hha909GVNQ%2C%2C&dib=eyJ2IjoiMSJ9.q-o11wx4z6n53VWLdTCpkRH9AZrqM9dxKByf7QV7raVLMldn2ubySh-hD2sq95w3gzCLIlr7JRjlnpm7QqEOAh1lJI32TPNzcsef_yusPMFz_vDD_rH0qlZ0WmIOTebBnwinw56sbg6hCgXcvBrco0nljfRRp0P5v3jOXa-jtEOFhYuKj5H7T2-njuApCNplIc5QnQ7iHQE2RDm0mpcWX6Npucyms9DMm_5zh0StvCNXDDRLugVzAnl9gI0YBaY5p1YQt-zurLmUNBegf-Za5KF1VSOTxJLAphmRqi0_zIw.he3996ugLHXsI5vu4y7BovtQTiZTHkt1K7d7eLsSuzo&dib_tag=se&keywords=%E3%82%A2%E3%83%AA%E3%83%BC%E3%83%8A+%E3%83%A1%E3%83%B3%E3%82%BA+%E6%B0%B4%E7%9D%80&qid=1784617367&refinements=p_90%3A3428068051%2Cp_n_g-101015233022111%3A24821512051&rnid=24821510051&sprefix=%E3%82%A2%E3%83%AA%E3%83%BC%E3%83%8A+%E3%83%A1%E3%83%B3%E3%82%BA+%E6%B0%B4%E7%9D%80%2Caps%2C325&sr=8-118&ufe=app_do%3Aamzn1.fos.35785624-70c4-44ae-a5c3-3f044f475d63&xpid=PK80Z_zVbJf9i,https://m.media-amazon.com/images/I/61PqNn5w0mL._AC_UL320_.jpg,"arena-トレーニング用-【TOUGHSUIT】-トレーニング向け-AS5SWM23M arena-トレーニング用-【TOUGHSUIT】-トレーニング向け-AS5SWM23M arena-トレーニング用-【TOUGHSUIT】-トレーニング向け-AS5SWM23M arena-トレーニング用-【TOUGHSUIT】-トレーニング向け-AS5SWM23M ARENA [アリーナ] 競泳水着 トレーニング用 メンズ 【TOUGHSUIT】 練習用 トレーニング向け AS5SWM23M javascript:void(0) 5つ星のうち4.8 ￥5,990 ￥ 5,990",B0DNMK434X,
swimmingattireothers_20260721.csv,128,swimmingattireothers,SAFE,B0F8VDKMCG,[アリーナ] 【WA承認】 競泳水着 レース用 メンズ 【AQUA ADVANCED】 水泳 スイミング ニット素材 中級者向け 25FWシーズンデザイン Birth of Water AS5FRC22M,,7980,category_allow,競泳水着,カテゴリ許可ワード一致(contains),https://www.amazon.co.jp/%E3%80%90WA%E6%89%BF%E8%AA%8D%E3%80%91-%E3%80%90AQUA-ADVANCED%E3%80%91-25FW%E3%82%B7%E3%83%BC%E3%82%BA%E3%83%B3%E3%83%87%E3%82%B6%E3%82%A4%E3%83%B3-AS5FRC22M/dp/B0F8VDKMCG/ref=sr_1_119?__mk_ja_JP=%E3%82%AB%E3%82%BF%E3%82%AB%E3%83%8A&crid=1VZWPQ7PCEW9L&dd=1G8INUDRiTN5hha909GVNQ%2C%2C&dib=eyJ2IjoiMSJ9.q-o11wx4z6n53VWLdTCpkRH9AZrqM9dxKByf7QV7raVLMldn2ubySh-hD2sq95w3gzCLIlr7JRjlnpm7QqEOAh1lJI32TPNzcsef_yusPMFz_vDD_rH0qlZ0WmIOTebBnwinw56sbg6hCgXcvBrco0nljfRRp0P5v3jOXa-jtEOFhYuKj5H7T2-njuApCNplIc5QnQ7iHQE2RDm0mpcWX6Npucyms9DMm_5zh0StvCNXDDRLugVzAnl9gI0YBaY5p1YQt-zurLmUNBegf-Za5KF1VSOTxJLAphmRqi0_zIw.he3996ugLHXsI5vu4y7BovtQTiZTHkt1K7d7eLsSuzo&dib_tag=se&keywords=%E3%82%A2%E3%83%AA%E3%83%BC%E3%83%8A+%E3%83%A1%E3%83%B3%E3%82%BA+%E6%B0%B4%E7%9D%80&qid=1784617367&refinements=p_90%3A3428068051%2Cp_n_g-101015233022111%3A24821512051&rnid=24821510051&sprefix=%E3%82%A2%E3%83%AA%E3%83%BC%E3%83%8A+%E3%83%A1%E3%83%B3%E3%82%BA+%E6%B0%B4%E7%9D%80%2Caps%2C325&sr=8-119&ufe=app_do%3Aamzn1.fos.35785624-70c4-44ae-a5c3-3f044f475d63&xpid=PK80Z_zVbJf9i,https://m.media-amazon.com/images/I/51EjTSW35CL._AC_UL320_.jpg,"【WA承認】-【AQUA-ADVANCED】-25FWシーズンデザイン-AS5FRC22M 【WA承認】-【AQUA-ADVANCED】-25FWシーズンデザイン-AS5FRC22M 【WA承認】-【AQUA-ADVANCED】-25FWシーズンデザイン-AS5FRC22M 【WA承認】-【AQUA-ADVANCED】-25FWシーズンデザイン-AS5FRC22M 【WA承認】-【AQUA-ADVANCED】-25FWシーズンデザイン-AS5FRC22M ARENA 【WA承認】-【AQUA-ADVANCED】-25FWシーズンデザイン-AS5FRC22M [アリーナ] 【WA承認】 競泳水着 レース用 メンズ 【AQUA ADVANCED】 水泳 スイミング ニット素材 中級者向け 25FWシーズンデザイン Birth of Water AS5FRC22M ￥7,980 ￥ 7,980","B0F8VDKMCG,B0F8VDTR82,B0F8VBZD1C",
swimmingattireothers_20260721.csv,130,swimmingattireothers,SAFE,B0DNMJ5W77,[アリーナ] フィットネス水着 メンズ 【AQUA EXA】 アクアエクサ はっ水 フィットネス向け AS5SWF62M / FLA-3970,,5228,category_allow,フィットネス水着,カテゴリ許可ワード一致(contains),https://www.amazon.co.jp/%E3%83%95%E3%82%A3%E3%83%83%E3%83%88%E3%83%8D%E3%82%B9%E6%B0%B4%E7%9D%80-%E3%80%90AQUA-%E3%82%A2%E3%82%AF%E3%82%A2%E3%82%A8%E3%82%AF%E3%82%B5-%E3%83%95%E3%82%A3%E3%83%83%E3%83%88%E3%83%8D%E3%82%B9%E5%90%91%E3%81%91-AS5SWF62M/dp/B0DNMJ5W77/ref=sr_1_121?__mk_ja_JP=%E3%82%AB%E3%82%BF%E3%82%AB%E3%83%8A&crid=1VZWPQ7PCEW9L&dd=1G8INUDRiTN5hha909GVNQ%2C%2C&dib=eyJ2IjoiMSJ9.q-o11wx4z6n53VWLdTCpkRH9AZrqM9dxKByf7QV7raVLMldn2ubySh-hD2sq95w3gzCLIlr7JRjlnpm7QqEOAh1lJI32TPNzcsef_yusPMFz_vDD_rH0qlZ0WmIOTebBnwinw56sbg6hCgXcvBrco0nljfRRp0P5v3jOXa-jtEOFhYuKj5H7T2-njuApCNplIc5QnQ7iHQE2RDm0mpcWX6Npucyms9DMm_5zh0StvCNXDDRLugVzAnl9gI0YBaY5p1YQt-zurLmUNBegf-Za5KF1VSOTxJLAphmRqi0_zIw.he3996ugLHXsI5vu4y7BovtQTiZTHkt1K7d7eLsSuzo&dib_tag=se&keywords=%E3%82%A2%E3%83%AA%E3%83%BC%E3%83%8A+%E3%83%A1%E3%83%B3%E3%82%BA+%E6%B0%B4%E7%9D%80&qid=1784617367&refinements=p_90%3A3428068051%2Cp_n_g-101015233022111%3A24821512051&rnid=24821510051&sprefix=%E3%82%A2%E3%83%AA%E3%83%BC%E3%83%8A+%E3%83%A1%E3%83%B3%E3%82%BA+%E6%B0%B4%E7%9D%80%2Caps%2C325&sr=8-121&ufe=app_do%3Aamzn1.fos.35785624-70c4-44ae-a5c3-3f044f475d63&xpid=PK80Z_zVbJf9i,https://m.media-amazon.com/images/I/51kc7-mJGfL._AC_UL320_.jpg,"フィットネス水着-【AQUA-アクアエクサ-フィットネス向け-AS5SWF62M フィットネス水着-【AQUA-アクアエクサ-フィットネス向け-AS5SWF62M フィットネス水着-【AQUA-アクアエクサ-フィットネス向け-AS5SWF62M フィットネス水着-【AQUA-アクアエクサ-フィットネス向け-AS5SWF62M フィットネス水着-【AQUA-アクアエクサ-フィットネス向け-AS5SWF62M ARENA フィットネス水着-【AQUA-アクアエクサ-フィットネス向け-AS5SWF62M [アリーナ] フィットネス水着 メンズ 【AQUA EXA】 アクアエクサ はっ水 フィットネス向け AS5SWF62M / FLA-3970 javascript:void(0) 5つ星のうち3.4 52ポイント(1%) フィットネス水着-【AQUA-アクアエクサ-フィットネス向け-AS5SWF62M ￥5,228 ￥ 5,228","B0DNMJ5W77,B0DNMKBVHR,B0C5QWMYYJ,B0DNMKGPJF,B0DNMM4SKM",
swimmingattireothers_20260721.csv,131,swimmingattireothers,SAFE,B08X4JQRJ3,【FINA承認】arena(アリーナ) 競泳水着 レース用メンズ 【AQUA ADVANCED】 リミック ARN-1027M,,4370,category_allow,競泳水着,カテゴリ許可ワード一致(contains),https://www.amazon.co.jp/arena-%E3%82%A2%E3%83%AA%E3%83%BC%E3%83%8A-%E3%83%AC%E3%83%BC%E3%82%B7%E3%83%B3%E3%82%B0%E6%B0%B4%E7%9D%80-%E3%83%96%E3%83%A9%E3%83%83%E3%82%AF%C3%97%E3%82%B0%E3%83%AC%E3%83%BC%C3%97%E3%83%AC%E3%83%83%E3%83%89-ARN-1027M/dp/B08X4JQRJ3/ref=sr_1_122?__mk_ja_JP=%E3%82%AB%E3%82%BF%E3%82%AB%E3%83%8A&crid=1VZWPQ7PCEW9L&dd=1G8INUDRiTN5hha909GVNQ%2C%2C&dib=eyJ2IjoiMSJ9.q-o11wx4z6n53VWLdTCpkRH9AZrqM9dxKByf7QV7raVLMldn2ubySh-hD2sq95w3gzCLIlr7JRjlnpm7QqEOAh1lJI32TPNzcsef_yusPMFz_vDD_rH0qlZ0WmIOTebBnwinw56sbg6hCgXcvBrco0nljfRRp0P5v3jOXa-jtEOFhYuKj5H7T2-njuApCNplIc5QnQ7iHQE2RDm0mpcWX6Npucyms9DMm_5zh0StvCNXDDRLugVzAnl9gI0YBaY5p1YQt-zurLmUNBegf-Za5KF1VSOTxJLAphmRqi0_zIw.he3996ugLHXsI5vu4y7BovtQTiZTHkt1K7d7eLsSuzo&dib_tag=se&keywords=%E3%82%A2%E3%83%AA%E3%83%BC%E3%83%8A+%E3%83%A1%E3%83%B3%E3%82%BA+%E6%B0%B4%E7%9D%80&qid=1784617367&refinements=p_90%3A3428068051%2Cp_n_g-101015233022111%3A24821512051&rnid=24821510051&sprefix=%E3%82%A2%E3%83%AA%E3%83%BC%E3%83%8A+%E3%83%A1%E3%83%B3%E3%82%BA+%E6%B0%B4%E7%9D%80%2Caps%2C325&sr=8-122&ufe=app_do%3Aamzn1.fos.35785624-70c4-44ae-a5c3-3f044f475d63&xpid=PK80Z_zVbJf9i,https://m.media-amazon.com/images/I/615W5yEXyvL._AC_UL320_.jpg,"arena-アリーナ-レーシング水着-ブラック×グレー×レッド-ARN-1027M arena-アリーナ-レーシング水着-ブラック×グレー×レッド-ARN-1027M arena-アリーナ-レーシング水着-ブラック×グレー×レッド-ARN-1027M arena-アリーナ-レーシング水着-ブラック×グレー×レッド-ARN-1027M arena-アリーナ-レーシング水着-ブラック×グレー×レッド-ARN-1027M ARENA arena-アリーナ-レーシング水着-ブラック×グレー×レッド-ARN-1027M 【FINA承認】arena(アリーナ) 競泳水着 レース用メンズ 【AQUA ADVANCED】 リミック ARN-1027M javascript:void(0) 5つ星のうち4.0 44ポイント(1%) arena-アリーナ-レーシング水着-ブラック×グレー×レッド-ARN-1027M ￥4,370 ￥ 4,370","B08X4JQRJ3,B08X4JQ26X,B08X4K6VCR,B08X4JXTSW,B09TYFVH2W",
swimmingattireothers_20260721.csv,132,swimmingattireothers,SAFE,B0F8VJXDL1,(アリーナ) 競泳水着 トレーニング用 メンズ 水泳 スイミング ブリーフタイプ AS5FWM30M,,6454,category_allow,競泳水着,カテゴリ許可ワード一致(contains),https://www.amazon.co.jp/%E3%83%88%E3%83%AC%E3%83%BC%E3%83%8B%E3%83%B3%E3%82%B0%E7%94%A8-SS%E3%82%B5%E3%82%A4%E3%82%BA-%E3%82%B9%E3%82%A4%E3%83%9F%E3%83%B3%E3%82%B0-%E3%83%96%E3%83%AA%E3%83%BC%E3%83%95%E3%82%BF%E3%82%A4%E3%83%97-AS5FWM30M/dp/B0F8VJXDL1/ref=sr_1_123?__mk_ja_JP=%E3%82%AB%E3%82%BF%E3%82%AB%E3%83%8A&crid=1VZWPQ7PCEW9L&dd=1G8INUDRiTN5hha909GVNQ%2C%2C&dib=eyJ2IjoiMSJ9.q-o11wx4z6n53VWLdTCpkRH9AZrqM9dxKByf7QV7raVLMldn2ubySh-hD2sq95w3gzCLIlr7JRjlnpm7QqEOAh1lJI32TPNzcsef_yusPMFz_vDD_rH0qlZ0WmIOTebBnwinw56sbg6hCgXcvBrco0nljfRRp0P5v3jOXa-jtEOFhYuKj5H7T2-njuApCNplIc5QnQ7iHQE2RDm0mpcWX6Npucyms9DMm_5zh0StvCNXDDRLugVzAnl9gI0YBaY5p1YQt-zurLmUNBegf-Za5KF1VSOTxJLAphmRqi0_zIw.he3996ugLHXsI5vu4y7BovtQTiZTHkt1K7d7eLsSuzo&dib_tag=se&keywords=%E3%82%A2%E3%83%AA%E3%83%BC%E3%83%8A+%E3%83%A1%E3%83%B3%E3%82%BA+%E6%B0%B4%E7%9D%80&qid=1784617367&refinements=p_90%3A3428068051%2Cp_n_g-101015233022111%3A24821512051&rnid=24821510051&sprefix=%E3%82%A2%E3%83%AA%E3%83%BC%E3%83%8A+%E3%83%A1%E3%83%B3%E3%82%BA+%E6%B0%B4%E7%9D%80%2Caps%2C325&sr=8-123&ufe=app_do%3Aamzn1.fos.35785624-70c4-44ae-a5c3-3f044f475d63&xpid=PK80Z_zVbJf9i,https://m.media-amazon.com/images/I/512O+slSLPL._AC_UL320_.jpg,"トレーニング用-SSサイズ-スイミング-ブリーフタイプ-AS5FWM30M トレーニング用-SSサイズ-スイミング-ブリーフタイプ-AS5FWM30M トレーニング用-SSサイズ-スイミング-ブリーフタイプ-AS5FWM30M トレーニング用-SSサイズ-スイミング-ブリーフタイプ-AS5FWM30M トレーニング用-SSサイズ-スイミング-ブリーフタイプ-AS5FWM30M ARENA トレーニング用-SSサイズ-スイミング-ブリーフタイプ-AS5FWM30M (アリーナ) 競泳水着 トレーニング用 メンズ 水泳 スイミング ブリーフタイプ AS5FWM30M javascript:void(0) 5つ星のうち4.4 65ポイント(1%) トレーニング用-SSサイズ-スイミング-ブリーフタイプ-AS5FWM30M ￥6,454 ￥ 6,454","B0F8VJXDL1,B0F8VF7XFH,B0F8VFKMPW,B0F8VJMZB5,B0F8VHG467",
swimmingattireothers_20260721.csv,133,swimmingattireothers,SAFE,B0G42X18V5,(アリーナ) フィットネス水着 メンズ 【動けるフィットインナー】 水泳 スイミング アクアビクス 水中ウォーキング インナー付き AS6SWF72M,,5751,category_allow,フィットネス水着,カテゴリ許可ワード一致(contains),https://www.amazon.co.jp/%E3%83%95%E3%82%A3%E3%83%83%E3%83%88%E3%83%8D%E3%82%B9%E6%B0%B4%E7%9D%80-%E3%80%90%E5%8B%95%E3%81%91%E3%82%8B%E3%83%95%E3%82%A3%E3%83%83%E3%83%88%E3%82%A4%E3%83%B3%E3%83%8A%E3%83%BC%E3%80%91-%E3%82%A2%E3%82%AF%E3%82%A2%E3%83%93%E3%82%AF%E3%82%B9-%E6%B0%B4%E4%B8%AD%E3%82%A6%E3%82%A9%E3%83%BC%E3%82%AD%E3%83%B3%E3%82%B0-AS6SWF72M/dp/B0G42X18V5/ref=sr_1_124?__mk_ja_JP=%E3%82%AB%E3%82%BF%E3%82%AB%E3%83%8A&crid=1VZWPQ7PCEW9L&dd=1G8INUDRiTN5hha909GVNQ%2C%2C&dib=eyJ2IjoiMSJ9.q-o11wx4z6n53VWLdTCpkRH9AZrqM9dxKByf7QV7raVLMldn2ubySh-hD2sq95w3gzCLIlr7JRjlnpm7QqEOAh1lJI32TPNzcsef_yusPMFz_vDD_rH0qlZ0WmIOTebBnwinw56sbg6hCgXcvBrco0nljfRRp0P5v3jOXa-jtEOFhYuKj5H7T2-njuApCNplIc5QnQ7iHQE2RDm0mpcWX6Npucyms9DMm_5zh0StvCNXDDRLugVzAnl9gI0YBaY5p1YQt-zurLmUNBegf-Za5KF1VSOTxJLAphmRqi0_zIw.he3996ugLHXsI5vu4y7BovtQTiZTHkt1K7d7eLsSuzo&dib_tag=se&keywords=%E3%82%A2%E3%83%AA%E3%83%BC%E3%83%8A+%E3%83%A1%E3%83%B3%E3%82%BA+%E6%B0%B4%E7%9D%80&qid=1784617367&refinements=p_90%3A3428068051%2Cp_n_g-101015233022111%3A24821512051&rnid=24821510051&sprefix=%E3%82%A2%E3%83%AA%E3%83%BC%E3%83%8A+%E3%83%A1%E3%83%B3%E3%82%BA+%E6%B0%B4%E7%9D%80%2Caps%2C325&sr=8-124&ufe=app_do%3Aamzn1.fos.35785624-70c4-44ae-a5c3-3f044f475d63&xpid=PK80Z_zVbJf9i,https://m.media-amazon.com/images/I/51sv3U78jtL._AC_UL320_.jpg,"フィットネス水着-【動けるフィットインナー】-アクアビクス-水中ウォーキング-AS6SWF72M フィットネス水着-【動けるフィットインナー】-アクアビクス-水中ウォーキング-AS6SWF72M フィットネス水着-【動けるフィットインナー】-アクアビクス-水中ウォーキング-AS6SWF72M フィットネス水着-【動けるフィットインナー】-アクアビクス-水中ウォーキング-AS6SWF72M フィットネス水着-【動けるフィットインナー】-アクアビクス-水中ウォーキング-AS6SWF72M ARENA (アリーナ) フィットネス水着 メンズ 【動けるフィットインナー】 水泳 スイミング アクアビクス 水中ウォーキング インナー付き AS6SWF72M javascript:void(0) 5つ星のうち5.0 ￥5,751 ￥ 5,751",B0G42X18V5,
swimmingattireothers_20260721.csv,135,swimmingattireothers,SAFE,B0BLZ552N9,【フィットネス用】メンズ Men's Jammer V メンズジャマー5 スイムパンツ/スパッツ SF62315V エクササイズ用水着初心者 3.5分丈 ストレッチ,,4481,category_allow,スイムパンツ,カテゴリ許可ワード一致(contains),https://www.amazon.co.jp/%E3%82%B9%E3%83%94%E3%83%BC%E3%83%89-%E3%83%95%E3%82%A3%E3%83%83%E3%83%88%E3%83%8D%E3%82%B9%E6%B0%B4%E7%9D%80-%E3%83%A1%E3%83%B3%E3%82%BA%E3%82%B8%E3%83%A3%E3%83%9E%E3%83%BC5-SF62315V-%E3%83%81%E3%83%A3%E3%82%B3%E3%83%BC%E3%83%AB%E3%82%B0%E3%83%AC%E3%82%A4/dp/B0BLZ552N9/ref=sr_1_126?__mk_ja_JP=%E3%82%AB%E3%82%BF%E3%82%AB%E3%83%8A&crid=1VZWPQ7PCEW9L&dd=1G8INUDRiTN5hha909GVNQ%2C%2C&dib=eyJ2IjoiMSJ9.q-o11wx4z6n53VWLdTCpkRH9AZrqM9dxKByf7QV7raVLMldn2ubySh-hD2sq95w3gzCLIlr7JRjlnpm7QqEOAh1lJI32TPNzcsef_yusPMFz_vDD_rH0qlZ0WmIOTebBnwinw56sbg6hCgXcvBrco0nljfRRp0P5v3jOXa-jtEOFhYuKj5H7T2-njuApCNplIc5QnQ7iHQE2RDm0mpcWX6Npucyms9DMm_5zh0StvCNXDDRLugVzAnl9gI0YBaY5p1YQt-zurLmUNBegf-Za5KF1VSOTxJLAphmRqi0_zIw.he3996ugLHXsI5vu4y7BovtQTiZTHkt1K7d7eLsSuzo&dib_tag=se&keywords=%E3%82%A2%E3%83%AA%E3%83%BC%E3%83%8A+%E3%83%A1%E3%83%B3%E3%82%BA+%E6%B0%B4%E7%9D%80&qid=1784617367&refinements=p_90%3A3428068051%2Cp_n_g-101015233022111%3A24821512051&rnid=24821510051&sprefix=%E3%82%A2%E3%83%AA%E3%83%BC%E3%83%8A+%E3%83%A1%E3%83%B3%E3%82%BA+%E6%B0%B4%E7%9D%80%2Caps%2C325&sr=8-126&ufe=app_do%3Aamzn1.fos.35785624-70c4-44ae-a5c3-3f044f475d63&xpid=PK80Z_zVbJf9i,https://m.media-amazon.com/images/I/51PqGA9aU+L._AC_UL320_.jpg,"スピード-フィットネス水着-メンズジャマー5-SF62315V-チャコールグレイ スピード-フィットネス水着-メンズジャマー5-SF62315V-チャコールグレイ スピード-フィットネス水着-メンズジャマー5-SF62315V-チャコールグレイ スピード-フィットネス水着-メンズジャマー5-SF62315V-チャコールグレイ スピード-フィットネス水着-メンズジャマー5-SF62315V-チャコールグレイ Speedo(スピード) スピード-フィットネス水着-メンズジャマー5-SF62315V-チャコールグレイ 【フィットネス用】メンズ Men's Jammer V メンズジャマー5 スイムパンツ/スパッツ SF62315V エクササイズ用水着初心者 3.5分丈 ストレッチ javascript:void(0) 5つ星のうち3.8 45ポイント(1%) スピード-フィットネス水着-メンズジャマー5-SF62315V-チャコールグレイ ￥4,481 ￥ 4,481","B0BLZ552N9,B0DNJRR9WS,B0BLZ6PHS4,B0CNKD896C,B0BLZX8FXB",
swimmingattireothers_20260721.csv,136,swimmingattireothers,SAFE,B0CBM65J51,スイムショーツarena(アリーナ) 大きいサイズ スイムパンツメンズ,,7751,category_allow,スイムパンツ,カテゴリ許可ワード一致(contains),https://www.amazon.co.jp/%E3%83%9E%E3%83%B3%E3%83%81%E3%82%A7%E3%82%B9-%E3%82%B9%E3%82%A4%E3%83%A0%E3%82%B7%E3%83%A7%E3%83%BC%E3%83%84-arena-%E5%A4%A7%E3%81%8D%E3%81%84%E3%82%B5%E3%82%A4%E3%82%BA-%E3%82%B9%E3%82%A4%E3%83%A0%E3%83%91%E3%83%B3%E3%83%84/dp/B0CBM65J51/ref=sr_1_127?__mk_ja_JP=%E3%82%AB%E3%82%BF%E3%82%AB%E3%83%8A&crid=1VZWPQ7PCEW9L&dd=1G8INUDRiTN5hha909GVNQ%2C%2C&dib=eyJ2IjoiMSJ9.q-o11wx4z6n53VWLdTCpkRH9AZrqM9dxKByf7QV7raVLMldn2ubySh-hD2sq95w3gzCLIlr7JRjlnpm7QqEOAh1lJI32TPNzcsef_yusPMFz_vDD_rH0qlZ0WmIOTebBnwinw56sbg6hCgXcvBrco0nljfRRp0P5v3jOXa-jtEOFhYuKj5H7T2-njuApCNplIc5QnQ7iHQE2RDm0mpcWX6Npucyms9DMm_5zh0StvCNXDDRLugVzAnl9gI0YBaY5p1YQt-zurLmUNBegf-Za5KF1VSOTxJLAphmRqi0_zIw.he3996ugLHXsI5vu4y7BovtQTiZTHkt1K7d7eLsSuzo&dib_tag=se&keywords=%E3%82%A2%E3%83%AA%E3%83%BC%E3%83%8A+%E3%83%A1%E3%83%B3%E3%82%BA+%E6%B0%B4%E7%9D%80&qid=1784617367&refinements=p_90%3A3428068051%2Cp_n_g-101015233022111%3A24821512051&rnid=24821510051&sprefix=%E3%82%A2%E3%83%AA%E3%83%BC%E3%83%8A+%E3%83%A1%E3%83%B3%E3%82%BA+%E6%B0%B4%E7%9D%80%2Caps%2C325&sr=8-127&ufe=app_do%3Aamzn1.fos.35785624-70c4-44ae-a5c3-3f044f475d63&xpid=PK80Z_zVbJf9i,https://m.media-amazon.com/images/I/61IMDoT8WsL._AC_UL320_.jpg,"マンチェス-スイムショーツ-arena-大きいサイズ-スイムパンツ マンチェス-スイムショーツ-arena-大きいサイズ-スイムパンツ マンチェス-スイムショーツ-arena-大きいサイズ-スイムパンツ マンチェス-スイムショーツ-arena-大きいサイズ-スイムパンツ マンチェス-スイムショーツ-arena-大きいサイズ-スイムパンツ スイムショーツarena(アリーナ) 大きいサイズ スイムパンツメンズ マンチェス-スイムショーツ-arena-大きいサイズ-スイムパンツ javascript:void(0) 5つ星のうち5.0 過去: ￥7,751 ￥ 7,751 過去: ￥8,188 ￥8,188 ￥8,188","B0CBM65J51,B0CBM2885K",
swimmingattireothers_20260721.csv,137,swimmingattireothers,SAFE,B0F8VGX5JT,[アリーナ] 競泳水着 トレーニング用 メンズ 【TOUGHSUIT】 水泳 スイミング 練習用 トレーニング向け ショートレッグタイプ AS5FWM26M,,6271,category_allow,競泳水着,カテゴリ許可ワード一致(contains),https://www.amazon.co.jp/%E3%83%88%E3%83%AC%E3%83%BC%E3%83%8B%E3%83%B3%E3%82%B0%E7%94%A8-%E3%80%90TOUGHSUIT%E3%80%91-%E3%83%88%E3%83%AC%E3%83%BC%E3%83%8B%E3%83%B3%E3%82%B0%E5%90%91%E3%81%91-%E3%82%B7%E3%83%A7%E3%83%BC%E3%83%88%E3%83%AC%E3%83%83%E3%82%B0%E3%82%BF%E3%82%A4%E3%83%97-AS5FWM26M/dp/B0F8VGX5JT/ref=sr_1_128?__mk_ja_JP=%E3%82%AB%E3%82%BF%E3%82%AB%E3%83%8A&crid=1VZWPQ7PCEW9L&dd=1G8INUDRiTN5hha909GVNQ%2C%2C&dib=eyJ2IjoiMSJ9.q-o11wx4z6n53VWLdTCpkRH9AZrqM9dxKByf7QV7raVLMldn2ubySh-hD2sq95w3gzCLIlr7JRjlnpm7QqEOAh1lJI32TPNzcsef_yusPMFz_vDD_rH0qlZ0WmIOTebBnwinw56sbg6hCgXcvBrco0nljfRRp0P5v3jOXa-jtEOFhYuKj5H7T2-njuApCNplIc5QnQ7iHQE2RDm0mpcWX6Npucyms9DMm_5zh0StvCNXDDRLugVzAnl9gI0YBaY5p1YQt-zurLmUNBegf-Za5KF1VSOTxJLAphmRqi0_zIw.he3996ugLHXsI5vu4y7BovtQTiZTHkt1K7d7eLsSuzo&dib_tag=se&keywords=%E3%82%A2%E3%83%AA%E3%83%BC%E3%83%8A+%E3%83%A1%E3%83%B3%E3%82%BA+%E6%B0%B4%E7%9D%80&qid=1784617367&refinements=p_90%3A3428068051%2Cp_n_g-101015233022111%3A24821512051&rnid=24821510051&sprefix=%E3%82%A2%E3%83%AA%E3%83%BC%E3%83%8A+%E3%83%A1%E3%83%B3%E3%82%BA+%E6%B0%B4%E7%9D%80%2Caps%2C325&sr=8-128&ufe=app_do%3Aamzn1.fos.35785624-70c4-44ae-a5c3-3f044f475d63&xpid=PK80Z_zVbJf9i,https://m.media-amazon.com/images/I/61mI5z5LmcL._AC_UL320_.jpg,"トレーニング用-【TOUGHSUIT】-トレーニング向け-ショートレッグタイプ-AS5FWM26M トレーニング用-【TOUGHSUIT】-トレーニング向け-ショートレッグタイプ-AS5FWM26M トレーニング用-【TOUGHSUIT】-トレーニング向け-ショートレッグタイプ-AS5FWM26M トレーニング用-【TOUGHSUIT】-トレーニング向け-ショートレッグタイプ-AS5FWM26M トレーニング用-【TOUGHSUIT】-トレーニング向け-ショートレッグタイプ-AS5FWM26M ARENA トレーニング用-【TOUGHSUIT】-トレーニング向け-ショートレッグタイプ-AS5FWM26M [アリーナ] 競泳水着 トレーニング用 メンズ 【TOUGHSUIT】 水泳 スイミング 練習用 トレーニング向け ショートレッグタイプ AS5FWM26M javascript:void(0) 5つ星のうち4.7 63ポイント(1%) ￥6,271 ￥ 6,271","B0F8VGX5JT,B0F8VF234L,B0F8VKPS1J,B0F8VHS4Z8",
swimmingattireothers_20260721.csv,138,swimmingattireothers,SAFE,B0F8VGQXBL,[アリーナ] 競泳水着 トレーニング用 メンズ 【TOUGHSUIT】 水泳 スイミング くん 練習用 トレーニング向け ショートレッグタイプ AS5FWM14M,,5992,category_allow,競泳水着,カテゴリ許可ワード一致(contains),https://www.amazon.co.jp/%E3%83%88%E3%83%AC%E3%83%BC%E3%83%8B%E3%83%B3%E3%82%B0%E7%94%A8-%E3%80%90TOUGHSUIT%E3%80%91-%E3%83%88%E3%83%AC%E3%83%BC%E3%83%8B%E3%83%B3%E3%82%B0%E5%90%91%E3%81%91-%E3%82%B7%E3%83%A7%E3%83%BC%E3%83%88%E3%83%AC%E3%83%83%E3%82%B0%E3%82%BF%E3%82%A4%E3%83%97-AS5FWM14M/dp/B0F8VGQXBL/ref=sr_1_129?__mk_ja_JP=%E3%82%AB%E3%82%BF%E3%82%AB%E3%83%8A&crid=1VZWPQ7PCEW9L&dd=1G8INUDRiTN5hha909GVNQ%2C%2C&dib=eyJ2IjoiMSJ9.q-o11wx4z6n53VWLdTCpkRH9AZrqM9dxKByf7QV7raVLMldn2ubySh-hD2sq95w3gzCLIlr7JRjlnpm7QqEOAh1lJI32TPNzcsef_yusPMFz_vDD_rH0qlZ0WmIOTebBnwinw56sbg6hCgXcvBrco0nljfRRp0P5v3jOXa-jtEOFhYuKj5H7T2-njuApCNplIc5QnQ7iHQE2RDm0mpcWX6Npucyms9DMm_5zh0StvCNXDDRLugVzAnl9gI0YBaY5p1YQt-zurLmUNBegf-Za5KF1VSOTxJLAphmRqi0_zIw.he3996ugLHXsI5vu4y7BovtQTiZTHkt1K7d7eLsSuzo&dib_tag=se&keywords=%E3%82%A2%E3%83%AA%E3%83%BC%E3%83%8A+%E3%83%A1%E3%83%B3%E3%82%BA+%E6%B0%B4%E7%9D%80&qid=1784617367&refinements=p_90%3A3428068051%2Cp_n_g-101015233022111%3A24821512051&rnid=24821510051&sprefix=%E3%82%A2%E3%83%AA%E3%83%BC%E3%83%8A+%E3%83%A1%E3%83%B3%E3%82%BA+%E6%B0%B4%E7%9D%80%2Caps%2C325&sr=8-129&ufe=app_do%3Aamzn1.fos.35785624-70c4-44ae-a5c3-3f044f475d63&xpid=PK80Z_zVbJf9i,https://m.media-amazon.com/images/I/7174zIj3PfL._AC_UL320_.jpg,"トレーニング用-【TOUGHSUIT】-トレーニング向け-ショートレッグタイプ-AS5FWM14M トレーニング用-【TOUGHSUIT】-トレーニング向け-ショートレッグタイプ-AS5FWM14M トレーニング用-【TOUGHSUIT】-トレーニング向け-ショートレッグタイプ-AS5FWM14M トレーニング用-【TOUGHSUIT】-トレーニング向け-ショートレッグタイプ-AS5FWM14M トレーニング用-【TOUGHSUIT】-トレーニング向け-ショートレッグタイプ-AS5FWM14M ARENA トレーニング用-【TOUGHSUIT】-トレーニング向け-ショートレッグタイプ-AS5FWM14M [アリーナ] 競泳水着 トレーニング用 メンズ 【TOUGHSUIT】 水泳 スイミング くん 練習用 トレーニング向け ショートレッグタイプ AS5FWM14M javascript:void(0) 5つ星のうち4.3 60ポイント(1%) ￥5,992 ￥ 5,992","B0F8VGQXBL,B0F8VHJC2F,B0F8VFGG4D",
swimmingattireothers_20260721.csv,139,swimmingattireothers,SAFE,B0CNX17L8K,[アリーナ] 競泳水着 トレーニング用 メンズ 【TOUGHSUIT】 水泳 スイミング 練習用 トレーニング向け SAR-4125,,5980,category_allow,競泳水着,カテゴリ許可ワード一致(contains),https://www.amazon.co.jp/%E3%82%A2%E3%83%AA%E3%83%BC%E3%83%8A-%E3%83%88%E3%83%AC%E3%83%BC%E3%83%8B%E3%83%B3%E3%82%B0%E7%94%A8-%E3%80%90TOUGHSUIT%E3%80%91-%E3%83%88%E3%83%AC%E3%83%BC%E3%83%8B%E3%83%B3%E3%82%B0%E5%90%91%E3%81%91-SAR-4125/dp/B0CNX17L8K/ref=sr_1_130?__mk_ja_JP=%E3%82%AB%E3%82%BF%E3%82%AB%E3%83%8A&crid=1VZWPQ7PCEW9L&dd=1G8INUDRiTN5hha909GVNQ%2C%2C&dib=eyJ2IjoiMSJ9.q-o11wx4z6n53VWLdTCpkRH9AZrqM9dxKByf7QV7raVLMldn2ubySh-hD2sq95w3gzCLIlr7JRjlnpm7QqEOAh1lJI32TPNzcsef_yusPMFz_vDD_rH0qlZ0WmIOTebBnwinw56sbg6hCgXcvBrco0nljfRRp0P5v3jOXa-jtEOFhYuKj5H7T2-njuApCNplIc5QnQ7iHQE2RDm0mpcWX6Npucyms9DMm_5zh0StvCNXDDRLugVzAnl9gI0YBaY5p1YQt-zurLmUNBegf-Za5KF1VSOTxJLAphmRqi0_zIw.he3996ugLHXsI5vu4y7BovtQTiZTHkt1K7d7eLsSuzo&dib_tag=se&keywords=%E3%82%A2%E3%83%AA%E3%83%BC%E3%83%8A+%E3%83%A1%E3%83%B3%E3%82%BA+%E6%B0%B4%E7%9D%80&qid=1784617367&refinements=p_90%3A3428068051%2Cp_n_g-101015233022111%3A24821512051&rnid=24821510051&sprefix=%E3%82%A2%E3%83%AA%E3%83%BC%E3%83%8A+%E3%83%A1%E3%83%B3%E3%82%BA+%E6%B0%B4%E7%9D%80%2Caps%2C325&sr=8-130&ufe=app_do%3Aamzn1.fos.35785624-70c4-44ae-a5c3-3f044f475d63&xpid=PK80Z_zVbJf9i,https://m.media-amazon.com/images/I/51eppsEWYKL._AC_UL320_.jpg,"アリーナ-トレーニング用-【TOUGHSUIT】-トレーニング向け-SAR-4125 アリーナ-トレーニング用-【TOUGHSUIT】-トレーニング向け-SAR-4125 アリーナ-トレーニング用-【TOUGHSUIT】-トレーニング向け-SAR-4125 アリーナ-トレーニング用-【TOUGHSUIT】-トレーニング向け-SAR-4125 アリーナ-トレーニング用-【TOUGHSUIT】-トレーニング向け-SAR-4125 ARENA アリーナ-トレーニング用-【TOUGHSUIT】-トレーニング向け-SAR-4125 [アリーナ] 競泳水着 トレーニング用 メンズ 【TOUGHSUIT】 水泳 スイミング 練習用 トレーニング向け SAR-4125 javascript:void(0) 5つ星のうち3.0 ￥5,980 ￥ 5,980","B0CNX17L8K,B0CN8YRSNH,B0CNX1R8BC",
swimmingattireothers_20260721.csv,140,swimmingattireothers,SAFE,B0GXJ2FJWT,(アリーナ) フィットネス水着 メンズ 【動けるフィットインナー】 水泳 スイミング フィットネス向け インナー付き プール AS6FWF71M,,5546,category_allow,フィットネス水着,カテゴリ許可ワード一致(contains),https://www.amazon.co.jp/%E3%83%95%E3%82%A3%E3%83%83%E3%83%88%E3%83%8D%E3%82%B9%E6%B0%B4%E7%9D%80-%E3%80%90%E5%8B%95%E3%81%91%E3%82%8B%E3%83%95%E3%82%A3%E3%83%83%E3%83%88%E3%82%A4%E3%83%B3%E3%83%8A%E3%83%BC%E3%80%91-%E3%83%95%E3%82%A3%E3%83%83%E3%83%88%E3%83%8D%E3%82%B9%E5%90%91%E3%81%91-%E3%82%A4%E3%83%B3%E3%83%8A%E3%83%BC%E4%BB%98%E3%81%8D-AS6FWF71M/dp/B0GXJ2FJWT/ref=sr_1_131?__mk_ja_JP=%E3%82%AB%E3%82%BF%E3%82%AB%E3%83%8A&crid=1VZWPQ7PCEW9L&dd=1G8INUDRiTN5hha909GVNQ%2C%2C&dib=eyJ2IjoiMSJ9.q-o11wx4z6n53VWLdTCpkRH9AZrqM9dxKByf7QV7raVLMldn2ubySh-hD2sq95w3gzCLIlr7JRjlnpm7QqEOAh1lJI32TPNzcsef_yusPMFz_vDD_rH0qlZ0WmIOTebBnwinw56sbg6hCgXcvBrco0nljfRRp0P5v3jOXa-jtEOFhYuKj5H7T2-njuApCNplIc5QnQ7iHQE2RDm0mpcWX6Npucyms9DMm_5zh0StvCNXDDRLugVzAnl9gI0YBaY5p1YQt-zurLmUNBegf-Za5KF1VSOTxJLAphmRqi0_zIw.he3996ugLHXsI5vu4y7BovtQTiZTHkt1K7d7eLsSuzo&dib_tag=se&keywords=%E3%82%A2%E3%83%AA%E3%83%BC%E3%83%8A+%E3%83%A1%E3%83%B3%E3%82%BA+%E6%B0%B4%E7%9D%80&qid=1784617367&refinements=p_90%3A3428068051%2Cp_n_g-101015233022111%3A24821512051&rnid=24821510051&sprefix=%E3%82%A2%E3%83%AA%E3%83%BC%E3%83%8A+%E3%83%A1%E3%83%B3%E3%82%BA+%E6%B0%B4%E7%9D%80%2Caps%2C325&sr=8-131&ufe=app_do%3Aamzn1.fos.35785624-70c4-44ae-a5c3-3f044f475d63&xpid=PK80Z_zVbJf9i,https://m.media-amazon.com/images/I/51lC3KOOcML._AC_UL320_.jpg,"フィットネス水着-【動けるフィットインナー】-フィットネス向け-インナー付き-AS6FWF71M フィットネス水着-【動けるフィットインナー】-フィットネス向け-インナー付き-AS6FWF71M フィットネス水着-【動けるフィットインナー】-フィットネス向け-インナー付き-AS6FWF71M フィットネス水着-【動けるフィットインナー】-フィットネス向け-インナー付き-AS6FWF71M フィットネス水着-【動けるフィットインナー】-フィットネス向け-インナー付き-AS6FWF71M ARENA フィットネス水着-【動けるフィットインナー】-フィットネス向け-インナー付き-AS6FWF71M (アリーナ) フィットネス水着 メンズ 【動けるフィットインナー】 水泳 スイミング フィットネス向け インナー付き プール AS6FWF71M 55ポイント(1%) ￥5,546 ￥ 5,546","B0GXJ2FJWT,B0GXJDRBLY,B0GXJCZWSZ",
swimmingattireothers_20260721.csv,142,swimmingattireothers,SAFE,B0DQNXQKR1,スイムショーツ STREAM ACE ハーフスパッツ メンズN2MBC020/大人 XS~2XL N2MBC420/ジュニア 120~140,,5113,category_allow,スイムショーツ,カテゴリ許可ワード一致(contains),https://www.amazon.co.jp/%E3%82%B9%E3%82%A4%E3%83%A0%E3%82%B7%E3%83%A7%E3%83%BC%E3%83%84-STREAM-%E3%83%8F%E3%83%BC%E3%83%95%E3%82%B9%E3%83%91%E3%83%83%E3%83%84-%E3%83%81%E3%83%A3%E3%82%B3%E3%83%BC%E3%83%AB-%E3%83%96%E3%83%A9%E3%83%83%E3%82%AF/dp/B0DQNXQKR1/ref=sr_1_133?__mk_ja_JP=%E3%82%AB%E3%82%BF%E3%82%AB%E3%83%8A&crid=1VZWPQ7PCEW9L&dd=1G8INUDRiTN5hha909GVNQ%2C%2C&dib=eyJ2IjoiMSJ9.q-o11wx4z6n53VWLdTCpkRH9AZrqM9dxKByf7QV7raVLMldn2ubySh-hD2sq95w3gzCLIlr7JRjlnpm7QqEOAh1lJI32TPNzcsef_yusPMFz_vDD_rH0qlZ0WmIOTebBnwinw56sbg6hCgXcvBrco0nljfRRp0P5v3jOXa-jtEOFhYuKj5H7T2-njuApCNplIc5QnQ7iHQE2RDm0mpcWX6Npucyms9DMm_5zh0StvCNXDDRLugVzAnl9gI0YBaY5p1YQt-zurLmUNBegf-Za5KF1VSOTxJLAphmRqi0_zIw.he3996ugLHXsI5vu4y7BovtQTiZTHkt1K7d7eLsSuzo&dib_tag=se&keywords=%E3%82%A2%E3%83%AA%E3%83%BC%E3%83%8A+%E3%83%A1%E3%83%B3%E3%82%BA+%E6%B0%B4%E7%9D%80&qid=1784617367&refinements=p_90%3A3428068051%2Cp_n_g-101015233022111%3A24821512051&rnid=24821510051&sprefix=%E3%82%A2%E3%83%AA%E3%83%BC%E3%83%8A+%E3%83%A1%E3%83%B3%E3%82%BA+%E6%B0%B4%E7%9D%80%2Caps%2C325&sr=8-133&ufe=app_do%3Aamzn1.fos.35785624-70c4-44ae-a5c3-3f044f475d63&xpid=PK80Z_zVbJf9i,https://m.media-amazon.com/images/I/419S2Q2JgLL._AC_UL320_.jpg,"スイムショーツ-STREAM-ハーフスパッツ-チャコール-ブラック スイムショーツ-STREAM-ハーフスパッツ-チャコール-ブラック スイムショーツ-STREAM-ハーフスパッツ-チャコール-ブラック スイムショーツ-STREAM-ハーフスパッツ-チャコール-ブラック スイムショーツ-STREAM-ハーフスパッツ-チャコール-ブラック MIZUNO(ミズノ) スイムショーツ-STREAM-ハーフスパッツ-チャコール-ブラック スイムショーツ STREAM ACE ハーフスパッツ メンズN2MBC020/大人 XS~2XL N2MBC420/ジュニア 120~140 javascript:void(0) 5つ星のうち3.8 ￥5,113 ￥ 5,113","B0DQNXQKR1,B0DQNSV7ZC,B0DQNKQ9J4",
swimmingattireothers_20260721.csv,144,swimmingattireothers,SAFE,B0F8VDN64F,[アリーナ] 【WA承認】 競泳水着 レース用 メンズ 【AQUA ADVANCED】 水泳 スイミング ニット素材 中級者向け AS5FRC25M,,7468,category_allow,競泳水着,カテゴリ許可ワード一致(contains),https://www.amazon.co.jp/%E3%80%90WA%E6%89%BF%E8%AA%8D%E3%80%91-%E3%80%90AQUA-ADVANCED%E3%80%91-%E3%82%B9%E3%82%A4%E3%83%9F%E3%83%B3%E3%82%B0-AS5FRC25M/dp/B0F8VDN64F/ref=sr_1_135?__mk_ja_JP=%E3%82%AB%E3%82%BF%E3%82%AB%E3%83%8A&crid=1VZWPQ7PCEW9L&dd=1G8INUDRiTN5hha909GVNQ%2C%2C&dib=eyJ2IjoiMSJ9.q-o11wx4z6n53VWLdTCpkRH9AZrqM9dxKByf7QV7raVLMldn2ubySh-hD2sq95w3gzCLIlr7JRjlnpm7QqEOAh1lJI32TPNzcsef_yusPMFz_vDD_rH0qlZ0WmIOTebBnwinw56sbg6hCgXcvBrco0nljfRRp0P5v3jOXa-jtEOFhYuKj5H7T2-njuApCNplIc5QnQ7iHQE2RDm0mpcWX6Npucyms9DMm_5zh0StvCNXDDRLugVzAnl9gI0YBaY5p1YQt-zurLmUNBegf-Za5KF1VSOTxJLAphmRqi0_zIw.he3996ugLHXsI5vu4y7BovtQTiZTHkt1K7d7eLsSuzo&dib_tag=se&keywords=%E3%82%A2%E3%83%AA%E3%83%BC%E3%83%8A+%E3%83%A1%E3%83%B3%E3%82%BA+%E6%B0%B4%E7%9D%80&qid=1784617367&refinements=p_90%3A3428068051%2Cp_n_g-101015233022111%3A24821512051&rnid=24821510051&sprefix=%E3%82%A2%E3%83%AA%E3%83%BC%E3%83%8A+%E3%83%A1%E3%83%B3%E3%82%BA+%E6%B0%B4%E7%9D%80%2Caps%2C325&sr=8-135&ufe=app_do%3Aamzn1.fos.35785624-70c4-44ae-a5c3-3f044f475d63&xpid=PK80Z_zVbJf9i,https://m.media-amazon.com/images/I/51P430+zwCL._AC_UL320_.jpg,"【WA承認】-【AQUA-ADVANCED】-スイミング-AS5FRC25M 【WA承認】-【AQUA-ADVANCED】-スイミング-AS5FRC25M 【WA承認】-【AQUA-ADVANCED】-スイミング-AS5FRC25M ARENA [アリーナ] 【WA承認】 競泳水着 レース用 メンズ 【AQUA ADVANCED】 水泳 スイミング ニット素材 中級者向け AS5FRC25M 75ポイント(1%) ￥7,468 ￥ 7,468",B0F8VDN64F,
swimmingattireothers_20260721.csv,145,swimmingattireothers,SAFE,B0C5QX6CQ7,【WA承認】arena(アリーナ) 競泳水着 レース用メンズ 【AQUA RACING】 はっ水加工 初級者向け 長持ち FAR-3555M,,7280,category_allow,競泳水着,カテゴリ許可ワード一致(contains),https://www.amazon.co.jp/%E3%82%A2%E3%83%AA%E3%83%BC%E3%83%8A-%E3%80%90%E5%9B%BD%E9%9A%9B%E6%B0%B4%E6%B3%B3%E9%80%A3%E7%9B%9F%E6%89%BF%E8%AA%8D%E3%83%A2%E3%83%87%E3%83%AB%E3%80%91-%E3%83%AC%E3%83%BC%E3%82%B9%E7%94%A8%E3%83%A1%E3%83%B3%E3%82%BA-RACING%E3%80%91-FAR-3561M/dp/B0C5QX6CQ7/ref=sr_1_136?__mk_ja_JP=%E3%82%AB%E3%82%BF%E3%82%AB%E3%83%8A&crid=1VZWPQ7PCEW9L&dd=1G8INUDRiTN5hha909GVNQ%2C%2C&dib=eyJ2IjoiMSJ9.q-o11wx4z6n53VWLdTCpkRH9AZrqM9dxKByf7QV7raVLMldn2ubySh-hD2sq95w3gzCLIlr7JRjlnpm7QqEOAh1lJI32TPNzcsef_yusPMFz_vDD_rH0qlZ0WmIOTebBnwinw56sbg6hCgXcvBrco0nljfRRp0P5v3jOXa-jtEOFhYuKj5H7T2-njuApCNplIc5QnQ7iHQE2RDm0mpcWX6Npucyms9DMm_5zh0StvCNXDDRLugVzAnl9gI0YBaY5p1YQt-zurLmUNBegf-Za5KF1VSOTxJLAphmRqi0_zIw.he3996ugLHXsI5vu4y7BovtQTiZTHkt1K7d7eLsSuzo&dib_tag=se&keywords=%E3%82%A2%E3%83%AA%E3%83%BC%E3%83%8A+%E3%83%A1%E3%83%B3%E3%82%BA+%E6%B0%B4%E7%9D%80&qid=1784617367&refinements=p_90%3A3428068051%2Cp_n_g-101015233022111%3A24821512051&rnid=24821510051&sprefix=%E3%82%A2%E3%83%AA%E3%83%BC%E3%83%8A+%E3%83%A1%E3%83%B3%E3%82%BA+%E6%B0%B4%E7%9D%80%2Caps%2C325&sr=8-136&ufe=app_do%3Aamzn1.fos.35785624-70c4-44ae-a5c3-3f044f475d63&xpid=PK80Z_zVbJf9i,https://m.media-amazon.com/images/I/51Tr3qJJXjL._AC_UL320_.jpg,"アリーナ-【国際水泳連盟承認モデル】-レース用メンズ-RACING】-FAR-3561M アリーナ-【国際水泳連盟承認モデル】-レース用メンズ-RACING】-FAR-3561M アリーナ-【国際水泳連盟承認モデル】-レース用メンズ-RACING】-FAR-3561M アリーナ-【国際水泳連盟承認モデル】-レース用メンズ-RACING】-FAR-3561M アリーナ-【国際水泳連盟承認モデル】-レース用メンズ-RACING】-FAR-3561M ARENA アリーナ-【国際水泳連盟承認モデル】-レース用メンズ-RACING】-FAR-3561M 【WA承認】arena(アリーナ) 競泳水着 レース用メンズ 【AQUA RACING】 はっ水加工 初級者向け 長持ち FAR-3555M javascript:void(0) 5つ星のうち4.6 ￥7,280 ￥ 7,280","B0C5QX6CQ7,B0C5QYTF1J,B0C5QWRV7R,B0C5QVCN55",
swimmingattireothers_20260721.csv,146,swimmingattireothers,SAFE,B0DNPWTXZW,[アリーナ] 【WA承認】 競泳水着 レース用 メンズ 【AQUAFORCE STORM CP/MF】 トップレーシングモデル 機能性 持続性 ねじり構造,,25054,category_allow,競泳水着,カテゴリ許可ワード一致(contains),https://www.amazon.co.jp/%E3%82%A2%E3%83%AA%E3%83%BC%E3%83%8A-%E3%80%90WA%E6%89%BF%E8%AA%8D%E3%80%91-%E3%80%90AQUAFORCE-SSS%E3%82%B5%E3%82%A4%E3%82%BA-ARN-4001M/dp/B0DNPWTXZW/ref=sr_1_137?__mk_ja_JP=%E3%82%AB%E3%82%BF%E3%82%AB%E3%83%8A&crid=1VZWPQ7PCEW9L&dd=1G8INUDRiTN5hha909GVNQ%2C%2C&dib=eyJ2IjoiMSJ9.q-o11wx4z6n53VWLdTCpkRH9AZrqM9dxKByf7QV7raVLMldn2ubySh-hD2sq95w3gzCLIlr7JRjlnpm7QqEOAh1lJI32TPNzcsef_yusPMFz_vDD_rH0qlZ0WmIOTebBnwinw56sbg6hCgXcvBrco0nljfRRp0P5v3jOXa-jtEOFhYuKj5H7T2-njuApCNplIc5QnQ7iHQE2RDm0mpcWX6Npucyms9DMm_5zh0StvCNXDDRLugVzAnl9gI0YBaY5p1YQt-zurLmUNBegf-Za5KF1VSOTxJLAphmRqi0_zIw.he3996ugLHXsI5vu4y7BovtQTiZTHkt1K7d7eLsSuzo&dib_tag=se&keywords=%E3%82%A2%E3%83%AA%E3%83%BC%E3%83%8A+%E3%83%A1%E3%83%B3%E3%82%BA+%E6%B0%B4%E7%9D%80&qid=1784617367&refinements=p_90%3A3428068051%2Cp_n_g-101015233022111%3A24821512051&rnid=24821510051&sprefix=%E3%82%A2%E3%83%AA%E3%83%BC%E3%83%8A+%E3%83%A1%E3%83%B3%E3%82%BA+%E6%B0%B4%E7%9D%80%2Caps%2C325&sr=8-137&ufe=app_do%3Aamzn1.fos.35785624-70c4-44ae-a5c3-3f044f475d63&xpid=PK80Z_zVbJf9i,https://m.media-amazon.com/images/I/51RNwF6lVjL._AC_UL320_.jpg,"アリーナ-【WA承認】-【AQUAFORCE-SSSサイズ-ARN-4001M アリーナ-【WA承認】-【AQUAFORCE-SSSサイズ-ARN-4001M アリーナ-【WA承認】-【AQUAFORCE-SSSサイズ-ARN-4001M アリーナ-【WA承認】-【AQUAFORCE-SSSサイズ-ARN-4001M アリーナ-【WA承認】-【AQUAFORCE-SSSサイズ-ARN-4001M ARENA アリーナ-【WA承認】-【AQUAFORCE-SSSサイズ-ARN-4001M [アリーナ] 【WA承認】 競泳水着 レース用 メンズ 【AQUAFORCE STORM CP/MF】 トップレーシングモデル 機能性 持続性 ねじり構造 javascript:void(0) 5つ星のうち3.8 251ポイント(1%) ￥25,054 ￥ 25,054","B0DNPWTXZW,B0CDGQKQS7",
swimmingattireothers_20260721.csv,147,swimmingattireothers,SAFE,B0F8VFM3VD,(アリーナ) フィットネス水着 メンズ 【動けるフィットインナー】 水泳 スイミング プール フィットネス向け AS5FWF69M,,4881,category_allow,フィットネス水着,カテゴリ許可ワード一致(contains),https://www.amazon.co.jp/%E3%83%95%E3%82%A3%E3%83%83%E3%83%88%E3%83%8D%E3%82%B9%E6%B0%B4%E7%9D%80-%E3%80%90%E5%8B%95%E3%81%91%E3%82%8B%E3%83%95%E3%82%A3%E3%83%83%E3%83%88%E3%82%A4%E3%83%B3%E3%83%8A%E3%83%BC%E3%80%91-%E3%82%B9%E3%82%A4%E3%83%9F%E3%83%B3%E3%82%B0-%E3%83%95%E3%82%A3%E3%83%83%E3%83%88%E3%83%8D%E3%82%B9%E5%90%91%E3%81%91-AS5FWF69M/dp/B0F8VFM3VD/ref=sr_1_138?__mk_ja_JP=%E3%82%AB%E3%82%BF%E3%82%AB%E3%83%8A&crid=1VZWPQ7PCEW9L&dd=1G8INUDRiTN5hha909GVNQ%2C%2C&dib=eyJ2IjoiMSJ9.q-o11wx4z6n53VWLdTCpkRH9AZrqM9dxKByf7QV7raVLMldn2ubySh-hD2sq95w3gzCLIlr7JRjlnpm7QqEOAh1lJI32TPNzcsef_yusPMFz_vDD_rH0qlZ0WmIOTebBnwinw56sbg6hCgXcvBrco0nljfRRp0P5v3jOXa-jtEOFhYuKj5H7T2-njuApCNplIc5QnQ7iHQE2RDm0mpcWX6Npucyms9DMm_5zh0StvCNXDDRLugVzAnl9gI0YBaY5p1YQt-zurLmUNBegf-Za5KF1VSOTxJLAphmRqi0_zIw.he3996ugLHXsI5vu4y7BovtQTiZTHkt1K7d7eLsSuzo&dib_tag=se&keywords=%E3%82%A2%E3%83%AA%E3%83%BC%E3%83%8A+%E3%83%A1%E3%83%B3%E3%82%BA+%E6%B0%B4%E7%9D%80&qid=1784617367&refinements=p_90%3A3428068051%2Cp_n_g-101015233022111%3A24821512051&rnid=24821510051&sprefix=%E3%82%A2%E3%83%AA%E3%83%BC%E3%83%8A+%E3%83%A1%E3%83%B3%E3%82%BA+%E6%B0%B4%E7%9D%80%2Caps%2C325&sr=8-138&ufe=app_do%3Aamzn1.fos.35785624-70c4-44ae-a5c3-3f044f475d63&xpid=PK80Z_zVbJf9i,https://m.media-amazon.com/images/I/513h9IkLYCL._AC_UL320_.jpg,"フィットネス水着-【動けるフィットインナー】-スイミング-フィットネス向け-AS5FWF69M フィットネス水着-【動けるフィットインナー】-スイミング-フィットネス向け-AS5FWF69M フィットネス水着-【動けるフィットインナー】-スイミング-フィットネス向け-AS5FWF69M フィットネス水着-【動けるフィットインナー】-スイミング-フィットネス向け-AS5FWF69M フィットネス水着-【動けるフィットインナー】-スイミング-フィットネス向け-AS5FWF69M ARENA (アリーナ) フィットネス水着 メンズ 【動けるフィットインナー】 水泳 スイミング プール フィットネス向け AS5FWF69M 49ポイント(1%) ￥4,881 ￥ 4,881","B0F8VFM3VD,B0F8VFJFGR",
swimmingattireothers_20260721.csv,148,swimmingattireothers,SAFE,B0F8VGZPFH,[アリーナ] フィットネス水着 メンズ 【動けるフィットインナー】 インナー付き フィットネス向け AS5SWF67M,,5800,category_allow,フィットネス水着,カテゴリ許可ワード一致(contains),https://www.amazon.co.jp/%E3%83%95%E3%82%A3%E3%83%83%E3%83%88%E3%83%8D%E3%82%B9%E6%B0%B4%E7%9D%80-%E3%80%90%E5%8B%95%E3%81%91%E3%82%8B%E3%83%95%E3%82%A3%E3%83%83%E3%83%88%E3%82%A4%E3%83%B3%E3%83%8A%E3%83%BC%E3%80%91-%E3%82%B9%E3%82%A4%E3%83%9F%E3%83%B3%E3%82%B0-%E3%83%95%E3%82%A3%E3%83%83%E3%83%88%E3%83%8D%E3%82%B9%E5%90%91%E3%81%91-AS5SWF67M/dp/B0F8VGZPFH/ref=sr_1_139?__mk_ja_JP=%E3%82%AB%E3%82%BF%E3%82%AB%E3%83%8A&crid=1VZWPQ7PCEW9L&dd=1G8INUDRiTN5hha909GVNQ%2C%2C&dib=eyJ2IjoiMSJ9.q-o11wx4z6n53VWLdTCpkRH9AZrqM9dxKByf7QV7raVLMldn2ubySh-hD2sq95w3gzCLIlr7JRjlnpm7QqEOAh1lJI32TPNzcsef_yusPMFz_vDD_rH0qlZ0WmIOTebBnwinw56sbg6hCgXcvBrco0nljfRRp0P5v3jOXa-jtEOFhYuKj5H7T2-njuApCNplIc5QnQ7iHQE2RDm0mpcWX6Npucyms9DMm_5zh0StvCNXDDRLugVzAnl9gI0YBaY5p1YQt-zurLmUNBegf-Za5KF1VSOTxJLAphmRqi0_zIw.he3996ugLHXsI5vu4y7BovtQTiZTHkt1K7d7eLsSuzo&dib_tag=se&keywords=%E3%82%A2%E3%83%AA%E3%83%BC%E3%83%8A+%E3%83%A1%E3%83%B3%E3%82%BA+%E6%B0%B4%E7%9D%80&qid=1784617367&refinements=p_90%3A3428068051%2Cp_n_g-101015233022111%3A24821512051&rnid=24821510051&sprefix=%E3%82%A2%E3%83%AA%E3%83%BC%E3%83%8A+%E3%83%A1%E3%83%B3%E3%82%BA+%E6%B0%B4%E7%9D%80%2Caps%2C325&sr=8-139&ufe=app_do%3Aamzn1.fos.35785624-70c4-44ae-a5c3-3f044f475d63&xpid=PK80Z_zVbJf9i,https://m.media-amazon.com/images/I/518x3tds5QL._AC_UL320_.jpg,"フィットネス水着-【動けるフィットインナー】-スイミング-フィットネス向け-AS5SWF67M フィットネス水着-【動けるフィットインナー】-スイミング-フィットネス向け-AS5SWF67M フィットネス水着-【動けるフィットインナー】-スイミング-フィットネス向け-AS5SWF67M フィットネス水着-【動けるフィットインナー】-スイミング-フィットネス向け-AS5SWF67M フィットネス水着-【動けるフィットインナー】-スイミング-フィットネス向け-AS5SWF67M ARENA [アリーナ] フィットネス水着 メンズ 【動けるフィットインナー】 インナー付き フィットネス向け AS5SWF67M ￥5,800 ￥ 5,800","B0F8VGZPFH,B0DNMJVV1M",
swimmingattireothers_20260721.csv,149,swimmingattireothers,SAFE,B0DNMDJ66G,[アリーナ] 【WA承認】 競泳水着 レース用 メンズ 【AQUA ADVANCED】 ニット素材 AQUA XTREME 中級者向け AS5SRC21M,,8980,category_allow,競泳水着,カテゴリ許可ワード一致(contains),https://www.amazon.co.jp/%E3%80%90WA%E6%89%BF%E8%AA%8D%E3%80%91-%E3%80%90AQUA-ADVANCED%E3%80%91-XTREME-AS5SRC21M/dp/B0DNMDJ66G/ref=sr_1_140?__mk_ja_JP=%E3%82%AB%E3%82%BF%E3%82%AB%E3%83%8A&crid=1VZWPQ7PCEW9L&dd=1G8INUDRiTN5hha909GVNQ%2C%2C&dib=eyJ2IjoiMSJ9.q-o11wx4z6n53VWLdTCpkRH9AZrqM9dxKByf7QV7raVLMldn2ubySh-hD2sq95w3gzCLIlr7JRjlnpm7QqEOAh1lJI32TPNzcsef_yusPMFz_vDD_rH0qlZ0WmIOTebBnwinw56sbg6hCgXcvBrco0nljfRRp0P5v3jOXa-jtEOFhYuKj5H7T2-njuApCNplIc5QnQ7iHQE2RDm0mpcWX6Npucyms9DMm_5zh0StvCNXDDRLugVzAnl9gI0YBaY5p1YQt-zurLmUNBegf-Za5KF1VSOTxJLAphmRqi0_zIw.he3996ugLHXsI5vu4y7BovtQTiZTHkt1K7d7eLsSuzo&dib_tag=se&keywords=%E3%82%A2%E3%83%AA%E3%83%BC%E3%83%8A+%E3%83%A1%E3%83%B3%E3%82%BA+%E6%B0%B4%E7%9D%80&qid=1784617367&refinements=p_90%3A3428068051%2Cp_n_g-101015233022111%3A24821512051&rnid=24821510051&sprefix=%E3%82%A2%E3%83%AA%E3%83%BC%E3%83%8A+%E3%83%A1%E3%83%B3%E3%82%BA+%E6%B0%B4%E7%9D%80%2Caps%2C325&sr=8-140&ufe=app_do%3Aamzn1.fos.35785624-70c4-44ae-a5c3-3f044f475d63&xpid=PK80Z_zVbJf9i,https://m.media-amazon.com/images/I/51WpE9Ub+9L._AC_UL320_.jpg,"【WA承認】-【AQUA-ADVANCED】-XTREME-AS5SRC21M 【WA承認】-【AQUA-ADVANCED】-XTREME-AS5SRC21M 【WA承認】-【AQUA-ADVANCED】-XTREME-AS5SRC21M 【WA承認】-【AQUA-ADVANCED】-XTREME-AS5SRC21M 【WA承認】-【AQUA-ADVANCED】-XTREME-AS5SRC21M ARENA 【WA承認】-【AQUA-ADVANCED】-XTREME-AS5SRC21M [アリーナ] 【WA承認】 競泳水着 レース用 メンズ 【AQUA ADVANCED】 ニット素材 AQUA XTREME 中級者向け AS5SRC21M javascript:void(0) 5つ星のうち4.3 ￥8,980 ￥ 8,980","B0DNMDJ66G,B0DNMG423Z",
swimmingattireothers_20260721.csv,150,swimmingattireothers,SAFE,B0G42TWQ2K,【WA承認】arena(アリーナ) 競泳水着 レース用 メンズ 【AQUA RACING】 水泳 スイミング ECO エコ 初級者向け はっ水 AS6SRCP4M,,8496,category_allow,競泳水着,カテゴリ許可ワード一致(contains),https://www.amazon.co.jp/%E3%80%90WA%E6%89%BF%E8%AA%8D%E3%80%91arena-%E3%80%90AQUA-RACING%E3%80%91-%E3%82%B9%E3%82%A4%E3%83%9F%E3%83%B3%E3%82%B0-AS6SRCP4M/dp/B0G42TWQ2K/ref=sr_1_141?__mk_ja_JP=%E3%82%AB%E3%82%BF%E3%82%AB%E3%83%8A&crid=1VZWPQ7PCEW9L&dd=1G8INUDRiTN5hha909GVNQ%2C%2C&dib=eyJ2IjoiMSJ9.q-o11wx4z6n53VWLdTCpkRH9AZrqM9dxKByf7QV7raVLMldn2ubySh-hD2sq95w3gzCLIlr7JRjlnpm7QqEOAh1lJI32TPNzcsef_yusPMFz_vDD_rH0qlZ0WmIOTebBnwinw56sbg6hCgXcvBrco0nljfRRp0P5v3jOXa-jtEOFhYuKj5H7T2-njuApCNplIc5QnQ7iHQE2RDm0mpcWX6Npucyms9DMm_5zh0StvCNXDDRLugVzAnl9gI0YBaY5p1YQt-zurLmUNBegf-Za5KF1VSOTxJLAphmRqi0_zIw.he3996ugLHXsI5vu4y7BovtQTiZTHkt1K7d7eLsSuzo&dib_tag=se&keywords=%E3%82%A2%E3%83%AA%E3%83%BC%E3%83%8A+%E3%83%A1%E3%83%B3%E3%82%BA+%E6%B0%B4%E7%9D%80&qid=1784617367&refinements=p_90%3A3428068051%2Cp_n_g-101015233022111%3A24821512051&rnid=24821510051&sprefix=%E3%82%A2%E3%83%AA%E3%83%BC%E3%83%8A+%E3%83%A1%E3%83%B3%E3%82%BA+%E6%B0%B4%E7%9D%80%2Caps%2C325&sr=8-141&ufe=app_do%3Aamzn1.fos.35785624-70c4-44ae-a5c3-3f044f475d63&xpid=PK80Z_zVbJf9i,https://m.media-amazon.com/images/I/51PUs4JxN4L._AC_UL320_.jpg,"【WA承認】arena-【AQUA-RACING】-スイミング-AS6SRCP4M 【WA承認】arena-【AQUA-RACING】-スイミング-AS6SRCP4M 【WA承認】arena-【AQUA-RACING】-スイミング-AS6SRCP4M ARENA 【WA承認】arena(アリーナ) 競泳水着 レース用 メンズ 【AQUA RACING】 水泳 スイミング ECO エコ 初級者向け はっ水 AS6SRCP4M 85ポイント(1%) ￥8,496 ￥ 8,496",B0G42TWQ2K,
swimmingattireothers_20260721.csv,151,swimmingattireothers,SAFE,B0F8VFMCPP,[アリーナ] 【WA承認】 競泳水着 レース用 メンズ 【AQUA RACING】 水泳 スイミング AQUASTRIPE-D はっ水 初級者向け 総柄デザイン AS5FRC62M,,7265,category_allow,競泳水着,カテゴリ許可ワード一致(contains),https://www.amazon.co.jp/%E3%80%90WA%E6%89%BF%E8%AA%8D%E3%80%91-RACING%E3%80%91-AQUASTRIPE-D-%E7%B7%8F%E6%9F%84%E3%83%87%E3%82%B6%E3%82%A4%E3%83%B3-AS5FRC62M/dp/B0F8VFMCPP/ref=sr_1_142?__mk_ja_JP=%E3%82%AB%E3%82%BF%E3%82%AB%E3%83%8A&crid=1VZWPQ7PCEW9L&dd=1G8INUDRiTN5hha909GVNQ%2C%2C&dib=eyJ2IjoiMSJ9.q-o11wx4z6n53VWLdTCpkRH9AZrqM9dxKByf7QV7raVLMldn2ubySh-hD2sq95w3gzCLIlr7JRjlnpm7QqEOAh1lJI32TPNzcsef_yusPMFz_vDD_rH0qlZ0WmIOTebBnwinw56sbg6hCgXcvBrco0nljfRRp0P5v3jOXa-jtEOFhYuKj5H7T2-njuApCNplIc5QnQ7iHQE2RDm0mpcWX6Npucyms9DMm_5zh0StvCNXDDRLugVzAnl9gI0YBaY5p1YQt-zurLmUNBegf-Za5KF1VSOTxJLAphmRqi0_zIw.he3996ugLHXsI5vu4y7BovtQTiZTHkt1K7d7eLsSuzo&dib_tag=se&keywords=%E3%82%A2%E3%83%AA%E3%83%BC%E3%83%8A+%E3%83%A1%E3%83%B3%E3%82%BA+%E6%B0%B4%E7%9D%80&qid=1784617367&refinements=p_90%3A3428068051%2Cp_n_g-101015233022111%3A24821512051&rnid=24821510051&sprefix=%E3%82%A2%E3%83%AA%E3%83%BC%E3%83%8A+%E3%83%A1%E3%83%B3%E3%82%BA+%E6%B0%B4%E7%9D%80%2Caps%2C325&sr=8-142&ufe=app_do%3Aamzn1.fos.35785624-70c4-44ae-a5c3-3f044f475d63&xpid=PK80Z_zVbJf9i,https://m.media-amazon.com/images/I/61XnjhxuxAL._AC_UL320_.jpg,"【WA承認】-RACING】-AQUASTRIPE-D-総柄デザイン-AS5FRC62M 【WA承認】-RACING】-AQUASTRIPE-D-総柄デザイン-AS5FRC62M 【WA承認】-RACING】-AQUASTRIPE-D-総柄デザイン-AS5FRC62M 【WA承認】-RACING】-AQUASTRIPE-D-総柄デザイン-AS5FRC62M ARENA [アリーナ] 【WA承認】 競泳水着 レース用 メンズ 【AQUA RACING】 水泳 スイミング AQUASTRIPE-D はっ水 初級者向け 総柄デザイン AS5FRC62M javascript:void(0) 5つ星のうち4.1 73ポイント(1%) ￥7,265 ￥ 7,265",B0F8VFMCPP,
swimmingattireothers_20260721.csv,157,swimmingattireothers,SAFE,B0GXJ4XQFF,【WA承認】arena(アリーナ) 競泳水着 レース用 メンズ 【AQUA RACING】 水泳 スイミング 初級者向け 撥水 ECO AQUASTRIPE ニット AS6FRC72M,,9074,category_allow,競泳水着,カテゴリ許可ワード一致(contains),https://www.amazon.co.jp/%E3%80%90WA%E6%89%BF%E8%AA%8D%E3%80%91arena-%E3%80%90AQUA-RACING%E3%80%91-AQUASTRIPE-AS6FRC72M/dp/B0GXJ4XQFF/ref=sr_1_148?__mk_ja_JP=%E3%82%AB%E3%82%BF%E3%82%AB%E3%83%8A&crid=1VZWPQ7PCEW9L&dd=1G8INUDRiTN5hha909GVNQ%2C%2C&dib=eyJ2IjoiMSJ9.q-o11wx4z6n53VWLdTCpkRH9AZrqM9dxKByf7QV7raVLMldn2ubySh-hD2sq95w3gzCLIlr7JRjlnpm7QqEOAh1lJI32TPNzcsef_yusPMFz_vDD_rH0qlZ0WmIOTebBnwinw56sbg6hCgXcvBrco0nljfRRp0P5v3jOXa-jtEOFhYuKj5H7T2-njuApCNplIc5QnQ7iHQE2RDm0mpcWX6Npucyms9DMm_5zh0StvCNXDDRLugVzAnl9gI0YBaY5p1YQt-zurLmUNBegf-Za5KF1VSOTxJLAphmRqi0_zIw.he3996ugLHXsI5vu4y7BovtQTiZTHkt1K7d7eLsSuzo&dib_tag=se&keywords=%E3%82%A2%E3%83%AA%E3%83%BC%E3%83%8A+%E3%83%A1%E3%83%B3%E3%82%BA+%E6%B0%B4%E7%9D%80&qid=1784617367&refinements=p_90%3A3428068051%2Cp_n_g-101015233022111%3A24821512051&rnid=24821510051&sprefix=%E3%82%A2%E3%83%AA%E3%83%BC%E3%83%8A+%E3%83%A1%E3%83%B3%E3%82%BA+%E6%B0%B4%E7%9D%80%2Caps%2C325&sr=8-148&ufe=app_do%3Aamzn1.fos.35785624-70c4-44ae-a5c3-3f044f475d63&xpid=PK80Z_zVbJf9i,https://m.media-amazon.com/images/I/51gMCkS3WbL._AC_UL320_.jpg,"【WA承認】arena-【AQUA-RACING】-AQUASTRIPE-AS6FRC72M 【WA承認】arena-【AQUA-RACING】-AQUASTRIPE-AS6FRC72M 【WA承認】arena-【AQUA-RACING】-AQUASTRIPE-AS6FRC72M 【WA承認】arena-【AQUA-RACING】-AQUASTRIPE-AS6FRC72M 【WA承認】arena-【AQUA-RACING】-AQUASTRIPE-AS6FRC72M ARENA 【WA承認】arena-【AQUA-RACING】-AQUASTRIPE-AS6FRC72M 【WA承認】arena(アリーナ) 競泳水着 レース用 メンズ 【AQUA RACING】 水泳 スイミング 初級者向け 撥水 ECO AQUASTRIPE ニット AS6FRC72M 91ポイント(1%) ￥9,074 ￥ 9,074","B0GXJ4XQFF,B0GXJM2W19,B0GXJJ1X39",
swimmingattireothers_20260721.csv,164,swimmingattireothers,SAFE,B0GL834HCQ,水泳 Basic 水着 競泳 フィットネス メンズ ハーフスパッツ N2MBDA11 N2MBDA12,,3856,category_allow,ハーフスパッツ,カテゴリ許可ワード一致(contains),https://www.amazon.co.jp/MIZUNO-%E3%83%9F%E3%82%BA%E3%83%8E-%E3%83%8F%E3%83%BC%E3%83%95%E3%82%B9%E3%83%91%E3%83%83%E3%83%84-N2MBDA11-83%EF%BC%9A%E3%83%8D%E3%82%A4%E3%83%93%E3%83%BC%C3%97%E3%82%B0%E3%83%AA%E3%83%BC%E3%83%B3/dp/B0GL834HCQ/ref=sr_1_151?__mk_ja_JP=%E3%82%AB%E3%82%BF%E3%82%AB%E3%83%8A&crid=1VZWPQ7PCEW9L&dd=1G8INUDRiTN5hha909GVNQ%2C%2C&dib=eyJ2IjoiMSJ9.SKzzSkNXd112yack5L0CMNqxc8ElSxLoAcXWozRjpm43cqQHrsV2YKSzViGYTPW0qnwQZryInSoizzZmlZ2lROAAWTJyW9idmKxIIFSxmJU.l_Yh4uCVkFXi9kC6izHqwCJ8Av8Pnet2aXqVCB3flN4&dib_tag=se&keywords=%E3%82%A2%E3%83%AA%E3%83%BC%E3%83%8A+%E3%83%A1%E3%83%B3%E3%82%BA+%E6%B0%B4%E7%9D%80&qid=1784617391&refinements=p_90%3A3428068051%2Cp_n_g-101015233022111%3A24821512051&rnid=24821510051&sprefix=%E3%82%A2%E3%83%AA%E3%83%BC%E3%83%8A+%E3%83%A1%E3%83%B3%E3%82%BA+%E6%B0%B4%E7%9D%80%2Caps%2C325&sr=8-151&ufe=app_do%3Aamzn1.fos.35785624-70c4-44ae-a5c3-3f044f475d63&xpid=PK80Z_zVbJf9i,https://m.media-amazon.com/images/I/61EAvsvEhHL._AC_UL320_.jpg,"MIZUNO-ミズノ-ハーフスパッツ-N2MBDA11-83：ネイビー×グリーン MIZUNO-ミズノ-ハーフスパッツ-N2MBDA11-83：ネイビー×グリーン MIZUNO-ミズノ-ハーフスパッツ-N2MBDA11-83：ネイビー×グリーン MIZUNO-ミズノ-ハーフスパッツ-N2MBDA11-83：ネイビー×グリーン MIZUNO-ミズノ-ハーフスパッツ-N2MBDA11-83：ネイビー×グリーン MIZUNO(ミズノ) MIZUNO-ミズノ-ハーフスパッツ-N2MBDA11-83：ネイビー×グリーン 水泳 Basic 水着 競泳 フィットネス メンズ ハーフスパッツ N2MBDA11 N2MBDA12 javascript:void(0) 5つ星のうち4.6 参考: MIZUNO-ミズノ-ハーフスパッツ-N2MBDA11-83：ネイビー×グリーン ￥3,856 ￥ 3,856 参考: ￥4,070 ￥4,070 ￥4,070","B0GL834HCQ,B0GL88VM7H,B0GL8L1P5S,B0GL8DNDM3,B0GL856PKF",
swimmingattireothers_20260721.csv,165,swimmingattireothers,SAFE,B00A73ZP82,競泳水着 メンズ フィットネス 水着 競泳水着 男性 スイムウエア 905,,1480,category_allow,競泳水着,カテゴリ許可ワード一致(contains),https://www.amazon.co.jp/lemode-%E3%83%95%E3%82%A3%E3%83%83%E3%83%88%E3%83%8D%E3%82%B9-%E3%82%B9%E3%82%A4%E3%83%A0%E3%82%A6%E3%82%A8%E3%82%A2-100-%E5%A4%A7%E4%BA%BAXO%E3%82%B5%E3%82%A4%E3%82%BA-%E3%83%96%E3%83%A9%E3%83%83%E3%82%AF%EF%BC%86%E3%83%96%E3%83%AB%E3%83%BC/dp/B00A73ZP82/ref=sr_1_152?__mk_ja_JP=%E3%82%AB%E3%82%BF%E3%82%AB%E3%83%8A&crid=1VZWPQ7PCEW9L&dd=1G8INUDRiTN5hha909GVNQ%2C%2C&dib=eyJ2IjoiMSJ9.SKzzSkNXd112yack5L0CMNqxc8ElSxLoAcXWozRjpm43cqQHrsV2YKSzViGYTPW0qnwQZryInSoizzZmlZ2lROAAWTJyW9idmKxIIFSxmJU.l_Yh4uCVkFXi9kC6izHqwCJ8Av8Pnet2aXqVCB3flN4&dib_tag=se&keywords=%E3%82%A2%E3%83%AA%E3%83%BC%E3%83%8A+%E3%83%A1%E3%83%B3%E3%82%BA+%E6%B0%B4%E7%9D%80&qid=1784617391&refinements=p_90%3A3428068051%2Cp_n_g-101015233022111%3A24821512051&rnid=24821510051&sprefix=%E3%82%A2%E3%83%AA%E3%83%BC%E3%83%8A+%E3%83%A1%E3%83%B3%E3%82%BA+%E6%B0%B4%E7%9D%80%2Caps%2C325&sr=8-152&ufe=app_do%3Aamzn1.fos.35785624-70c4-44ae-a5c3-3f044f475d63&xpid=PK80Z_zVbJf9i,https://m.media-amazon.com/images/I/519Mo9Q9MkL._AC_UL320_.jpg,"lemode-フィットネス-スイムウエア-100-大人XOサイズ-ブラック＆ブルー lemode-フィットネス-スイムウエア-100-大人XOサイズ-ブラック＆ブルー lemode-フィットネス-スイムウエア-100-大人XOサイズ-ブラック＆ブルー lemode-フィットネス-スイムウエア-100-大人XOサイズ-ブラック＆ブルー lemode-フィットネス-スイムウエア-100-大人XOサイズ-ブラック＆ブルー LE MODE de toi(ル モード デ トア) lemode-フィットネス-スイムウエア-100-大人XOサイズ-ブラック＆ブルー 競泳水着 メンズ フィットネス 水着 競泳水着 男性 スイムウエア 905 javascript:void(0) 5つ星のうち4.0 過去1か月で100点以上購入されました lemode-フィットネス-スイムウエア-100-大人XOサイズ-ブラック＆ブルー ￥1,480 ￥ 1,480 - メンズフィットネス・競泳用スパッツ","B00A73ZP82,B09MQ83PZT,B00A73ZP7I,B09MQ8HXHL",
swimmingattireothers_20260721.csv,168,swimmingattireothers,SAFE,B0G432MH97,【選手着用モデル】 arena(アリーナ) 競泳水着 トレーニング用 メンズ 【TOUGHSUIT】 水泳 スイミング team arena チームアリーナ 耐久性 練習用 トレーニング向け AS6SWM15M,,5828,category_allow,競泳水着,カテゴリ許可ワード一致(contains),https://www.amazon.co.jp/%E3%80%90%E9%81%B8%E6%89%8B%E7%9D%80%E7%94%A8%E3%83%A2%E3%83%87%E3%83%AB%E3%80%91-%E3%83%88%E3%83%AC%E3%83%BC%E3%83%8B%E3%83%B3%E3%82%B0%E7%94%A8-%E3%80%90TOUGHSUIT%E3%80%91-%E3%83%88%E3%83%AC%E3%83%BC%E3%83%8B%E3%83%B3%E3%82%B0%E5%90%91%E3%81%91-AS6SWM15M/dp/B0G432MH97/ref=sr_1_155?__mk_ja_JP=%E3%82%AB%E3%82%BF%E3%82%AB%E3%83%8A&crid=1VZWPQ7PCEW9L&dd=1G8INUDRiTN5hha909GVNQ%2C%2C&dib=eyJ2IjoiMSJ9.K1wD3H6TZ74zTkHHVHUd340RokgqxL7P2qlGqQFRTe92_yd66_Mh7HKnvjcaTWS31sbcC2P8BLBFkN5DzSgJZBWdb3XFUQDH00fceP7ZJGjOX9KmzBzFlMGFJFD6psVa1umaPEvgKPBp392EsmB4VJwVBqMfeUHIv5n1ekOpzomqgAcejsMw5LDfLlwafb7Sb74-Ge0n9HNEGYMXMIcjZ6w3Qj4sWrmDOnz6KUmQxNn9Z-Iixb05u1fiDjZSCz_yYZMY4uTDevA1oLwOBKya6wo1MddL-luYPsgTwflDcbs.LzYEgMim6nad5ShE3QwE31QA6ULoUmpHlYkMkq7wPEI&dib_tag=se&keywords=%E3%82%A2%E3%83%AA%E3%83%BC%E3%83%8A+%E3%83%A1%E3%83%B3%E3%82%BA+%E6%B0%B4%E7%9D%80&qid=1784617391&refinements=p_90%3A3428068051%2Cp_n_g-101015233022111%3A24821512051&rnid=24821510051&sprefix=%E3%82%A2%E3%83%AA%E3%83%BC%E3%83%8A+%E3%83%A1%E3%83%B3%E3%82%BA+%E6%B0%B4%E7%9D%80%2Caps%2C325&sr=8-155&ufe=app_do%3Aamzn1.fos.35785624-70c4-44ae-a5c3-3f044f475d63&xpid=PK80Z_zVbJf9i,https://m.media-amazon.com/images/I/51GGyEk8fgL._AC_UL320_.jpg,"【選手着用モデル】-トレーニング用-【TOUGHSUIT】-トレーニング向け-AS6SWM15M 【選手着用モデル】-トレーニング用-【TOUGHSUIT】-トレーニング向け-AS6SWM15M 【選手着用モデル】-トレーニング用-【TOUGHSUIT】-トレーニング向け-AS6SWM15M 【選手着用モデル】-トレーニング用-【TOUGHSUIT】-トレーニング向け-AS6SWM15M 【選手着用モデル】-トレーニング用-【TOUGHSUIT】-トレーニング向け-AS6SWM15M ARENA 【選手着用モデル】-トレーニング用-【TOUGHSUIT】-トレーニング向け-AS6SWM15M 【選手着用モデル】 arena(アリーナ) 競泳水着 トレーニング用 メンズ 【TOUGHSUIT】 水泳 スイミング team arena チームアリーナ 耐久性 練習用 トレーニング向け AS6SWM15M javascript:void(0) 5つ星のうち4.5 58ポイント(1%) 【選手着用モデル】-トレーニング用-【TOUGHSUIT】-トレーニング向け-AS6SWM15M ￥5,828 ￥ 5,828","B0G432MH97,B0G4329PS1,B0G42Y8X2J,B0G42ZMJZ1,B0G434R11R",
swimmingattireothers_20260721.csv,169,swimmingattireothers,SAFE,B0GS5J8KKY,水着 メンズ スイムパンツ 競泳水着 ミドルスパッツ フィットネス水着 インナー付き,,1399,category_allow,競泳水着,カテゴリ許可ワード一致(contains),https://www.amazon.co.jp/Rovidorx-%E3%83%9F%E3%83%89%E3%83%AB%E3%82%B9%E3%83%91%E3%83%83%E3%83%84-%E3%83%95%E3%82%A3%E3%83%83%E3%83%88%E3%83%8D%E3%82%B9%E6%B0%B4%E7%9D%80-%E3%83%A9%E3%83%83%E3%82%B7%E3%83%A5%E3%82%AC%E3%83%BC%E3%83%89-1155-na-3XL/dp/B0GS5J8KKY/ref=sr_1_156?__mk_ja_JP=%E3%82%AB%E3%82%BF%E3%82%AB%E3%83%8A&crid=1VZWPQ7PCEW9L&dd=1G8INUDRiTN5hha909GVNQ%2C%2C&dib=eyJ2IjoiMSJ9.K1wD3H6TZ74zTkHHVHUd340RokgqxL7P2qlGqQFRTe92_yd66_Mh7HKnvjcaTWS31sbcC2P8BLBFkN5DzSgJZBWdb3XFUQDH00fceP7ZJGjOX9KmzBzFlMGFJFD6psVa1umaPEvgKPBp392EsmB4VJwVBqMfeUHIv5n1ekOpzomqgAcejsMw5LDfLlwafb7Sb74-Ge0n9HNEGYMXMIcjZ6w3Qj4sWrmDOnz6KUmQxNn9Z-Iixb05u1fiDjZSCz_yYZMY4uTDevA1oLwOBKya6wo1MddL-luYPsgTwflDcbs.LzYEgMim6nad5ShE3QwE31QA6ULoUmpHlYkMkq7wPEI&dib_tag=se&keywords=%E3%82%A2%E3%83%AA%E3%83%BC%E3%83%8A+%E3%83%A1%E3%83%B3%E3%82%BA+%E6%B0%B4%E7%9D%80&qid=1784617391&refinements=p_90%3A3428068051%2Cp_n_g-101015233022111%3A24821512051&rnid=24821510051&sprefix=%E3%82%A2%E3%83%AA%E3%83%BC%E3%83%8A+%E3%83%A1%E3%83%B3%E3%82%BA+%E6%B0%B4%E7%9D%80%2Caps%2C325&sr=8-156&ufe=app_do%3Aamzn1.fos.35785624-70c4-44ae-a5c3-3f044f475d63&xpid=PK80Z_zVbJf9i,https://m.media-amazon.com/images/I/51uva0kPH0L._AC_UL320_.jpg,"Rovidorx-ミドルスパッツ-フィットネス水着-ラッシュガード-1155-na-3XL Rovidorx-ミドルスパッツ-フィットネス水着-ラッシュガード-1155-na-3XL Rovidorx-ミドルスパッツ-フィットネス水着-ラッシュガード-1155-na-3XL Rovidorx-ミドルスパッツ-フィットネス水着-ラッシュガード-1155-na-3XL Rovidorx-ミドルスパッツ-フィットネス水着-ラッシュガード-1155-na-3XL 水着 メンズ スイムパンツ 競泳水着 ミドルスパッツ フィットネス水着 インナー付き Rovidorx-ミドルスパッツ-フィットネス水着-ラッシュガード-1155-na-3XL javascript:void(0) 5つ星のうち4.0 ￥1,399 ￥ 1,399","B0GS5J8KKY,B0GS55SKZM,B0GS5JSV34",
swimmingattireothers_20260721.csv,170,swimmingattireothers,SAFE,B0GL7P26DM,水泳 フィットネス 競泳 トレーニング 水着 メンズ EZ SWIMハーフスパッツ N2JBD121,,7397,category_allow,トレーニング水着,カテゴリ許可ワード一致(contains),https://www.amazon.co.jp/MIZUNO-%E3%83%9F%E3%82%BA%E3%83%8E-SWIM%E3%83%8F%E3%83%BC%E3%83%95%E3%82%B9%E3%83%91%E3%83%83%E3%83%84-N2JBD121-93%EF%BC%9A%E3%83%96%E3%83%A9%E3%83%83%E3%82%AF%C3%97%E3%82%A4%E3%82%A8%E3%83%AD%E3%83%BC/dp/B0GL7P26DM/ref=sr_1_157?__mk_ja_JP=%E3%82%AB%E3%82%BF%E3%82%AB%E3%83%8A&crid=1VZWPQ7PCEW9L&dd=1G8INUDRiTN5hha909GVNQ%2C%2C&dib=eyJ2IjoiMSJ9.K1wD3H6TZ74zTkHHVHUd340RokgqxL7P2qlGqQFRTe92_yd66_Mh7HKnvjcaTWS31sbcC2P8BLBFkN5DzSgJZBWdb3XFUQDH00fceP7ZJGjOX9KmzBzFlMGFJFD6psVa1umaPEvgKPBp392EsmB4VJwVBqMfeUHIv5n1ekOpzomqgAcejsMw5LDfLlwafb7Sb74-Ge0n9HNEGYMXMIcjZ6w3Qj4sWrmDOnz6KUmQxNn9Z-Iixb05u1fiDjZSCz_yYZMY4uTDevA1oLwOBKya6wo1MddL-luYPsgTwflDcbs.LzYEgMim6nad5ShE3QwE31QA6ULoUmpHlYkMkq7wPEI&dib_tag=se&keywords=%E3%82%A2%E3%83%AA%E3%83%BC%E3%83%8A+%E3%83%A1%E3%83%B3%E3%82%BA+%E6%B0%B4%E7%9D%80&qid=1784617391&refinements=p_90%3A3428068051%2Cp_n_g-101015233022111%3A24821512051&rnid=24821510051&sprefix=%E3%82%A2%E3%83%AA%E3%83%BC%E3%83%8A+%E3%83%A1%E3%83%B3%E3%82%BA+%E6%B0%B4%E7%9D%80%2Caps%2C325&sr=8-157&ufe=app_do%3Aamzn1.fos.35785624-70c4-44ae-a5c3-3f044f475d63&xpid=PK80Z_zVbJf9i,https://m.media-amazon.com/images/I/61vz5VaDkTL._AC_UL320_.jpg,"MIZUNO-ミズノ-SWIMハーフスパッツ-N2JBD121-93：ブラック×イエロー MIZUNO-ミズノ-SWIMハーフスパッツ-N2JBD121-93：ブラック×イエロー MIZUNO-ミズノ-SWIMハーフスパッツ-N2JBD121-93：ブラック×イエロー MIZUNO-ミズノ-SWIMハーフスパッツ-N2JBD121-93：ブラック×イエロー MIZUNO-ミズノ-SWIMハーフスパッツ-N2JBD121-93：ブラック×イエロー MIZUNO(ミズノ) MIZUNO-ミズノ-SWIMハーフスパッツ-N2JBD121-93：ブラック×イエロー 水泳 フィットネス 競泳 トレーニング 水着 メンズ EZ SWIMハーフスパッツ N2JBD121 javascript:void(0) 5つ星のうち3.7 参考: ￥7,397 ￥ 7,397 参考: ￥9,570 ￥9,570 ￥9,570","B0GL7P26DM,B0GL7TTPZS,B0GL7VJK2V",
swimmingattireothers_20260721.csv,171,swimmingattireothers,SAFE,B001NGP424,スイムアンダーショーツ メンズ スイムショーツ 水泳 SD97U80 男性用 立体裁断,,991,category_allow,スイムショーツ,カテゴリ許可ワード一致(contains),https://www.amazon.co.jp/Speedo-%E3%82%B9%E3%83%94%E3%83%BC%E3%83%89-%E6%B0%B4%E7%9D%80%E7%94%A8%E3%82%A4%E3%83%B3%E3%83%8A%E3%83%BC-%E3%82%B7%E3%83%A7%E3%83%BC%E3%83%84-SD97U80/dp/B001NGP424/ref=sr_1_158?__mk_ja_JP=%E3%82%AB%E3%82%BF%E3%82%AB%E3%83%8A&crid=1VZWPQ7PCEW9L&dd=1G8INUDRiTN5hha909GVNQ%2C%2C&dib=eyJ2IjoiMSJ9.K1wD3H6TZ74zTkHHVHUd340RokgqxL7P2qlGqQFRTe92_yd66_Mh7HKnvjcaTWS31sbcC2P8BLBFkN5DzSgJZBWdb3XFUQDH00fceP7ZJGjOX9KmzBzFlMGFJFD6psVa1umaPEvgKPBp392EsmB4VJwVBqMfeUHIv5n1ekOpzomqgAcejsMw5LDfLlwafb7Sb74-Ge0n9HNEGYMXMIcjZ6w3Qj4sWrmDOnz6KUmQxNn9Z-Iixb05u1fiDjZSCz_yYZMY4uTDevA1oLwOBKya6wo1MddL-luYPsgTwflDcbs.LzYEgMim6nad5ShE3QwE31QA6ULoUmpHlYkMkq7wPEI&dib_tag=se&keywords=%E3%82%A2%E3%83%AA%E3%83%BC%E3%83%8A+%E3%83%A1%E3%83%B3%E3%82%BA+%E6%B0%B4%E7%9D%80&qid=1784617391&refinements=p_90%3A3428068051%2Cp_n_g-101015233022111%3A24821512051&rnid=24821510051&sprefix=%E3%82%A2%E3%83%AA%E3%83%BC%E3%83%8A+%E3%83%A1%E3%83%B3%E3%82%BA+%E6%B0%B4%E7%9D%80%2Caps%2C325&sr=8-158&ufe=app_do%3Aamzn1.fos.35785624-70c4-44ae-a5c3-3f044f475d63&xpid=PK80Z_zVbJf9i,https://m.media-amazon.com/images/I/41yXQaizPdL._AC_UL320_.jpg,"Speedo-スピード-水着用インナー-ショーツ-SD97U80 Speedo-スピード-水着用インナー-ショーツ-SD97U80 Speedo-スピード-水着用インナー-ショーツ-SD97U80 Speedo-スピード-水着用インナー-ショーツ-SD97U80 Speedo(スピード) スイムアンダーショーツ メンズ スイムショーツ 水泳 SD97U80 男性用 立体裁断 javascript:void(0) 5つ星のうち4.0 過去1か月で100点以上購入されました ￥991 ￥ 991 参考: ￥1,320 - メンズブリーフ水着 ￥1,320 ￥1,320",B001NGP424,
swimmingattireothers_20260721.csv,172,swimmingattireothers,SAFE,B0G1RGLPRC,【WA承認】 競泳水着 FLEX Σν Jammer（Ⅱ） フレックスシグマニュージャマー２ メンズ SC62601F,,6852,category_allow,競泳水着,カテゴリ許可ワード一致(contains),https://www.amazon.co.jp/%E3%82%B9%E3%83%94%E3%83%BC%E3%83%89-%E7%AB%B6%E6%B3%B3%E6%B0%B4%E7%9D%80-%E3%83%95%E3%83%AC%E3%83%83%E3%82%AF%E3%82%B9%E3%82%B7%E3%82%B0%E3%83%9E%E3%83%8B%E3%83%A5%E3%83%BC%E3%82%B8%E3%83%A3%E3%83%9E%E3%83%BC%EF%BC%92-%E3%83%96%E3%83%A9%E3%83%83%E3%82%AF-%E3%83%9F%E3%83%B3%E3%83%88/dp/B0G1RGLPRC/ref=sr_1_159?__mk_ja_JP=%E3%82%AB%E3%82%BF%E3%82%AB%E3%83%8A&crid=1VZWPQ7PCEW9L&dd=1G8INUDRiTN5hha909GVNQ%2C%2C&dib=eyJ2IjoiMSJ9.K1wD3H6TZ74zTkHHVHUd340RokgqxL7P2qlGqQFRTe92_yd66_Mh7HKnvjcaTWS31sbcC2P8BLBFkN5DzSgJZBWdb3XFUQDH00fceP7ZJGjOX9KmzBzFlMGFJFD6psVa1umaPEvgKPBp392EsmB4VJwVBqMfeUHIv5n1ekOpzomqgAcejsMw5LDfLlwafb7Sb74-Ge0n9HNEGYMXMIcjZ6w3Qj4sWrmDOnz6KUmQxNn9Z-Iixb05u1fiDjZSCz_yYZMY4uTDevA1oLwOBKya6wo1MddL-luYPsgTwflDcbs.LzYEgMim6nad5ShE3QwE31QA6ULoUmpHlYkMkq7wPEI&dib_tag=se&keywords=%E3%82%A2%E3%83%AA%E3%83%BC%E3%83%8A+%E3%83%A1%E3%83%B3%E3%82%BA+%E6%B0%B4%E7%9D%80&qid=1784617391&refinements=p_90%3A3428068051%2Cp_n_g-101015233022111%3A24821512051&rnid=24821510051&sprefix=%E3%82%A2%E3%83%AA%E3%83%BC%E3%83%8A+%E3%83%A1%E3%83%B3%E3%82%BA+%E6%B0%B4%E7%9D%80%2Caps%2C325&sr=8-159&ufe=app_do%3Aamzn1.fos.35785624-70c4-44ae-a5c3-3f044f475d63&xpid=PK80Z_zVbJf9i,https://m.media-amazon.com/images/I/51RC3pPdK1L._AC_UL320_.jpg,"スピード-競泳水着-フレックスシグマニュージャマー２-ブラック-ミント スピード-競泳水着-フレックスシグマニュージャマー２-ブラック-ミント スピード-競泳水着-フレックスシグマニュージャマー２-ブラック-ミント スピード-競泳水着-フレックスシグマニュージャマー２-ブラック-ミント Speedo(スピード) 【WA承認】 競泳水着 FLEX Σν Jammer（Ⅱ） フレックスシグマニュージャマー２ メンズ SC62601F javascript:void(0) 5つ星のうち4.3 参考: スピード-競泳水着-フレックスシグマニュージャマー２-ブラック-ミント ￥6,852 ￥ 6,852 参考: ￥7,920 ￥7,920 ￥7,920","B0G1RGLPRC,B0G1RQZ3QZ,B0G1RGRJLM",
swimmingattireothers_20260721.csv,173,swimmingattireothers,SAFE,B001NGP456,スイムアンダーショーツメンズ ボックスショーツ 水泳 SD97U81 男性用 立体裁断,,2100,category_allow,ボックス,カテゴリ許可ワード一致(contains),https://www.amazon.co.jp/Speedo-%E3%82%B9%E3%83%94%E3%83%BC%E3%83%89-%E6%B0%B4%E7%9D%80%E3%82%A4%E3%83%B3%E3%83%8A%E3%83%BC-BOX%E3%82%B7%E3%83%A7%E3%83%BC%E3%83%84-SD97U81/dp/B001NGP456/ref=sr_1_160?__mk_ja_JP=%E3%82%AB%E3%82%BF%E3%82%AB%E3%83%8A&crid=1VZWPQ7PCEW9L&dd=1G8INUDRiTN5hha909GVNQ%2C%2C&dib=eyJ2IjoiMSJ9.K1wD3H6TZ74zTkHHVHUd340RokgqxL7P2qlGqQFRTe92_yd66_Mh7HKnvjcaTWS31sbcC2P8BLBFkN5DzSgJZBWdb3XFUQDH00fceP7ZJGjOX9KmzBzFlMGFJFD6psVa1umaPEvgKPBp392EsmB4VJwVBqMfeUHIv5n1ekOpzomqgAcejsMw5LDfLlwafb7Sb74-Ge0n9HNEGYMXMIcjZ6w3Qj4sWrmDOnz6KUmQxNn9Z-Iixb05u1fiDjZSCz_yYZMY4uTDevA1oLwOBKya6wo1MddL-luYPsgTwflDcbs.LzYEgMim6nad5ShE3QwE31QA6ULoUmpHlYkMkq7wPEI&dib_tag=se&keywords=%E3%82%A2%E3%83%AA%E3%83%BC%E3%83%8A+%E3%83%A1%E3%83%B3%E3%82%BA+%E6%B0%B4%E7%9D%80&qid=1784617391&refinements=p_90%3A3428068051%2Cp_n_g-101015233022111%3A24821512051&rnid=24821510051&sprefix=%E3%82%A2%E3%83%AA%E3%83%BC%E3%83%8A+%E3%83%A1%E3%83%B3%E3%82%BA+%E6%B0%B4%E7%9D%80%2Caps%2C325&sr=8-160&ufe=app_do%3Aamzn1.fos.35785624-70c4-44ae-a5c3-3f044f475d63&xpid=PK80Z_zVbJf9i,https://m.media-amazon.com/images/I/51vMb4EKXKL._AC_UL320_.jpg,"Speedo-スピード-水着インナー-BOXショーツ-SD97U81 Speedo(スピード) Speedo-スピード-水着インナー-BOXショーツ-SD97U81 スイムアンダーショーツメンズ ボックスショーツ 水泳 SD97U81 男性用 立体裁断 javascript:void(0) 5つ星のうち4.1 参考: ￥2,100 ￥ 2,100 参考: ￥2,310 過去1か月で50点以上購入されました ￥2,310 ￥2,310",B001NGP456,
swimmingattireothers_20260721.csv,175,swimmingattireothers,SAFE,B0GTLGMJD4,競泳水着 メンズ フィットネス 水着 スイムウェア 水泳 競泳 サメ肌 撥水 速乾 通気 透け防止 3D立体裁断 スイミング 男性 大きいサイズ,,1699,category_allow,競泳水着,カテゴリ許可ワード一致(contains),https://www.amazon.co.jp/%E3%83%95%E3%82%A3%E3%83%83%E3%83%88%E3%83%8D%E3%82%B9-%E3%82%B9%E3%82%A4%E3%83%A0%E3%82%A6%E3%82%A7%E3%82%A2-3D%E7%AB%8B%E4%BD%93%E8%A3%81%E6%96%AD-%E3%82%B9%E3%82%A4%E3%83%9F%E3%83%B3%E3%82%B0-%E5%A4%A7%E3%81%8D%E3%81%84%E3%82%B5%E3%82%A4%E3%82%BA/dp/B0GTLGMJD4/ref=sr_1_162?__mk_ja_JP=%E3%82%AB%E3%82%BF%E3%82%AB%E3%83%8A&crid=1VZWPQ7PCEW9L&dd=1G8INUDRiTN5hha909GVNQ%2C%2C&dib=eyJ2IjoiMSJ9.K1wD3H6TZ74zTkHHVHUd340RokgqxL7P2qlGqQFRTe92_yd66_Mh7HKnvjcaTWS31sbcC2P8BLBFkN5DzSgJZBWdb3XFUQDH00fceP7ZJGjOX9KmzBzFlMGFJFD6psVa1umaPEvgKPBp392EsmB4VJwVBqMfeUHIv5n1ekOpzomqgAcejsMw5LDfLlwafb7Sb74-Ge0n9HNEGYMXMIcjZ6w3Qj4sWrmDOnz6KUmQxNn9Z-Iixb05u1fiDjZSCz_yYZMY4uTDevA1oLwOBKya6wo1MddL-luYPsgTwflDcbs.LzYEgMim6nad5ShE3QwE31QA6ULoUmpHlYkMkq7wPEI&dib_tag=se&keywords=%E3%82%A2%E3%83%AA%E3%83%BC%E3%83%8A+%E3%83%A1%E3%83%B3%E3%82%BA+%E6%B0%B4%E7%9D%80&qid=1784617391&refinements=p_90%3A3428068051%2Cp_n_g-101015233022111%3A24821512051&rnid=24821510051&sprefix=%E3%82%A2%E3%83%AA%E3%83%BC%E3%83%8A+%E3%83%A1%E3%83%B3%E3%82%BA+%E6%B0%B4%E7%9D%80%2Caps%2C325&sr=8-162&ufe=app_do%3Aamzn1.fos.35785624-70c4-44ae-a5c3-3f044f475d63&xpid=PK80Z_zVbJf9i,https://m.media-amazon.com/images/I/41a2aFoQwPL._AC_UL320_.jpg,"フィットネス-スイムウェア-3D立体裁断-スイミング-大きいサイズ フィットネス-スイムウェア-3D立体裁断-スイミング-大きいサイズ フィットネス-スイムウェア-3D立体裁断-スイミング-大きいサイズ フィットネス-スイムウェア-3D立体裁断-スイミング-大きいサイズ 競泳水着 メンズ フィットネス 水着 スイムウェア 水泳 競泳 サメ肌 撥水 速乾 通気 透け防止 3D立体裁断 スイミング 男性 大きいサイズ javascript:void(0) 5つ星のうち3.4 参考: フィットネス-スイムウェア-3D立体裁断-スイミング-大きいサイズ ￥1,699 ￥ 1,699 参考: ￥2,180 ￥2,180 ￥2,180","B0GTLGMJD4,B0GTL76K6R",
swimmingattireothers_20260721.csv,176,swimmingattireothers,SAFE,B0CR3VHPNT,スイム 水泳 競泳 レース水着 ストリームエース ハーフスパッツ 【WORLD AQUATICS（FINA：国際水泳連盟）承認済み】 メンズ N2MBB020,,5685,category_allow,ハーフスパッツ,カテゴリ許可ワード一致(contains),https://www.amazon.co.jp/%E3%83%9F%E3%82%BA%E3%83%8E-N2MBB020-%E3%82%B9%E3%83%88%E3%83%AA%E3%83%BC%E3%83%A0%E3%82%A8%E3%83%BC%E3%82%B9-%E3%83%8F%E3%83%BC%E3%83%95%E3%82%B9%E3%83%91%E3%83%83%E3%83%84-AQUATICS%EF%BC%88FINA%EF%BC%9A%E5%9B%BD%E9%9A%9B%E6%B0%B4%E6%B3%B3%E9%80%A3%E7%9B%9F%EF%BC%89/dp/B0CR3VHPNT/ref=sr_1_163?__mk_ja_JP=%E3%82%AB%E3%82%BF%E3%82%AB%E3%83%8A&crid=1VZWPQ7PCEW9L&dd=1G8INUDRiTN5hha909GVNQ%2C%2C&dib=eyJ2IjoiMSJ9.K1wD3H6TZ74zTkHHVHUd340RokgqxL7P2qlGqQFRTe92_yd66_Mh7HKnvjcaTWS31sbcC2P8BLBFkN5DzSgJZBWdb3XFUQDH00fceP7ZJGjOX9KmzBzFlMGFJFD6psVa1umaPEvgKPBp392EsmB4VJwVBqMfeUHIv5n1ekOpzomqgAcejsMw5LDfLlwafb7Sb74-Ge0n9HNEGYMXMIcjZ6w3Qj4sWrmDOnz6KUmQxNn9Z-Iixb05u1fiDjZSCz_yYZMY4uTDevA1oLwOBKya6wo1MddL-luYPsgTwflDcbs.LzYEgMim6nad5ShE3QwE31QA6ULoUmpHlYkMkq7wPEI&dib_tag=se&keywords=%E3%82%A2%E3%83%AA%E3%83%BC%E3%83%8A+%E3%83%A1%E3%83%B3%E3%82%BA+%E6%B0%B4%E7%9D%80&qid=1784617391&refinements=p_90%3A3428068051%2Cp_n_g-101015233022111%3A24821512051&rnid=24821510051&sprefix=%E3%82%A2%E3%83%AA%E3%83%BC%E3%83%8A+%E3%83%A1%E3%83%B3%E3%82%BA+%E6%B0%B4%E7%9D%80%2Caps%2C325&sr=8-163&ufe=app_do%3Aamzn1.fos.35785624-70c4-44ae-a5c3-3f044f475d63&xpid=PK80Z_zVbJf9i,https://m.media-amazon.com/images/I/51fpS-3Zb3L._AC_UL320_.jpg,"ミズノ-N2MBB020-ストリームエース-ハーフスパッツ-AQUATICS（FINA：国際水泳連盟） ミズノ-N2MBB020-ストリームエース-ハーフスパッツ-AQUATICS（FINA：国際水泳連盟） ミズノ-N2MBB020-ストリームエース-ハーフスパッツ-AQUATICS（FINA：国際水泳連盟） ミズノ-N2MBB020-ストリームエース-ハーフスパッツ-AQUATICS（FINA：国際水泳連盟） MIZUNO(ミズノ) ミズノ-N2MBB020-ストリームエース-ハーフスパッツ-AQUATICS（FINA：国際水泳連盟） スイム 水泳 競泳 レース水着 ストリームエース ハーフスパッツ 【WORLD AQUATICS（FINA：国際水泳連盟）承認済み】 メンズ N2MBB020 javascript:void(0) 5つ星のうち4.1 ￥5,685 ￥ 5,685","B0CR3VHPNT,B0CR3WPLXX,B0CR41Y1H3",
swimmingattireothers_20260721.csv,177,swimmingattireothers,SAFE,B0CN8WTPSH,【WA承認】 arena(アリーナ) 競泳水着 レース用 メンズ 【AQUA ADVANCED】 水泳 スイミング ニット素材 24SS COLORS OF EXCITEMENT 中級者向け ARN-4041M,,5980,category_allow,競泳水着,カテゴリ許可ワード一致(contains),https://www.amazon.co.jp/%E3%80%90WA%E6%89%BF%E8%AA%8D%E3%80%91-ADVANCED%E3%80%91-COLORS-EXCITEMENT-ARN-4041M/dp/B0CN8WTPSH/ref=sr_1_164?__mk_ja_JP=%E3%82%AB%E3%82%BF%E3%82%AB%E3%83%8A&crid=1VZWPQ7PCEW9L&dd=1G8INUDRiTN5hha909GVNQ%2C%2C&dib=eyJ2IjoiMSJ9.K1wD3H6TZ74zTkHHVHUd340RokgqxL7P2qlGqQFRTe92_yd66_Mh7HKnvjcaTWS31sbcC2P8BLBFkN5DzSgJZBWdb3XFUQDH00fceP7ZJGjOX9KmzBzFlMGFJFD6psVa1umaPEvgKPBp392EsmB4VJwVBqMfeUHIv5n1ekOpzomqgAcejsMw5LDfLlwafb7Sb74-Ge0n9HNEGYMXMIcjZ6w3Qj4sWrmDOnz6KUmQxNn9Z-Iixb05u1fiDjZSCz_yYZMY4uTDevA1oLwOBKya6wo1MddL-luYPsgTwflDcbs.LzYEgMim6nad5ShE3QwE31QA6ULoUmpHlYkMkq7wPEI&dib_tag=se&keywords=%E3%82%A2%E3%83%AA%E3%83%BC%E3%83%8A+%E3%83%A1%E3%83%B3%E3%82%BA+%E6%B0%B4%E7%9D%80&qid=1784617391&refinements=p_90%3A3428068051%2Cp_n_g-101015233022111%3A24821512051&rnid=24821510051&sprefix=%E3%82%A2%E3%83%AA%E3%83%BC%E3%83%8A+%E3%83%A1%E3%83%B3%E3%82%BA+%E6%B0%B4%E7%9D%80%2Caps%2C325&sr=8-164&ufe=app_do%3Aamzn1.fos.35785624-70c4-44ae-a5c3-3f044f475d63&xpid=PK80Z_zVbJf9i,https://m.media-amazon.com/images/I/510lVfb+rYL._AC_UL320_.jpg,"【WA承認】-ADVANCED】-COLORS-EXCITEMENT-ARN-4041M 【WA承認】-ADVANCED】-COLORS-EXCITEMENT-ARN-4041M 【WA承認】-ADVANCED】-COLORS-EXCITEMENT-ARN-4041M 【WA承認】-ADVANCED】-COLORS-EXCITEMENT-ARN-4041M 【WA承認】-ADVANCED】-COLORS-EXCITEMENT-ARN-4041M ARENA 【WA承認】-ADVANCED】-COLORS-EXCITEMENT-ARN-4041M 【WA承認】 arena(アリーナ) 競泳水着 レース用 メンズ 【AQUA ADVANCED】 水泳 スイミング ニット素材 24SS COLORS OF EXCITEMENT 中級者向け ARN-4041M javascript:void(0) 5つ星のうち3.2 ￥5,980 ￥ 5,980","B0CN8WTPSH,B0CN8ZLV52",
swimmingattireothers_20260721.csv,178,swimmingattireothers,SAFE,B0GX9ZCQ6C,スイムウェアスイム エッセンシャル スイムショーツ 8インチメンズ,,4950,category_allow,スイムショーツ,カテゴリ許可ワード一致(contains),https://www.amazon.co.jp/%E3%82%A2%E3%83%87%E3%82%A3%E3%83%80%E3%82%B9-%E3%82%B9%E3%82%A4%E3%83%A0%E3%82%A6%E3%82%A7%E3%82%A2-%E3%82%A8%E3%83%83%E3%82%BB%E3%83%B3%E3%82%B7%E3%83%A3%E3%83%AB-%E3%82%B9%E3%82%A4%E3%83%A0%E3%82%B7%E3%83%A7%E3%83%BC%E3%83%84-CC497/dp/B0GX9ZCQ6C/ref=sr_1_165?__mk_ja_JP=%E3%82%AB%E3%82%BF%E3%82%AB%E3%83%8A&crid=1VZWPQ7PCEW9L&dd=1G8INUDRiTN5hha909GVNQ%2C%2C&dib=eyJ2IjoiMSJ9.K1wD3H6TZ74zTkHHVHUd340RokgqxL7P2qlGqQFRTe92_yd66_Mh7HKnvjcaTWS31sbcC2P8BLBFkN5DzSgJZBWdb3XFUQDH00fceP7ZJGjOX9KmzBzFlMGFJFD6psVa1umaPEvgKPBp392EsmB4VJwVBqMfeUHIv5n1ekOpzomqgAcejsMw5LDfLlwafb7Sb74-Ge0n9HNEGYMXMIcjZ6w3Qj4sWrmDOnz6KUmQxNn9Z-Iixb05u1fiDjZSCz_yYZMY4uTDevA1oLwOBKya6wo1MddL-luYPsgTwflDcbs.LzYEgMim6nad5ShE3QwE31QA6ULoUmpHlYkMkq7wPEI&dib_tag=se&keywords=%E3%82%A2%E3%83%AA%E3%83%BC%E3%83%8A+%E3%83%A1%E3%83%B3%E3%82%BA+%E6%B0%B4%E7%9D%80&qid=1784617391&refinements=p_90%3A3428068051%2Cp_n_g-101015233022111%3A24821512051&rnid=24821510051&sprefix=%E3%82%A2%E3%83%AA%E3%83%BC%E3%83%8A+%E3%83%A1%E3%83%B3%E3%82%BA+%E6%B0%B4%E7%9D%80%2Caps%2C325&sr=8-165&ufe=app_do%3Aamzn1.fos.35785624-70c4-44ae-a5c3-3f044f475d63&xpid=PK80Z_zVbJf9i,https://m.media-amazon.com/images/I/615eW5YX8-L._AC_UL320_.jpg,"アディダス-スイムウェア-エッセンシャル-スイムショーツ-CC497 アディダス-スイムウェア-エッセンシャル-スイムショーツ-CC497 アディダス-スイムウェア-エッセンシャル-スイムショーツ-CC497 adidas(アディダス) スイムウェアスイム エッセンシャル スイムショーツ 8インチメンズ ￥4,950 ￥ 4,950 ベストセラー7位",B0GX9ZCQ6C,
swimmingattireothers_20260721.csv,179,swimmingattireothers,SAFE,B0FQ9FHKR4,水着 メンズ 競泳 [耐塩素加工・速乾・撥水] フィットネス 競泳用 スイムウエア トレーニング スイムパンツ 水泳パンツ ハーフスパッツ 男性,,2490,category_allow,スイムパンツ,カテゴリ許可ワード一致(contains),https://www.amazon.co.jp/%E3%83%86%E3%82%B9%E3%83%A9-%E8%80%90%E5%A1%A9%E7%B4%A0%E5%8A%A0%E5%B7%A5%E3%83%BB%E9%80%9F%E4%B9%BE%E3%83%BB%E6%92%A5%E6%B0%B4-%E3%83%95%E3%82%A3%E3%83%83%E3%83%88%E3%83%8D%E3%82%B9-%E3%83%8F%E3%83%BC%E3%83%95%E3%82%B9%E3%83%91%E3%83%83%E3%83%84-MSJ07-JPKSC_34/dp/B0FQ9FHKR4/ref=sr_1_166?__mk_ja_JP=%E3%82%AB%E3%82%BF%E3%82%AB%E3%83%8A&crid=1VZWPQ7PCEW9L&dd=1G8INUDRiTN5hha909GVNQ%2C%2C&dib=eyJ2IjoiMSJ9.K1wD3H6TZ74zTkHHVHUd340RokgqxL7P2qlGqQFRTe92_yd66_Mh7HKnvjcaTWS31sbcC2P8BLBFkN5DzSgJZBWdb3XFUQDH00fceP7ZJGjOX9KmzBzFlMGFJFD6psVa1umaPEvgKPBp392EsmB4VJwVBqMfeUHIv5n1ekOpzomqgAcejsMw5LDfLlwafb7Sb74-Ge0n9HNEGYMXMIcjZ6w3Qj4sWrmDOnz6KUmQxNn9Z-Iixb05u1fiDjZSCz_yYZMY4uTDevA1oLwOBKya6wo1MddL-luYPsgTwflDcbs.LzYEgMim6nad5ShE3QwE31QA6ULoUmpHlYkMkq7wPEI&dib_tag=se&keywords=%E3%82%A2%E3%83%AA%E3%83%BC%E3%83%8A+%E3%83%A1%E3%83%B3%E3%82%BA+%E6%B0%B4%E7%9D%80&qid=1784617391&refinements=p_90%3A3428068051%2Cp_n_g-101015233022111%3A24821512051&rnid=24821510051&sprefix=%E3%82%A2%E3%83%AA%E3%83%BC%E3%83%8A+%E3%83%A1%E3%83%B3%E3%82%BA+%E6%B0%B4%E7%9D%80%2Caps%2C325&sr=8-166&ufe=app_do%3Aamzn1.fos.35785624-70c4-44ae-a5c3-3f044f475d63&xpid=PK80Z_zVbJf9i,https://m.media-amazon.com/images/I/715coauoRsL._AC_UL320_.jpg,"テスラ-耐塩素加工・速乾・撥水-フィットネス-ハーフスパッツ-MSJ07-JPKSC_34 テスラ-耐塩素加工・速乾・撥水-フィットネス-ハーフスパッツ-MSJ07-JPKSC_34 テスラ-耐塩素加工・速乾・撥水-フィットネス-ハーフスパッツ-MSJ07-JPKSC_34 テスラ-耐塩素加工・速乾・撥水-フィットネス-ハーフスパッツ-MSJ07-JPKSC_34 テスラ-耐塩素加工・速乾・撥水-フィットネス-ハーフスパッツ-MSJ07-JPKSC_34 TESLA(テスラ) テスラ-耐塩素加工・速乾・撥水-フィットネス-ハーフスパッツ-MSJ07-JPKSC_34 水着 メンズ 競泳 [耐塩素加工・速乾・撥水] フィットネス 競泳用 スイムウエア トレーニング スイムパンツ 水泳パンツ ハーフスパッツ 男性 javascript:void(0) 5つ星のうち4.2 25ポイント(1%) テスラ-耐塩素加工・速乾・撥水-フィットネス-ハーフスパッツ-MSJ07-JPKSC_34 ￥2,490 ￥ 2,490","B0FQ9FHKR4,B0FQ9PWYDZ,B0FQ9PKJT4,B0FQ8ZRG6W,B0FQ8ZLJN2",
swimmingattireothers_20260721.csv,181,swimmingattireothers,SAFE,B0G434C9TP,(アリーナ) フィットネス水着 メンズ 【動けるフィットインナー】 水泳 スイミング アクアビクス 水中ウォーキング インナー付き AS6SWF73M,,5465,category_allow,フィットネス水着,カテゴリ許可ワード一致(contains),https://www.amazon.co.jp/%E3%83%95%E3%82%A3%E3%83%83%E3%83%88%E3%83%8D%E3%82%B9%E6%B0%B4%E7%9D%80-%E3%80%90%E5%8B%95%E3%81%91%E3%82%8B%E3%83%95%E3%82%A3%E3%83%83%E3%83%88%E3%82%A4%E3%83%B3%E3%83%8A%E3%83%BC%E3%80%91-%E3%82%A2%E3%82%AF%E3%82%A2%E3%83%93%E3%82%AF%E3%82%B9-%E6%B0%B4%E4%B8%AD%E3%82%A6%E3%82%A9%E3%83%BC%E3%82%AD%E3%83%B3%E3%82%B0-AS6SWF73M/dp/B0G434C9TP/ref=sr_1_168?__mk_ja_JP=%E3%82%AB%E3%82%BF%E3%82%AB%E3%83%8A&crid=1VZWPQ7PCEW9L&dd=1G8INUDRiTN5hha909GVNQ%2C%2C&dib=eyJ2IjoiMSJ9.K1wD3H6TZ74zTkHHVHUd340RokgqxL7P2qlGqQFRTe92_yd66_Mh7HKnvjcaTWS31sbcC2P8BLBFkN5DzSgJZBWdb3XFUQDH00fceP7ZJGjOX9KmzBzFlMGFJFD6psVa1umaPEvgKPBp392EsmB4VJwVBqMfeUHIv5n1ekOpzomqgAcejsMw5LDfLlwafb7Sb74-Ge0n9HNEGYMXMIcjZ6w3Qj4sWrmDOnz6KUmQxNn9Z-Iixb05u1fiDjZSCz_yYZMY4uTDevA1oLwOBKya6wo1MddL-luYPsgTwflDcbs.LzYEgMim6nad5ShE3QwE31QA6ULoUmpHlYkMkq7wPEI&dib_tag=se&keywords=%E3%82%A2%E3%83%AA%E3%83%BC%E3%83%8A+%E3%83%A1%E3%83%B3%E3%82%BA+%E6%B0%B4%E7%9D%80&qid=1784617391&refinements=p_90%3A3428068051%2Cp_n_g-101015233022111%3A24821512051&rnid=24821510051&sprefix=%E3%82%A2%E3%83%AA%E3%83%BC%E3%83%8A+%E3%83%A1%E3%83%B3%E3%82%BA+%E6%B0%B4%E7%9D%80%2Caps%2C325&sr=8-168&ufe=app_do%3Aamzn1.fos.35785624-70c4-44ae-a5c3-3f044f475d63&xpid=PK80Z_zVbJf9i,https://m.media-amazon.com/images/I/41lR7Vj7HOL._AC_UL320_.jpg,"フィットネス水着-【動けるフィットインナー】-アクアビクス-水中ウォーキング-AS6SWF73M フィットネス水着-【動けるフィットインナー】-アクアビクス-水中ウォーキング-AS6SWF73M フィットネス水着-【動けるフィットインナー】-アクアビクス-水中ウォーキング-AS6SWF73M フィットネス水着-【動けるフィットインナー】-アクアビクス-水中ウォーキング-AS6SWF73M フィットネス水着-【動けるフィットインナー】-アクアビクス-水中ウォーキング-AS6SWF73M ARENA フィットネス水着-【動けるフィットインナー】-アクアビクス-水中ウォーキング-AS6SWF73M (アリーナ) フィットネス水着 メンズ 【動けるフィットインナー】 水泳 スイミング アクアビクス 水中ウォーキング インナー付き AS6SWF73M 55ポイント(1%) ￥5,465 ￥ 5,465","B0G434C9TP,B0G42ZKQMK,B0G42WVHTV",
swimmingattireothers_20260721.csv,183,swimmingattireothers,SAFE,B0DST4SS1L,競泳水着 メンズ フィットネス 日本製 【旭化成の耐塩素ストレッチファイバー＜ロイカ®︎SP＞を採用したスイミング用】【ASBRIO】,,2999,category_allow,競泳水着,カテゴリ許可ワード一致(contains),https://www.amazon.co.jp/%E7%AB%B6%E6%B3%B3%E6%B0%B4%E7%9D%80-%E3%83%A1%E3%83%B3%E3%82%BA-%E3%83%95%E3%82%A3%E3%83%83%E3%83%88%E3%83%8D%E3%82%B9-%E6%97%A5%E6%9C%AC%E8%A3%BD-%E3%80%90%E6%97%AD%E5%8C%96%E6%88%90%E3%81%AE%E8%80%90%E5%A1%A9%E7%B4%A0%E3%82%B9%E3%83%88%E3%83%AC%E3%83%83%E3%83%81%E3%83%95%E3%82%A1%E3%82%A4%E3%83%90%E3%83%BC%EF%BC%9C%E3%83%AD%E3%82%A4%E3%82%AB%C2%AE%EF%B8%8ESP%EF%BC%9E%E3%82%92%E6%8E%A1%E7%94%A8%E3%81%97%E3%81%9F%E3%82%B9%E3%82%A4%E3%83%9F%E3%83%B3%E3%82%B0%E7%94%A8%E3%80%91%E3%80%90ASBRIO%E3%80%91/dp/B0DST4SS1L/ref=sr_1_170?__mk_ja_JP=%E3%82%AB%E3%82%BF%E3%82%AB%E3%83%8A&crid=1VZWPQ7PCEW9L&dd=1G8INUDRiTN5hha909GVNQ%2C%2C&dib=eyJ2IjoiMSJ9.K1wD3H6TZ74zTkHHVHUd340RokgqxL7P2qlGqQFRTe92_yd66_Mh7HKnvjcaTWS31sbcC2P8BLBFkN5DzSgJZBWdb3XFUQDH00fceP7ZJGjOX9KmzBzFlMGFJFD6psVa1umaPEvgKPBp392EsmB4VJwVBqMfeUHIv5n1ekOpzomqgAcejsMw5LDfLlwafb7Sb74-Ge0n9HNEGYMXMIcjZ6w3Qj4sWrmDOnz6KUmQxNn9Z-Iixb05u1fiDjZSCz_yYZMY4uTDevA1oLwOBKya6wo1MddL-luYPsgTwflDcbs.LzYEgMim6nad5ShE3QwE31QA6ULoUmpHlYkMkq7wPEI&dib_tag=se&keywords=%E3%82%A2%E3%83%AA%E3%83%BC%E3%83%8A+%E3%83%A1%E3%83%B3%E3%82%BA+%E6%B0%B4%E7%9D%80&qid=1784617391&refinements=p_90%3A3428068051%2Cp_n_g-101015233022111%3A24821512051&rnid=24821510051&sprefix=%E3%82%A2%E3%83%AA%E3%83%BC%E3%83%8A+%E3%83%A1%E3%83%B3%E3%82%BA+%E6%B0%B4%E7%9D%80%2Caps%2C325&sr=8-170&ufe=app_do%3Aamzn1.fos.35785624-70c4-44ae-a5c3-3f044f475d63&xpid=PK80Z_zVbJf9i,https://m.media-amazon.com/images/I/61bVrDQbgpL._AC_UL320_.jpg,"競泳水着-メンズ-フィットネス-日本製-【旭化成の耐塩素ストレッチファイバー＜ロイカ®︎SP＞を採用したスイミング用】【ASBRIO】 競泳水着-メンズ-フィットネス-日本製-【旭化成の耐塩素ストレッチファイバー＜ロイカ®︎SP＞を採用したスイミング用】【ASBRIO】 競泳水着-メンズ-フィットネス-日本製-【旭化成の耐塩素ストレッチファイバー＜ロイカ®︎SP＞を採用したスイミング用】【ASBRIO】 競泳水着-メンズ-フィットネス-日本製-【旭化成の耐塩素ストレッチファイバー＜ロイカ®︎SP＞を採用したスイミング用】【ASBRIO】 競泳水着-メンズ-フィットネス-日本製-【旭化成の耐塩素ストレッチファイバー＜ロイカ®︎SP＞を採用したスイミング用】【ASBRIO】 競泳水着 メンズ フィットネス 日本製 【旭化成の耐塩素ストレッチファイバー＜ロイカ®︎SP＞を採用したスイミング用】【ASBRIO】 競泳水着-メンズ-フィットネス-日本製-【旭化成の耐塩素ストレッチファイバー＜ロイカ®︎SP＞を採用したスイミング用】【ASBRIO】 javascript:void(0) 5つ星のうち4.0 日本の中小企業 ￥2,999 ￥ 2,999 詳細はこちら","B0DST4SS1L,B0G6441JDN",
swimmingattireothers_20260721.csv,184,swimmingattireothers,SAFE,B095LJKS12,(アリーナ) フィットネス水着メンズ ルーズスパッツ(動けるフィットインナー)(ジップ付) LAR-1305,,5370,category_allow,フィットネス水着,カテゴリ許可ワード一致(contains),https://www.amazon.co.jp/arena-%E3%82%A2%E3%83%AA%E3%83%BC%E3%83%8A-%E5%8B%95%E3%81%91%E3%82%8B%E3%83%95%E3%82%A3%E3%83%83%E3%83%88%E3%82%A4%E3%83%B3%E3%83%8A%E3%83%BC-%E3%83%96%E3%83%A9%E3%83%83%E3%82%AF%C3%97%E3%83%96%E3%83%A9%E3%83%83%E3%82%AF%C3%97%E3%82%B4%E3%83%BC%E3%83%AB%E3%83%89%C3%97%E3%82%B4%E3%83%BC%E3%83%AB%E3%83%89-LAR-1305/dp/B095LJKS12/ref=sr_1_171?__mk_ja_JP=%E3%82%AB%E3%82%BF%E3%82%AB%E3%83%8A&crid=1VZWPQ7PCEW9L&dd=1G8INUDRiTN5hha909GVNQ%2C%2C&dib=eyJ2IjoiMSJ9.K1wD3H6TZ74zTkHHVHUd340RokgqxL7P2qlGqQFRTe92_yd66_Mh7HKnvjcaTWS31sbcC2P8BLBFkN5DzSgJZBWdb3XFUQDH00fceP7ZJGjOX9KmzBzFlMGFJFD6psVa1umaPEvgKPBp392EsmB4VJwVBqMfeUHIv5n1ekOpzomqgAcejsMw5LDfLlwafb7Sb74-Ge0n9HNEGYMXMIcjZ6w3Qj4sWrmDOnz6KUmQxNn9Z-Iixb05u1fiDjZSCz_yYZMY4uTDevA1oLwOBKya6wo1MddL-luYPsgTwflDcbs.LzYEgMim6nad5ShE3QwE31QA6ULoUmpHlYkMkq7wPEI&dib_tag=se&keywords=%E3%82%A2%E3%83%AA%E3%83%BC%E3%83%8A+%E3%83%A1%E3%83%B3%E3%82%BA+%E6%B0%B4%E7%9D%80&qid=1784617391&refinements=p_90%3A3428068051%2Cp_n_g-101015233022111%3A24821512051&rnid=24821510051&sprefix=%E3%82%A2%E3%83%AA%E3%83%BC%E3%83%8A+%E3%83%A1%E3%83%B3%E3%82%BA+%E6%B0%B4%E7%9D%80%2Caps%2C325&sr=8-171&ufe=app_do%3Aamzn1.fos.35785624-70c4-44ae-a5c3-3f044f475d63&xpid=PK80Z_zVbJf9i,https://m.media-amazon.com/images/I/51hn-oZ5+VS._AC_UL320_.jpg,"arena-アリーナ-動けるフィットインナー-ブラック×ブラック×ゴールド×ゴールド-LAR-1305 arena-アリーナ-動けるフィットインナー-ブラック×ブラック×ゴールド×ゴールド-LAR-1305 arena-アリーナ-動けるフィットインナー-ブラック×ブラック×ゴールド×ゴールド-LAR-1305 arena-アリーナ-動けるフィットインナー-ブラック×ブラック×ゴールド×ゴールド-LAR-1305 arena-アリーナ-動けるフィットインナー-ブラック×ブラック×ゴールド×ゴールド-LAR-1305 ARENA arena-アリーナ-動けるフィットインナー-ブラック×ブラック×ゴールド×ゴールド-LAR-1305 (アリーナ) フィットネス水着メンズ ルーズスパッツ(動けるフィットインナー)(ジップ付) LAR-1305 javascript:void(0) 5つ星のうち4.1 ￥5,370 ￥ 5,370","B095LJKS12,B095LKFQVX,B095LJQBZL",
swimmingattireothers_20260721.csv,185,swimmingattireothers,SAFE,B0C27C47LX,水着 メンズ 海パン メンズ サーフパンツ 水着 海水パンツ フィットネス水着 メッシュインナー 男性用 スイムウェア おしゃれ 水陸両用 速乾,,1744,category_allow,フィットネス水着,カテゴリ許可ワード一致(contains),https://www.amazon.co.jp/AQRMOEYR-%E3%82%B5%E3%83%BC%E3%83%95%E3%83%91%E3%83%B3%E3%83%84-%E3%82%B7%E3%83%A7%E3%83%BC%E3%83%88%E3%83%91%E3%83%B3%E3%83%84-%E3%83%9C%E3%83%BC%E3%83%89%E3%82%B7%E3%83%A7%E3%83%BC%E3%83%84-%E3%83%A1%E3%83%83%E3%82%B7%E3%83%A5%E3%82%A4%E3%83%B3%E3%83%8A%E3%83%BC/dp/B0C27C47LX/ref=sr_1_172?__mk_ja_JP=%E3%82%AB%E3%82%BF%E3%82%AB%E3%83%8A&crid=1VZWPQ7PCEW9L&dd=1G8INUDRiTN5hha909GVNQ%2C%2C&dib=eyJ2IjoiMSJ9.K1wD3H6TZ74zTkHHVHUd340RokgqxL7P2qlGqQFRTe92_yd66_Mh7HKnvjcaTWS31sbcC2P8BLBFkN5DzSgJZBWdb3XFUQDH00fceP7ZJGjOX9KmzBzFlMGFJFD6psVa1umaPEvgKPBp392EsmB4VJwVBqMfeUHIv5n1ekOpzomqgAcejsMw5LDfLlwafb7Sb74-Ge0n9HNEGYMXMIcjZ6w3Qj4sWrmDOnz6KUmQxNn9Z-Iixb05u1fiDjZSCz_yYZMY4uTDevA1oLwOBKya6wo1MddL-luYPsgTwflDcbs.LzYEgMim6nad5ShE3QwE31QA6ULoUmpHlYkMkq7wPEI&dib_tag=se&keywords=%E3%82%A2%E3%83%AA%E3%83%BC%E3%83%8A+%E3%83%A1%E3%83%B3%E3%82%BA+%E6%B0%B4%E7%9D%80&qid=1784617391&refinements=p_90%3A3428068051%2Cp_n_g-101015233022111%3A24821512051&rnid=24821510051&sprefix=%E3%82%A2%E3%83%AA%E3%83%BC%E3%83%8A+%E3%83%A1%E3%83%B3%E3%82%BA+%E6%B0%B4%E7%9D%80%2Caps%2C325&sr=8-172&ufe=app_do%3Aamzn1.fos.35785624-70c4-44ae-a5c3-3f044f475d63&xpid=PK80Z_zVbJf9i,https://m.media-amazon.com/images/I/71woAUrlaDL._AC_UL320_.jpg,"AQRMOEYR-サーフパンツ-ショートパンツ-ボードショーツ-メッシュインナー AQRMOEYR-サーフパンツ-ショートパンツ-ボードショーツ-メッシュインナー AQRMOEYR-サーフパンツ-ショートパンツ-ボードショーツ-メッシュインナー AQRMOEYR-サーフパンツ-ショートパンツ-ボードショーツ-メッシュインナー AQRMOEYR-サーフパンツ-ショートパンツ-ボードショーツ-メッシュインナー 水着 メンズ 海パン メンズ サーフパンツ 水着 海水パンツ フィットネス水着 メッシュインナー 男性用 スイムウェア おしゃれ 水陸両用 速乾 AQRMOEYR-サーフパンツ-ショートパンツ-ボードショーツ-メッシュインナー javascript:void(0) 5つ星のうち4.1 参考: ￥1,744 ￥ 1,744 参考: ￥2,890 ダブルポイント ￥2,890 ￥2,890","B0C27C47LX,B0CY4VJCMW,B0C9LPM8R8,B0C27DXYB8,B0F6D189BP",
swimmingattireothers_20260721.csv,189,swimmingattireothers,SAFE,B0CN8Y97J8,[アリーナ] 【WA承認】 競泳水着 レース用 メンズ 【AQUA RACING】 水泳 スイミング 24SS SUNRISE 耐久性 撥水 初級者向け ARN-4061M,,9900,category_allow,競泳水着,カテゴリ許可ワード一致(contains),https://www.amazon.co.jp/%E3%80%90WA%E6%89%BF%E8%AA%8D%E3%80%91-%E3%80%90AQUA-RACING%E3%80%91-SUNRISE-ARN-4061M/dp/B0CN8Y97J8/ref=sr_1_176?__mk_ja_JP=%E3%82%AB%E3%82%BF%E3%82%AB%E3%83%8A&crid=1VZWPQ7PCEW9L&dd=1G8INUDRiTN5hha909GVNQ%2C%2C&dib=eyJ2IjoiMSJ9.K1wD3H6TZ74zTkHHVHUd340RokgqxL7P2qlGqQFRTe92_yd66_Mh7HKnvjcaTWS31sbcC2P8BLBFkN5DzSgJZBWdb3XFUQDH00fceP7ZJGjOX9KmzBzFlMGFJFD6psVa1umaPEvgKPBp392EsmB4VJwVBqMfeUHIv5n1ekOpzomqgAcejsMw5LDfLlwafb7Sb74-Ge0n9HNEGYMXMIcjZ6w3Qj4sWrmDOnz6KUmQxNn9Z-Iixb05u1fiDjZSCz_yYZMY4uTDevA1oLwOBKya6wo1MddL-luYPsgTwflDcbs.LzYEgMim6nad5ShE3QwE31QA6ULoUmpHlYkMkq7wPEI&dib_tag=se&keywords=%E3%82%A2%E3%83%AA%E3%83%BC%E3%83%8A+%E3%83%A1%E3%83%B3%E3%82%BA+%E6%B0%B4%E7%9D%80&qid=1784617391&refinements=p_90%3A3428068051%2Cp_n_g-101015233022111%3A24821512051&rnid=24821510051&sprefix=%E3%82%A2%E3%83%AA%E3%83%BC%E3%83%8A+%E3%83%A1%E3%83%B3%E3%82%BA+%E6%B0%B4%E7%9D%80%2Caps%2C325&sr=8-176&ufe=app_do%3Aamzn1.fos.35785624-70c4-44ae-a5c3-3f044f475d63&xpid=PK80Z_zVbJf9i,https://m.media-amazon.com/images/I/51oIihvd7lL._AC_UL320_.jpg,"【WA承認】-【AQUA-RACING】-SUNRISE-ARN-4061M 【WA承認】-【AQUA-RACING】-SUNRISE-ARN-4061M 【WA承認】-【AQUA-RACING】-SUNRISE-ARN-4061M 【WA承認】-【AQUA-RACING】-SUNRISE-ARN-4061M 【WA承認】-【AQUA-RACING】-SUNRISE-ARN-4061M ARENA 【WA承認】-【AQUA-RACING】-SUNRISE-ARN-4061M [アリーナ] 【WA承認】 競泳水着 レース用 メンズ 【AQUA RACING】 水泳 スイミング 24SS SUNRISE 耐久性 撥水 初級者向け ARN-4061M javascript:void(0) 5つ星のうち4.4 ￥9,900 ￥ 9,900","B0CN8Y97J8,B0CN8ZRWPX",
swimmingattireothers_20260721.csv,190,swimmingattireothers,SAFE,B0GTLM8G3B,競泳水着 メンズ フィットネス 水着 スイムウェア 水泳 競泳 サメ肌 撥水 速乾 通気 透け防止 3D立体裁断 スイミング 男性 大きいサイズ,,2416,category_allow,競泳水着,カテゴリ許可ワード一致(contains),https://www.amazon.co.jp/%E3%83%95%E3%82%A3%E3%83%83%E3%83%88%E3%83%8D%E3%82%B9-%E3%82%B9%E3%82%A4%E3%83%A0%E3%82%A6%E3%82%A7%E3%82%A2-3D%E7%AB%8B%E4%BD%93%E8%A3%81%E6%96%AD-%E3%82%B9%E3%82%A4%E3%83%9F%E3%83%B3%E3%82%B0-%E5%A4%A7%E3%81%8D%E3%81%84%E3%82%B5%E3%82%A4%E3%82%BA/dp/B0GTLM8G3B/ref=sr_1_177?__mk_ja_JP=%E3%82%AB%E3%82%BF%E3%82%AB%E3%83%8A&crid=1VZWPQ7PCEW9L&dd=1G8INUDRiTN5hha909GVNQ%2C%2C&dib=eyJ2IjoiMSJ9.K1wD3H6TZ74zTkHHVHUd340RokgqxL7P2qlGqQFRTe92_yd66_Mh7HKnvjcaTWS31sbcC2P8BLBFkN5DzSgJZBWdb3XFUQDH00fceP7ZJGjOX9KmzBzFlMGFJFD6psVa1umaPEvgKPBp392EsmB4VJwVBqMfeUHIv5n1ekOpzomqgAcejsMw5LDfLlwafb7Sb74-Ge0n9HNEGYMXMIcjZ6w3Qj4sWrmDOnz6KUmQxNn9Z-Iixb05u1fiDjZSCz_yYZMY4uTDevA1oLwOBKya6wo1MddL-luYPsgTwflDcbs.LzYEgMim6nad5ShE3QwE31QA6ULoUmpHlYkMkq7wPEI&dib_tag=se&keywords=%E3%82%A2%E3%83%AA%E3%83%BC%E3%83%8A+%E3%83%A1%E3%83%B3%E3%82%BA+%E6%B0%B4%E7%9D%80&qid=1784617391&refinements=p_90%3A3428068051%2Cp_n_g-101015233022111%3A24821512051&rnid=24821510051&sprefix=%E3%82%A2%E3%83%AA%E3%83%BC%E3%83%8A+%E3%83%A1%E3%83%B3%E3%82%BA+%E6%B0%B4%E7%9D%80%2Caps%2C325&sr=8-177&ufe=app_do%3Aamzn1.fos.35785624-70c4-44ae-a5c3-3f044f475d63&xpid=PK80Z_zVbJf9i,https://m.media-amazon.com/images/I/5129kCFTLdL._AC_UL320_.jpg,"フィットネス-スイムウェア-3D立体裁断-スイミング-大きいサイズ フィットネス-スイムウェア-3D立体裁断-スイミング-大きいサイズ フィットネス-スイムウェア-3D立体裁断-スイミング-大きいサイズ フィットネス-スイムウェア-3D立体裁断-スイミング-大きいサイズ フィットネス-スイムウェア-3D立体裁断-スイミング-大きいサイズ 競泳水着 メンズ フィットネス 水着 スイムウェア 水泳 競泳 サメ肌 撥水 速乾 通気 透け防止 3D立体裁断 スイミング 男性 大きいサイズ javascript:void(0) 5つ星のうち5.0 参考: ￥2,416 ￥ 2,416 参考: ￥3,180 ダブルポイント ￥3,180 ￥3,180","B0GTLM8G3B,B0GTL74XZG",
swimmingattireothers_20260721.csv,191,swimmingattireothers,SAFE,B0DNMKZLL9,[アリーナ] 競泳水着 トレーニング用 メンズ 【TOUGHSUIT】 練習用 トレーニング向け AS5SWM18M,,5990,category_allow,競泳水着,カテゴリ許可ワード一致(contains),https://www.amazon.co.jp/arena-%E3%83%88%E3%83%AC%E3%83%BC%E3%83%8B%E3%83%B3%E3%82%B0%E7%94%A8-%E3%80%90TOUGHSUIT%E3%80%91-%E3%83%88%E3%83%AC%E3%83%BC%E3%83%8B%E3%83%B3%E3%82%B0%E5%90%91%E3%81%91-AS5SWM18M/dp/B0DNMKZLL9/ref=sr_1_178?__mk_ja_JP=%E3%82%AB%E3%82%BF%E3%82%AB%E3%83%8A&crid=1VZWPQ7PCEW9L&dd=1G8INUDRiTN5hha909GVNQ%2C%2C&dib=eyJ2IjoiMSJ9.K1wD3H6TZ74zTkHHVHUd340RokgqxL7P2qlGqQFRTe92_yd66_Mh7HKnvjcaTWS31sbcC2P8BLBFkN5DzSgJZBWdb3XFUQDH00fceP7ZJGjOX9KmzBzFlMGFJFD6psVa1umaPEvgKPBp392EsmB4VJwVBqMfeUHIv5n1ekOpzomqgAcejsMw5LDfLlwafb7Sb74-Ge0n9HNEGYMXMIcjZ6w3Qj4sWrmDOnz6KUmQxNn9Z-Iixb05u1fiDjZSCz_yYZMY4uTDevA1oLwOBKya6wo1MddL-luYPsgTwflDcbs.LzYEgMim6nad5ShE3QwE31QA6ULoUmpHlYkMkq7wPEI&dib_tag=se&keywords=%E3%82%A2%E3%83%AA%E3%83%BC%E3%83%8A+%E3%83%A1%E3%83%B3%E3%82%BA+%E6%B0%B4%E7%9D%80&qid=1784617391&refinements=p_90%3A3428068051%2Cp_n_g-101015233022111%3A24821512051&rnid=24821510051&sprefix=%E3%82%A2%E3%83%AA%E3%83%BC%E3%83%8A+%E3%83%A1%E3%83%B3%E3%82%BA+%E6%B0%B4%E7%9D%80%2Caps%2C325&sr=8-178&ufe=app_do%3Aamzn1.fos.35785624-70c4-44ae-a5c3-3f044f475d63&xpid=PK80Z_zVbJf9i,https://m.media-amazon.com/images/I/61xWD9B1xAL._AC_UL320_.jpg,"arena-トレーニング用-【TOUGHSUIT】-トレーニング向け-AS5SWM18M arena-トレーニング用-【TOUGHSUIT】-トレーニング向け-AS5SWM18M arena-トレーニング用-【TOUGHSUIT】-トレーニング向け-AS5SWM18M arena-トレーニング用-【TOUGHSUIT】-トレーニング向け-AS5SWM18M ARENA [アリーナ] 競泳水着 トレーニング用 メンズ 【TOUGHSUIT】 練習用 トレーニング向け AS5SWM18M javascript:void(0) 5つ星のうち3.8 ￥5,990 ￥ 5,990",B0DNMKZLL9,
swimmingattireothers_20260721.csv,192,swimmingattireothers,SAFE,B0GL8GJ3VD,水泳 Basic 水着 競泳 フィットネス メンズ ハーフスパッツ N2MBDA13 86：ネイビー×レッド XL,,2369,category_allow,ハーフスパッツ,カテゴリ許可ワード一致(contains),https://www.amazon.co.jp/MIZUNO-%E3%83%9F%E3%82%BA%E3%83%8E-%E3%83%8F%E3%83%BC%E3%83%95%E3%82%B9%E3%83%91%E3%83%83%E3%83%84-N2MBDA13-86%EF%BC%9A%E3%83%8D%E3%82%A4%E3%83%93%E3%83%BC%C3%97%E3%83%AC%E3%83%83%E3%83%89/dp/B0GL8GJ3VD/ref=sr_1_179?__mk_ja_JP=%E3%82%AB%E3%82%BF%E3%82%AB%E3%83%8A&crid=1VZWPQ7PCEW9L&dd=1G8INUDRiTN5hha909GVNQ%2C%2C&dib=eyJ2IjoiMSJ9.K1wD3H6TZ74zTkHHVHUd340RokgqxL7P2qlGqQFRTe92_yd66_Mh7HKnvjcaTWS31sbcC2P8BLBFkN5DzSgJZBWdb3XFUQDH00fceP7ZJGjOX9KmzBzFlMGFJFD6psVa1umaPEvgKPBp392EsmB4VJwVBqMfeUHIv5n1ekOpzomqgAcejsMw5LDfLlwafb7Sb74-Ge0n9HNEGYMXMIcjZ6w3Qj4sWrmDOnz6KUmQxNn9Z-Iixb05u1fiDjZSCz_yYZMY4uTDevA1oLwOBKya6wo1MddL-luYPsgTwflDcbs.LzYEgMim6nad5ShE3QwE31QA6ULoUmpHlYkMkq7wPEI&dib_tag=se&keywords=%E3%82%A2%E3%83%AA%E3%83%BC%E3%83%8A+%E3%83%A1%E3%83%B3%E3%82%BA+%E6%B0%B4%E7%9D%80&qid=1784617391&refinements=p_90%3A3428068051%2Cp_n_g-101015233022111%3A24821512051&rnid=24821510051&sprefix=%E3%82%A2%E3%83%AA%E3%83%BC%E3%83%8A+%E3%83%A1%E3%83%B3%E3%82%BA+%E6%B0%B4%E7%9D%80%2Caps%2C325&sr=8-179&ufe=app_do%3Aamzn1.fos.35785624-70c4-44ae-a5c3-3f044f475d63&xpid=PK80Z_zVbJf9i,https://m.media-amazon.com/images/I/61AocjnFr8L._AC_UL320_.jpg,"MIZUNO-ミズノ-ハーフスパッツ-N2MBDA13-86：ネイビー×レッド MIZUNO-ミズノ-ハーフスパッツ-N2MBDA13-86：ネイビー×レッド MIZUNO-ミズノ-ハーフスパッツ-N2MBDA13-86：ネイビー×レッド MIZUNO(ミズノ) 水泳 Basic 水着 競泳 フィットネス メンズ ハーフスパッツ N2MBDA13 86：ネイビー×レッド XL 24ポイント(1%) ￥2,369 ￥ 2,369",B0GL8GJ3VD,
swimmingattireothers_20260721.csv,193,swimmingattireothers,SAFE,B0GSZ31T7Y,競泳水着 メンズ フィットネス水着 競泳用トレーニング水着 競泳 パンツ スイムウェア スイミングウェア スイム ジム 男性 エクサースーツ ハーフスパッツ サメ肌 撥水 伸縮性,,1180,category_allow,競泳水着,カテゴリ許可ワード一致(contains),https://www.amazon.co.jp/%EF%BC%B2%EF%BD%81%EF%BD%89%EF%BD%8E%EF%BC%AB%EF%BD%89%EF%BD%8E%EF%BD%84-%E3%83%95%E3%82%A3%E3%83%83%E3%83%88%E3%83%8D%E3%82%B9%E6%B0%B4%E7%9D%80-%E7%AB%B6%E6%B3%B3%E7%94%A8%E3%83%88%E3%83%AC%E3%83%BC%E3%83%8B%E3%83%B3%E3%82%B0%E6%B0%B4%E7%9D%80-%E3%82%B9%E3%82%A4%E3%83%9F%E3%83%B3%E3%82%B0%E3%82%A6%E3%82%A7%E3%82%A2-%E3%82%A8%E3%82%AF%E3%82%B5%E3%83%BC%E3%82%B9%E3%83%BC%E3%83%84/dp/B0GSZ31T7Y/ref=sr_1_180?__mk_ja_JP=%E3%82%AB%E3%82%BF%E3%82%AB%E3%83%8A&crid=1VZWPQ7PCEW9L&dd=1G8INUDRiTN5hha909GVNQ%2C%2C&dib=eyJ2IjoiMSJ9.K1wD3H6TZ74zTkHHVHUd340RokgqxL7P2qlGqQFRTe92_yd66_Mh7HKnvjcaTWS31sbcC2P8BLBFkN5DzSgJZBWdb3XFUQDH00fceP7ZJGjOX9KmzBzFlMGFJFD6psVa1umaPEvgKPBp392EsmB4VJwVBqMfeUHIv5n1ekOpzomqgAcejsMw5LDfLlwafb7Sb74-Ge0n9HNEGYMXMIcjZ6w3Qj4sWrmDOnz6KUmQxNn9Z-Iixb05u1fiDjZSCz_yYZMY4uTDevA1oLwOBKya6wo1MddL-luYPsgTwflDcbs.LzYEgMim6nad5ShE3QwE31QA6ULoUmpHlYkMkq7wPEI&dib_tag=se&keywords=%E3%82%A2%E3%83%AA%E3%83%BC%E3%83%8A+%E3%83%A1%E3%83%B3%E3%82%BA+%E6%B0%B4%E7%9D%80&qid=1784617391&refinements=p_90%3A3428068051%2Cp_n_g-101015233022111%3A24821512051&rnid=24821510051&sprefix=%E3%82%A2%E3%83%AA%E3%83%BC%E3%83%8A+%E3%83%A1%E3%83%B3%E3%82%BA+%E6%B0%B4%E7%9D%80%2Caps%2C325&sr=8-180&ufe=app_do%3Aamzn1.fos.35785624-70c4-44ae-a5c3-3f044f475d63&xpid=PK80Z_zVbJf9i,https://m.media-amazon.com/images/I/61jxMy0-YPL._AC_UL320_.jpg,"ＲａｉｎＫｉｎｄ-フィットネス水着-競泳用トレーニング水着-スイミングウェア-エクサースーツ ＲａｉｎＫｉｎｄ-フィットネス水着-競泳用トレーニング水着-スイミングウェア-エクサースーツ ＲａｉｎＫｉｎｄ-フィットネス水着-競泳用トレーニング水着-スイミングウェア-エクサースーツ ＲａｉｎＫｉｎｄ-フィットネス水着-競泳用トレーニング水着-スイミングウェア-エクサースーツ 競泳水着 メンズ フィットネス水着 競泳用トレーニング水着 競泳 パンツ スイムウェア スイミングウェア スイム ジム 男性 エクサースーツ ハーフスパッツ サメ肌 撥水 伸縮性 javascript:void(0) 5つ星のうち3.6 12ポイント(1%) ￥1,180 ￥ 1,180",B0GSZ31T7Y,
swimmingattireothers_20260721.csv,195,swimmingattireothers,SAFE,B09VGGVLFB,[シュアナウ] メンズ 水着 スイムパンツ フィットネス水着 体型カバー 水泳パンツ 競泳水着 海水パンツ サーフパンツ,,2180,category_allow,競泳水着,カテゴリ許可ワード一致(contains),https://www.amazon.co.jp/%E3%82%B9%E3%82%A4%E3%83%A0%E3%83%91%E3%83%B3%E3%83%84-%E3%83%95%E3%82%A3%E3%83%83%E3%83%88%E3%83%8D%E3%82%B9%E6%B0%B4%E7%9D%80-%E4%BD%93%E5%9E%8B%E3%82%AB%E3%83%90%E3%83%BC-%E6%B0%B4%E6%B3%B3%E3%83%91%E3%83%B3%E3%83%84-%E3%82%B5%E3%83%BC%E3%83%95%E3%83%91%E3%83%B3%E3%83%84/dp/B09VGGVLFB/ref=sr_1_182?__mk_ja_JP=%E3%82%AB%E3%82%BF%E3%82%AB%E3%83%8A&crid=1VZWPQ7PCEW9L&dd=1G8INUDRiTN5hha909GVNQ%2C%2C&dib=eyJ2IjoiMSJ9.K1wD3H6TZ74zTkHHVHUd340RokgqxL7P2qlGqQFRTe92_yd66_Mh7HKnvjcaTWS31sbcC2P8BLBFkN5DzSgJZBWdb3XFUQDH00fceP7ZJGjOX9KmzBzFlMGFJFD6psVa1umaPEvgKPBp392EsmB4VJwVBqMfeUHIv5n1ekOpzomqgAcejsMw5LDfLlwafb7Sb74-Ge0n9HNEGYMXMIcjZ6w3Qj4sWrmDOnz6KUmQxNn9Z-Iixb05u1fiDjZSCz_yYZMY4uTDevA1oLwOBKya6wo1MddL-luYPsgTwflDcbs.LzYEgMim6nad5ShE3QwE31QA6ULoUmpHlYkMkq7wPEI&dib_tag=se&keywords=%E3%82%A2%E3%83%AA%E3%83%BC%E3%83%8A+%E3%83%A1%E3%83%B3%E3%82%BA+%E6%B0%B4%E7%9D%80&qid=1784617391&refinements=p_90%3A3428068051%2Cp_n_g-101015233022111%3A24821512051&rnid=24821510051&sprefix=%E3%82%A2%E3%83%AA%E3%83%BC%E3%83%8A+%E3%83%A1%E3%83%B3%E3%82%BA+%E6%B0%B4%E7%9D%80%2Caps%2C325&sr=8-182&ufe=app_do%3Aamzn1.fos.35785624-70c4-44ae-a5c3-3f044f475d63&xpid=PK80Z_zVbJf9i,https://m.media-amazon.com/images/I/71LUCIkIyXL._AC_UL320_.jpg,"スイムパンツ-フィットネス水着-体型カバー-水泳パンツ-サーフパンツ スイムパンツ-フィットネス水着-体型カバー-水泳パンツ-サーフパンツ スイムパンツ-フィットネス水着-体型カバー-水泳パンツ-サーフパンツ スイムパンツ-フィットネス水着-体型カバー-水泳パンツ-サーフパンツ スイムパンツ-フィットネス水着-体型カバー-水泳パンツ-サーフパンツ [シュアナウ] メンズ 水着 スイムパンツ フィットネス水着 体型カバー 水泳パンツ 競泳水着 海水パンツ サーフパンツ スイムパンツ-フィットネス水着-体型カバー-水泳パンツ-サーフパンツ javascript:void(0) 5つ星のうち3.9 ￥2,180 ￥ 2,180","B09VGGVLFB,B09VGHVXW1,B09VGFP8MP,B09VGH4NLJ",
swimmingattireothers_20260721.csv,197,swimmingattireothers,SAFE,B0BNSN6D15,[アリーナ] エキップメント メンズ メンズインナーショーツ（ボックスタイプ） ボックスタイプ ARN-3421 / AS5SAZ20M,,1503,category_allow,ボックス,カテゴリ許可ワード一致(contains),https://www.amazon.co.jp/%E3%82%A2%E3%83%AA%E3%83%BC%E3%83%8A-%E3%82%B9%E3%82%A4%E3%83%A0%E3%82%B7%E3%83%A7%E3%83%BC%E3%83%84-%E3%83%A1%E3%83%B3%E3%82%BA%E3%82%A4%E3%83%B3%E3%83%8A%E3%83%BC%E3%82%B7%E3%83%A7%E3%83%BC%E3%83%84%EF%BC%88%E3%83%9C%E3%83%83%E3%82%AF%E3%82%B9%E3%82%BF%E3%82%A4%E3%83%97%EF%BC%89-%E3%83%96%E3%83%A9%E3%83%83%E3%82%AF-BLK/dp/B0BNSN6D15/ref=sr_1_184?__mk_ja_JP=%E3%82%AB%E3%82%BF%E3%82%AB%E3%83%8A&crid=1VZWPQ7PCEW9L&dd=1G8INUDRiTN5hha909GVNQ%2C%2C&dib=eyJ2IjoiMSJ9.K1wD3H6TZ74zTkHHVHUd340RokgqxL7P2qlGqQFRTe92_yd66_Mh7HKnvjcaTWS31sbcC2P8BLBFkN5DzSgJZBWdb3XFUQDH00fceP7ZJGjOX9KmzBzFlMGFJFD6psVa1umaPEvgKPBp392EsmB4VJwVBqMfeUHIv5n1ekOpzomqgAcejsMw5LDfLlwafb7Sb74-Ge0n9HNEGYMXMIcjZ6w3Qj4sWrmDOnz6KUmQxNn9Z-Iixb05u1fiDjZSCz_yYZMY4uTDevA1oLwOBKya6wo1MddL-luYPsgTwflDcbs.LzYEgMim6nad5ShE3QwE31QA6ULoUmpHlYkMkq7wPEI&dib_tag=se&keywords=%E3%82%A2%E3%83%AA%E3%83%BC%E3%83%8A+%E3%83%A1%E3%83%B3%E3%82%BA+%E6%B0%B4%E7%9D%80&qid=1784617391&refinements=p_90%3A3428068051%2Cp_n_g-101015233022111%3A24821512051&rnid=24821510051&sprefix=%E3%82%A2%E3%83%AA%E3%83%BC%E3%83%8A+%E3%83%A1%E3%83%B3%E3%82%BA+%E6%B0%B4%E7%9D%80%2Caps%2C325&sr=8-184&ufe=app_do%3Aamzn1.fos.35785624-70c4-44ae-a5c3-3f044f475d63&xpid=PK80Z_zVbJf9i,https://m.media-amazon.com/images/I/41jH2pOvZoL._AC_UL320_.jpg,"アリーナ-スイムショーツ-メンズインナーショーツ（ボックスタイプ）-ブラック-BLK アリーナ-スイムショーツ-メンズインナーショーツ（ボックスタイプ）-ブラック-BLK アリーナ-スイムショーツ-メンズインナーショーツ（ボックスタイプ）-ブラック-BLK アリーナ-スイムショーツ-メンズインナーショーツ（ボックスタイプ）-ブラック-BLK ARENA [アリーナ] エキップメント メンズ メンズインナーショーツ（ボックスタイプ） ボックスタイプ ARN-3421 / AS5SAZ20M javascript:void(0) 5つ星のうち2.3 276ポイント(18%) ￥1,503 ￥ 1,503",B0BNSN6D15,
swimmingattireothers_20260721.csv,199,swimmingattireothers,SAFE,B09PTWFWKQ,メンズ 競泳用水着 フィットネス 水着 メンズ ジム スイミングウェア 水泳 パンツ C-tD0,,1580,category_allow,フィットネス水着,カテゴリ許可ワード一致(contains),https://www.amazon.co.jp/MODE-toi-%E3%83%A2%E3%83%BC%E3%83%89-%E3%83%88%E3%82%A2-%E3%83%95%E3%82%A3%E3%83%83%E3%83%88%E3%83%8D%E3%82%B9%E6%B0%B4%E7%9D%80/dp/B09PTWFWKQ/ref=sr_1_186?__mk_ja_JP=%E3%82%AB%E3%82%BF%E3%82%AB%E3%83%8A&crid=1VZWPQ7PCEW9L&dd=1G8INUDRiTN5hha909GVNQ%2C%2C&dib=eyJ2IjoiMSJ9.K1wD3H6TZ74zTkHHVHUd340RokgqxL7P2qlGqQFRTe92_yd66_Mh7HKnvjcaTWS31sbcC2P8BLBFkN5DzSgJZBWdb3XFUQDH00fceP7ZJGjOX9KmzBzFlMGFJFD6psVa1umaPEvgKPBp392EsmB4VJwVBqMfeUHIv5n1ekOpzomqgAcejsMw5LDfLlwafb7Sb74-Ge0n9HNEGYMXMIcjZ6w3Qj4sWrmDOnz6KUmQxNn9Z-Iixb05u1fiDjZSCz_yYZMY4uTDevA1oLwOBKya6wo1MddL-luYPsgTwflDcbs.LzYEgMim6nad5ShE3QwE31QA6ULoUmpHlYkMkq7wPEI&dib_tag=se&keywords=%E3%82%A2%E3%83%AA%E3%83%BC%E3%83%8A+%E3%83%A1%E3%83%B3%E3%82%BA+%E6%B0%B4%E7%9D%80&qid=1784617391&refinements=p_90%3A3428068051%2Cp_n_g-101015233022111%3A24821512051&rnid=24821510051&sprefix=%E3%82%A2%E3%83%AA%E3%83%BC%E3%83%8A+%E3%83%A1%E3%83%B3%E3%82%BA+%E6%B0%B4%E7%9D%80%2Caps%2C325&sr=8-186&ufe=app_do%3Aamzn1.fos.35785624-70c4-44ae-a5c3-3f044f475d63&xpid=PK80Z_zVbJf9i,https://m.media-amazon.com/images/I/41wOS7fetRL._AC_UL320_.jpg,"MODE-toi-モード-トア-フィットネス水着 MODE-toi-モード-トア-フィットネス水着 MODE-toi-モード-トア-フィットネス水着 MODE-toi-モード-トア-フィットネス水着 MODE-toi-モード-トア-フィットネス水着 LE MODE de toi(ル モード デ トア) MODE-toi-モード-トア-フィットネス水着 メンズ 競泳用水着 フィットネス 水着 メンズ ジム スイミングウェア 水泳 パンツ C-tD0 javascript:void(0) 5つ星のうち4.1 過去1か月で50点以上購入されました ￥1,580 ￥ 1,580 ダブルポイント","B09PTWFWKQ,B09PTRQ3P4",
swimmingattireothers_20260721.csv,201,swimmingattireothers,SAFE,B0CR3VQFX8,スイム 水泳 競泳 練習用 トレーニング水着 エクサースーツ ショートスパッツ メンズ N2MBB060,,3983,category_allow,トレーニング水着,カテゴリ許可ワード一致(contains),https://www.amazon.co.jp/%E3%83%9F%E3%82%BA%E3%83%8E-N2MBB060-%E3%83%88%E3%83%AC%E3%83%BC%E3%83%8B%E3%83%B3%E3%82%B0%E6%B0%B4%E7%9D%80-%E3%82%A8%E3%82%AF%E3%82%B5%E3%83%BC%E3%82%B9%E3%83%BC%E3%83%84-%E3%82%B7%E3%83%A7%E3%83%BC%E3%83%88%E3%82%B9%E3%83%91%E3%83%83%E3%83%84/dp/B0CR3VQFX8/ref=sr_1_188?__mk_ja_JP=%E3%82%AB%E3%82%BF%E3%82%AB%E3%83%8A&crid=1VZWPQ7PCEW9L&dd=1G8INUDRiTN5hha909GVNQ%2C%2C&dib=eyJ2IjoiMSJ9.K1wD3H6TZ74zTkHHVHUd340RokgqxL7P2qlGqQFRTe92_yd66_Mh7HKnvjcaTWS31sbcC2P8BLBFkN5DzSgJZBWdb3XFUQDH00fceP7ZJGjOX9KmzBzFlMGFJFD6psVa1umaPEvgKPBp392EsmB4VJwVBqMfeUHIv5n1ekOpzomqgAcejsMw5LDfLlwafb7Sb74-Ge0n9HNEGYMXMIcjZ6w3Qj4sWrmDOnz6KUmQxNn9Z-Iixb05u1fiDjZSCz_yYZMY4uTDevA1oLwOBKya6wo1MddL-luYPsgTwflDcbs.LzYEgMim6nad5ShE3QwE31QA6ULoUmpHlYkMkq7wPEI&dib_tag=se&keywords=%E3%82%A2%E3%83%AA%E3%83%BC%E3%83%8A+%E3%83%A1%E3%83%B3%E3%82%BA+%E6%B0%B4%E7%9D%80&qid=1784617391&refinements=p_90%3A3428068051%2Cp_n_g-101015233022111%3A24821512051&rnid=24821510051&sprefix=%E3%82%A2%E3%83%AA%E3%83%BC%E3%83%8A+%E3%83%A1%E3%83%B3%E3%82%BA+%E6%B0%B4%E7%9D%80%2Caps%2C325&sr=8-188&ufe=app_do%3Aamzn1.fos.35785624-70c4-44ae-a5c3-3f044f475d63&xpid=PK80Z_zVbJf9i,https://m.media-amazon.com/images/I/51DTINQYaeL._AC_UL320_.jpg,"ミズノ-N2MBB060-トレーニング水着-エクサースーツ-ショートスパッツ ミズノ-N2MBB060-トレーニング水着-エクサースーツ-ショートスパッツ ミズノ-N2MBB060-トレーニング水着-エクサースーツ-ショートスパッツ ミズノ-N2MBB060-トレーニング水着-エクサースーツ-ショートスパッツ ミズノ-N2MBB060-トレーニング水着-エクサースーツ-ショートスパッツ MIZUNO(ミズノ) ミズノ-N2MBB060-トレーニング水着-エクサースーツ-ショートスパッツ スイム 水泳 競泳 練習用 トレーニング水着 エクサースーツ ショートスパッツ メンズ N2MBB060 javascript:void(0) 5つ星のうち4.0 40ポイント(1%) ミズノ-N2MBB060-トレーニング水着-エクサースーツ-ショートスパッツ ￥3,983 ￥ 3,983","B0CR3VQFX8,B0D5M2C4LH,B0CR3NJ1J2,B0DQNYB9N4,B0CR41V3P7",
swimmingattireothers_20260721.csv,203,swimmingattireothers,SAFE,B0GL89M2CR,水泳 Basic 水着 競泳 フィットネス メンズ ハーフスパッツ N2MBDA13 82：ネイビー×ブルー L,,2985,category_allow,ハーフスパッツ,カテゴリ許可ワード一致(contains),https://www.amazon.co.jp/MIZUNO-%E3%83%9F%E3%82%BA%E3%83%8E-%E3%83%8F%E3%83%BC%E3%83%95%E3%82%B9%E3%83%91%E3%83%83%E3%83%84-N2MBDA13-82%EF%BC%9A%E3%83%8D%E3%82%A4%E3%83%93%E3%83%BC%C3%97%E3%83%96%E3%83%AB%E3%83%BC/dp/B0GL89M2CR/ref=sr_1_190?__mk_ja_JP=%E3%82%AB%E3%82%BF%E3%82%AB%E3%83%8A&crid=1VZWPQ7PCEW9L&dd=1G8INUDRiTN5hha909GVNQ%2C%2C&dib=eyJ2IjoiMSJ9.K1wD3H6TZ74zTkHHVHUd340RokgqxL7P2qlGqQFRTe92_yd66_Mh7HKnvjcaTWS31sbcC2P8BLBFkN5DzSgJZBWdb3XFUQDH00fceP7ZJGjOX9KmzBzFlMGFJFD6psVa1umaPEvgKPBp392EsmB4VJwVBqMfeUHIv5n1ekOpzomqgAcejsMw5LDfLlwafb7Sb74-Ge0n9HNEGYMXMIcjZ6w3Qj4sWrmDOnz6KUmQxNn9Z-Iixb05u1fiDjZSCz_yYZMY4uTDevA1oLwOBKya6wo1MddL-luYPsgTwflDcbs.LzYEgMim6nad5ShE3QwE31QA6ULoUmpHlYkMkq7wPEI&dib_tag=se&keywords=%E3%82%A2%E3%83%AA%E3%83%BC%E3%83%8A+%E3%83%A1%E3%83%B3%E3%82%BA+%E6%B0%B4%E7%9D%80&qid=1784617391&refinements=p_90%3A3428068051%2Cp_n_g-101015233022111%3A24821512051&rnid=24821510051&sprefix=%E3%82%A2%E3%83%AA%E3%83%BC%E3%83%8A+%E3%83%A1%E3%83%B3%E3%82%BA+%E6%B0%B4%E7%9D%80%2Caps%2C325&sr=8-190&ufe=app_do%3Aamzn1.fos.35785624-70c4-44ae-a5c3-3f044f475d63&xpid=PK80Z_zVbJf9i,https://m.media-amazon.com/images/I/61a7cSA6ajL._AC_UL320_.jpg,"MIZUNO-ミズノ-ハーフスパッツ-N2MBDA13-82：ネイビー×ブルー MIZUNO-ミズノ-ハーフスパッツ-N2MBDA13-82：ネイビー×ブルー MIZUNO-ミズノ-ハーフスパッツ-N2MBDA13-82：ネイビー×ブルー MIZUNO(ミズノ) 水泳 Basic 水着 競泳 フィットネス メンズ ハーフスパッツ N2MBDA13 82：ネイビー×ブルー L 過去: ￥2,985 ￥ 2,985 過去: ￥3,227 ￥3,227 ￥3,227",B0GL89M2CR,
swimmingattireothers_20260721.csv,204,swimmingattireothers,SAFE,B0F53RJPC8,[シュアナウ] メンズ 水着 フィットネス 競泳 男性 スイムパンツ フィットネス水着 体型カバー スイムウェア 水泳パンツ サーフパンツ 大きいサイズ,,1280,category_allow,フィットネス水着,カテゴリ許可ワード一致(contains),https://www.amazon.co.jp/%E3%83%95%E3%82%A3%E3%83%83%E3%83%88%E3%83%8D%E3%82%B9-%E3%82%B9%E3%82%A4%E3%83%A0%E3%83%91%E3%83%B3%E3%83%84-%E3%83%95%E3%82%A3%E3%83%83%E3%83%88%E3%83%8D%E3%82%B9%E6%B0%B4%E7%9D%80-%E3%82%B9%E3%82%A4%E3%83%A0%E3%82%A6%E3%82%A7%E3%82%A2-%E3%82%B5%E3%83%BC%E3%83%95%E3%83%91%E3%83%B3%E3%83%84/dp/B0F53RJPC8/ref=sr_1_191?__mk_ja_JP=%E3%82%AB%E3%82%BF%E3%82%AB%E3%83%8A&crid=1VZWPQ7PCEW9L&dd=1G8INUDRiTN5hha909GVNQ%2C%2C&dib=eyJ2IjoiMSJ9.K1wD3H6TZ74zTkHHVHUd340RokgqxL7P2qlGqQFRTe92_yd66_Mh7HKnvjcaTWS31sbcC2P8BLBFkN5DzSgJZBWdb3XFUQDH00fceP7ZJGjOX9KmzBzFlMGFJFD6psVa1umaPEvgKPBp392EsmB4VJwVBqMfeUHIv5n1ekOpzomqgAcejsMw5LDfLlwafb7Sb74-Ge0n9HNEGYMXMIcjZ6w3Qj4sWrmDOnz6KUmQxNn9Z-Iixb05u1fiDjZSCz_yYZMY4uTDevA1oLwOBKya6wo1MddL-luYPsgTwflDcbs.LzYEgMim6nad5ShE3QwE31QA6ULoUmpHlYkMkq7wPEI&dib_tag=se&keywords=%E3%82%A2%E3%83%AA%E3%83%BC%E3%83%8A+%E3%83%A1%E3%83%B3%E3%82%BA+%E6%B0%B4%E7%9D%80&qid=1784617391&refinements=p_90%3A3428068051%2Cp_n_g-101015233022111%3A24821512051&rnid=24821510051&sprefix=%E3%82%A2%E3%83%AA%E3%83%BC%E3%83%8A+%E3%83%A1%E3%83%B3%E3%82%BA+%E6%B0%B4%E7%9D%80%2Caps%2C325&sr=8-191&ufe=app_do%3Aamzn1.fos.35785624-70c4-44ae-a5c3-3f044f475d63&xpid=PK80Z_zVbJf9i,https://m.media-amazon.com/images/I/71rvsxhH0iL._AC_UL320_.jpg,"フィットネス-スイムパンツ-フィットネス水着-スイムウェア-サーフパンツ フィットネス-スイムパンツ-フィットネス水着-スイムウェア-サーフパンツ フィットネス-スイムパンツ-フィットネス水着-スイムウェア-サーフパンツ フィットネス-スイムパンツ-フィットネス水着-スイムウェア-サーフパンツ フィットネス-スイムパンツ-フィットネス水着-スイムウェア-サーフパンツ [シュアナウ] メンズ 水着 フィットネス 競泳 男性 スイムパンツ フィットネス水着 体型カバー スイムウェア 水泳パンツ サーフパンツ 大きいサイズ フィットネス-スイムパンツ-フィットネス水着-スイムウェア-サーフパンツ javascript:void(0) 5つ星のうち3.8 過去: ￥1,280 ￥ 1,280 過去: ￥1,980 ￥1,980 ￥1,980","B0F53RJPC8,B0F53QF13X,B0F53PF99W,B0F53MJ6GF",
swimmingattireothers_20260721.csv,205,swimmingattireothers,SAFE,B0GP6KV29J,水泳 競泳 フィットネス トレーニング メンズ 水着 ハーフスパッツ N2JBD111,,5622,category_allow,メンズ水着,カテゴリ許可ワード一致(contains),https://www.amazon.co.jp/MIZUNO-%E3%83%9F%E3%82%BA%E3%83%8E-%E3%83%8F%E3%83%BC%E3%83%95%E3%82%B9%E3%83%91%E3%83%83%E3%83%84-N2JBD111-92%E3%83%96%E3%83%A9%E3%83%83%E3%82%AF%C3%97%E3%83%96%E3%83%AB%E3%83%BC/dp/B0GP6KV29J/ref=sr_1_192?__mk_ja_JP=%E3%82%AB%E3%82%BF%E3%82%AB%E3%83%8A&crid=1VZWPQ7PCEW9L&dd=1G8INUDRiTN5hha909GVNQ%2C%2C&dib=eyJ2IjoiMSJ9.K1wD3H6TZ74zTkHHVHUd340RokgqxL7P2qlGqQFRTe92_yd66_Mh7HKnvjcaTWS31sbcC2P8BLBFkN5DzSgJZBWdb3XFUQDH00fceP7ZJGjOX9KmzBzFlMGFJFD6psVa1umaPEvgKPBp392EsmB4VJwVBqMfeUHIv5n1ekOpzomqgAcejsMw5LDfLlwafb7Sb74-Ge0n9HNEGYMXMIcjZ6w3Qj4sWrmDOnz6KUmQxNn9Z-Iixb05u1fiDjZSCz_yYZMY4uTDevA1oLwOBKya6wo1MddL-luYPsgTwflDcbs.LzYEgMim6nad5ShE3QwE31QA6ULoUmpHlYkMkq7wPEI&dib_tag=se&keywords=%E3%82%A2%E3%83%AA%E3%83%BC%E3%83%8A+%E3%83%A1%E3%83%B3%E3%82%BA+%E6%B0%B4%E7%9D%80&qid=1784617391&refinements=p_90%3A3428068051%2Cp_n_g-101015233022111%3A24821512051&rnid=24821510051&sprefix=%E3%82%A2%E3%83%AA%E3%83%BC%E3%83%8A+%E3%83%A1%E3%83%B3%E3%82%BA+%E6%B0%B4%E7%9D%80%2Caps%2C325&sr=8-192&ufe=app_do%3Aamzn1.fos.35785624-70c4-44ae-a5c3-3f044f475d63&xpid=PK80Z_zVbJf9i,https://m.media-amazon.com/images/I/51OXJJxCBuL._AC_UL320_.jpg,"MIZUNO-ミズノ-ハーフスパッツ-N2JBD111-92ブラック×ブルー MIZUNO-ミズノ-ハーフスパッツ-N2JBD111-92ブラック×ブルー MIZUNO-ミズノ-ハーフスパッツ-N2JBD111-92ブラック×ブルー MIZUNO-ミズノ-ハーフスパッツ-N2JBD111-92ブラック×ブルー MIZUNO(ミズノ) 水泳 競泳 フィットネス トレーニング メンズ 水着 ハーフスパッツ N2JBD111 56ポイント(1%) ￥5,622 ￥ 5,622",B0GP6KV29J,
swimmingattireothers_20260721.csv,206,swimmingattireothers,SAFE,B0GXJHKFDR,【WA承認】arena(アリーナ) 競泳水着 レース用 メンズ 【AQUA ADVANCED】 水泳 スイミング 中級者向け AQUA XTREME ニット AS6FRC42M,,10973,category_allow,競泳水着,カテゴリ許可ワード一致(contains),https://www.amazon.co.jp/%E3%80%90WA%E6%89%BF%E8%AA%8D%E3%80%91arena-%E3%80%90AQUA-ADVANCED%E3%80%91-XTREME-AS6FRC42M/dp/B0GXJHKFDR/ref=sr_1_193?__mk_ja_JP=%E3%82%AB%E3%82%BF%E3%82%AB%E3%83%8A&crid=1VZWPQ7PCEW9L&dd=1G8INUDRiTN5hha909GVNQ%2C%2C&dib=eyJ2IjoiMSJ9.K1wD3H6TZ74zTkHHVHUd340RokgqxL7P2qlGqQFRTe92_yd66_Mh7HKnvjcaTWS31sbcC2P8BLBFkN5DzSgJZBWdb3XFUQDH00fceP7ZJGjOX9KmzBzFlMGFJFD6psVa1umaPEvgKPBp392EsmB4VJwVBqMfeUHIv5n1ekOpzomqgAcejsMw5LDfLlwafb7Sb74-Ge0n9HNEGYMXMIcjZ6w3Qj4sWrmDOnz6KUmQxNn9Z-Iixb05u1fiDjZSCz_yYZMY4uTDevA1oLwOBKya6wo1MddL-luYPsgTwflDcbs.LzYEgMim6nad5ShE3QwE31QA6ULoUmpHlYkMkq7wPEI&dib_tag=se&keywords=%E3%82%A2%E3%83%AA%E3%83%BC%E3%83%8A+%E3%83%A1%E3%83%B3%E3%82%BA+%E6%B0%B4%E7%9D%80&qid=1784617391&refinements=p_90%3A3428068051%2Cp_n_g-101015233022111%3A24821512051&rnid=24821510051&sprefix=%E3%82%A2%E3%83%AA%E3%83%BC%E3%83%8A+%E3%83%A1%E3%83%B3%E3%82%BA+%E6%B0%B4%E7%9D%80%2Caps%2C325&sr=8-193&ufe=app_do%3Aamzn1.fos.35785624-70c4-44ae-a5c3-3f044f475d63&xpid=PK80Z_zVbJf9i,https://m.media-amazon.com/images/I/61yniw8BkVL._AC_UL320_.jpg,"【WA承認】arena-【AQUA-ADVANCED】-XTREME-AS6FRC42M 【WA承認】arena-【AQUA-ADVANCED】-XTREME-AS6FRC42M 【WA承認】arena-【AQUA-ADVANCED】-XTREME-AS6FRC42M 【WA承認】arena-【AQUA-ADVANCED】-XTREME-AS6FRC42M 【WA承認】arena-【AQUA-ADVANCED】-XTREME-AS6FRC42M ARENA 【WA承認】arena-【AQUA-ADVANCED】-XTREME-AS6FRC42M 【WA承認】arena(アリーナ) 競泳水着 レース用 メンズ 【AQUA ADVANCED】 水泳 スイミング 中級者向け AQUA XTREME ニット AS6FRC42M 110ポイント(1%) ￥10,973 ￥ 10,973","B0GXJHKFDR,B0GXJFBYZB,B0GXJ6XD2F",
swimmingattireothers_20260721.csv,207,swimmingattireothers,SAFE,B0GL82QYQZ,水泳 Basic 水着 競泳 フィットネス メンズ ハーフスパッツ N2MBDA13 90：ブラック×グレー L,,3983,category_allow,ハーフスパッツ,カテゴリ許可ワード一致(contains),https://www.amazon.co.jp/MIZUNO-%E3%83%9F%E3%82%BA%E3%83%8E-%E3%83%8F%E3%83%BC%E3%83%95%E3%82%B9%E3%83%91%E3%83%83%E3%83%84-N2MBDA13-90%EF%BC%9A%E3%83%96%E3%83%A9%E3%83%83%E3%82%AF%C3%97%E3%82%B0%E3%83%AC%E3%83%BC/dp/B0GL82QYQZ/ref=sr_1_194?__mk_ja_JP=%E3%82%AB%E3%82%BF%E3%82%AB%E3%83%8A&crid=1VZWPQ7PCEW9L&dd=1G8INUDRiTN5hha909GVNQ%2C%2C&dib=eyJ2IjoiMSJ9.K1wD3H6TZ74zTkHHVHUd340RokgqxL7P2qlGqQFRTe92_yd66_Mh7HKnvjcaTWS31sbcC2P8BLBFkN5DzSgJZBWdb3XFUQDH00fceP7ZJGjOX9KmzBzFlMGFJFD6psVa1umaPEvgKPBp392EsmB4VJwVBqMfeUHIv5n1ekOpzomqgAcejsMw5LDfLlwafb7Sb74-Ge0n9HNEGYMXMIcjZ6w3Qj4sWrmDOnz6KUmQxNn9Z-Iixb05u1fiDjZSCz_yYZMY4uTDevA1oLwOBKya6wo1MddL-luYPsgTwflDcbs.LzYEgMim6nad5ShE3QwE31QA6ULoUmpHlYkMkq7wPEI&dib_tag=se&keywords=%E3%82%A2%E3%83%AA%E3%83%BC%E3%83%8A+%E3%83%A1%E3%83%B3%E3%82%BA+%E6%B0%B4%E7%9D%80&qid=1784617391&refinements=p_90%3A3428068051%2Cp_n_g-101015233022111%3A24821512051&rnid=24821510051&sprefix=%E3%82%A2%E3%83%AA%E3%83%BC%E3%83%8A+%E3%83%A1%E3%83%B3%E3%82%BA+%E6%B0%B4%E7%9D%80%2Caps%2C325&sr=8-194&ufe=app_do%3Aamzn1.fos.35785624-70c4-44ae-a5c3-3f044f475d63&xpid=PK80Z_zVbJf9i,https://m.media-amazon.com/images/I/61Y31rUmujL._AC_UL320_.jpg,"MIZUNO-ミズノ-ハーフスパッツ-N2MBDA13-90：ブラック×グレー MIZUNO-ミズノ-ハーフスパッツ-N2MBDA13-90：ブラック×グレー MIZUNO-ミズノ-ハーフスパッツ-N2MBDA13-90：ブラック×グレー MIZUNO-ミズノ-ハーフスパッツ-N2MBDA13-90：ブラック×グレー MIZUNO(ミズノ) 水泳 Basic 水着 競泳 フィットネス メンズ ハーフスパッツ N2MBDA13 90：ブラック×グレー L javascript:void(0) 5つ星のうち5.0 40ポイント(1%) ￥3,983 ￥ 3,983",B0GL82QYQZ,
swimmingattireothers_20260721.csv,209,swimmingattireothers,SAFE,B0DNMP4WZF,[アリーナ] 競泳水着 トレーニング用 メンズ 【TOUGHSUIT】 練習用 トレーニング向け AS5SWM27M,,7370,category_allow,競泳水着,カテゴリ許可ワード一致(contains),https://www.amazon.co.jp/arena-%E3%83%88%E3%83%AC%E3%83%BC%E3%83%8B%E3%83%B3%E3%82%B0%E7%94%A8-%E3%80%90TOUGHSUIT%E3%80%91-%E3%83%88%E3%83%AC%E3%83%BC%E3%83%8B%E3%83%B3%E3%82%B0%E5%90%91%E3%81%91-AS5SWM27M/dp/B0DNMP4WZF/ref=sr_1_196?__mk_ja_JP=%E3%82%AB%E3%82%BF%E3%82%AB%E3%83%8A&crid=1VZWPQ7PCEW9L&dd=1G8INUDRiTN5hha909GVNQ%2C%2C&dib=eyJ2IjoiMSJ9.K1wD3H6TZ74zTkHHVHUd340RokgqxL7P2qlGqQFRTe92_yd66_Mh7HKnvjcaTWS31sbcC2P8BLBFkN5DzSgJZBWdb3XFUQDH00fceP7ZJGjOX9KmzBzFlMGFJFD6psVa1umaPEvgKPBp392EsmB4VJwVBqMfeUHIv5n1ekOpzomqgAcejsMw5LDfLlwafb7Sb74-Ge0n9HNEGYMXMIcjZ6w3Qj4sWrmDOnz6KUmQxNn9Z-Iixb05u1fiDjZSCz_yYZMY4uTDevA1oLwOBKya6wo1MddL-luYPsgTwflDcbs.LzYEgMim6nad5ShE3QwE31QA6ULoUmpHlYkMkq7wPEI&dib_tag=se&keywords=%E3%82%A2%E3%83%AA%E3%83%BC%E3%83%8A+%E3%83%A1%E3%83%B3%E3%82%BA+%E6%B0%B4%E7%9D%80&qid=1784617391&refinements=p_90%3A3428068051%2Cp_n_g-101015233022111%3A24821512051&rnid=24821510051&sprefix=%E3%82%A2%E3%83%AA%E3%83%BC%E3%83%8A+%E3%83%A1%E3%83%B3%E3%82%BA+%E6%B0%B4%E7%9D%80%2Caps%2C325&sr=8-196&ufe=app_do%3Aamzn1.fos.35785624-70c4-44ae-a5c3-3f044f475d63&xpid=PK80Z_zVbJf9i,https://m.media-amazon.com/images/I/61XchU3a58L._AC_UL320_.jpg,"arena-トレーニング用-【TOUGHSUIT】-トレーニング向け-AS5SWM27M arena-トレーニング用-【TOUGHSUIT】-トレーニング向け-AS5SWM27M arena-トレーニング用-【TOUGHSUIT】-トレーニング向け-AS5SWM27M arena-トレーニング用-【TOUGHSUIT】-トレーニング向け-AS5SWM27M arena-トレーニング用-【TOUGHSUIT】-トレーニング向け-AS5SWM27M ARENA [アリーナ] 競泳水着 トレーニング用 メンズ 【TOUGHSUIT】 練習用 トレーニング向け AS5SWM27M ￥7,370 ￥ 7,370","B0DNMP4WZF,B0DNMKN5W5",
swimmingattireothers_20260721.csv,215,swimmingattireothers,SAFE,B0C61HK6PW,競泳水着 メンズ 競泳用水着 フィットネス 男性 水着 メンズ 競泳 スイムウェア メンズ ジム スイミングウェア 水泳 パンツ C-menz4,,1480,category_allow,競泳水着,カテゴリ許可ワード一致(contains),https://www.amazon.co.jp/%E3%83%A2%E3%83%BC%E3%83%89-%E3%83%88%E3%82%A2-%E3%83%95%E3%82%A3%E3%83%83%E3%83%88%E3%83%8D%E3%82%B9-%E3%82%B9%E3%82%A4%E3%83%9F%E3%83%B3%E3%82%B0%E3%82%A6%E3%82%A7%E3%82%A2-C-menz4/dp/B0C61HK6PW/ref=sr_1_198?__mk_ja_JP=%E3%82%AB%E3%82%BF%E3%82%AB%E3%83%8A&crid=1VZWPQ7PCEW9L&dd=1G8INUDRiTN5hha909GVNQ%2C%2C&dib=eyJ2IjoiMSJ9.n6gSIs0jgYli5tgC5_jbXpVcYPBO9F4P5LLgysWYdtZvegNwDrKjSugbQbwiZiREXVpSoHXa0N26_djqldT8DIiQnr3qkIF2HGcmvBRt5p4.HkZyEFWXWASDZqA7cpjHf25QzHhn5X_FDTUPygccCXA&dib_tag=se&keywords=%E3%82%A2%E3%83%AA%E3%83%BC%E3%83%8A+%E3%83%A1%E3%83%B3%E3%82%BA+%E6%B0%B4%E7%9D%80&qid=1784617407&refinements=p_90%3A3428068051%2Cp_n_g-101015233022111%3A24821512051&rnid=24821510051&sprefix=%E3%82%A2%E3%83%AA%E3%83%BC%E3%83%8A+%E3%83%A1%E3%83%B3%E3%82%BA+%E6%B0%B4%E7%9D%80%2Caps%2C325&sr=8-198&ufe=app_do%3Aamzn1.fos.35785624-70c4-44ae-a5c3-3f044f475d63&xpid=PK80Z_zVbJf9i,https://m.media-amazon.com/images/I/41WI+7Jgv3L._AC_UL320_.jpg,"モード-トア-フィットネス-スイミングウェア-C-menz4 モード-トア-フィットネス-スイミングウェア-C-menz4 モード-トア-フィットネス-スイミングウェア-C-menz4 モード-トア-フィットネス-スイミングウェア-C-menz4 モード-トア-フィットネス-スイミングウェア-C-menz4 LE MODE de toi(ル モード デ トア) モード-トア-フィットネス-スイミングウェア-C-menz4 競泳水着 メンズ 競泳用水着 フィットネス 男性 水着 メンズ 競泳 スイムウェア メンズ ジム スイミングウェア 水泳 パンツ C-menz4 javascript:void(0) 5つ星のうち3.7 15ポイント(1%) ￥1,480 ￥ 1,480 日本の中小企業","B0C61HK6PW,B0C61JBLCX",
swimmingattireothers_20260721.csv,216,swimmingattireothers,SAFE,B0F4WJ9XKJ,水着 メンズ 水泳パンツ スイムパンツ 速乾 紐付き 無地 男性用 夏 海 プール 温泉 ビーチ レジャー AK4042,,1900,category_allow,スイムパンツ,カテゴリ許可ワード一致(contains),https://www.amazon.co.jp/Arjen-Kroos-%E3%82%B9%E3%82%A4%E3%83%A0%E3%83%91%E3%83%B3%E3%83%84-%E3%82%B7%E3%83%A7%E3%83%BC%E3%83%88%E3%83%AC%E3%83%83%E3%82%B0-%E3%83%96%E3%83%A9%E3%83%83%E3%82%AF%E2%80%901%E6%9E%9A/dp/B0F4WJ9XKJ/ref=sr_1_199?__mk_ja_JP=%E3%82%AB%E3%82%BF%E3%82%AB%E3%83%8A&crid=1VZWPQ7PCEW9L&dd=1G8INUDRiTN5hha909GVNQ%2C%2C&dib=eyJ2IjoiMSJ9.n6gSIs0jgYli5tgC5_jbXpVcYPBO9F4P5LLgysWYdtZvegNwDrKjSugbQbwiZiREXVpSoHXa0N26_djqldT8DIiQnr3qkIF2HGcmvBRt5p4.HkZyEFWXWASDZqA7cpjHf25QzHhn5X_FDTUPygccCXA&dib_tag=se&keywords=%E3%82%A2%E3%83%AA%E3%83%BC%E3%83%8A+%E3%83%A1%E3%83%B3%E3%82%BA+%E6%B0%B4%E7%9D%80&qid=1784617407&refinements=p_90%3A3428068051%2Cp_n_g-101015233022111%3A24821512051&rnid=24821510051&sprefix=%E3%82%A2%E3%83%AA%E3%83%BC%E3%83%8A+%E3%83%A1%E3%83%B3%E3%82%BA+%E6%B0%B4%E7%9D%80%2Caps%2C325&sr=8-199&ufe=app_do%3Aamzn1.fos.35785624-70c4-44ae-a5c3-3f044f475d63&xpid=PK80Z_zVbJf9i,https://m.media-amazon.com/images/I/61QAk9ZlQwL._AC_UL320_.jpg,"Arjen-Kroos-スイムパンツ-ショートレッグ-ブラック‐1枚 Arjen-Kroos-スイムパンツ-ショートレッグ-ブラック‐1枚 Arjen-Kroos-スイムパンツ-ショートレッグ-ブラック‐1枚 Arjen-Kroos-スイムパンツ-ショートレッグ-ブラック‐1枚 Arjen-Kroos-スイムパンツ-ショートレッグ-ブラック‐1枚 Arjen Kroos Arjen-Kroos-スイムパンツ-ショートレッグ-ブラック‐1枚 水着 メンズ 水泳パンツ スイムパンツ 速乾 紐付き 無地 男性用 夏 海 プール 温泉 ビーチ レジャー AK4042 javascript:void(0) 5つ星のうち3.8 190ポイント(10%) ￥1,900 ￥ 1,900","B0F4WJ9XKJ,B0F4WL31PT,B0F4XB5QVN,B0F4WPKJR5",
swimmingattireothers_20260721.csv,218,swimmingattireothers,SAFE,B0F23TTPVL,フィットネス水着 メンズ 水着 スイムパンツ 体型カバー 水泳パンツ 競泳 裏地付き サーフパンツ スイムウェア,,999,category_allow,フィットネス水着,カテゴリ許可ワード一致(contains),https://www.amazon.co.jp/Hilarocky-%E3%83%95%E3%82%A3%E3%83%83%E3%83%88%E3%83%8D%E3%82%B9%E6%B0%B4%E7%9D%80-%E3%82%B9%E3%82%A4%E3%83%A0%E3%83%91%E3%83%B3%E3%83%84-%E3%82%B5%E3%83%BC%E3%83%95%E3%83%91%E3%83%B3%E3%83%84-%E3%82%B9%E3%82%A4%E3%83%A0%E3%82%A6%E3%82%A7%E3%82%A2/dp/B0F23TTPVL/ref=sr_1_201?__mk_ja_JP=%E3%82%AB%E3%82%BF%E3%82%AB%E3%83%8A&crid=1VZWPQ7PCEW9L&dd=1G8INUDRiTN5hha909GVNQ%2C%2C&dib=eyJ2IjoiMSJ9.n6gSIs0jgYli5tgC5_jbXpVcYPBO9F4P5LLgysWYdtZvegNwDrKjSugbQbwiZiREXVpSoHXa0N26_djqldT8DIiQnr3qkIF2HGcmvBRt5p4.HkZyEFWXWASDZqA7cpjHf25QzHhn5X_FDTUPygccCXA&dib_tag=se&keywords=%E3%82%A2%E3%83%AA%E3%83%BC%E3%83%8A+%E3%83%A1%E3%83%B3%E3%82%BA+%E6%B0%B4%E7%9D%80&qid=1784617407&refinements=p_90%3A3428068051%2Cp_n_g-101015233022111%3A24821512051&rnid=24821510051&sprefix=%E3%82%A2%E3%83%AA%E3%83%BC%E3%83%8A+%E3%83%A1%E3%83%B3%E3%82%BA+%E6%B0%B4%E7%9D%80%2Caps%2C325&sr=8-201&ufe=app_do%3Aamzn1.fos.35785624-70c4-44ae-a5c3-3f044f475d63&xpid=PK80Z_zVbJf9i,https://m.media-amazon.com/images/I/71tIr3N-x3L._AC_UL320_.jpg,"Hilarocky-フィットネス水着-スイムパンツ-サーフパンツ-スイムウェア Hilarocky-フィットネス水着-スイムパンツ-サーフパンツ-スイムウェア Hilarocky-フィットネス水着-スイムパンツ-サーフパンツ-スイムウェア Hilarocky-フィットネス水着-スイムパンツ-サーフパンツ-スイムウェア Hilarocky-フィットネス水着-スイムパンツ-サーフパンツ-スイムウェア フィットネス水着 メンズ 水着 スイムパンツ 体型カバー 水泳パンツ 競泳 裏地付き サーフパンツ スイムウェア Hilarocky-フィットネス水着-スイムパンツ-サーフパンツ-スイムウェア javascript:void(0) 5つ星のうち3.6 過去: ￥999 ￥ 999 過去: ￥1,398 ダブルポイント ￥1,398 ￥1,398","B0F23TTPVL,B0F23MQS12",
swimmingattireothers_20260721.csv,221,swimmingattireothers,SAFE,B0B3MP91HN,フィットネス 水着 メンズ スイム 水泳用 PR-4950,,1000,category_allow,フィットネス水着,カテゴリ許可ワード一致(contains),https://www.amazon.co.jp/PONTAPES-%E3%83%9D%E3%83%B3%E3%82%BF%E3%83%9A%E3%82%B9-%E3%83%95%E3%82%A3%E3%83%83%E3%83%88%E3%83%8D%E3%82%B9-PR-4950-%E3%83%8D%E3%82%A4%E3%83%93%E3%83%BC%E3%83%BB%E3%83%96%E3%83%AB%E3%83%BC/dp/B0B3MP91HN/ref=sr_1_204?__mk_ja_JP=%E3%82%AB%E3%82%BF%E3%82%AB%E3%83%8A&crid=1VZWPQ7PCEW9L&dd=1G8INUDRiTN5hha909GVNQ%2C%2C&dib=eyJ2IjoiMSJ9.qHDwpPLE4BZRXAFmmkmYYGI0AFF9UOEMPWjCMt3iXicPkAALU3tRzgL8eQ_e9oPAIATBSK_9hWaTGaYtMZf1hGhzhwN2vKva7gYrTcPG_edLTXzt4sb6oyegnhEgirCP9ULUImew1i4r-18eLIE5jnTA2whdWQLhvU6gMrztAZszvwrKLL3SchVx6eLlnxNKvTmpyrNH0J9HIP6FaQJAgnR3Z8rSu61SX2S7kYLQ3w3J47I-URL9splU0tW_MkpK4ZB9w_8r0vJMl8phq_mcRC0Oh9ZtiqbxOg41F2l8CyI.JBEeiXguBWhNM1eORhtZTdt2wyEnw2aDdJ3wOy1QNXE&dib_tag=se&keywords=%E3%82%A2%E3%83%AA%E3%83%BC%E3%83%8A+%E3%83%A1%E3%83%B3%E3%82%BA+%E6%B0%B4%E7%9D%80&qid=1784617407&refinements=p_90%3A3428068051%2Cp_n_g-101015233022111%3A24821512051&rnid=24821510051&sprefix=%E3%82%A2%E3%83%AA%E3%83%BC%E3%83%8A+%E3%83%A1%E3%83%B3%E3%82%BA+%E6%B0%B4%E7%9D%80%2Caps%2C325&sr=8-204&ufe=app_do%3Aamzn1.fos.35785624-70c4-44ae-a5c3-3f044f475d63&xpid=PK80Z_zVbJf9i,https://m.media-amazon.com/images/I/61xH07AhYtL._AC_UL320_.jpg,"PONTAPES-ポンタペス-フィットネス-PR-4950-ネイビー・ブルー PONTAPES-ポンタペス-フィットネス-PR-4950-ネイビー・ブルー PONTAPES-ポンタペス-フィットネス-PR-4950-ネイビー・ブルー PONTAPES-ポンタペス-フィットネス-PR-4950-ネイビー・ブルー PONTAPES-ポンタペス-フィットネス-PR-4950-ネイビー・ブルー PONTAPES(ポンタペス) PONTAPES-ポンタペス-フィットネス-PR-4950-ネイビー・ブルー フィットネス 水着 メンズ スイム 水泳用 PR-4950 javascript:void(0) 5つ星のうち4.0 10ポイント(1%) ￥1,000 ￥ 1,000 Amazonは日本の中小企業のブランドの商品を応援しています。食品から家電まで「日本の中小企業 応援ストア」を今すぐチェック。","B0B3MP91HN,B0B3MPZS9M,B0B3MNZS3F",
swimmingattireothers_20260721.csv,222,swimmingattireothers,SAFE,B0F9L3KRGW,スイム 競泳 水着 GX・SONIC STREAM Vパンツ N2MBC527 N2MBC927,,4301,category_allow,競泳水着,カテゴリ許可ワード一致(contains),https://www.amazon.co.jp/%E3%83%9F%E3%82%BA%E3%83%8E-GX%E3%83%BBSONIC-STREAM-V%E3%83%91%E3%83%B3%E3%83%84-%E3%83%96%E3%83%A9%E3%83%83%E3%82%AF%C3%97%E3%82%B5%E3%83%83%E3%82%AF%E3%82%B9/dp/B0F9L3KRGW/ref=sr_1_205?__mk_ja_JP=%E3%82%AB%E3%82%BF%E3%82%AB%E3%83%8A&crid=1VZWPQ7PCEW9L&dd=1G8INUDRiTN5hha909GVNQ%2C%2C&dib=eyJ2IjoiMSJ9.qHDwpPLE4BZRXAFmmkmYYGI0AFF9UOEMPWjCMt3iXicPkAALU3tRzgL8eQ_e9oPAIATBSK_9hWaTGaYtMZf1hGhzhwN2vKva7gYrTcPG_edLTXzt4sb6oyegnhEgirCP9ULUImew1i4r-18eLIE5jnTA2whdWQLhvU6gMrztAZszvwrKLL3SchVx6eLlnxNKvTmpyrNH0J9HIP6FaQJAgnR3Z8rSu61SX2S7kYLQ3w3J47I-URL9splU0tW_MkpK4ZB9w_8r0vJMl8phq_mcRC0Oh9ZtiqbxOg41F2l8CyI.JBEeiXguBWhNM1eORhtZTdt2wyEnw2aDdJ3wOy1QNXE&dib_tag=se&keywords=%E3%82%A2%E3%83%AA%E3%83%BC%E3%83%8A+%E3%83%A1%E3%83%B3%E3%82%BA+%E6%B0%B4%E7%9D%80&qid=1784617407&refinements=p_90%3A3428068051%2Cp_n_g-101015233022111%3A24821512051&rnid=24821510051&sprefix=%E3%82%A2%E3%83%AA%E3%83%BC%E3%83%8A+%E3%83%A1%E3%83%B3%E3%82%BA+%E6%B0%B4%E7%9D%80%2Caps%2C325&sr=8-205&ufe=app_do%3Aamzn1.fos.35785624-70c4-44ae-a5c3-3f044f475d63&xpid=PK80Z_zVbJf9i,https://m.media-amazon.com/images/I/51UYqgC54cL._AC_UL320_.jpg,"ミズノ-GX・SONIC-STREAM-Vパンツ-ブラック×サックス ミズノ-GX・SONIC-STREAM-Vパンツ-ブラック×サックス ミズノ-GX・SONIC-STREAM-Vパンツ-ブラック×サックス ミズノ-GX・SONIC-STREAM-Vパンツ-ブラック×サックス ミズノ-GX・SONIC-STREAM-Vパンツ-ブラック×サックス MIZUNO(ミズノ) ミズノ-GX・SONIC-STREAM-Vパンツ-ブラック×サックス スイム 競泳 水着 GX・SONIC STREAM Vパンツ N2MBC527 N2MBC927 javascript:void(0) 5つ星のうち3.3 過去: ￥4,301 ￥ 4,301 過去: ￥4,598 ￥4,598 ￥4,598","B0F9L3KRGW,B0F9L3MFMY,B0F9L4PT9C,B0F9L5TCS1",
swimmingattireothers_20260721.csv,223,swimmingattireothers,SAFE,B07ZN1X4YQ,メンズ 水着 フィットネス 競泳水着 インナーパット 練習用 スイムウェア 男性用 撥水加工スイムパンツ スイミング 速乾 ストレッチ素材,,2280,category_allow,競泳水着,カテゴリ許可ワード一致(contains),https://www.amazon.co.jp/%E3%82%A8%E3%82%B9%E3%83%95%E3%82%A9%E3%83%BC%E3%82%A2%E3%83%BC%E3%83%AB-%E3%83%95%E3%82%A3%E3%83%83%E3%83%88%E3%83%8D%E3%82%B9-%E7%AB%B6%E6%B3%B3%E6%B0%B4%E7%9D%80%E3%80%90%E3%82%A4%E3%83%B3%E3%83%8A%E3%83%BC%E3%83%91%E3%83%83%E3%83%89%E3%81%A7%E5%BF%AB%E9%81%A9%E4%BB%95%E6%A7%98%EF%BC%81%E3%80%91-%E7%94%B7%E6%80%A7%E7%94%A8%EF%BC%88%E6%92%A5%E6%B0%B4%E5%8A%A0%E5%B7%A5%E3%81%A7%E9%87%8D%E3%81%8F%E3%81%AA%E3%82%89%E3%81%AA%E3%81%84%EF%BC%89-%E3%82%B9%E3%83%88%E3%83%AC%E3%83%83%E3%83%81%E7%B4%A0%E6%9D%90/dp/B07ZN1X4YQ/ref=sr_1_206?__mk_ja_JP=%E3%82%AB%E3%82%BF%E3%82%AB%E3%83%8A&crid=1VZWPQ7PCEW9L&dd=1G8INUDRiTN5hha909GVNQ%2C%2C&dib=eyJ2IjoiMSJ9.qHDwpPLE4BZRXAFmmkmYYGI0AFF9UOEMPWjCMt3iXicPkAALU3tRzgL8eQ_e9oPAIATBSK_9hWaTGaYtMZf1hGhzhwN2vKva7gYrTcPG_edLTXzt4sb6oyegnhEgirCP9ULUImew1i4r-18eLIE5jnTA2whdWQLhvU6gMrztAZszvwrKLL3SchVx6eLlnxNKvTmpyrNH0J9HIP6FaQJAgnR3Z8rSu61SX2S7kYLQ3w3J47I-URL9splU0tW_MkpK4ZB9w_8r0vJMl8phq_mcRC0Oh9ZtiqbxOg41F2l8CyI.JBEeiXguBWhNM1eORhtZTdt2wyEnw2aDdJ3wOy1QNXE&dib_tag=se&keywords=%E3%82%A2%E3%83%AA%E3%83%BC%E3%83%8A+%E3%83%A1%E3%83%B3%E3%82%BA+%E6%B0%B4%E7%9D%80&qid=1784617407&refinements=p_90%3A3428068051%2Cp_n_g-101015233022111%3A24821512051&rnid=24821510051&sprefix=%E3%82%A2%E3%83%AA%E3%83%BC%E3%83%8A+%E3%83%A1%E3%83%B3%E3%82%BA+%E6%B0%B4%E7%9D%80%2Caps%2C325&sr=8-206&ufe=app_do%3Aamzn1.fos.35785624-70c4-44ae-a5c3-3f044f475d63&xpid=PK80Z_zVbJf9i,https://m.media-amazon.com/images/I/51h8BSxha4L._AC_UL320_.jpg,"エスフォーアール-フィットネス-競泳水着【インナーパッドで快適仕様！】-男性用（撥水加工で重くならない）-ストレッチ素材 エスフォーアール-フィットネス-競泳水着【インナーパッドで快適仕様！】-男性用（撥水加工で重くならない）-ストレッチ素材 エスフォーアール-フィットネス-競泳水着【インナーパッドで快適仕様！】-男性用（撥水加工で重くならない）-ストレッチ素材 エスフォーアール-フィットネス-競泳水着【インナーパッドで快適仕様！】-男性用（撥水加工で重くならない）-ストレッチ素材 javascript:void(0) S4R(エスフォーアール) メンズ 水着 フィットネス 競泳水着 インナーパット 練習用 スイムウェア 男性用 撥水加工スイムパンツ スイミング 速乾 ストレッチ素材 javascript:void(0) 5つ星のうち4.1 23ポイント(1%) ￥2,280 ￥ 2,280 日本の中小企業",B07ZN1X4YQ,
swimmingattireothers_20260721.csv,224,swimmingattireothers,SAFE,B0D3T8PL9K,水着 メンズ スイムパンツ フィットネス水着 水泳パンツ ボクサー 紐付き ポケット付き サーフパンツ ローライズ AK4006 1枚,,1999,category_allow,フィットネス水着,カテゴリ許可ワード一致(contains),https://www.amazon.co.jp/Arjen-Kroos-%E3%82%B9%E3%82%A4%E3%83%A0%E3%83%91%E3%83%B3%E3%83%84-%E3%83%95%E3%82%A3%E3%83%83%E3%83%88%E3%83%8D%E3%82%B9%E6%B0%B4%E7%9D%80-%E3%83%9D%E3%82%B1%E3%83%83%E3%83%88%E4%BB%98%E3%81%8D/dp/B0D3T8PL9K/ref=sr_1_207?__mk_ja_JP=%E3%82%AB%E3%82%BF%E3%82%AB%E3%83%8A&crid=1VZWPQ7PCEW9L&dd=1G8INUDRiTN5hha909GVNQ%2C%2C&dib=eyJ2IjoiMSJ9.qHDwpPLE4BZRXAFmmkmYYGI0AFF9UOEMPWjCMt3iXicPkAALU3tRzgL8eQ_e9oPAIATBSK_9hWaTGaYtMZf1hGhzhwN2vKva7gYrTcPG_edLTXzt4sb6oyegnhEgirCP9ULUImew1i4r-18eLIE5jnTA2whdWQLhvU6gMrztAZszvwrKLL3SchVx6eLlnxNKvTmpyrNH0J9HIP6FaQJAgnR3Z8rSu61SX2S7kYLQ3w3J47I-URL9splU0tW_MkpK4ZB9w_8r0vJMl8phq_mcRC0Oh9ZtiqbxOg41F2l8CyI.JBEeiXguBWhNM1eORhtZTdt2wyEnw2aDdJ3wOy1QNXE&dib_tag=se&keywords=%E3%82%A2%E3%83%AA%E3%83%BC%E3%83%8A+%E3%83%A1%E3%83%B3%E3%82%BA+%E6%B0%B4%E7%9D%80&qid=1784617407&refinements=p_90%3A3428068051%2Cp_n_g-101015233022111%3A24821512051&rnid=24821510051&sprefix=%E3%82%A2%E3%83%AA%E3%83%BC%E3%83%8A+%E3%83%A1%E3%83%B3%E3%82%BA+%E6%B0%B4%E7%9D%80%2Caps%2C325&sr=8-207&ufe=app_do%3Aamzn1.fos.35785624-70c4-44ae-a5c3-3f044f475d63&xpid=PK80Z_zVbJf9i,https://m.media-amazon.com/images/I/71AAY2mtYaL._AC_UL320_.jpg,"Arjen-Kroos-スイムパンツ-フィットネス水着-ポケット付き Arjen-Kroos-スイムパンツ-フィットネス水着-ポケット付き Arjen-Kroos-スイムパンツ-フィットネス水着-ポケット付き Arjen-Kroos-スイムパンツ-フィットネス水着-ポケット付き Arjen-Kroos-スイムパンツ-フィットネス水着-ポケット付き Arjen Kroos Arjen-Kroos-スイムパンツ-フィットネス水着-ポケット付き 水着 メンズ スイムパンツ フィットネス水着 水泳パンツ ボクサー 紐付き ポケット付き サーフパンツ ローライズ AK4006 1枚 javascript:void(0) 5つ星のうち4.4 200ポイント(10%) Arjen-Kroos-スイムパンツ-フィットネス水着-ポケット付き ￥1,999 ￥ 1,999","B0D3T8PL9K,B0D3THWWN1,B0D3TG9C49,B0D3TB5Y4F",
swimmingattireothers_20260721.csv,226,swimmingattireothers,SAFE,B0F2HHCVV5,メンズ水着 ボクサー型 水泳パンツ 競泳水着 紐付き 競パン 水陸両用 速乾 通気 温泉 水遊び ビーチ おしゃれ AK4044,,1988,category_allow,競泳水着,カテゴリ許可ワード一致(contains),https://www.amazon.co.jp/Casey-Kevin-%E3%83%A1%E3%83%B3%E3%82%BA%E6%B0%B4%E7%9D%80-%E3%83%9C%E3%82%AF%E3%82%B5%E3%83%BC%E5%9E%8B-AK4044/dp/B0F2HHCVV5/ref=sr_1_209?__mk_ja_JP=%E3%82%AB%E3%82%BF%E3%82%AB%E3%83%8A&crid=1VZWPQ7PCEW9L&dd=1G8INUDRiTN5hha909GVNQ%2C%2C&dib=eyJ2IjoiMSJ9.qHDwpPLE4BZRXAFmmkmYYGI0AFF9UOEMPWjCMt3iXicPkAALU3tRzgL8eQ_e9oPAIATBSK_9hWaTGaYtMZf1hGhzhwN2vKva7gYrTcPG_edLTXzt4sb6oyegnhEgirCP9ULUImew1i4r-18eLIE5jnTA2whdWQLhvU6gMrztAZszvwrKLL3SchVx6eLlnxNKvTmpyrNH0J9HIP6FaQJAgnR3Z8rSu61SX2S7kYLQ3w3J47I-URL9splU0tW_MkpK4ZB9w_8r0vJMl8phq_mcRC0Oh9ZtiqbxOg41F2l8CyI.JBEeiXguBWhNM1eORhtZTdt2wyEnw2aDdJ3wOy1QNXE&dib_tag=se&keywords=%E3%82%A2%E3%83%AA%E3%83%BC%E3%83%8A+%E3%83%A1%E3%83%B3%E3%82%BA+%E6%B0%B4%E7%9D%80&qid=1784617407&refinements=p_90%3A3428068051%2Cp_n_g-101015233022111%3A24821512051&rnid=24821510051&sprefix=%E3%82%A2%E3%83%AA%E3%83%BC%E3%83%8A+%E3%83%A1%E3%83%B3%E3%82%BA+%E6%B0%B4%E7%9D%80%2Caps%2C325&sr=8-209&ufe=app_do%3Aamzn1.fos.35785624-70c4-44ae-a5c3-3f044f475d63&xpid=PK80Z_zVbJf9i,https://m.media-amazon.com/images/I/610ybuO2zXL._AC_UL320_.jpg,"Casey-Kevin-メンズ水着-ボクサー型-AK4044 Casey-Kevin-メンズ水着-ボクサー型-AK4044 Casey-Kevin-メンズ水着-ボクサー型-AK4044 Casey-Kevin-メンズ水着-ボクサー型-AK4044 Casey Kevin Casey-Kevin-メンズ水着-ボクサー型-AK4044 メンズ水着 ボクサー型 水泳パンツ 競泳水着 紐付き 競パン 水陸両用 速乾 通気 温泉 水遊び ビーチ おしゃれ AK4044 javascript:void(0) 5つ星のうち4.0 199ポイント(10%) ￥1,988 ￥ 1,988 ￥1,491 クーポン適用済み ￥497","B0F2HHCVV5,B0F2HHNTF9,B0F2HK16WX",
swimmingattireothers_20260721.csv,230,swimmingattireothers,SAFE,B0GL8CZ7MZ,水泳 Basic 水着 競泳 フィットネス メンズ ハーフスパッツ N2MBDA13 84：ネイビー×イエロー L,,2342,category_allow,ハーフスパッツ,カテゴリ許可ワード一致(contains),https://www.amazon.co.jp/MIZUNO-%E3%83%9F%E3%82%BA%E3%83%8E-%E3%83%8F%E3%83%BC%E3%83%95%E3%82%B9%E3%83%91%E3%83%83%E3%83%84-N2MBDA13-84%EF%BC%9A%E3%83%8D%E3%82%A4%E3%83%93%E3%83%BC%C3%97%E3%82%A4%E3%82%A8%E3%83%AD%E3%83%BC/dp/B0GL8CZ7MZ/ref=sr_1_213?__mk_ja_JP=%E3%82%AB%E3%82%BF%E3%82%AB%E3%83%8A&crid=1VZWPQ7PCEW9L&dd=1G8INUDRiTN5hha909GVNQ%2C%2C&dib=eyJ2IjoiMSJ9.qHDwpPLE4BZRXAFmmkmYYGI0AFF9UOEMPWjCMt3iXicPkAALU3tRzgL8eQ_e9oPAIATBSK_9hWaTGaYtMZf1hGhzhwN2vKva7gYrTcPG_edLTXzt4sb6oyegnhEgirCP9ULUImew1i4r-18eLIE5jnTA2whdWQLhvU6gMrztAZszvwrKLL3SchVx6eLlnxNKvTmpyrNH0J9HIP6FaQJAgnR3Z8rSu61SX2S7kYLQ3w3J47I-URL9splU0tW_MkpK4ZB9w_8r0vJMl8phq_mcRC0Oh9ZtiqbxOg41F2l8CyI.JBEeiXguBWhNM1eORhtZTdt2wyEnw2aDdJ3wOy1QNXE&dib_tag=se&keywords=%E3%82%A2%E3%83%AA%E3%83%BC%E3%83%8A+%E3%83%A1%E3%83%B3%E3%82%BA+%E6%B0%B4%E7%9D%80&qid=1784617407&refinements=p_90%3A3428068051%2Cp_n_g-101015233022111%3A24821512051&rnid=24821510051&sprefix=%E3%82%A2%E3%83%AA%E3%83%BC%E3%83%8A+%E3%83%A1%E3%83%B3%E3%82%BA+%E6%B0%B4%E7%9D%80%2Caps%2C325&sr=8-213&ufe=app_do%3Aamzn1.fos.35785624-70c4-44ae-a5c3-3f044f475d63&xpid=PK80Z_zVbJf9i,https://m.media-amazon.com/images/I/61Mwi99zQ-L._AC_UL320_.jpg,"MIZUNO-ミズノ-ハーフスパッツ-N2MBDA13-84：ネイビー×イエロー MIZUNO-ミズノ-ハーフスパッツ-N2MBDA13-84：ネイビー×イエロー MIZUNO-ミズノ-ハーフスパッツ-N2MBDA13-84：ネイビー×イエロー MIZUNO-ミズノ-ハーフスパッツ-N2MBDA13-84：ネイビー×イエロー MIZUNO(ミズノ) 水泳 Basic 水着 競泳 フィットネス メンズ ハーフスパッツ N2MBDA13 84：ネイビー×イエロー L javascript:void(0) 5つ星のうち3.0 ￥2,342 ￥ 2,342",B0GL8CZ7MZ,
swimmingattireothers_20260721.csv,232,swimmingattireothers,SAFE,B00339WHTC,フィットネス水着 メンズ 【耐塩素加工】 VA-5100,,1799,category_allow,フィットネス水着,カテゴリ許可ワード一致(contains),https://www.amazon.co.jp/VAXPOT-%E3%83%90%E3%83%83%E3%82%AF%E3%82%B9%E3%83%9D%E3%83%83%E3%83%88-%E3%83%95%E3%82%A3%E3%83%83%E3%83%88%E3%83%8D%E3%82%B9%E6%B0%B4%E7%9D%80-%E3%83%A1%E3%83%B3%E3%82%BA-VA-5100/dp/B00339WHTC/ref=sr_1_215?__mk_ja_JP=%E3%82%AB%E3%82%BF%E3%82%AB%E3%83%8A&crid=1VZWPQ7PCEW9L&dd=1G8INUDRiTN5hha909GVNQ%2C%2C&dib=eyJ2IjoiMSJ9.qHDwpPLE4BZRXAFmmkmYYGI0AFF9UOEMPWjCMt3iXicPkAALU3tRzgL8eQ_e9oPAIATBSK_9hWaTGaYtMZf1hGhzhwN2vKva7gYrTcPG_edLTXzt4sb6oyegnhEgirCP9ULUImew1i4r-18eLIE5jnTA2whdWQLhvU6gMrztAZszvwrKLL3SchVx6eLlnxNKvTmpyrNH0J9HIP6FaQJAgnR3Z8rSu61SX2S7kYLQ3w3J47I-URL9splU0tW_MkpK4ZB9w_8r0vJMl8phq_mcRC0Oh9ZtiqbxOg41F2l8CyI.JBEeiXguBWhNM1eORhtZTdt2wyEnw2aDdJ3wOy1QNXE&dib_tag=se&keywords=%E3%82%A2%E3%83%AA%E3%83%BC%E3%83%8A+%E3%83%A1%E3%83%B3%E3%82%BA+%E6%B0%B4%E7%9D%80&qid=1784617407&refinements=p_90%3A3428068051%2Cp_n_g-101015233022111%3A24821512051&rnid=24821510051&sprefix=%E3%82%A2%E3%83%AA%E3%83%BC%E3%83%8A+%E3%83%A1%E3%83%B3%E3%82%BA+%E6%B0%B4%E7%9D%80%2Caps%2C325&sr=8-215&xpid=PK80Z_zVbJf9i,https://m.media-amazon.com/images/I/51Up9X0PTPL._AC_UL320_.jpg,"VAXPOT-バックスポット-フィットネス水着-メンズ-VA-5100 VAXPOT-バックスポット-フィットネス水着-メンズ-VA-5100 VAXPOT-バックスポット-フィットネス水着-メンズ-VA-5100 VAXPOT-バックスポット-フィットネス水着-メンズ-VA-5100 VAXPOT-バックスポット-フィットネス水着-メンズ-VA-5100 VAXPOT(バックスポット) VAXPOT-バックスポット-フィットネス水着-メンズ-VA-5100 フィットネス水着 メンズ 【耐塩素加工】 VA-5100 javascript:void(0) 5つ星のうち3.8 日本の中小企業 ￥1,799 ￥ 1,799 詳細はこちら","B00339WHTC,B0033A08TM",
swimmingattireothers_20260721.csv,233,swimmingattireothers,SAFE,B0CJRM44VC,競泳水着 メンズ 競泳用 フィットネス メンズ スイムウェア ジム 水泳 パンツ 練習用 柄タイプ,,2780,category_allow,競泳水着,カテゴリ許可ワード一致(contains),https://www.amazon.co.jp/SPALTAX-%E7%AB%B6%E6%B3%B3%E6%B0%B4%E7%9D%80-%E7%AB%B6%E6%B3%B3%E7%94%A8%E6%B0%B4%E7%9D%80-%E3%83%95%E3%82%A3%E3%83%83%E3%83%88%E3%83%8D%E3%82%B9-%E3%82%B9%E3%82%A4%E3%83%A0%E3%82%A6%E3%82%A7%E3%82%A2/dp/B0CJRM44VC/ref=sr_1_216?__mk_ja_JP=%E3%82%AB%E3%82%BF%E3%82%AB%E3%83%8A&crid=1VZWPQ7PCEW9L&dd=1G8INUDRiTN5hha909GVNQ%2C%2C&dib=eyJ2IjoiMSJ9.qHDwpPLE4BZRXAFmmkmYYGI0AFF9UOEMPWjCMt3iXicPkAALU3tRzgL8eQ_e9oPAIATBSK_9hWaTGaYtMZf1hGhzhwN2vKva7gYrTcPG_edLTXzt4sb6oyegnhEgirCP9ULUImew1i4r-18eLIE5jnTA2whdWQLhvU6gMrztAZszvwrKLL3SchVx6eLlnxNKvTmpyrNH0J9HIP6FaQJAgnR3Z8rSu61SX2S7kYLQ3w3J47I-URL9splU0tW_MkpK4ZB9w_8r0vJMl8phq_mcRC0Oh9ZtiqbxOg41F2l8CyI.JBEeiXguBWhNM1eORhtZTdt2wyEnw2aDdJ3wOy1QNXE&dib_tag=se&keywords=%E3%82%A2%E3%83%AA%E3%83%BC%E3%83%8A+%E3%83%A1%E3%83%B3%E3%82%BA+%E6%B0%B4%E7%9D%80&qid=1784617407&refinements=p_90%3A3428068051%2Cp_n_g-101015233022111%3A24821512051&rnid=24821510051&sprefix=%E3%82%A2%E3%83%AA%E3%83%BC%E3%83%8A+%E3%83%A1%E3%83%B3%E3%82%BA+%E6%B0%B4%E7%9D%80%2Caps%2C325&sr=8-216&ufe=app_do%3Aamzn1.fos.35785624-70c4-44ae-a5c3-3f044f475d63&xpid=PK80Z_zVbJf9i,https://m.media-amazon.com/images/I/61-LgEH1r+L._AC_UL320_.jpg,"SPALTAX-競泳水着-競泳用水着-フィットネス-スイムウェア SPALTAX-競泳水着-競泳用水着-フィットネス-スイムウェア SPALTAX-競泳水着-競泳用水着-フィットネス-スイムウェア SPALTAX-競泳水着-競泳用水着-フィットネス-スイムウェア SPALTAX-競泳水着-競泳用水着-フィットネス-スイムウェア SPALTAX SPALTAX-競泳水着-競泳用水着-フィットネス-スイムウェア 競泳水着 メンズ 競泳用 フィットネス メンズ スイムウェア ジム 水泳 パンツ 練習用 柄タイプ javascript:void(0) 5つ星のうち3.8 28ポイント(1%) javascript:void(0) ￥2,780 ￥ 2,780 日本の中小企業","B0CJRM44VC,B0CJRL5BHF,B0CJRMX92H,B0CJRJZ63C",
swimmingattireothers_20260721.csv,236,swimmingattireothers,SAFE,B0GL87QYSW,水泳 Basic 水着 競泳 フィットネス メンズ ハーフスパッツ N2MBDA13 86：ネイビー×レッド L,,2499,category_allow,ハーフスパッツ,カテゴリ許可ワード一致(contains),https://www.amazon.co.jp/MIZUNO-%E3%83%9F%E3%82%BA%E3%83%8E-%E3%83%8F%E3%83%BC%E3%83%95%E3%82%B9%E3%83%91%E3%83%83%E3%83%84-N2MBDA13-86%EF%BC%9A%E3%83%8D%E3%82%A4%E3%83%93%E3%83%BC%C3%97%E3%83%AC%E3%83%83%E3%83%89/dp/B0GL87QYSW/ref=sr_1_219?__mk_ja_JP=%E3%82%AB%E3%82%BF%E3%82%AB%E3%83%8A&crid=1VZWPQ7PCEW9L&dd=1G8INUDRiTN5hha909GVNQ%2C%2C&dib=eyJ2IjoiMSJ9.qHDwpPLE4BZRXAFmmkmYYGI0AFF9UOEMPWjCMt3iXicPkAALU3tRzgL8eQ_e9oPAIATBSK_9hWaTGaYtMZf1hGhzhwN2vKva7gYrTcPG_edLTXzt4sb6oyegnhEgirCP9ULUImew1i4r-18eLIE5jnTA2whdWQLhvU6gMrztAZszvwrKLL3SchVx6eLlnxNKvTmpyrNH0J9HIP6FaQJAgnR3Z8rSu61SX2S7kYLQ3w3J47I-URL9splU0tW_MkpK4ZB9w_8r0vJMl8phq_mcRC0Oh9ZtiqbxOg41F2l8CyI.JBEeiXguBWhNM1eORhtZTdt2wyEnw2aDdJ3wOy1QNXE&dib_tag=se&keywords=%E3%82%A2%E3%83%AA%E3%83%BC%E3%83%8A+%E3%83%A1%E3%83%B3%E3%82%BA+%E6%B0%B4%E7%9D%80&qid=1784617407&refinements=p_90%3A3428068051%2Cp_n_g-101015233022111%3A24821512051&rnid=24821510051&sprefix=%E3%82%A2%E3%83%AA%E3%83%BC%E3%83%8A+%E3%83%A1%E3%83%B3%E3%82%BA+%E6%B0%B4%E7%9D%80%2Caps%2C325&sr=8-219&ufe=app_do%3Aamzn1.fos.35785624-70c4-44ae-a5c3-3f044f475d63&xpid=PK80Z_zVbJf9i,https://m.media-amazon.com/images/I/61AocjnFr8L._AC_UL320_.jpg,"MIZUNO-ミズノ-ハーフスパッツ-N2MBDA13-86：ネイビー×レッド MIZUNO-ミズノ-ハーフスパッツ-N2MBDA13-86：ネイビー×レッド MIZUNO-ミズノ-ハーフスパッツ-N2MBDA13-86：ネイビー×レッド MIZUNO(ミズノ) 水泳 Basic 水着 競泳 フィットネス メンズ ハーフスパッツ N2MBDA13 86：ネイビー×レッド L 59ポイント(2%) ￥2,499 ￥ 2,499",B0GL87QYSW,
swimmingattireothers_20260721.csv,239,swimmingattireothers,SAFE,B0B2NVCWP1,【フィットネス用】メンズ Diagona Jammer ディアゴナジャマー スイムパンツ/スパッツ SF62250 SF62250E エクササイズ用水着初心者 UVカット機能 インナー付き,,4832,category_allow,スイムパンツ,カテゴリ許可ワード一致(contains),https://www.amazon.co.jp/%E3%82%B9%E3%83%94%E3%83%BC%E3%83%89-%E3%83%95%E3%82%A3%E3%83%83%E3%83%88%E3%83%8D%E3%82%B9%E6%B0%B4%E7%9D%80-Diagona-%E3%83%87%E3%82%A3%E3%82%A2%E3%82%B4%E3%83%8A%E3%82%B8%E3%83%A3%E3%83%9E%E3%83%BC-%E3%82%AB%E3%83%BC%E3%82%AD%E3%83%9F%E3%83%83%E3%82%AF%E3%82%B9/dp/B0B2NVCWP1/ref=sr_1_222?__mk_ja_JP=%E3%82%AB%E3%82%BF%E3%82%AB%E3%83%8A&crid=1VZWPQ7PCEW9L&dd=1G8INUDRiTN5hha909GVNQ%2C%2C&dib=eyJ2IjoiMSJ9.qHDwpPLE4BZRXAFmmkmYYGI0AFF9UOEMPWjCMt3iXicPkAALU3tRzgL8eQ_e9oPAIATBSK_9hWaTGaYtMZf1hGhzhwN2vKva7gYrTcPG_edLTXzt4sb6oyegnhEgirCP9ULUImew1i4r-18eLIE5jnTA2whdWQLhvU6gMrztAZszvwrKLL3SchVx6eLlnxNKvTmpyrNH0J9HIP6FaQJAgnR3Z8rSu61SX2S7kYLQ3w3J47I-URL9splU0tW_MkpK4ZB9w_8r0vJMl8phq_mcRC0Oh9ZtiqbxOg41F2l8CyI.JBEeiXguBWhNM1eORhtZTdt2wyEnw2aDdJ3wOy1QNXE&dib_tag=se&keywords=%E3%82%A2%E3%83%AA%E3%83%BC%E3%83%8A+%E3%83%A1%E3%83%B3%E3%82%BA+%E6%B0%B4%E7%9D%80&qid=1784617407&refinements=p_90%3A3428068051%2Cp_n_g-101015233022111%3A24821512051&rnid=24821510051&sprefix=%E3%82%A2%E3%83%AA%E3%83%BC%E3%83%8A+%E3%83%A1%E3%83%B3%E3%82%BA+%E6%B0%B4%E7%9D%80%2Caps%2C325&sr=8-222&ufe=app_do%3Aamzn1.fos.35785624-70c4-44ae-a5c3-3f044f475d63&xpid=PK80Z_zVbJf9i,https://m.media-amazon.com/images/I/61gZNMXfgkL._AC_UL320_.jpg,"スピード-フィットネス水着-Diagona-ディアゴナジャマー-カーキミックス スピード-フィットネス水着-Diagona-ディアゴナジャマー-カーキミックス スピード-フィットネス水着-Diagona-ディアゴナジャマー-カーキミックス スピード-フィットネス水着-Diagona-ディアゴナジャマー-カーキミックス スピード-フィットネス水着-Diagona-ディアゴナジャマー-カーキミックス Speedo(スピード) スピード-フィットネス水着-Diagona-ディアゴナジャマー-カーキミックス 【フィットネス用】メンズ Diagona Jammer ディアゴナジャマー スイムパンツ/スパッツ SF62250 SF62250E エクササイズ用水着初心者 UVカット機能 インナー付き javascript:void(0) 5つ星のうち3.8 48ポイント(1%) ￥4,832 ￥ 4,832","B0B2NVCWP1,B0BLZ7JGRH,B0B2NT6F56,B0B2NV5592",
swimmingattireothers_20260721.csv,240,swimmingattireothers,SAFE,B0C5LXP1L9,フィットネス水着 ビッグライナールーズジャマー メンズ,,5800,category_allow,フィットネス水着,カテゴリ許可ワード一致(contains),https://www.amazon.co.jp/%E3%82%B9%E3%83%94%E3%83%BC%E3%83%89-%E3%83%95%E3%82%A3%E3%83%83%E3%83%88%E3%83%8D%E3%82%B9%E6%B0%B4%E7%9D%80-Jammer-%E3%83%93%E3%83%83%E3%82%B0%E3%83%A9%E3%82%A4%E3%83%8A%E3%83%BC%E3%83%AB%E3%83%BC%E3%82%BA%E3%82%B8%E3%83%A3%E3%83%9E%E3%83%BC-SF62360/dp/B0C5LXP1L9/ref=sr_1_223?__mk_ja_JP=%E3%82%AB%E3%82%BF%E3%82%AB%E3%83%8A&crid=1VZWPQ7PCEW9L&dd=1G8INUDRiTN5hha909GVNQ%2C%2C&dib=eyJ2IjoiMSJ9.qHDwpPLE4BZRXAFmmkmYYGI0AFF9UOEMPWjCMt3iXicPkAALU3tRzgL8eQ_e9oPAIATBSK_9hWaTGaYtMZf1hGhzhwN2vKva7gYrTcPG_edLTXzt4sb6oyegnhEgirCP9ULUImew1i4r-18eLIE5jnTA2whdWQLhvU6gMrztAZszvwrKLL3SchVx6eLlnxNKvTmpyrNH0J9HIP6FaQJAgnR3Z8rSu61SX2S7kYLQ3w3J47I-URL9splU0tW_MkpK4ZB9w_8r0vJMl8phq_mcRC0Oh9ZtiqbxOg41F2l8CyI.JBEeiXguBWhNM1eORhtZTdt2wyEnw2aDdJ3wOy1QNXE&dib_tag=se&keywords=%E3%82%A2%E3%83%AA%E3%83%BC%E3%83%8A+%E3%83%A1%E3%83%B3%E3%82%BA+%E6%B0%B4%E7%9D%80&qid=1784617407&refinements=p_90%3A3428068051%2Cp_n_g-101015233022111%3A24821512051&rnid=24821510051&sprefix=%E3%82%A2%E3%83%AA%E3%83%BC%E3%83%8A+%E3%83%A1%E3%83%B3%E3%82%BA+%E6%B0%B4%E7%9D%80%2Caps%2C325&sr=8-223&ufe=app_do%3Aamzn1.fos.35785624-70c4-44ae-a5c3-3f044f475d63&xpid=PK80Z_zVbJf9i,https://m.media-amazon.com/images/I/41-Z-0snDDL._AC_UL320_.jpg,"スピード-フィットネス水着-Jammer-ビッグライナールーズジャマー-SF62360 スピード-フィットネス水着-Jammer-ビッグライナールーズジャマー-SF62360 スピード-フィットネス水着-Jammer-ビッグライナールーズジャマー-SF62360 スピード-フィットネス水着-Jammer-ビッグライナールーズジャマー-SF62360 スピード-フィットネス水着-Jammer-ビッグライナールーズジャマー-SF62360 Speedo(スピード) スピード-フィットネス水着-Jammer-ビッグライナールーズジャマー-SF62360 フィットネス水着 ビッグライナールーズジャマー メンズ javascript:void(0) 5つ星のうち3.8 参考: スピード-フィットネス水着-Jammer-ビッグライナールーズジャマー-SF62360 ￥5,800 ￥ 5,800 参考: ￥7,150 ￥7,150 ￥7,150","B0C5LXP1L9,B0C5LXK26R,B0C5LX56SL,B0C5LV7NR6,B0H25Q64H5",
swimmingattireothers_20260721.csv,242,swimmingattireothers,SAFE,B0FM3R7SPZ,メンズ サーフパンツ 水着 グラデーションプリント 海パン 速乾 男性用 海水パンツ 水陸両用 短ズボン フィットネス水着 スイムウェア おしゃれ フィットネス ビーチ プール 海水浴に最適,,999,category_allow,フィットネス水着,カテゴリ許可ワード一致(contains),https://www.amazon.co.jp/Moerstar-%E3%83%95%E3%82%A3%E3%83%83%E3%83%88%E3%83%8D%E3%82%B9%E6%B0%B4%E7%9D%80-%E3%82%B5%E3%83%BC%E3%83%95%E3%83%91%E3%83%B3%E3%83%84-%E3%83%A1%E3%83%83%E3%82%B7%E3%83%A5%E3%82%A4%E3%83%B3%E3%83%8A%E3%83%BC-%E3%82%A2%E3%83%AB%E3%83%95%E3%82%A1%E3%83%99%E3%83%83%E3%83%88/dp/B0FM3R7SPZ/ref=sr_1_225?__mk_ja_JP=%E3%82%AB%E3%82%BF%E3%82%AB%E3%83%8A&crid=1VZWPQ7PCEW9L&dd=1G8INUDRiTN5hha909GVNQ%2C%2C&dib=eyJ2IjoiMSJ9.qHDwpPLE4BZRXAFmmkmYYGI0AFF9UOEMPWjCMt3iXicPkAALU3tRzgL8eQ_e9oPAIATBSK_9hWaTGaYtMZf1hGhzhwN2vKva7gYrTcPG_edLTXzt4sb6oyegnhEgirCP9ULUImew1i4r-18eLIE5jnTA2whdWQLhvU6gMrztAZszvwrKLL3SchVx6eLlnxNKvTmpyrNH0J9HIP6FaQJAgnR3Z8rSu61SX2S7kYLQ3w3J47I-URL9splU0tW_MkpK4ZB9w_8r0vJMl8phq_mcRC0Oh9ZtiqbxOg41F2l8CyI.JBEeiXguBWhNM1eORhtZTdt2wyEnw2aDdJ3wOy1QNXE&dib_tag=se&keywords=%E3%82%A2%E3%83%AA%E3%83%BC%E3%83%8A+%E3%83%A1%E3%83%B3%E3%82%BA+%E6%B0%B4%E7%9D%80&qid=1784617407&refinements=p_90%3A3428068051%2Cp_n_g-101015233022111%3A24821512051&rnid=24821510051&sprefix=%E3%82%A2%E3%83%AA%E3%83%BC%E3%83%8A+%E3%83%A1%E3%83%B3%E3%82%BA+%E6%B0%B4%E7%9D%80%2Caps%2C325&sr=8-225&ufe=app_do%3Aamzn1.fos.35785624-70c4-44ae-a5c3-3f044f475d63&xpid=PK80Z_zVbJf9i,https://m.media-amazon.com/images/I/71oWwXNDScL._AC_UL320_.jpg,Moerstar-フィットネス水着-サーフパンツ-メッシュインナー-アルファベット Moerstar-フィットネス水着-サーフパンツ-メッシュインナー-アルファベット Moerstar-フィットネス水着-サーフパンツ-メッシュインナー-アルファベット Moerstar-フィットネス水着-サーフパンツ-メッシュインナー-アルファベット Moerstar-フィットネス水着-サーフパンツ-メッシュインナー-アルファベット メンズ サーフパンツ 水着 グラデーションプリント 海パン 速乾 男性用 海水パンツ 水陸両用 短ズボン フィットネス水着 スイムウェア おしゃれ フィットネス ビーチ プール 海水浴に最適 Moerstar-フィットネス水着-サーフパンツ-メッシュインナー-アルファベット javascript:void(0) 5つ星のうち3.1 10ポイント(1%) ￥999 ￥ 999,"B0FM3R7SPZ,B0FM3PSQYD",
swimmingattireothers_20260721.csv,243,swimmingattireothers,SAFE,B0D1DVZWFT,水着 メンズ 水泳パンツ ボクサー型 スイムウェア 競泳水着 セクシー 競パン 紐付き 速乾 通気 ローライズ 夏 ビーチ 日光浴 温泉 AK2199,,1980,category_allow,競泳水着,カテゴリ許可ワード一致(contains),https://www.amazon.co.jp/Arjen-Kroos-%E6%B0%B4%E6%B3%B3%E3%83%91%E3%83%B3%E3%83%84-%E3%82%B9%E3%82%A4%E3%83%A0%E3%82%A6%E3%82%A7%E3%82%A2-AK2199-A1-%E3%83%8D%E3%82%A4%E3%83%93%E3%83%BC-1%E6%9E%9A/dp/B0D1DVZWFT/ref=sr_1_226?__mk_ja_JP=%E3%82%AB%E3%82%BF%E3%82%AB%E3%83%8A&crid=1VZWPQ7PCEW9L&dd=1G8INUDRiTN5hha909GVNQ%2C%2C&dib=eyJ2IjoiMSJ9.qHDwpPLE4BZRXAFmmkmYYGI0AFF9UOEMPWjCMt3iXicPkAALU3tRzgL8eQ_e9oPAIATBSK_9hWaTGaYtMZf1hGhzhwN2vKva7gYrTcPG_edLTXzt4sb6oyegnhEgirCP9ULUImew1i4r-18eLIE5jnTA2whdWQLhvU6gMrztAZszvwrKLL3SchVx6eLlnxNKvTmpyrNH0J9HIP6FaQJAgnR3Z8rSu61SX2S7kYLQ3w3J47I-URL9splU0tW_MkpK4ZB9w_8r0vJMl8phq_mcRC0Oh9ZtiqbxOg41F2l8CyI.JBEeiXguBWhNM1eORhtZTdt2wyEnw2aDdJ3wOy1QNXE&dib_tag=se&keywords=%E3%82%A2%E3%83%AA%E3%83%BC%E3%83%8A+%E3%83%A1%E3%83%B3%E3%82%BA+%E6%B0%B4%E7%9D%80&qid=1784617407&refinements=p_90%3A3428068051%2Cp_n_g-101015233022111%3A24821512051&rnid=24821510051&sprefix=%E3%82%A2%E3%83%AA%E3%83%BC%E3%83%8A+%E3%83%A1%E3%83%B3%E3%82%BA+%E6%B0%B4%E7%9D%80%2Caps%2C325&sr=8-226&ufe=app_do%3Aamzn1.fos.35785624-70c4-44ae-a5c3-3f044f475d63&xpid=PK80Z_zVbJf9i,https://m.media-amazon.com/images/I/81PFIrCg88L._AC_UL320_.jpg,"Arjen-Kroos-水泳パンツ-スイムウェア-AK2199-A1-ネイビー-1枚 Arjen-Kroos-水泳パンツ-スイムウェア-AK2199-A1-ネイビー-1枚 Arjen-Kroos-水泳パンツ-スイムウェア-AK2199-A1-ネイビー-1枚 Arjen-Kroos-水泳パンツ-スイムウェア-AK2199-A1-ネイビー-1枚 Arjen-Kroos-水泳パンツ-スイムウェア-AK2199-A1-ネイビー-1枚 Arjen Kroos Arjen-Kroos-水泳パンツ-スイムウェア-AK2199-A1-ネイビー-1枚 水着 メンズ 水泳パンツ ボクサー型 スイムウェア 競泳水着 セクシー 競パン 紐付き 速乾 通気 ローライズ 夏 ビーチ 日光浴 温泉 AK2199 javascript:void(0) 5つ星のうち3.8 ベストセラー8位 Arjen-Kroos-水泳パンツ-スイムウェア-AK2199-A1-ネイビー-1枚 ￥1,980 ￥ 1,980 198ポイント(10%)","B0D1DVZWFT,B0D1DT2ZD3,B0D1DT3DRW,B0D1FR8J5V,B0D1FN6BDK",
swimmingattireothers_20260721.csv,244,swimmingattireothers,SAFE,B0BLZ5LC67,競泳用トレーニング水着 プッシュアップターンズハーフボックス メンズ,,5596,category_allow,トレーニング水着,カテゴリ許可ワード一致(contains),https://www.amazon.co.jp/%E3%82%B9%E3%83%94%E3%83%BC%E3%83%89-%E7%AB%B6%E6%B3%B3%E7%94%A8%E3%83%88%E3%83%AC%E3%83%BC%E3%83%8B%E3%83%B3%E3%82%B0%E6%B0%B4%E7%9D%80-TurnS-%E3%83%97%E3%83%83%E3%82%B7%E3%83%A5%E3%82%A2%E3%83%83%E3%83%97%E3%82%BF%E3%83%BC%E3%83%B3%E3%82%BA%E3%83%8F%E3%83%BC%E3%83%95%E3%83%9C%E3%83%83%E3%82%AF%E3%82%B9-ST52302/dp/B0BLZ5LC67/ref=sr_1_227?__mk_ja_JP=%E3%82%AB%E3%82%BF%E3%82%AB%E3%83%8A&crid=1VZWPQ7PCEW9L&dd=1G8INUDRiTN5hha909GVNQ%2C%2C&dib=eyJ2IjoiMSJ9.qHDwpPLE4BZRXAFmmkmYYGI0AFF9UOEMPWjCMt3iXicPkAALU3tRzgL8eQ_e9oPAIATBSK_9hWaTGaYtMZf1hGhzhwN2vKva7gYrTcPG_edLTXzt4sb6oyegnhEgirCP9ULUImew1i4r-18eLIE5jnTA2whdWQLhvU6gMrztAZszvwrKLL3SchVx6eLlnxNKvTmpyrNH0J9HIP6FaQJAgnR3Z8rSu61SX2S7kYLQ3w3J47I-URL9splU0tW_MkpK4ZB9w_8r0vJMl8phq_mcRC0Oh9ZtiqbxOg41F2l8CyI.JBEeiXguBWhNM1eORhtZTdt2wyEnw2aDdJ3wOy1QNXE&dib_tag=se&keywords=%E3%82%A2%E3%83%AA%E3%83%BC%E3%83%8A+%E3%83%A1%E3%83%B3%E3%82%BA+%E6%B0%B4%E7%9D%80&qid=1784617407&refinements=p_90%3A3428068051%2Cp_n_g-101015233022111%3A24821512051&rnid=24821510051&sprefix=%E3%82%A2%E3%83%AA%E3%83%BC%E3%83%8A+%E3%83%A1%E3%83%B3%E3%82%BA+%E6%B0%B4%E7%9D%80%2Caps%2C325&sr=8-227&ufe=app_do%3Aamzn1.fos.35785624-70c4-44ae-a5c3-3f044f475d63&xpid=PK80Z_zVbJf9i,https://m.media-amazon.com/images/I/51+5DAB1XwL._AC_UL320_.jpg,"スピード-競泳用トレーニング水着-TurnS-プッシュアップターンズハーフボックス-ST52302 スピード-競泳用トレーニング水着-TurnS-プッシュアップターンズハーフボックス-ST52302 スピード-競泳用トレーニング水着-TurnS-プッシュアップターンズハーフボックス-ST52302 スピード-競泳用トレーニング水着-TurnS-プッシュアップターンズハーフボックス-ST52302 スピード-競泳用トレーニング水着-TurnS-プッシュアップターンズハーフボックス-ST52302 Speedo(スピード) スピード-競泳用トレーニング水着-TurnS-プッシュアップターンズハーフボックス-ST52302 競泳用トレーニング水着 プッシュアップターンズハーフボックス メンズ javascript:void(0) 5つ星のうち4.1 56ポイント(1%) スピード-競泳用トレーニング水着-TurnS-プッシュアップターンズハーフボックス-ST52302 ￥5,596 ￥ 5,596","B0BLZ5LC67,B0BLZ52984,B0DNJQVCLR,B0D3XBSXDB,B0F8VH72VF",
swimmingattireothers_20260721.csv,245,swimmingattireothers,SAFE,B0GTLG9CCL,競泳水着 メンズ フィットネス 水着 スイムウェア 水泳 競泳 サメ肌 撥水 速乾 通気 透け防止 3D立体裁断 スイミング 男性 大きいサイズ,,2699,category_allow,競泳水着,カテゴリ許可ワード一致(contains),https://www.amazon.co.jp/%E3%83%95%E3%82%A3%E3%83%83%E3%83%88%E3%83%8D%E3%82%B9-%E3%82%B9%E3%82%A4%E3%83%A0%E3%82%A6%E3%82%A7%E3%82%A2-3D%E7%AB%8B%E4%BD%93%E8%A3%81%E6%96%AD-%E3%82%B9%E3%82%A4%E3%83%9F%E3%83%B3%E3%82%B0-%E5%A4%A7%E3%81%8D%E3%81%84%E3%82%B5%E3%82%A4%E3%82%BA/dp/B0GTLG9CCL/ref=sr_1_228?__mk_ja_JP=%E3%82%AB%E3%82%BF%E3%82%AB%E3%83%8A&crid=1VZWPQ7PCEW9L&dd=1G8INUDRiTN5hha909GVNQ%2C%2C&dib=eyJ2IjoiMSJ9.qHDwpPLE4BZRXAFmmkmYYGI0AFF9UOEMPWjCMt3iXicPkAALU3tRzgL8eQ_e9oPAIATBSK_9hWaTGaYtMZf1hGhzhwN2vKva7gYrTcPG_edLTXzt4sb6oyegnhEgirCP9ULUImew1i4r-18eLIE5jnTA2whdWQLhvU6gMrztAZszvwrKLL3SchVx6eLlnxNKvTmpyrNH0J9HIP6FaQJAgnR3Z8rSu61SX2S7kYLQ3w3J47I-URL9splU0tW_MkpK4ZB9w_8r0vJMl8phq_mcRC0Oh9ZtiqbxOg41F2l8CyI.JBEeiXguBWhNM1eORhtZTdt2wyEnw2aDdJ3wOy1QNXE&dib_tag=se&keywords=%E3%82%A2%E3%83%AA%E3%83%BC%E3%83%8A+%E3%83%A1%E3%83%B3%E3%82%BA+%E6%B0%B4%E7%9D%80&qid=1784617407&refinements=p_90%3A3428068051%2Cp_n_g-101015233022111%3A24821512051&rnid=24821510051&sprefix=%E3%82%A2%E3%83%AA%E3%83%BC%E3%83%8A+%E3%83%A1%E3%83%B3%E3%82%BA+%E6%B0%B4%E7%9D%80%2Caps%2C325&sr=8-228&ufe=app_do%3Aamzn1.fos.35785624-70c4-44ae-a5c3-3f044f475d63&xpid=PK80Z_zVbJf9i,https://m.media-amazon.com/images/I/51NfNWM5YfL._AC_UL320_.jpg,"フィットネス-スイムウェア-3D立体裁断-スイミング-大きいサイズ フィットネス-スイムウェア-3D立体裁断-スイミング-大きいサイズ フィットネス-スイムウェア-3D立体裁断-スイミング-大きいサイズ フィットネス-スイムウェア-3D立体裁断-スイミング-大きいサイズ フィットネス-スイムウェア-3D立体裁断-スイミング-大きいサイズ 競泳水着 メンズ フィットネス 水着 スイムウェア 水泳 競泳 サメ肌 撥水 速乾 通気 透け防止 3D立体裁断 スイミング 男性 大きいサイズ javascript:void(0) 5つ星のうち4.6 参考: ￥2,699 ￥ 2,699 参考: ￥3,680 ダブルポイント ￥3,680 ￥3,680","B0GTLG9CCL,B0GTLLGZ6F",
swimmingattireothers_20260721.csv,246,swimmingattireothers,SAFE,B0CR3X3BXX,スイム 水泳 フィットネス 水着 ジム用 チャレンジスイマー メンズ STREAM ACE ストリームエース ハーフスパッツ N2MB1024 /大人 XS~2XL N2MB1424/ジュニア 120~140,,4170,category_allow,フィットネス水着,カテゴリ許可ワード一致(contains),https://www.amazon.co.jp/%E3%83%9F%E3%82%BA%E3%83%8E-N2MB1024-%E3%82%B9%E3%83%88%E3%83%AA%E3%83%BC%E3%83%A0%E3%82%A8%E3%83%BC%E3%82%B9-%E3%83%8F%E3%83%BC%E3%83%95%E3%82%B9%E3%83%91%E3%83%83%E3%83%84-AQUATICS%EF%BC%88FINA%EF%BC%9A%E5%9B%BD%E9%9A%9B%E6%B0%B4%E6%B3%B3%E9%80%A3%E7%9B%9F%EF%BC%89/dp/B0CR3X3BXX/ref=sr_1_229?__mk_ja_JP=%E3%82%AB%E3%82%BF%E3%82%AB%E3%83%8A&crid=1VZWPQ7PCEW9L&dd=1G8INUDRiTN5hha909GVNQ%2C%2C&dib=eyJ2IjoiMSJ9.qHDwpPLE4BZRXAFmmkmYYGI0AFF9UOEMPWjCMt3iXicPkAALU3tRzgL8eQ_e9oPAIATBSK_9hWaTGaYtMZf1hGhzhwN2vKva7gYrTcPG_edLTXzt4sb6oyegnhEgirCP9ULUImew1i4r-18eLIE5jnTA2whdWQLhvU6gMrztAZszvwrKLL3SchVx6eLlnxNKvTmpyrNH0J9HIP6FaQJAgnR3Z8rSu61SX2S7kYLQ3w3J47I-URL9splU0tW_MkpK4ZB9w_8r0vJMl8phq_mcRC0Oh9ZtiqbxOg41F2l8CyI.JBEeiXguBWhNM1eORhtZTdt2wyEnw2aDdJ3wOy1QNXE&dib_tag=se&keywords=%E3%82%A2%E3%83%AA%E3%83%BC%E3%83%8A+%E3%83%A1%E3%83%B3%E3%82%BA+%E6%B0%B4%E7%9D%80&qid=1784617407&refinements=p_90%3A3428068051%2Cp_n_g-101015233022111%3A24821512051&rnid=24821510051&sprefix=%E3%82%A2%E3%83%AA%E3%83%BC%E3%83%8A+%E3%83%A1%E3%83%B3%E3%82%BA+%E6%B0%B4%E7%9D%80%2Caps%2C325&sr=8-229&ufe=app_do%3Aamzn1.fos.35785624-70c4-44ae-a5c3-3f044f475d63&xpid=PK80Z_zVbJf9i,https://m.media-amazon.com/images/I/41J3M9NgY3L._AC_UL320_.jpg,"ミズノ-N2MB1024-ストリームエース-ハーフスパッツ-AQUATICS（FINA：国際水泳連盟） ミズノ-N2MB1024-ストリームエース-ハーフスパッツ-AQUATICS（FINA：国際水泳連盟） ミズノ-N2MB1024-ストリームエース-ハーフスパッツ-AQUATICS（FINA：国際水泳連盟） ミズノ-N2MB1024-ストリームエース-ハーフスパッツ-AQUATICS（FINA：国際水泳連盟） ミズノ-N2MB1024-ストリームエース-ハーフスパッツ-AQUATICS（FINA：国際水泳連盟） MIZUNO(ミズノ) ミズノ-N2MB1024-ストリームエース-ハーフスパッツ-AQUATICS（FINA：国際水泳連盟） スイム 水泳 フィットネス 水着 ジム用 チャレンジスイマー メンズ STREAM ACE ストリームエース ハーフスパッツ N2MB1024 /大人 XS~2XL N2MB1424/ジュニア 120~140 javascript:void(0) 5つ星のうち3.6 過去: ミズノ-N2MB1024-ストリームエース-ハーフスパッツ-AQUATICS（FINA：国際水泳連盟） ￥4,170 ￥ 4,170 過去: ￥4,383 ￥4,383 ￥4,383","B0CR3X3BXX,B0977RGQN6,B0DQNVPP2J,B0BR7FLBVS,B09P8C3FQY",
swimmingattireothers_20260721.csv,248,swimmingattireothers,SAFE,B0CHJX4G8X,スーパーシャインスムースコントラストステッチロゴレーシングスイムウェア競泳水着,,3980,category_allow,競泳水着,カテゴリ許可ワード一致(contains),https://www.amazon.co.jp/LEOHEX-%E3%82%B9%E3%83%BC%E3%83%91%E3%83%BC%E3%82%B7%E3%83%A3%E3%82%A4%E3%83%B3%E3%82%B9%E3%83%A0%E3%83%BC%E3%82%B9%E3%82%B3%E3%83%B3%E3%83%88%E3%83%A9%E3%82%B9%E3%83%88%E3%82%B9%E3%83%86%E3%83%83%E3%83%81%E3%83%AD%E3%82%B4%E3%83%AC%E3%83%BC%E3%82%B7%E3%83%B3%E3%82%B0%E3%82%B9%E3%82%A4%E3%83%A0%E3%82%A6%E3%82%A7%E3%82%A2%E7%AB%B6%E6%B3%B3%E6%B0%B4%E7%9D%80-L-%E3%82%B0%E3%83%AA%E3%83%BC%E3%83%B3/dp/B0CHJX4G8X/ref=sr_1_231?__mk_ja_JP=%E3%82%AB%E3%82%BF%E3%82%AB%E3%83%8A&crid=1VZWPQ7PCEW9L&dd=1G8INUDRiTN5hha909GVNQ%2C%2C&dib=eyJ2IjoiMSJ9.qHDwpPLE4BZRXAFmmkmYYGI0AFF9UOEMPWjCMt3iXicPkAALU3tRzgL8eQ_e9oPAIATBSK_9hWaTGaYtMZf1hGhzhwN2vKva7gYrTcPG_edLTXzt4sb6oyegnhEgirCP9ULUImew1i4r-18eLIE5jnTA2whdWQLhvU6gMrztAZszvwrKLL3SchVx6eLlnxNKvTmpyrNH0J9HIP6FaQJAgnR3Z8rSu61SX2S7kYLQ3w3J47I-URL9splU0tW_MkpK4ZB9w_8r0vJMl8phq_mcRC0Oh9ZtiqbxOg41F2l8CyI.JBEeiXguBWhNM1eORhtZTdt2wyEnw2aDdJ3wOy1QNXE&dib_tag=se&keywords=%E3%82%A2%E3%83%AA%E3%83%BC%E3%83%8A+%E3%83%A1%E3%83%B3%E3%82%BA+%E6%B0%B4%E7%9D%80&qid=1784617407&refinements=p_90%3A3428068051%2Cp_n_g-101015233022111%3A24821512051&rnid=24821510051&sprefix=%E3%82%A2%E3%83%AA%E3%83%BC%E3%83%8A+%E3%83%A1%E3%83%B3%E3%82%BA+%E6%B0%B4%E7%9D%80%2Caps%2C325&sr=8-231&ufe=app_do%3Aamzn1.fos.35785624-70c4-44ae-a5c3-3f044f475d63&xpid=PK80Z_zVbJf9i,https://m.media-amazon.com/images/I/615sAi2N5-L._AC_UL320_.jpg,"LEOHEX-スーパーシャインスムースコントラストステッチロゴレーシングスイムウェア競泳水着-L-グリーン LEOHEX-スーパーシャインスムースコントラストステッチロゴレーシングスイムウェア競泳水着-L-グリーン LEOHEX-スーパーシャインスムースコントラストステッチロゴレーシングスイムウェア競泳水着-L-グリーン LEOHEX-スーパーシャインスムースコントラストステッチロゴレーシングスイムウェア競泳水着-L-グリーン LEOHEX-スーパーシャインスムースコントラストステッチロゴレーシングスイムウェア競泳水着-L-グリーン LEOHEX LEOHEX-スーパーシャインスムースコントラストステッチロゴレーシングスイムウェア競泳水着-L-グリーン スーパーシャインスムースコントラストステッチロゴレーシングスイムウェア競泳水着 javascript:void(0) 5つ星のうち4.5 ベストセラー10位 LEOHEX-スーパーシャインスムースコントラストステッチロゴレーシングスイムウェア競泳水着-L-グリーン ￥3,980 ￥ 3,980","B0CHJX4G8X,B0CHJY1BMT,B0CHJXY32T,B0CHJW2LFQ,B0CHJTVKDD",
swimmingattireothers_20260721.csv,249,swimmingattireothers,SAFE,B0DNMMXGHQ,(アリーナ) 競泳水着 トレーニング用 メンズ 【TOUGHSUIT】 練習用 トレーニング向け AS5SWM09M,,7370,category_allow,競泳水着,カテゴリ許可ワード一致(contains),https://www.amazon.co.jp/arena-%E3%83%88%E3%83%AC%E3%83%BC%E3%83%8B%E3%83%B3%E3%82%B0%E7%94%A8-%E3%80%90TOUGHSUIT%E3%80%91-%E3%83%88%E3%83%AC%E3%83%BC%E3%83%8B%E3%83%B3%E3%82%B0%E5%90%91%E3%81%91-AS5SWM09M/dp/B0DNMMXGHQ/ref=sr_1_232?__mk_ja_JP=%E3%82%AB%E3%82%BF%E3%82%AB%E3%83%8A&crid=1VZWPQ7PCEW9L&dd=1G8INUDRiTN5hha909GVNQ%2C%2C&dib=eyJ2IjoiMSJ9.qHDwpPLE4BZRXAFmmkmYYGI0AFF9UOEMPWjCMt3iXicPkAALU3tRzgL8eQ_e9oPAIATBSK_9hWaTGaYtMZf1hGhzhwN2vKva7gYrTcPG_edLTXzt4sb6oyegnhEgirCP9ULUImew1i4r-18eLIE5jnTA2whdWQLhvU6gMrztAZszvwrKLL3SchVx6eLlnxNKvTmpyrNH0J9HIP6FaQJAgnR3Z8rSu61SX2S7kYLQ3w3J47I-URL9splU0tW_MkpK4ZB9w_8r0vJMl8phq_mcRC0Oh9ZtiqbxOg41F2l8CyI.JBEeiXguBWhNM1eORhtZTdt2wyEnw2aDdJ3wOy1QNXE&dib_tag=se&keywords=%E3%82%A2%E3%83%AA%E3%83%BC%E3%83%8A+%E3%83%A1%E3%83%B3%E3%82%BA+%E6%B0%B4%E7%9D%80&qid=1784617407&refinements=p_90%3A3428068051%2Cp_n_g-101015233022111%3A24821512051&rnid=24821510051&sprefix=%E3%82%A2%E3%83%AA%E3%83%BC%E3%83%8A+%E3%83%A1%E3%83%B3%E3%82%BA+%E6%B0%B4%E7%9D%80%2Caps%2C325&sr=8-232&ufe=app_do%3Aamzn1.fos.35785624-70c4-44ae-a5c3-3f044f475d63&xpid=PK80Z_zVbJf9i,https://m.media-amazon.com/images/I/61qCMSBMr5L._AC_UL320_.jpg,"arena-トレーニング用-【TOUGHSUIT】-トレーニング向け-AS5SWM09M arena-トレーニング用-【TOUGHSUIT】-トレーニング向け-AS5SWM09M arena-トレーニング用-【TOUGHSUIT】-トレーニング向け-AS5SWM09M arena-トレーニング用-【TOUGHSUIT】-トレーニング向け-AS5SWM09M arena-トレーニング用-【TOUGHSUIT】-トレーニング向け-AS5SWM09M ARENA arena-トレーニング用-【TOUGHSUIT】-トレーニング向け-AS5SWM09M (アリーナ) 競泳水着 トレーニング用 メンズ 【TOUGHSUIT】 練習用 トレーニング向け AS5SWM09M javascript:void(0) 5つ星のうち4.6 ￥7,370 ￥ 7,370","B0DNMMXGHQ,B0DNML6FGT,B0DNMPFGJL",
swimmingattireothers_20260721.csv,250,swimmingattireothers,SAFE,B0F9L8HQRP,スイム 競泳 水着 GX・SONIC STREAM ハーフスパッツ N2MBC525 N2MBC925,,3311,category_allow,競泳水着,カテゴリ許可ワード一致(contains),https://www.amazon.co.jp/%E3%83%9F%E3%82%BA%E3%83%8E-GX%E3%83%BBSONIC-%E3%83%8F%E3%83%BC%E3%83%95%E3%82%B9%E3%83%91%E3%83%83%E3%83%84-N2MBC525-%E3%83%96%E3%83%A9%E3%83%83%E3%82%AF%C3%97%E3%83%AC%E3%83%83%E3%83%89/dp/B0F9L8HQRP/ref=sr_1_233?__mk_ja_JP=%E3%82%AB%E3%82%BF%E3%82%AB%E3%83%8A&crid=1VZWPQ7PCEW9L&dd=1G8INUDRiTN5hha909GVNQ%2C%2C&dib=eyJ2IjoiMSJ9.qHDwpPLE4BZRXAFmmkmYYGI0AFF9UOEMPWjCMt3iXicPkAALU3tRzgL8eQ_e9oPAIATBSK_9hWaTGaYtMZf1hGhzhwN2vKva7gYrTcPG_edLTXzt4sb6oyegnhEgirCP9ULUImew1i4r-18eLIE5jnTA2whdWQLhvU6gMrztAZszvwrKLL3SchVx6eLlnxNKvTmpyrNH0J9HIP6FaQJAgnR3Z8rSu61SX2S7kYLQ3w3J47I-URL9splU0tW_MkpK4ZB9w_8r0vJMl8phq_mcRC0Oh9ZtiqbxOg41F2l8CyI.JBEeiXguBWhNM1eORhtZTdt2wyEnw2aDdJ3wOy1QNXE&dib_tag=se&keywords=%E3%82%A2%E3%83%AA%E3%83%BC%E3%83%8A+%E3%83%A1%E3%83%B3%E3%82%BA+%E6%B0%B4%E7%9D%80&qid=1784617407&refinements=p_90%3A3428068051%2Cp_n_g-101015233022111%3A24821512051&rnid=24821510051&sprefix=%E3%82%A2%E3%83%AA%E3%83%BC%E3%83%8A+%E3%83%A1%E3%83%B3%E3%82%BA+%E6%B0%B4%E7%9D%80%2Caps%2C325&sr=8-233&ufe=app_do%3Aamzn1.fos.35785624-70c4-44ae-a5c3-3f044f475d63&xpid=PK80Z_zVbJf9i,https://m.media-amazon.com/images/I/61Viaoz8I2L._AC_UL320_.jpg,"ミズノ-GX・SONIC-ハーフスパッツ-N2MBC525-ブラック×レッド ミズノ-GX・SONIC-ハーフスパッツ-N2MBC525-ブラック×レッド ミズノ-GX・SONIC-ハーフスパッツ-N2MBC525-ブラック×レッド ミズノ-GX・SONIC-ハーフスパッツ-N2MBC525-ブラック×レッド ミズノ-GX・SONIC-ハーフスパッツ-N2MBC525-ブラック×レッド MIZUNO(ミズノ) ミズノ-GX・SONIC-ハーフスパッツ-N2MBC525-ブラック×レッド スイム 競泳 水着 GX・SONIC STREAM ハーフスパッツ N2MBC525 N2MBC925 javascript:void(0) 5つ星のうち3.9 過去: ￥3,311 ￥ 3,311 過去: ￥3,880 ￥3,880 ￥3,880","B0F9L8HQRP,B0F9L4CMNP,B0F9L4DV6L,B0F9L7PYND",
swimmingattireothers_20260721.csv,254,swimmingattireothers,SAFE,B0C1V7J1ZN,フィットネス水着 リーボック メンズ水着 Reebok メンズ水着 メンズ メンズBOX 初心者 スイミング プール フィットネス,,3597,category_allow,フィットネス水着,カテゴリ許可ワード一致(contains),https://www.amazon.co.jp/%E3%83%95%E3%82%A3%E3%83%83%E3%83%88%E3%83%8D%E3%82%B9%E6%B0%B4%E7%9D%80-%E3%83%AA%E3%83%BC%E3%83%9C%E3%83%83%E3%82%AF-Reebok-%E3%83%A1%E3%83%B3%E3%82%BABOX-%E3%80%90422-900%E3%80%91BTQ/dp/B0C1V7J1ZN/ref=sr_1_237?__mk_ja_JP=%E3%82%AB%E3%82%BF%E3%82%AB%E3%83%8A&crid=1VZWPQ7PCEW9L&dd=1G8INUDRiTN5hha909GVNQ%2C%2C&dib=eyJ2IjoiMSJ9.qHDwpPLE4BZRXAFmmkmYYGI0AFF9UOEMPWjCMt3iXicPkAALU3tRzgL8eQ_e9oPAIATBSK_9hWaTGaYtMZf1hGhzhwN2vKva7gYrTcPG_edLTXzt4sb6oyegnhEgirCP9ULUImew1i4r-18eLIE5jnTA2whdWQLhvU6gMrztAZszvwrKLL3SchVx6eLlnxNKvTmpyrNH0J9HIP6FaQJAgnR3Z8rSu61SX2S7kYLQ3w3J47I-URL9splU0tW_MkpK4ZB9w_8r0vJMl8phq_mcRC0Oh9ZtiqbxOg41F2l8CyI.JBEeiXguBWhNM1eORhtZTdt2wyEnw2aDdJ3wOy1QNXE&dib_tag=se&keywords=%E3%82%A2%E3%83%AA%E3%83%BC%E3%83%8A+%E3%83%A1%E3%83%B3%E3%82%BA+%E6%B0%B4%E7%9D%80&qid=1784617407&refinements=p_90%3A3428068051%2Cp_n_g-101015233022111%3A24821512051&rnid=24821510051&sprefix=%E3%82%A2%E3%83%AA%E3%83%BC%E3%83%8A+%E3%83%A1%E3%83%B3%E3%82%BA+%E6%B0%B4%E7%9D%80%2Caps%2C325&sr=8-237&ufe=app_do%3Aamzn1.fos.35785624-70c4-44ae-a5c3-3f044f475d63&xpid=PK80Z_zVbJf9i,https://m.media-amazon.com/images/I/411PbF-zjxL._AC_UL320_.jpg,"フィットネス水着-リーボック-Reebok-メンズBOX-【422-900】BTQ フィットネス水着-リーボック-Reebok-メンズBOX-【422-900】BTQ フィットネス水着-リーボック-Reebok-メンズBOX-【422-900】BTQ フィットネス水着-リーボック-Reebok-メンズBOX-【422-900】BTQ フィットネス水着-リーボック-Reebok-メンズBOX-【422-900】BTQ Reebok(リーボック) フィットネス水着-リーボック-Reebok-メンズBOX-【422-900】BTQ フィットネス水着 リーボック メンズ水着 Reebok メンズ水着 メンズ メンズBOX 初心者 スイミング プール フィットネス 36ポイント(1%) ￥3,597 ￥ 3,597","B0C1V7J1ZN,B0C1V64J6T,B0C1V65764,B0C1V64CSV,B0C1V72DW2",
swimmingattireothers_20260721.csv,256,swimmingattireothers,SAFE,B0GL864L2T,水泳 Basic 水着 競泳 フィットネス メンズ ハーフスパッツ N2MBDA13 82：ネイビー×ブルー 2XL,,2942,category_allow,ハーフスパッツ,カテゴリ許可ワード一致(contains),https://www.amazon.co.jp/MIZUNO-%E3%83%9F%E3%82%BA%E3%83%8E-%E3%83%8F%E3%83%BC%E3%83%95%E3%82%B9%E3%83%91%E3%83%83%E3%83%84-N2MBDA13-82%EF%BC%9A%E3%83%8D%E3%82%A4%E3%83%93%E3%83%BC%C3%97%E3%83%96%E3%83%AB%E3%83%BC/dp/B0GL864L2T/ref=sr_1_239?__mk_ja_JP=%E3%82%AB%E3%82%BF%E3%82%AB%E3%83%8A&crid=1VZWPQ7PCEW9L&dd=1G8INUDRiTN5hha909GVNQ%2C%2C&dib=eyJ2IjoiMSJ9.qHDwpPLE4BZRXAFmmkmYYGI0AFF9UOEMPWjCMt3iXicPkAALU3tRzgL8eQ_e9oPAIATBSK_9hWaTGaYtMZf1hGhzhwN2vKva7gYrTcPG_edLTXzt4sb6oyegnhEgirCP9ULUImew1i4r-18eLIE5jnTA2whdWQLhvU6gMrztAZszvwrKLL3SchVx6eLlnxNKvTmpyrNH0J9HIP6FaQJAgnR3Z8rSu61SX2S7kYLQ3w3J47I-URL9splU0tW_MkpK4ZB9w_8r0vJMl8phq_mcRC0Oh9ZtiqbxOg41F2l8CyI.JBEeiXguBWhNM1eORhtZTdt2wyEnw2aDdJ3wOy1QNXE&dib_tag=se&keywords=%E3%82%A2%E3%83%AA%E3%83%BC%E3%83%8A+%E3%83%A1%E3%83%B3%E3%82%BA+%E6%B0%B4%E7%9D%80&qid=1784617407&refinements=p_90%3A3428068051%2Cp_n_g-101015233022111%3A24821512051&rnid=24821510051&sprefix=%E3%82%A2%E3%83%AA%E3%83%BC%E3%83%8A+%E3%83%A1%E3%83%B3%E3%82%BA+%E6%B0%B4%E7%9D%80%2Caps%2C325&sr=8-239&ufe=app_do%3Aamzn1.fos.35785624-70c4-44ae-a5c3-3f044f475d63&xpid=PK80Z_zVbJf9i,https://m.media-amazon.com/images/I/61a7cSA6ajL._AC_UL320_.jpg,"MIZUNO-ミズノ-ハーフスパッツ-N2MBDA13-82：ネイビー×ブルー MIZUNO-ミズノ-ハーフスパッツ-N2MBDA13-82：ネイビー×ブルー MIZUNO-ミズノ-ハーフスパッツ-N2MBDA13-82：ネイビー×ブルー MIZUNO(ミズノ) 水泳 Basic 水着 競泳 フィットネス メンズ ハーフスパッツ N2MBDA13 82：ネイビー×ブルー 2XL 29ポイント(1%) ￥2,942 ￥ 2,942",B0GL864L2T,
swimmingattireothers_20260721.csv,257,swimmingattireothers,SAFE,B0GL83YML9,水泳 Basic 水着 競泳 フィットネス メンズ ハーフスパッツ N2MBDA13 84：ネイビー×イエロー XL,,3432,category_allow,ハーフスパッツ,カテゴリ許可ワード一致(contains),https://www.amazon.co.jp/MIZUNO-%E3%83%9F%E3%82%BA%E3%83%8E-%E3%83%8F%E3%83%BC%E3%83%95%E3%82%B9%E3%83%91%E3%83%83%E3%83%84-N2MBDA13-84%EF%BC%9A%E3%83%8D%E3%82%A4%E3%83%93%E3%83%BC%C3%97%E3%82%A4%E3%82%A8%E3%83%AD%E3%83%BC/dp/B0GL83YML9/ref=sr_1_240?__mk_ja_JP=%E3%82%AB%E3%82%BF%E3%82%AB%E3%83%8A&crid=1VZWPQ7PCEW9L&dd=1G8INUDRiTN5hha909GVNQ%2C%2C&dib=eyJ2IjoiMSJ9.qHDwpPLE4BZRXAFmmkmYYGI0AFF9UOEMPWjCMt3iXicPkAALU3tRzgL8eQ_e9oPAIATBSK_9hWaTGaYtMZf1hGhzhwN2vKva7gYrTcPG_edLTXzt4sb6oyegnhEgirCP9ULUImew1i4r-18eLIE5jnTA2whdWQLhvU6gMrztAZszvwrKLL3SchVx6eLlnxNKvTmpyrNH0J9HIP6FaQJAgnR3Z8rSu61SX2S7kYLQ3w3J47I-URL9splU0tW_MkpK4ZB9w_8r0vJMl8phq_mcRC0Oh9ZtiqbxOg41F2l8CyI.JBEeiXguBWhNM1eORhtZTdt2wyEnw2aDdJ3wOy1QNXE&dib_tag=se&keywords=%E3%82%A2%E3%83%AA%E3%83%BC%E3%83%8A+%E3%83%A1%E3%83%B3%E3%82%BA+%E6%B0%B4%E7%9D%80&qid=1784617407&refinements=p_90%3A3428068051%2Cp_n_g-101015233022111%3A24821512051&rnid=24821510051&sprefix=%E3%82%A2%E3%83%AA%E3%83%BC%E3%83%8A+%E3%83%A1%E3%83%B3%E3%82%BA+%E6%B0%B4%E7%9D%80%2Caps%2C325&sr=8-240&ufe=app_do%3Aamzn1.fos.35785624-70c4-44ae-a5c3-3f044f475d63&xpid=PK80Z_zVbJf9i,https://m.media-amazon.com/images/I/61Mwi99zQ-L._AC_UL320_.jpg,"MIZUNO-ミズノ-ハーフスパッツ-N2MBDA13-84：ネイビー×イエロー MIZUNO-ミズノ-ハーフスパッツ-N2MBDA13-84：ネイビー×イエロー MIZUNO-ミズノ-ハーフスパッツ-N2MBDA13-84：ネイビー×イエロー MIZUNO(ミズノ) 水泳 Basic 水着 競泳 フィットネス メンズ ハーフスパッツ N2MBDA13 84：ネイビー×イエロー XL 987ポイント(29%) ￥3,432 ￥ 3,432",B0GL83YML9,
swimmingattireothers_20260721.csv,259,swimmingattireothers,SAFE,B0G1RG8KNV,【WA承認】 競泳水着 FLEX Σν High Waisted Jammer フレックスシグマニューハイウエスティドジャマー メンズ SC62604F,,6686,category_allow,競泳水着,カテゴリ許可ワード一致(contains),https://www.amazon.co.jp/%E3%82%B9%E3%83%94%E3%83%BC%E3%83%89-%E7%AB%B6%E6%B3%B3%E6%B0%B4%E7%9D%80-%E3%83%95%E3%83%AC%E3%83%83%E3%82%AF%E3%82%B9%E3%82%B7%E3%82%B0%E3%83%9E%E3%83%8B%E3%83%A5%E3%83%BC%E3%83%8F%E3%82%A4%E3%82%A6%E3%82%A8%E3%82%B9%E3%83%86%E3%82%A3%E3%83%89%E3%82%B8%E3%83%A3%E3%83%9E%E3%83%BC-%E3%83%96%E3%83%A9%E3%83%83%E3%82%AF-%E3%83%9F%E3%83%B3%E3%83%88/dp/B0G1RG8KNV/ref=sr_1_242?__mk_ja_JP=%E3%82%AB%E3%82%BF%E3%82%AB%E3%83%8A&crid=1VZWPQ7PCEW9L&dd=1G8INUDRiTN5hha909GVNQ%2C%2C&dib=eyJ2IjoiMSJ9.qHDwpPLE4BZRXAFmmkmYYGI0AFF9UOEMPWjCMt3iXicPkAALU3tRzgL8eQ_e9oPAIATBSK_9hWaTGaYtMZf1hGhzhwN2vKva7gYrTcPG_edLTXzt4sb6oyegnhEgirCP9ULUImew1i4r-18eLIE5jnTA2whdWQLhvU6gMrztAZszvwrKLL3SchVx6eLlnxNKvTmpyrNH0J9HIP6FaQJAgnR3Z8rSu61SX2S7kYLQ3w3J47I-URL9splU0tW_MkpK4ZB9w_8r0vJMl8phq_mcRC0Oh9ZtiqbxOg41F2l8CyI.JBEeiXguBWhNM1eORhtZTdt2wyEnw2aDdJ3wOy1QNXE&dib_tag=se&keywords=%E3%82%A2%E3%83%AA%E3%83%BC%E3%83%8A+%E3%83%A1%E3%83%B3%E3%82%BA+%E6%B0%B4%E7%9D%80&qid=1784617407&refinements=p_90%3A3428068051%2Cp_n_g-101015233022111%3A24821512051&rnid=24821510051&sprefix=%E3%82%A2%E3%83%AA%E3%83%BC%E3%83%8A+%E3%83%A1%E3%83%B3%E3%82%BA+%E6%B0%B4%E7%9D%80%2Caps%2C325&sr=8-242&ufe=app_do%3Aamzn1.fos.35785624-70c4-44ae-a5c3-3f044f475d63&xpid=PK80Z_zVbJf9i,https://m.media-amazon.com/images/I/51N9bK44-oL._AC_UL320_.jpg,"スピード-競泳水着-フレックスシグマニューハイウエスティドジャマー-ブラック-ミント スピード-競泳水着-フレックスシグマニューハイウエスティドジャマー-ブラック-ミント スピード-競泳水着-フレックスシグマニューハイウエスティドジャマー-ブラック-ミント スピード-競泳水着-フレックスシグマニューハイウエスティドジャマー-ブラック-ミント スピード-競泳水着-フレックスシグマニューハイウエスティドジャマー-ブラック-ミント Speedo(スピード) スピード-競泳水着-フレックスシグマニューハイウエスティドジャマー-ブラック-ミント 【WA承認】 競泳水着 FLEX Σν High Waisted Jammer フレックスシグマニューハイウエスティドジャマー メンズ SC62604F 67ポイント(1%) ￥6,686 ￥ 6,686","B0G1RG8KNV,B0G1RC8Y6B,B0G1QZNVTH,B0G1R7RB7B",
swimmingattireothers_20260721.csv,260,swimmingattireothers,SAFE,B0F8VLJCCJ,競泳用トレーニング水着 プッシュアップターンズボックス メンズ,,4105,category_allow,トレーニング水着,カテゴリ許可ワード一致(contains),https://www.amazon.co.jp/%E3%82%B9%E3%83%94%E3%83%BC%E3%83%89-%E7%AB%B6%E6%B3%B3%E7%94%A8%E3%83%88%E3%83%AC%E3%83%BC%E3%83%8B%E3%83%B3%E3%82%B0%E6%B0%B4%E7%9D%80-Push-TurnS-%E3%83%97%E3%83%83%E3%82%B7%E3%83%A5%E3%82%A2%E3%83%83%E3%83%97%E3%82%BF%E3%83%BC%E3%83%B3%E3%82%BA%E3%83%9C%E3%83%83%E3%82%AF%E3%82%B9/dp/B0F8VLJCCJ/ref=sr_1_243?__mk_ja_JP=%E3%82%AB%E3%82%BF%E3%82%AB%E3%83%8A&crid=1VZWPQ7PCEW9L&dd=1G8INUDRiTN5hha909GVNQ%2C%2C&dib=eyJ2IjoiMSJ9.qHDwpPLE4BZRXAFmmkmYYGI0AFF9UOEMPWjCMt3iXicPkAALU3tRzgL8eQ_e9oPAIATBSK_9hWaTGaYtMZf1hGhzhwN2vKva7gYrTcPG_edLTXzt4sb6oyegnhEgirCP9ULUImew1i4r-18eLIE5jnTA2whdWQLhvU6gMrztAZszvwrKLL3SchVx6eLlnxNKvTmpyrNH0J9HIP6FaQJAgnR3Z8rSu61SX2S7kYLQ3w3J47I-URL9splU0tW_MkpK4ZB9w_8r0vJMl8phq_mcRC0Oh9ZtiqbxOg41F2l8CyI.JBEeiXguBWhNM1eORhtZTdt2wyEnw2aDdJ3wOy1QNXE&dib_tag=se&keywords=%E3%82%A2%E3%83%AA%E3%83%BC%E3%83%8A+%E3%83%A1%E3%83%B3%E3%82%BA+%E6%B0%B4%E7%9D%80&qid=1784617407&refinements=p_90%3A3428068051%2Cp_n_g-101015233022111%3A24821512051&rnid=24821510051&sprefix=%E3%82%A2%E3%83%AA%E3%83%BC%E3%83%8A+%E3%83%A1%E3%83%B3%E3%82%BA+%E6%B0%B4%E7%9D%80%2Caps%2C325&sr=8-243&ufe=app_do%3Aamzn1.fos.35785624-70c4-44ae-a5c3-3f044f475d63&xpid=PK80Z_zVbJf9i,https://m.media-amazon.com/images/I/41gWQ4z0GML._AC_UL320_.jpg,"スピード-競泳用トレーニング水着-Push-TurnS-プッシュアップターンズボックス スピード-競泳用トレーニング水着-Push-TurnS-プッシュアップターンズボックス スピード-競泳用トレーニング水着-Push-TurnS-プッシュアップターンズボックス スピード-競泳用トレーニング水着-Push-TurnS-プッシュアップターンズボックス スピード-競泳用トレーニング水着-Push-TurnS-プッシュアップターンズボックス Speedo(スピード) スピード-競泳用トレーニング水着-Push-TurnS-プッシュアップターンズボックス 競泳用トレーニング水着 プッシュアップターンズボックス メンズ javascript:void(0) 5つ星のうち4.6 スピード-競泳用トレーニング水着-Push-TurnS-プッシュアップターンズボックス ￥4,105 ￥ 4,105","B0F8VLJCCJ,B0BLZ6WPQP,B0DNJMZYXR,B0D3X8GRJF,B0BLZ5XTD4",
swimmingattireothers_20260721.csv,261,swimmingattireothers,SAFE,B0G1RB4BZ1,【WA承認】 競泳水着 FLEX Σν High Waisted Jammer フレックスシグマニューハイウエスティドジャマー メンズ SC62609F,,8203,category_allow,競泳水着,カテゴリ許可ワード一致(contains),https://www.amazon.co.jp/%E3%82%B9%E3%83%94%E3%83%BC%E3%83%89-%E7%AB%B6%E6%B3%B3%E6%B0%B4%E7%9D%80-%E3%83%95%E3%83%AC%E3%83%83%E3%82%AF%E3%82%B9%E3%82%B7%E3%82%B0%E3%83%9E%E3%83%8B%E3%83%A5%E3%83%BC%E3%83%8F%E3%82%A4%E3%82%A6%E3%82%A8%E3%82%B9%E3%83%86%E3%82%A3%E3%83%89%E3%82%B8%E3%83%A3%E3%83%9E%E3%83%BC-%E3%83%B4%E3%82%A1%E3%82%A4%E3%82%AA%E3%83%AC%E3%83%83%E3%83%88/dp/B0G1RB4BZ1/ref=sr_1_244?__mk_ja_JP=%E3%82%AB%E3%82%BF%E3%82%AB%E3%83%8A&crid=1VZWPQ7PCEW9L&dd=1G8INUDRiTN5hha909GVNQ%2C%2C&dib=eyJ2IjoiMSJ9.qHDwpPLE4BZRXAFmmkmYYGI0AFF9UOEMPWjCMt3iXicPkAALU3tRzgL8eQ_e9oPAIATBSK_9hWaTGaYtMZf1hGhzhwN2vKva7gYrTcPG_edLTXzt4sb6oyegnhEgirCP9ULUImew1i4r-18eLIE5jnTA2whdWQLhvU6gMrztAZszvwrKLL3SchVx6eLlnxNKvTmpyrNH0J9HIP6FaQJAgnR3Z8rSu61SX2S7kYLQ3w3J47I-URL9splU0tW_MkpK4ZB9w_8r0vJMl8phq_mcRC0Oh9ZtiqbxOg41F2l8CyI.JBEeiXguBWhNM1eORhtZTdt2wyEnw2aDdJ3wOy1QNXE&dib_tag=se&keywords=%E3%82%A2%E3%83%AA%E3%83%BC%E3%83%8A+%E3%83%A1%E3%83%B3%E3%82%BA+%E6%B0%B4%E7%9D%80&qid=1784617407&refinements=p_90%3A3428068051%2Cp_n_g-101015233022111%3A24821512051&rnid=24821510051&sprefix=%E3%82%A2%E3%83%AA%E3%83%BC%E3%83%8A+%E3%83%A1%E3%83%B3%E3%82%BA+%E6%B0%B4%E7%9D%80%2Caps%2C325&sr=8-244&ufe=app_do%3Aamzn1.fos.35785624-70c4-44ae-a5c3-3f044f475d63&xpid=PK80Z_zVbJf9i,https://m.media-amazon.com/images/I/51wE0h-OMCL._AC_UL320_.jpg,"スピード-競泳水着-フレックスシグマニューハイウエスティドジャマー-ヴァイオレット スピード-競泳水着-フレックスシグマニューハイウエスティドジャマー-ヴァイオレット スピード-競泳水着-フレックスシグマニューハイウエスティドジャマー-ヴァイオレット スピード-競泳水着-フレックスシグマニューハイウエスティドジャマー-ヴァイオレット スピード-競泳水着-フレックスシグマニューハイウエスティドジャマー-ヴァイオレット Speedo(スピード) スピード-競泳水着-フレックスシグマニューハイウエスティドジャマー-ヴァイオレット 【WA承認】 競泳水着 FLEX Σν High Waisted Jammer フレックスシグマニューハイウエスティドジャマー メンズ SC62609F 82ポイント(1%) ￥8,203 ￥ 8,203","B0G1RB4BZ1,B0G1QYJNFV,B0G1RRHPPW",
swimmingattireothers_20260721.csv,273,swimmingattireothers,SAFE,B0F88MCHVJ,水着 メンズ 水泳パンツ ローライズ スイムパンツ 競パン フィットネス水着 紐付き ビーチ・プール・温泉用 夏水遊び 快適着用 速乾 スイムウェア 1枚 DG61,,1488,category_allow,フィットネス水着,カテゴリ許可ワード一致(contains),https://www.amazon.co.jp/DeerGirl-%E3%82%B9%E3%82%A4%E3%83%A0%E3%83%91%E3%83%B3%E3%83%84-%E3%83%95%E3%82%A3%E3%83%83%E3%83%88%E3%83%8D%E3%82%B9%E6%B0%B4%E7%9D%80-%E3%83%93%E3%83%BC%E3%83%81%E3%83%BB%E3%83%97%E3%83%BC%E3%83%AB%E3%83%BB%E6%B8%A9%E6%B3%89%E7%94%A8-%E3%82%B9%E3%82%A4%E3%83%A0%E3%82%A6%E3%82%A7%E3%82%A2/dp/B0F88MCHVJ/ref=sr_1_248?__mk_ja_JP=%E3%82%AB%E3%82%BF%E3%82%AB%E3%83%8A&crid=1VZWPQ7PCEW9L&dd=1G8INUDRiTN5hha909GVNQ%2C%2C&dib=eyJ2IjoiMSJ9.eiOXqaE6jglyjew6QvIe--FWQdu_PaJBsFqVOfjkgNGFiPI87RKlo4fiWfojX_bYOFdGB7pyISnkVxhuqOChs-uRVo_arCht5_ivDxss_TE.PVFoNmwvU0jMpGNzoTaQgbwS-DArNfijXCOnEfCbqwI&dib_tag=se&keywords=%E3%82%A2%E3%83%AA%E3%83%BC%E3%83%8A+%E3%83%A1%E3%83%B3%E3%82%BA+%E6%B0%B4%E7%9D%80&qid=1784617434&refinements=p_90%3A3428068051%2Cp_n_g-101015233022111%3A24821512051&rnid=24821510051&sprefix=%E3%82%A2%E3%83%AA%E3%83%BC%E3%83%8A+%E3%83%A1%E3%83%B3%E3%82%BA+%E6%B0%B4%E7%9D%80%2Caps%2C325&sr=8-248&ufe=app_do%3Aamzn1.fos.35785624-70c4-44ae-a5c3-3f044f475d63&xpid=PK80Z_zVbJf9i,https://m.media-amazon.com/images/I/61ijX-TOxXL._AC_UL320_.jpg,"DeerGirl-スイムパンツ-フィットネス水着-ビーチ・プール・温泉用-スイムウェア DeerGirl-スイムパンツ-フィットネス水着-ビーチ・プール・温泉用-スイムウェア DeerGirl-スイムパンツ-フィットネス水着-ビーチ・プール・温泉用-スイムウェア DeerGirl-スイムパンツ-フィットネス水着-ビーチ・プール・温泉用-スイムウェア DeerGirl-スイムパンツ-フィットネス水着-ビーチ・プール・温泉用-スイムウェア 水着 メンズ 水泳パンツ ローライズ スイムパンツ 競パン フィットネス水着 紐付き ビーチ・プール・温泉用 夏水遊び 快適着用 速乾 スイムウェア 1枚 DG61 DeerGirl-スイムパンツ-フィットネス水着-ビーチ・プール・温泉用-スイムウェア javascript:void(0) 5つ星のうち4.0 149ポイント(10%) ￥1,488 ￥ 1,488","B0F88MCHVJ,B0F88MLFKX,B0F88LH6WV",
swimmingattireothers_20260721.csv,274,swimmingattireothers,SAFE,B0DR87B3MX,メンズ 水着 フィットネス 競泳 水泳 プール スイム スイミング ジム 練習 トレーニング 速乾 耐塩素 伸縮性 スイムウエア パンツ,,1580,category_allow,メンズ水着,カテゴリ許可ワード一致(contains),https://www.amazon.co.jp/HELFiT-%E3%83%95%E3%82%A3%E3%83%83%E3%83%88%E3%83%8D%E3%82%B9-%E3%83%88%E3%83%AC%E3%83%BC%E3%83%8B%E3%83%B3%E3%82%B0-%E3%82%B9%E3%82%A4%E3%83%A0%E3%82%A6%E3%82%A8%E3%82%A2-%E3%82%A2%E3%83%AB%E3%83%95%E3%82%A1%E3%83%99%E3%83%83%E3%83%88/dp/B0DR87B3MX/ref=sr_1_249?__mk_ja_JP=%E3%82%AB%E3%82%BF%E3%82%AB%E3%83%8A&crid=1VZWPQ7PCEW9L&dd=1G8INUDRiTN5hha909GVNQ%2C%2C&dib=eyJ2IjoiMSJ9.eiOXqaE6jglyjew6QvIe--FWQdu_PaJBsFqVOfjkgNGFiPI87RKlo4fiWfojX_bYOFdGB7pyISnkVxhuqOChs-uRVo_arCht5_ivDxss_TE.PVFoNmwvU0jMpGNzoTaQgbwS-DArNfijXCOnEfCbqwI&dib_tag=se&keywords=%E3%82%A2%E3%83%AA%E3%83%BC%E3%83%8A+%E3%83%A1%E3%83%B3%E3%82%BA+%E6%B0%B4%E7%9D%80&qid=1784617434&refinements=p_90%3A3428068051%2Cp_n_g-101015233022111%3A24821512051&rnid=24821510051&sprefix=%E3%82%A2%E3%83%AA%E3%83%BC%E3%83%8A+%E3%83%A1%E3%83%B3%E3%82%BA+%E6%B0%B4%E7%9D%80%2Caps%2C325&sr=8-249&ufe=app_do%3Aamzn1.fos.35785624-70c4-44ae-a5c3-3f044f475d63&xpid=PK80Z_zVbJf9i,https://m.media-amazon.com/images/I/51NVBdRWcRL._AC_UL320_.jpg,"HELFiT-フィットネス-トレーニング-スイムウエア-アルファベット HELFiT-フィットネス-トレーニング-スイムウエア-アルファベット HELFiT-フィットネス-トレーニング-スイムウエア-アルファベット HELFiT-フィットネス-トレーニング-スイムウエア-アルファベット HELFiT-フィットネス-トレーニング-スイムウエア-アルファベット メンズ 水着 フィットネス 競泳 水泳 プール スイム スイミング ジム 練習 トレーニング 速乾 耐塩素 伸縮性 スイムウエア パンツ HELFiT-フィットネス-トレーニング-スイムウエア-アルファベット javascript:void(0) 5つ星のうち4.0 日本の中小企業 ￥1,580 ￥ 1,580 詳細はこちら","B0DR87B3MX,B0DR84V63D",
swimmingattireothers_20260721.csv,279,swimmingattireothers,SAFE,B0GL8C7K8C,水泳 Basic 水着 競泳 フィットネス メンズ ハーフスパッツ N2MBDA13 83：ネイビー×グリーン M,,3175,category_allow,ハーフスパッツ,カテゴリ許可ワード一致(contains),https://www.amazon.co.jp/MIZUNO-%E3%83%9F%E3%82%BA%E3%83%8E-%E3%83%8F%E3%83%BC%E3%83%95%E3%82%B9%E3%83%91%E3%83%83%E3%83%84-N2MBDA13-83%EF%BC%9A%E3%83%8D%E3%82%A4%E3%83%93%E3%83%BC%C3%97%E3%82%B0%E3%83%AA%E3%83%BC%E3%83%B3/dp/B0GL8C7K8C/ref=sr_1_254?__mk_ja_JP=%E3%82%AB%E3%82%BF%E3%82%AB%E3%83%8A&crid=1VZWPQ7PCEW9L&dd=1G8INUDRiTN5hha909GVNQ%2C%2C&dib=eyJ2IjoiMSJ9.mQ9oAk54pdv3g34CUS4tP7nUufOKFVd4s8pH7CB3qcQCApoICPQLrMRPRDTViJD6CJ_Pwwt1QzDKghAVNkDhie5C2qU_w_vesWdz3DKNIxBKKFjf0l_6sA5ogLJdKFC1ZdQYj6xeJ-rzjrtW_GoAKt0EjXWqyBeo51czMOY-Gp5r8jDH5v5yhP7nPHP0y6UP_mQOmd4zzRO4WNorxvr4eDJRSKvCVpncpxBVYP16egNorR7cUEfyzLED1XdSHLItnebj46p2gYsalW_y8nSIGOnxEvArFNmLuApb8msycTg.MJuhsv3aXVeukAXIusON918hXN2_9msOc_3K99tcDGs&dib_tag=se&keywords=%E3%82%A2%E3%83%AA%E3%83%BC%E3%83%8A+%E3%83%A1%E3%83%B3%E3%82%BA+%E6%B0%B4%E7%9D%80&qid=1784617434&refinements=p_90%3A3428068051%2Cp_n_g-101015233022111%3A24821512051&rnid=24821510051&sprefix=%E3%82%A2%E3%83%AA%E3%83%BC%E3%83%8A+%E3%83%A1%E3%83%B3%E3%82%BA+%E6%B0%B4%E7%9D%80%2Caps%2C325&sr=8-254&ufe=app_do%3Aamzn1.fos.35785624-70c4-44ae-a5c3-3f044f475d63&xpid=PK80Z_zVbJf9i,https://m.media-amazon.com/images/I/61nUPveI-EL._AC_UL320_.jpg,"MIZUNO-ミズノ-ハーフスパッツ-N2MBDA13-83：ネイビー×グリーン MIZUNO-ミズノ-ハーフスパッツ-N2MBDA13-83：ネイビー×グリーン MIZUNO-ミズノ-ハーフスパッツ-N2MBDA13-83：ネイビー×グリーン MIZUNO(ミズノ) 水泳 Basic 水着 競泳 フィットネス メンズ ハーフスパッツ N2MBDA13 83：ネイビー×グリーン M ￥3,175 ￥ 3,175",B0GL8C7K8C,
swimmingattireothers_20260721.csv,281,swimmingattireothers,SAFE,B0D2CF6JWD,水着 メンズ 海水パンツ メンズ 水着 サーフパンツ 水着 メンズ 海パン メンズ 水着 ショートパンツ メンズ 水着 メッシュインナー 男性用 スイムウェア かいぱん メンズ ビーチパンツ おしゃれ 水陸両用 速乾,,2460,category_allow,メンズ水着,カテゴリ許可ワード一致(contains),https://www.amazon.co.jp/AQRMOEYR-%E3%82%B5%E3%83%BC%E3%83%95%E3%83%91%E3%83%B3%E3%83%84-%E3%82%B7%E3%83%A7%E3%83%BC%E3%83%88%E3%83%91%E3%83%B3%E3%83%84-%E3%83%A1%E3%83%83%E3%82%B7%E3%83%A5%E3%82%A4%E3%83%B3%E3%83%8A%E3%83%BC-%E3%82%B9%E3%82%A4%E3%83%A0%E3%82%A6%E3%82%A7%E3%82%A2/dp/B0D2CF6JWD/ref=sr_1_256?__mk_ja_JP=%E3%82%AB%E3%82%BF%E3%82%AB%E3%83%8A&crid=1VZWPQ7PCEW9L&dd=1G8INUDRiTN5hha909GVNQ%2C%2C&dib=eyJ2IjoiMSJ9.mQ9oAk54pdv3g34CUS4tP7nUufOKFVd4s8pH7CB3qcQCApoICPQLrMRPRDTViJD6CJ_Pwwt1QzDKghAVNkDhie5C2qU_w_vesWdz3DKNIxBKKFjf0l_6sA5ogLJdKFC1ZdQYj6xeJ-rzjrtW_GoAKt0EjXWqyBeo51czMOY-Gp5r8jDH5v5yhP7nPHP0y6UP_mQOmd4zzRO4WNorxvr4eDJRSKvCVpncpxBVYP16egNorR7cUEfyzLED1XdSHLItnebj46p2gYsalW_y8nSIGOnxEvArFNmLuApb8msycTg.MJuhsv3aXVeukAXIusON918hXN2_9msOc_3K99tcDGs&dib_tag=se&keywords=%E3%82%A2%E3%83%AA%E3%83%BC%E3%83%8A+%E3%83%A1%E3%83%B3%E3%82%BA+%E6%B0%B4%E7%9D%80&qid=1784617434&refinements=p_90%3A3428068051%2Cp_n_g-101015233022111%3A24821512051&rnid=24821510051&sprefix=%E3%82%A2%E3%83%AA%E3%83%BC%E3%83%8A+%E3%83%A1%E3%83%B3%E3%82%BA+%E6%B0%B4%E7%9D%80%2Caps%2C325&sr=8-256&ufe=app_do%3Aamzn1.fos.35785624-70c4-44ae-a5c3-3f044f475d63&xpid=PK80Z_zVbJf9i,https://m.media-amazon.com/images/I/81tQzqdgFzL._AC_UL320_.jpg,"AQRMOEYR-サーフパンツ-ショートパンツ-メッシュインナー-スイムウェア AQRMOEYR-サーフパンツ-ショートパンツ-メッシュインナー-スイムウェア AQRMOEYR-サーフパンツ-ショートパンツ-メッシュインナー-スイムウェア AQRMOEYR-サーフパンツ-ショートパンツ-メッシュインナー-スイムウェア AQRMOEYR-サーフパンツ-ショートパンツ-メッシュインナー-スイムウェア 水着 メンズ 海水パンツ メンズ 水着 サーフパンツ 水着 メンズ 海パン メンズ 水着 ショートパンツ メンズ 水着 メッシュインナー 男性用 スイムウェア かいぱん メンズ ビーチパンツ おしゃれ 水陸両用 速乾 javascript:void(0) 5つ星のうち4.3 参考: ￥2,460 ￥ 2,460 参考: ￥3,180 ダブルポイント ￥3,180 ￥3,180","B0D2CF6JWD,B0D2CNQDNL,B0D2BYRXX5",
swimmingattireothers_20260721.csv,289,swimmingattireothers,SAFE,B0DQNX6SV8,競泳 練習用 トレーニング水着 メンズ エクサースーツ ハーフスパッツ N2MBB564,,5133,category_allow,トレーニング水着,カテゴリ許可ワード一致(contains),https://www.amazon.co.jp/%E3%82%B9%E3%82%A4%E3%83%A0%E3%82%B7%E3%83%A7%E3%83%BC%E3%83%84-%E3%82%A8%E3%82%AF%E3%82%B5%E3%83%BC%E3%82%B9%E3%83%BC%E3%83%84-%E3%83%8F%E3%83%BC%E3%83%95%E3%82%B9%E3%83%91%E3%83%83%E3%83%84-%E3%83%8D%E3%82%A4%E3%83%93%E3%83%BC-%E3%83%8D%E3%82%AA%E3%83%9F%E3%83%B3%E3%83%88/dp/B0DQNX6SV8/ref=sr_1_264?__mk_ja_JP=%E3%82%AB%E3%82%BF%E3%82%AB%E3%83%8A&crid=1VZWPQ7PCEW9L&dd=1G8INUDRiTN5hha909GVNQ%2C%2C&dib=eyJ2IjoiMSJ9.mQ9oAk54pdv3g34CUS4tP7nUufOKFVd4s8pH7CB3qcQCApoICPQLrMRPRDTViJD6CJ_Pwwt1QzDKghAVNkDhie5C2qU_w_vesWdz3DKNIxBKKFjf0l_6sA5ogLJdKFC1ZdQYj6xeJ-rzjrtW_GoAKt0EjXWqyBeo51czMOY-Gp5r8jDH5v5yhP7nPHP0y6UP_mQOmd4zzRO4WNorxvr4eDJRSKvCVpncpxBVYP16egNorR7cUEfyzLED1XdSHLItnebj46p2gYsalW_y8nSIGOnxEvArFNmLuApb8msycTg.MJuhsv3aXVeukAXIusON918hXN2_9msOc_3K99tcDGs&dib_tag=se&keywords=%E3%82%A2%E3%83%AA%E3%83%BC%E3%83%8A+%E3%83%A1%E3%83%B3%E3%82%BA+%E6%B0%B4%E7%9D%80&qid=1784617434&refinements=p_90%3A3428068051%2Cp_n_g-101015233022111%3A24821512051&rnid=24821510051&sprefix=%E3%82%A2%E3%83%AA%E3%83%BC%E3%83%8A+%E3%83%A1%E3%83%B3%E3%82%BA+%E6%B0%B4%E7%9D%80%2Caps%2C325&sr=8-264&ufe=app_do%3Aamzn1.fos.35785624-70c4-44ae-a5c3-3f044f475d63&xpid=PK80Z_zVbJf9i,https://m.media-amazon.com/images/I/41XRMZ5fw5L._AC_UL320_.jpg,"スイムショーツ-エクサースーツ-ハーフスパッツ-ネイビー-ネオミント スイムショーツ-エクサースーツ-ハーフスパッツ-ネイビー-ネオミント スイムショーツ-エクサースーツ-ハーフスパッツ-ネイビー-ネオミント スイムショーツ-エクサースーツ-ハーフスパッツ-ネイビー-ネオミント スイムショーツ-エクサースーツ-ハーフスパッツ-ネイビー-ネオミント MIZUNO(ミズノ) スイムショーツ-エクサースーツ-ハーフスパッツ-ネイビー-ネオミント 競泳 練習用 トレーニング水着 メンズ エクサースーツ ハーフスパッツ N2MBB564 javascript:void(0) 5つ星のうち3.3 51ポイント(1%) ￥5,133 ￥ 5,133","B0DQNX6SV8,B0D5M5JWJ2,B0D5M79H5P",
swimmingattireothers_20260721.csv,290,swimmingattireothers,SAFE,B0DQNYW2TD,水泳 競泳 レース水着 GX・SONIC DUAL ハーフスパッツ N2MBC030 メンズ,,7228,category_allow,ハーフスパッツ,カテゴリ許可ワード一致(contains),https://www.amazon.co.jp/%E3%83%9F%E3%82%BA%E3%83%8E-%E3%82%B9%E3%82%A4%E3%83%A0%E3%82%B7%E3%83%A7%E3%83%BC%E3%83%84-GX%E3%83%BBSONIC-DUAL-%E3%83%8F%E3%83%BC%E3%83%95%E3%82%B9%E3%83%91%E3%83%83%E3%83%84/dp/B0DQNYW2TD/ref=sr_1_265?__mk_ja_JP=%E3%82%AB%E3%82%BF%E3%82%AB%E3%83%8A&crid=1VZWPQ7PCEW9L&dd=1G8INUDRiTN5hha909GVNQ%2C%2C&dib=eyJ2IjoiMSJ9.mQ9oAk54pdv3g34CUS4tP7nUufOKFVd4s8pH7CB3qcQCApoICPQLrMRPRDTViJD6CJ_Pwwt1QzDKghAVNkDhie5C2qU_w_vesWdz3DKNIxBKKFjf0l_6sA5ogLJdKFC1ZdQYj6xeJ-rzjrtW_GoAKt0EjXWqyBeo51czMOY-Gp5r8jDH5v5yhP7nPHP0y6UP_mQOmd4zzRO4WNorxvr4eDJRSKvCVpncpxBVYP16egNorR7cUEfyzLED1XdSHLItnebj46p2gYsalW_y8nSIGOnxEvArFNmLuApb8msycTg.MJuhsv3aXVeukAXIusON918hXN2_9msOc_3K99tcDGs&dib_tag=se&keywords=%E3%82%A2%E3%83%AA%E3%83%BC%E3%83%8A+%E3%83%A1%E3%83%B3%E3%82%BA+%E6%B0%B4%E7%9D%80&qid=1784617434&refinements=p_90%3A3428068051%2Cp_n_g-101015233022111%3A24821512051&rnid=24821510051&sprefix=%E3%82%A2%E3%83%AA%E3%83%BC%E3%83%8A+%E3%83%A1%E3%83%B3%E3%82%BA+%E6%B0%B4%E7%9D%80%2Caps%2C325&sr=8-265&ufe=app_do%3Aamzn1.fos.35785624-70c4-44ae-a5c3-3f044f475d63&xpid=PK80Z_zVbJf9i,https://m.media-amazon.com/images/I/51GjQ0X6hCL._AC_UL320_.jpg,"ミズノ-スイムショーツ-GX・SONIC-DUAL-ハーフスパッツ ミズノ-スイムショーツ-GX・SONIC-DUAL-ハーフスパッツ ミズノ-スイムショーツ-GX・SONIC-DUAL-ハーフスパッツ ミズノ-スイムショーツ-GX・SONIC-DUAL-ハーフスパッツ ミズノ-スイムショーツ-GX・SONIC-DUAL-ハーフスパッツ MIZUNO(ミズノ) ミズノ-スイムショーツ-GX・SONIC-DUAL-ハーフスパッツ 水泳 競泳 レース水着 GX・SONIC DUAL ハーフスパッツ N2MBC030 メンズ javascript:void(0) 5つ星のうち3.8 72ポイント(1%) ￥7,228 ￥ 7,228","B0DQNYW2TD,B0DQNXCPW2,B0DQNZ47VN,B0DQNV3GLJ",
swimmingattireothers_20260721.csv,291,swimmingattireothers,SAFE,B00QUWBM04,"lemode(ルモード) 日本製 メンズ フィットネス水着 907 (M, レッド)",,1280,category_allow,フィットネス水着,カテゴリ許可ワード一致(contains),https://www.amazon.co.jp/lemode-%E3%83%AB%E3%83%A2%E3%83%BC%E3%83%89-%E6%97%A5%E6%9C%AC%E8%A3%BD-%E3%83%A1%E3%83%B3%E3%82%BA-%E3%83%95%E3%82%A3%E3%83%83%E3%83%88%E3%83%8D%E3%82%B9%E6%B0%B4%E7%9D%80/dp/B00QUWBM04/ref=sr_1_266?__mk_ja_JP=%E3%82%AB%E3%82%BF%E3%82%AB%E3%83%8A&crid=1VZWPQ7PCEW9L&dd=1G8INUDRiTN5hha909GVNQ%2C%2C&dib=eyJ2IjoiMSJ9.mQ9oAk54pdv3g34CUS4tP7nUufOKFVd4s8pH7CB3qcQCApoICPQLrMRPRDTViJD6CJ_Pwwt1QzDKghAVNkDhie5C2qU_w_vesWdz3DKNIxBKKFjf0l_6sA5ogLJdKFC1ZdQYj6xeJ-rzjrtW_GoAKt0EjXWqyBeo51czMOY-Gp5r8jDH5v5yhP7nPHP0y6UP_mQOmd4zzRO4WNorxvr4eDJRSKvCVpncpxBVYP16egNorR7cUEfyzLED1XdSHLItnebj46p2gYsalW_y8nSIGOnxEvArFNmLuApb8msycTg.MJuhsv3aXVeukAXIusON918hXN2_9msOc_3K99tcDGs&dib_tag=se&keywords=%E3%82%A2%E3%83%AA%E3%83%BC%E3%83%8A+%E3%83%A1%E3%83%B3%E3%82%BA+%E6%B0%B4%E7%9D%80&qid=1784617434&refinements=p_90%3A3428068051%2Cp_n_g-101015233022111%3A24821512051&rnid=24821510051&sprefix=%E3%82%A2%E3%83%AA%E3%83%BC%E3%83%8A+%E3%83%A1%E3%83%B3%E3%82%BA+%E6%B0%B4%E7%9D%80%2Caps%2C325&sr=8-266&ufe=app_do%3Aamzn1.fos.35785624-70c4-44ae-a5c3-3f044f475d63&xpid=PK80Z_zVbJf9i,https://m.media-amazon.com/images/I/71KcP0eoNQL._AC_UL320_.jpg,"lemode-ルモード-日本製-メンズ-フィットネス水着 lemode-ルモード-日本製-メンズ-フィットネス水着 lemode-ルモード-日本製-メンズ-フィットネス水着 lemode(ルモード) 日本製 メンズ フィットネス水着 907 (M, レッド) ￥1,280 ￥ 1,280",B00QUWBM04,
swimmingattireothers_20260721.csv,293,swimmingattireothers,SAFE,B0GL8J1HMY,水泳 競泳 フィットネス トレーニング メンズ エクサースーツ ショートスパッツ N2MBB060 27：ブルー×ライトブルー×イエロー L,,3511,category_allow,ショートスパッツ,カテゴリ許可ワード一致(contains),https://www.amazon.co.jp/MIZUNO-%E3%83%9F%E3%82%BA%E3%83%8E-%E3%82%B7%E3%83%A7%E3%83%BC%E3%83%88%E3%82%B9%E3%83%91%E3%83%83%E3%83%84-N2MBB060-27%EF%BC%9A%E3%83%96%E3%83%AB%E3%83%BC%C3%97%E3%83%A9%E3%82%A4%E3%83%88%E3%83%96%E3%83%AB%E3%83%BC%C3%97%E3%82%A4%E3%82%A8%E3%83%AD%E3%83%BC/dp/B0GL8J1HMY/ref=sr_1_268?__mk_ja_JP=%E3%82%AB%E3%82%BF%E3%82%AB%E3%83%8A&crid=1VZWPQ7PCEW9L&dd=1G8INUDRiTN5hha909GVNQ%2C%2C&dib=eyJ2IjoiMSJ9.mQ9oAk54pdv3g34CUS4tP7nUufOKFVd4s8pH7CB3qcQCApoICPQLrMRPRDTViJD6CJ_Pwwt1QzDKghAVNkDhie5C2qU_w_vesWdz3DKNIxBKKFjf0l_6sA5ogLJdKFC1ZdQYj6xeJ-rzjrtW_GoAKt0EjXWqyBeo51czMOY-Gp5r8jDH5v5yhP7nPHP0y6UP_mQOmd4zzRO4WNorxvr4eDJRSKvCVpncpxBVYP16egNorR7cUEfyzLED1XdSHLItnebj46p2gYsalW_y8nSIGOnxEvArFNmLuApb8msycTg.MJuhsv3aXVeukAXIusON918hXN2_9msOc_3K99tcDGs&dib_tag=se&keywords=%E3%82%A2%E3%83%AA%E3%83%BC%E3%83%8A+%E3%83%A1%E3%83%B3%E3%82%BA+%E6%B0%B4%E7%9D%80&qid=1784617434&refinements=p_90%3A3428068051%2Cp_n_g-101015233022111%3A24821512051&rnid=24821510051&sprefix=%E3%82%A2%E3%83%AA%E3%83%BC%E3%83%8A+%E3%83%A1%E3%83%B3%E3%82%BA+%E6%B0%B4%E7%9D%80%2Caps%2C325&sr=8-268&ufe=app_do%3Aamzn1.fos.35785624-70c4-44ae-a5c3-3f044f475d63&xpid=PK80Z_zVbJf9i,https://m.media-amazon.com/images/I/61SwzWbesGL._AC_UL320_.jpg,"MIZUNO-ミズノ-ショートスパッツ-N2MBB060-27：ブルー×ライトブルー×イエロー MIZUNO-ミズノ-ショートスパッツ-N2MBB060-27：ブルー×ライトブルー×イエロー MIZUNO-ミズノ-ショートスパッツ-N2MBB060-27：ブルー×ライトブルー×イエロー MIZUNO(ミズノ) 水泳 競泳 フィットネス トレーニング メンズ エクサースーツ ショートスパッツ N2MBB060 27：ブルー×ライトブルー×イエロー L 35ポイント(1%) ￥3,511 ￥ 3,511",B0GL8J1HMY,
swimmingattireothers_20260721.csv,295,swimmingattireothers,SAFE,B0G34C31Z9,スイムウェアスイム 3S スイムショーツ 8インチ KUX65メンズ,,5973,category_allow,スイムショーツ,カテゴリ許可ワード一致(contains),https://www.amazon.co.jp/%E3%82%A2%E3%83%87%E3%82%A3%E3%83%80%E3%82%B9-%E3%82%B9%E3%82%A4%E3%83%A0%E3%82%A6%E3%82%A7%E3%82%A2-3%E3%82%B9%E3%83%88%E3%83%A9%E3%82%A4%E3%83%97%E3%82%B9-%E3%82%B9%E3%82%A4%E3%83%A0%E3%82%B7%E3%83%A7%E3%83%BC%E3%83%84-KUX65/dp/B0G34C31Z9/ref=sr_1_270?__mk_ja_JP=%E3%82%AB%E3%82%BF%E3%82%AB%E3%83%8A&crid=1VZWPQ7PCEW9L&dd=1G8INUDRiTN5hha909GVNQ%2C%2C&dib=eyJ2IjoiMSJ9.mQ9oAk54pdv3g34CUS4tP7nUufOKFVd4s8pH7CB3qcQCApoICPQLrMRPRDTViJD6CJ_Pwwt1QzDKghAVNkDhie5C2qU_w_vesWdz3DKNIxBKKFjf0l_6sA5ogLJdKFC1ZdQYj6xeJ-rzjrtW_GoAKt0EjXWqyBeo51czMOY-Gp5r8jDH5v5yhP7nPHP0y6UP_mQOmd4zzRO4WNorxvr4eDJRSKvCVpncpxBVYP16egNorR7cUEfyzLED1XdSHLItnebj46p2gYsalW_y8nSIGOnxEvArFNmLuApb8msycTg.MJuhsv3aXVeukAXIusON918hXN2_9msOc_3K99tcDGs&dib_tag=se&keywords=%E3%82%A2%E3%83%AA%E3%83%BC%E3%83%8A+%E3%83%A1%E3%83%B3%E3%82%BA+%E6%B0%B4%E7%9D%80&qid=1784617434&refinements=p_90%3A3428068051%2Cp_n_g-101015233022111%3A24821512051&rnid=24821510051&sprefix=%E3%82%A2%E3%83%AA%E3%83%BC%E3%83%8A+%E3%83%A1%E3%83%B3%E3%82%BA+%E6%B0%B4%E7%9D%80%2Caps%2C325&sr=8-270&ufe=app_do%3Aamzn1.fos.35785624-70c4-44ae-a5c3-3f044f475d63&xpid=PK80Z_zVbJf9i,https://m.media-amazon.com/images/I/61Si10jA4LL._AC_UL320_.jpg,"アディダス-スイムウェア-3ストライプス-スイムショーツ-KUX65 アディダス-スイムウェア-3ストライプス-スイムショーツ-KUX65 アディダス-スイムウェア-3ストライプス-スイムショーツ-KUX65 adidas(アディダス) スイムウェアスイム 3S スイムショーツ 8インチ KUX65メンズ 60ポイント(1%) ￥5,973 ￥ 5,973",B0G34C31Z9,
swimmingattireothers_20260721.csv,296,swimmingattireothers,SAFE,B0DQNNR72G,水泳 フィットネス水着 ジム ハーフスパッツ メンズ N2JBC114,,5002,category_allow,フィットネス水着,カテゴリ許可ワード一致(contains),https://www.amazon.co.jp/%E3%83%9F%E3%82%BA%E3%83%8E-%E3%82%B9%E3%82%A4%E3%83%A0%E3%82%B7%E3%83%A7%E3%83%BC%E3%83%84-%E3%83%8F%E3%83%BC%E3%83%95%E3%82%B9%E3%83%91%E3%83%83%E3%83%84-%E3%83%8D%E3%82%A4%E3%83%93%E3%83%BC-%E3%82%B4%E3%83%BC%E3%83%AB%E3%83%89/dp/B0DQNNR72G/ref=sr_1_271?__mk_ja_JP=%E3%82%AB%E3%82%BF%E3%82%AB%E3%83%8A&crid=1VZWPQ7PCEW9L&dd=1G8INUDRiTN5hha909GVNQ%2C%2C&dib=eyJ2IjoiMSJ9.mQ9oAk54pdv3g34CUS4tP7nUufOKFVd4s8pH7CB3qcQCApoICPQLrMRPRDTViJD6CJ_Pwwt1QzDKghAVNkDhie5C2qU_w_vesWdz3DKNIxBKKFjf0l_6sA5ogLJdKFC1ZdQYj6xeJ-rzjrtW_GoAKt0EjXWqyBeo51czMOY-Gp5r8jDH5v5yhP7nPHP0y6UP_mQOmd4zzRO4WNorxvr4eDJRSKvCVpncpxBVYP16egNorR7cUEfyzLED1XdSHLItnebj46p2gYsalW_y8nSIGOnxEvArFNmLuApb8msycTg.MJuhsv3aXVeukAXIusON918hXN2_9msOc_3K99tcDGs&dib_tag=se&keywords=%E3%82%A2%E3%83%AA%E3%83%BC%E3%83%8A+%E3%83%A1%E3%83%B3%E3%82%BA+%E6%B0%B4%E7%9D%80&qid=1784617434&refinements=p_90%3A3428068051%2Cp_n_g-101015233022111%3A24821512051&rnid=24821510051&sprefix=%E3%82%A2%E3%83%AA%E3%83%BC%E3%83%8A+%E3%83%A1%E3%83%B3%E3%82%BA+%E6%B0%B4%E7%9D%80%2Caps%2C325&sr=8-271&ufe=app_do%3Aamzn1.fos.35785624-70c4-44ae-a5c3-3f044f475d63&xpid=PK80Z_zVbJf9i,https://m.media-amazon.com/images/I/41Ya1kmJBvL._AC_UL320_.jpg,"ミズノ-スイムショーツ-ハーフスパッツ-ネイビー-ゴールド ミズノ-スイムショーツ-ハーフスパッツ-ネイビー-ゴールド ミズノ-スイムショーツ-ハーフスパッツ-ネイビー-ゴールド ミズノ-スイムショーツ-ハーフスパッツ-ネイビー-ゴールド ミズノ-スイムショーツ-ハーフスパッツ-ネイビー-ゴールド MIZUNO(ミズノ) ミズノ-スイムショーツ-ハーフスパッツ-ネイビー-ゴールド 水泳 フィットネス水着 ジム ハーフスパッツ メンズ N2JBC114 50ポイント(1%) ￥5,002 ￥ 5,002","B0DQNNR72G,B0DQNS5J7Y,B0DQNP18H8,B0DQP1DFXX",
swimmingattireothers_20260721.csv,297,swimmingattireothers,SAFE,B0GYF5NNNG,スイム 水泳 競泳 メンズ ST Graphic ハーフスパッツ N2MBD544,,7475,category_allow,ハーフスパッツ,カテゴリ許可ワード一致(contains),https://www.amazon.co.jp/MIZUNO-%E3%83%9F%E3%82%BA%E3%83%8E-Graphic-N2MBD544-94%E3%83%96%E3%83%A9%E3%83%83%E3%82%AF%C3%97%E3%82%A4%E3%82%A8%E3%83%AD%E3%83%BC/dp/B0GYF5NNNG/ref=sr_1_272?__mk_ja_JP=%E3%82%AB%E3%82%BF%E3%82%AB%E3%83%8A&crid=1VZWPQ7PCEW9L&dd=1G8INUDRiTN5hha909GVNQ%2C%2C&dib=eyJ2IjoiMSJ9.mQ9oAk54pdv3g34CUS4tP7nUufOKFVd4s8pH7CB3qcQCApoICPQLrMRPRDTViJD6CJ_Pwwt1QzDKghAVNkDhie5C2qU_w_vesWdz3DKNIxBKKFjf0l_6sA5ogLJdKFC1ZdQYj6xeJ-rzjrtW_GoAKt0EjXWqyBeo51czMOY-Gp5r8jDH5v5yhP7nPHP0y6UP_mQOmd4zzRO4WNorxvr4eDJRSKvCVpncpxBVYP16egNorR7cUEfyzLED1XdSHLItnebj46p2gYsalW_y8nSIGOnxEvArFNmLuApb8msycTg.MJuhsv3aXVeukAXIusON918hXN2_9msOc_3K99tcDGs&dib_tag=se&keywords=%E3%82%A2%E3%83%AA%E3%83%BC%E3%83%8A+%E3%83%A1%E3%83%B3%E3%82%BA+%E6%B0%B4%E7%9D%80&qid=1784617434&refinements=p_90%3A3428068051%2Cp_n_g-101015233022111%3A24821512051&rnid=24821510051&sprefix=%E3%82%A2%E3%83%AA%E3%83%BC%E3%83%8A+%E3%83%A1%E3%83%B3%E3%82%BA+%E6%B0%B4%E7%9D%80%2Caps%2C325&sr=8-272&ufe=app_do%3Aamzn1.fos.35785624-70c4-44ae-a5c3-3f044f475d63&xpid=PK80Z_zVbJf9i,https://m.media-amazon.com/images/I/71fXG3bjmVL._AC_UL320_.jpg,"MIZUNO-ミズノ-Graphic-N2MBD544-94ブラック×イエロー MIZUNO-ミズノ-Graphic-N2MBD544-94ブラック×イエロー MIZUNO-ミズノ-Graphic-N2MBD544-94ブラック×イエロー MIZUNO-ミズノ-Graphic-N2MBD544-94ブラック×イエロー MIZUNO-ミズノ-Graphic-N2MBD544-94ブラック×イエロー MIZUNO(ミズノ) MIZUNO-ミズノ-Graphic-N2MBD544-94ブラック×イエロー スイム 水泳 競泳 メンズ ST Graphic ハーフスパッツ N2MBD544 75ポイント(1%) ￥7,475 ￥ 7,475","B0GYF5NNNG,B0GYDYKL3J,B0GYDXYSXF",
swimmingattireothers_20260721.csv,300,swimmingattireothers,SAFE,B0DQNSDGPT,水泳 フィットネス水着 ジム スイムショーツ ハーフスパッツ メンズ N2JBC115,,5571,category_allow,フィットネス水着,カテゴリ許可ワード一致(contains),https://www.amazon.co.jp/%E3%83%9F%E3%82%BA%E3%83%8E-%E3%82%B9%E3%82%A4%E3%83%A0%E3%82%B7%E3%83%A7%E3%83%BC%E3%83%84-%E3%83%8F%E3%83%BC%E3%83%95%E3%82%B9%E3%83%91%E3%83%83%E3%83%84-%E3%83%96%E3%83%A9%E3%83%83%E3%82%AF-%E3%82%B4%E3%83%BC%E3%83%AB%E3%83%89/dp/B0DQNSDGPT/ref=sr_1_275?__mk_ja_JP=%E3%82%AB%E3%82%BF%E3%82%AB%E3%83%8A&crid=1VZWPQ7PCEW9L&dd=1G8INUDRiTN5hha909GVNQ%2C%2C&dib=eyJ2IjoiMSJ9.mQ9oAk54pdv3g34CUS4tP7nUufOKFVd4s8pH7CB3qcQCApoICPQLrMRPRDTViJD6CJ_Pwwt1QzDKghAVNkDhie5C2qU_w_vesWdz3DKNIxBKKFjf0l_6sA5ogLJdKFC1ZdQYj6xeJ-rzjrtW_GoAKt0EjXWqyBeo51czMOY-Gp5r8jDH5v5yhP7nPHP0y6UP_mQOmd4zzRO4WNorxvr4eDJRSKvCVpncpxBVYP16egNorR7cUEfyzLED1XdSHLItnebj46p2gYsalW_y8nSIGOnxEvArFNmLuApb8msycTg.MJuhsv3aXVeukAXIusON918hXN2_9msOc_3K99tcDGs&dib_tag=se&keywords=%E3%82%A2%E3%83%AA%E3%83%BC%E3%83%8A+%E3%83%A1%E3%83%B3%E3%82%BA+%E6%B0%B4%E7%9D%80&qid=1784617434&refinements=p_90%3A3428068051%2Cp_n_g-101015233022111%3A24821512051&rnid=24821510051&sprefix=%E3%82%A2%E3%83%AA%E3%83%BC%E3%83%8A+%E3%83%A1%E3%83%B3%E3%82%BA+%E6%B0%B4%E7%9D%80%2Caps%2C325&sr=8-275&ufe=app_do%3Aamzn1.fos.35785624-70c4-44ae-a5c3-3f044f475d63&xpid=PK80Z_zVbJf9i,https://m.media-amazon.com/images/I/51Dnem0AdrL._AC_UL320_.jpg,"ミズノ-スイムショーツ-ハーフスパッツ-ブラック-ゴールド ミズノ-スイムショーツ-ハーフスパッツ-ブラック-ゴールド ミズノ-スイムショーツ-ハーフスパッツ-ブラック-ゴールド ミズノ-スイムショーツ-ハーフスパッツ-ブラック-ゴールド ミズノ-スイムショーツ-ハーフスパッツ-ブラック-ゴールド MIZUNO(ミズノ) ミズノ-スイムショーツ-ハーフスパッツ-ブラック-ゴールド 水泳 フィットネス水着 ジム スイムショーツ ハーフスパッツ メンズ N2JBC115 javascript:void(0) 5つ星のうち4.5 56ポイント(1%) ￥5,571 ￥ 5,571","B0DQNSDGPT,B0DQNV3G4Y,B0DQNYM87M,B0DQNNRNVT",
swimmingattireothers_20260721.csv,301,swimmingattireothers,SAFE,B0GL8K91WB,水泳 Basic 水着 競泳 フィットネス メンズ ハーフスパッツ N2MBDA13 83：ネイビー×グリーン XL,,3079,category_allow,ハーフスパッツ,カテゴリ許可ワード一致(contains),https://www.amazon.co.jp/MIZUNO-%E3%83%9F%E3%82%BA%E3%83%8E-%E3%83%8F%E3%83%BC%E3%83%95%E3%82%B9%E3%83%91%E3%83%83%E3%83%84-N2MBDA13-83%EF%BC%9A%E3%83%8D%E3%82%A4%E3%83%93%E3%83%BC%C3%97%E3%82%B0%E3%83%AA%E3%83%BC%E3%83%B3/dp/B0GL8K91WB/ref=sr_1_276?__mk_ja_JP=%E3%82%AB%E3%82%BF%E3%82%AB%E3%83%8A&crid=1VZWPQ7PCEW9L&dd=1G8INUDRiTN5hha909GVNQ%2C%2C&dib=eyJ2IjoiMSJ9.mQ9oAk54pdv3g34CUS4tP7nUufOKFVd4s8pH7CB3qcQCApoICPQLrMRPRDTViJD6CJ_Pwwt1QzDKghAVNkDhie5C2qU_w_vesWdz3DKNIxBKKFjf0l_6sA5ogLJdKFC1ZdQYj6xeJ-rzjrtW_GoAKt0EjXWqyBeo51czMOY-Gp5r8jDH5v5yhP7nPHP0y6UP_mQOmd4zzRO4WNorxvr4eDJRSKvCVpncpxBVYP16egNorR7cUEfyzLED1XdSHLItnebj46p2gYsalW_y8nSIGOnxEvArFNmLuApb8msycTg.MJuhsv3aXVeukAXIusON918hXN2_9msOc_3K99tcDGs&dib_tag=se&keywords=%E3%82%A2%E3%83%AA%E3%83%BC%E3%83%8A+%E3%83%A1%E3%83%B3%E3%82%BA+%E6%B0%B4%E7%9D%80&qid=1784617434&refinements=p_90%3A3428068051%2Cp_n_g-101015233022111%3A24821512051&rnid=24821510051&sprefix=%E3%82%A2%E3%83%AA%E3%83%BC%E3%83%8A+%E3%83%A1%E3%83%B3%E3%82%BA+%E6%B0%B4%E7%9D%80%2Caps%2C325&sr=8-276&ufe=app_do%3Aamzn1.fos.35785624-70c4-44ae-a5c3-3f044f475d63&xpid=PK80Z_zVbJf9i,https://m.media-amazon.com/images/I/61nUPveI-EL._AC_UL320_.jpg,"MIZUNO-ミズノ-ハーフスパッツ-N2MBDA13-83：ネイビー×グリーン MIZUNO-ミズノ-ハーフスパッツ-N2MBDA13-83：ネイビー×グリーン MIZUNO-ミズノ-ハーフスパッツ-N2MBDA13-83：ネイビー×グリーン MIZUNO(ミズノ) 水泳 Basic 水着 競泳 フィットネス メンズ ハーフスパッツ N2MBDA13 83：ネイビー×グリーン XL 31ポイント(1%) ￥3,079 ￥ 3,079",B0GL8K91WB,
swimmingattireothers_20260721.csv,302,swimmingattireothers,SAFE,B0GYDXLJ3X,スイム 水泳 競泳 メンズ ハーフスパッツ N2JBD116,,6000,category_allow,ハーフスパッツ,カテゴリ許可ワード一致(contains),https://www.amazon.co.jp/MIZUNO-%E3%83%9F%E3%82%BA%E3%83%8E-%E3%83%8F%E3%83%BC%E3%83%95%E3%82%B9%E3%83%91%E3%83%83%E3%83%84-N2JBD116-82%E3%83%8D%E3%82%A4%E3%83%93%E3%83%BC%C3%97%E5%BF%BD%E5%BF%98%E3%83%96%E3%83%AB%E3%83%BC/dp/B0GYDXLJ3X/ref=sr_1_277?__mk_ja_JP=%E3%82%AB%E3%82%BF%E3%82%AB%E3%83%8A&crid=1VZWPQ7PCEW9L&dd=1G8INUDRiTN5hha909GVNQ%2C%2C&dib=eyJ2IjoiMSJ9.mQ9oAk54pdv3g34CUS4tP7nUufOKFVd4s8pH7CB3qcQCApoICPQLrMRPRDTViJD6CJ_Pwwt1QzDKghAVNkDhie5C2qU_w_vesWdz3DKNIxBKKFjf0l_6sA5ogLJdKFC1ZdQYj6xeJ-rzjrtW_GoAKt0EjXWqyBeo51czMOY-Gp5r8jDH5v5yhP7nPHP0y6UP_mQOmd4zzRO4WNorxvr4eDJRSKvCVpncpxBVYP16egNorR7cUEfyzLED1XdSHLItnebj46p2gYsalW_y8nSIGOnxEvArFNmLuApb8msycTg.MJuhsv3aXVeukAXIusON918hXN2_9msOc_3K99tcDGs&dib_tag=se&keywords=%E3%82%A2%E3%83%AA%E3%83%BC%E3%83%8A+%E3%83%A1%E3%83%B3%E3%82%BA+%E6%B0%B4%E7%9D%80&qid=1784617434&refinements=p_90%3A3428068051%2Cp_n_g-101015233022111%3A24821512051&rnid=24821510051&sprefix=%E3%82%A2%E3%83%AA%E3%83%BC%E3%83%8A+%E3%83%A1%E3%83%B3%E3%82%BA+%E6%B0%B4%E7%9D%80%2Caps%2C325&sr=8-277&ufe=app_do%3Aamzn1.fos.35785624-70c4-44ae-a5c3-3f044f475d63&xpid=PK80Z_zVbJf9i,https://m.media-amazon.com/images/I/61hxVPxJ3bL._AC_UL320_.jpg,"MIZUNO-ミズノ-ハーフスパッツ-N2JBD116-82ネイビー×忽忘ブルー MIZUNO-ミズノ-ハーフスパッツ-N2JBD116-82ネイビー×忽忘ブルー MIZUNO-ミズノ-ハーフスパッツ-N2JBD116-82ネイビー×忽忘ブルー MIZUNO-ミズノ-ハーフスパッツ-N2JBD116-82ネイビー×忽忘ブルー MIZUNO-ミズノ-ハーフスパッツ-N2JBD116-82ネイビー×忽忘ブルー MIZUNO(ミズノ) スイム 水泳 競泳 メンズ ハーフスパッツ N2JBD116 60ポイント(1%) ￥6,000 ￥ 6,000","B0GYDXLJ3X,B0GYFD7YG7",
swimmingattireothers_20260721.csv,304,swimmingattireothers,SAFE,B0DNJQ5SM6,【トレーニング用】メンズ FLEX Σν Comfort Lap Jammer フレックスシグマニューコンフォートラップジャマー トランクス SF62501 4分丈 透けにくい 伸縮性,,8209,category_allow,ジャマー,カテゴリ許可ワード一致(contains),https://www.amazon.co.jp/%E3%82%B9%E3%83%94%E3%83%BC%E3%83%89-%E7%AB%B6%E6%B3%B3%E7%94%A8%E3%83%88%E3%83%AC%E3%83%BC%E3%83%8B%E3%83%B3%E3%82%B0%E6%B0%B4%E7%9D%80-Comfort-Jammer-%E3%83%95%E3%83%AC%E3%83%83%E3%82%AF%E3%82%B9%E3%82%B7%E3%82%B0%E3%83%9E%E3%83%8B%E3%83%A5%E3%83%BC%E3%82%B3%E3%83%B3%E3%83%95%E3%82%A9%E3%83%BC%E3%83%88%E3%83%A9%E3%83%83%E3%83%97%E3%82%B8%E3%83%A3%E3%83%9E%E3%83%BC/dp/B0DNJQ5SM6/ref=sr_1_279?__mk_ja_JP=%E3%82%AB%E3%82%BF%E3%82%AB%E3%83%8A&crid=1VZWPQ7PCEW9L&dd=1G8INUDRiTN5hha909GVNQ%2C%2C&dib=eyJ2IjoiMSJ9.mQ9oAk54pdv3g34CUS4tP7nUufOKFVd4s8pH7CB3qcQCApoICPQLrMRPRDTViJD6CJ_Pwwt1QzDKghAVNkDhie5C2qU_w_vesWdz3DKNIxBKKFjf0l_6sA5ogLJdKFC1ZdQYj6xeJ-rzjrtW_GoAKt0EjXWqyBeo51czMOY-Gp5r8jDH5v5yhP7nPHP0y6UP_mQOmd4zzRO4WNorxvr4eDJRSKvCVpncpxBVYP16egNorR7cUEfyzLED1XdSHLItnebj46p2gYsalW_y8nSIGOnxEvArFNmLuApb8msycTg.MJuhsv3aXVeukAXIusON918hXN2_9msOc_3K99tcDGs&dib_tag=se&keywords=%E3%82%A2%E3%83%AA%E3%83%BC%E3%83%8A+%E3%83%A1%E3%83%B3%E3%82%BA+%E6%B0%B4%E7%9D%80&qid=1784617434&refinements=p_90%3A3428068051%2Cp_n_g-101015233022111%3A24821512051&rnid=24821510051&sprefix=%E3%82%A2%E3%83%AA%E3%83%BC%E3%83%8A+%E3%83%A1%E3%83%B3%E3%82%BA+%E6%B0%B4%E7%9D%80%2Caps%2C325&sr=8-279&ufe=app_do%3Aamzn1.fos.35785624-70c4-44ae-a5c3-3f044f475d63&xpid=PK80Z_zVbJf9i,https://m.media-amazon.com/images/I/51O31HsINyL._AC_UL320_.jpg,"スピード-競泳用トレーニング水着-Comfort-Jammer-フレックスシグマニューコンフォートラップジャマー スピード-競泳用トレーニング水着-Comfort-Jammer-フレックスシグマニューコンフォートラップジャマー スピード-競泳用トレーニング水着-Comfort-Jammer-フレックスシグマニューコンフォートラップジャマー スピード-競泳用トレーニング水着-Comfort-Jammer-フレックスシグマニューコンフォートラップジャマー スピード-競泳用トレーニング水着-Comfort-Jammer-フレックスシグマニューコンフォートラップジャマー Speedo(スピード) スピード-競泳用トレーニング水着-Comfort-Jammer-フレックスシグマニューコンフォートラップジャマー 【トレーニング用】メンズ FLEX Σν Comfort Lap Jammer フレックスシグマニューコンフォートラップジャマー トランクス SF62501 4分丈 透けにくい 伸縮性 javascript:void(0) 5つ星のうち3.6 82ポイント(1%) ￥8,209 ￥ 8,209","B0DNJQ5SM6,B0DNJQ2CZ8,B0DNJM7H72,B0DNJP7VJK",
swimmingattireothers_20260721.csv,305,swimmingattireothers,SAFE,B0GYF56XYD,スイム 水泳 競泳 メンズ ハーフスパッツ N2JBD111,,6066,category_allow,ハーフスパッツ,カテゴリ許可ワード一致(contains),https://www.amazon.co.jp/MIZUNO-%E3%83%9F%E3%82%BA%E3%83%8E-%E3%83%8F%E3%83%BC%E3%83%95%E3%82%B9%E3%83%91%E3%83%83%E3%83%84-N2JBD111-94%E3%83%96%E3%83%A9%E3%83%83%E3%82%AF%C3%97%E3%82%A4%E3%82%A8%E3%83%AD%E3%83%BC/dp/B0GYF56XYD/ref=sr_1_280?__mk_ja_JP=%E3%82%AB%E3%82%BF%E3%82%AB%E3%83%8A&crid=1VZWPQ7PCEW9L&dd=1G8INUDRiTN5hha909GVNQ%2C%2C&dib=eyJ2IjoiMSJ9.mQ9oAk54pdv3g34CUS4tP7nUufOKFVd4s8pH7CB3qcQCApoICPQLrMRPRDTViJD6CJ_Pwwt1QzDKghAVNkDhie5C2qU_w_vesWdz3DKNIxBKKFjf0l_6sA5ogLJdKFC1ZdQYj6xeJ-rzjrtW_GoAKt0EjXWqyBeo51czMOY-Gp5r8jDH5v5yhP7nPHP0y6UP_mQOmd4zzRO4WNorxvr4eDJRSKvCVpncpxBVYP16egNorR7cUEfyzLED1XdSHLItnebj46p2gYsalW_y8nSIGOnxEvArFNmLuApb8msycTg.MJuhsv3aXVeukAXIusON918hXN2_9msOc_3K99tcDGs&dib_tag=se&keywords=%E3%82%A2%E3%83%AA%E3%83%BC%E3%83%8A+%E3%83%A1%E3%83%B3%E3%82%BA+%E6%B0%B4%E7%9D%80&qid=1784617434&refinements=p_90%3A3428068051%2Cp_n_g-101015233022111%3A24821512051&rnid=24821510051&sprefix=%E3%82%A2%E3%83%AA%E3%83%BC%E3%83%8A+%E3%83%A1%E3%83%B3%E3%82%BA+%E6%B0%B4%E7%9D%80%2Caps%2C325&sr=8-280&ufe=app_do%3Aamzn1.fos.35785624-70c4-44ae-a5c3-3f044f475d63&xpid=PK80Z_zVbJf9i,https://m.media-amazon.com/images/I/51RmeVWmICL._AC_UL320_.jpg,"MIZUNO-ミズノ-ハーフスパッツ-N2JBD111-94ブラック×イエロー MIZUNO-ミズノ-ハーフスパッツ-N2JBD111-94ブラック×イエロー MIZUNO-ミズノ-ハーフスパッツ-N2JBD111-94ブラック×イエロー MIZUNO(ミズノ) スイム 水泳 競泳 メンズ ハーフスパッツ N2JBD111 61ポイント(1%) ￥6,066 ￥ 6,066",B0GYF56XYD,
swimmingattireothers_20260721.csv,306,swimmingattireothers,SAFE,B0BLZ6QDNM,フィットネス水着 Comfort Lap Jammer コンフォートラップジャマー,,4268,category_allow,フィットネス水着,カテゴリ許可ワード一致(contains),https://www.amazon.co.jp/%E3%82%B9%E3%83%94%E3%83%BC%E3%83%89-%E3%83%95%E3%82%A3%E3%83%83%E3%83%88%E3%83%8D%E3%82%B9%E6%B0%B4%E7%9D%80-Comfort-%E3%82%B3%E3%83%B3%E3%83%95%E3%82%A9%E3%83%BC%E3%83%88%E3%83%A9%E3%83%83%E3%83%97%E3%82%B8%E3%83%A3%E3%83%9E%E3%83%BC-SF62301/dp/B0BLZ6QDNM/ref=sr_1_281?__mk_ja_JP=%E3%82%AB%E3%82%BF%E3%82%AB%E3%83%8A&crid=1VZWPQ7PCEW9L&dd=1G8INUDRiTN5hha909GVNQ%2C%2C&dib=eyJ2IjoiMSJ9.mQ9oAk54pdv3g34CUS4tP7nUufOKFVd4s8pH7CB3qcQCApoICPQLrMRPRDTViJD6CJ_Pwwt1QzDKghAVNkDhie5C2qU_w_vesWdz3DKNIxBKKFjf0l_6sA5ogLJdKFC1ZdQYj6xeJ-rzjrtW_GoAKt0EjXWqyBeo51czMOY-Gp5r8jDH5v5yhP7nPHP0y6UP_mQOmd4zzRO4WNorxvr4eDJRSKvCVpncpxBVYP16egNorR7cUEfyzLED1XdSHLItnebj46p2gYsalW_y8nSIGOnxEvArFNmLuApb8msycTg.MJuhsv3aXVeukAXIusON918hXN2_9msOc_3K99tcDGs&dib_tag=se&keywords=%E3%82%A2%E3%83%AA%E3%83%BC%E3%83%8A+%E3%83%A1%E3%83%B3%E3%82%BA+%E6%B0%B4%E7%9D%80&qid=1784617434&refinements=p_90%3A3428068051%2Cp_n_g-101015233022111%3A24821512051&rnid=24821510051&sprefix=%E3%82%A2%E3%83%AA%E3%83%BC%E3%83%8A+%E3%83%A1%E3%83%B3%E3%82%BA+%E6%B0%B4%E7%9D%80%2Caps%2C325&sr=8-281&ufe=app_do%3Aamzn1.fos.35785624-70c4-44ae-a5c3-3f044f475d63&xpid=PK80Z_zVbJf9i,https://m.media-amazon.com/images/I/51Xyt7Wd9NL._AC_UL320_.jpg,"スピード-フィットネス水着-Comfort-コンフォートラップジャマー-SF62301 スピード-フィットネス水着-Comfort-コンフォートラップジャマー-SF62301 スピード-フィットネス水着-Comfort-コンフォートラップジャマー-SF62301 スピード-フィットネス水着-Comfort-コンフォートラップジャマー-SF62301 スピード-フィットネス水着-Comfort-コンフォートラップジャマー-SF62301 Speedo(スピード) スピード-フィットネス水着-Comfort-コンフォートラップジャマー-SF62301 フィットネス水着 Comfort Lap Jammer コンフォートラップジャマー javascript:void(0) 5つ星のうち3.9 ￥4,268 ￥ 4,268","B0BLZ6QDNM,B0CNKFLYJM,B0BLZ5RHGT",
swimmingattireothers_20260721.csv,308,swimmingattireothers,SAFE,B0DQNVDWTN,スイムショーツ GX・SONIC LITE ハーフスパッツ メンズ N2MBC011/大人 2XS~XL N2MBC411/ジュニア 120~140,,12025,category_allow,スイムショーツ,カテゴリ許可ワード一致(contains),https://www.amazon.co.jp/%E3%83%9F%E3%82%BA%E3%83%8E-%E3%82%B9%E3%82%A4%E3%83%A0%E3%82%B7%E3%83%A7%E3%83%BC%E3%83%84-GX%E3%83%BBSONIC-LITE-%E3%83%8F%E3%83%BC%E3%83%95%E3%82%B9%E3%83%91%E3%83%83%E3%83%84/dp/B0DQNVDWTN/ref=sr_1_283?__mk_ja_JP=%E3%82%AB%E3%82%BF%E3%82%AB%E3%83%8A&crid=1VZWPQ7PCEW9L&dd=1G8INUDRiTN5hha909GVNQ%2C%2C&dib=eyJ2IjoiMSJ9.mQ9oAk54pdv3g34CUS4tP7nUufOKFVd4s8pH7CB3qcQCApoICPQLrMRPRDTViJD6CJ_Pwwt1QzDKghAVNkDhie5C2qU_w_vesWdz3DKNIxBKKFjf0l_6sA5ogLJdKFC1ZdQYj6xeJ-rzjrtW_GoAKt0EjXWqyBeo51czMOY-Gp5r8jDH5v5yhP7nPHP0y6UP_mQOmd4zzRO4WNorxvr4eDJRSKvCVpncpxBVYP16egNorR7cUEfyzLED1XdSHLItnebj46p2gYsalW_y8nSIGOnxEvArFNmLuApb8msycTg.MJuhsv3aXVeukAXIusON918hXN2_9msOc_3K99tcDGs&dib_tag=se&keywords=%E3%82%A2%E3%83%AA%E3%83%BC%E3%83%8A+%E3%83%A1%E3%83%B3%E3%82%BA+%E6%B0%B4%E7%9D%80&qid=1784617434&refinements=p_90%3A3428068051%2Cp_n_g-101015233022111%3A24821512051&rnid=24821510051&sprefix=%E3%82%A2%E3%83%AA%E3%83%BC%E3%83%8A+%E3%83%A1%E3%83%B3%E3%82%BA+%E6%B0%B4%E7%9D%80%2Caps%2C325&sr=8-283&ufe=app_do%3Aamzn1.fos.35785624-70c4-44ae-a5c3-3f044f475d63&xpid=PK80Z_zVbJf9i,https://m.media-amazon.com/images/I/41hc+pzbDcL._AC_UL320_.jpg,"ミズノ-スイムショーツ-GX・SONIC-LITE-ハーフスパッツ ミズノ-スイムショーツ-GX・SONIC-LITE-ハーフスパッツ ミズノ-スイムショーツ-GX・SONIC-LITE-ハーフスパッツ ミズノ-スイムショーツ-GX・SONIC-LITE-ハーフスパッツ ミズノ-スイムショーツ-GX・SONIC-LITE-ハーフスパッツ MIZUNO(ミズノ) ミズノ-スイムショーツ-GX・SONIC-LITE-ハーフスパッツ スイムショーツ GX・SONIC LITE ハーフスパッツ メンズ N2MBC011/大人 2XS~XL N2MBC411/ジュニア 120~140 javascript:void(0) 5つ星のうち4.8 120ポイント(1%) ミズノ-スイムショーツ-GX・SONIC-LITE-ハーフスパッツ ￥12,025 ￥ 12,025","B0DQNVDWTN,B0DQNZ47TY,B0DQP321DN,B0DQNTSXWV,B0DQNWK836",
swimmingattireothers_20260721.csv,309,swimmingattireothers,SAFE,B0DQNVZ7L3,水泳 フィットネス スイムショーツ ハーフスパッツ メンズ N2JBC111,,3780,category_allow,スイムショーツ,カテゴリ許可ワード一致(contains),https://www.amazon.co.jp/%E3%83%9F%E3%82%BA%E3%83%8E-%E3%82%B9%E3%82%A4%E3%83%A0%E3%82%B7%E3%83%A7%E3%83%BC%E3%83%84-%E3%83%8F%E3%83%BC%E3%83%95%E3%82%B9%E3%83%91%E3%83%83%E3%83%84-%E3%83%A1%E3%83%B3%E3%82%BA-%E3%83%8D%E3%82%A4%E3%83%93%E3%83%BC/dp/B0DQNVZ7L3/ref=sr_1_284?__mk_ja_JP=%E3%82%AB%E3%82%BF%E3%82%AB%E3%83%8A&crid=1VZWPQ7PCEW9L&dd=1G8INUDRiTN5hha909GVNQ%2C%2C&dib=eyJ2IjoiMSJ9.mQ9oAk54pdv3g34CUS4tP7nUufOKFVd4s8pH7CB3qcQCApoICPQLrMRPRDTViJD6CJ_Pwwt1QzDKghAVNkDhie5C2qU_w_vesWdz3DKNIxBKKFjf0l_6sA5ogLJdKFC1ZdQYj6xeJ-rzjrtW_GoAKt0EjXWqyBeo51czMOY-Gp5r8jDH5v5yhP7nPHP0y6UP_mQOmd4zzRO4WNorxvr4eDJRSKvCVpncpxBVYP16egNorR7cUEfyzLED1XdSHLItnebj46p2gYsalW_y8nSIGOnxEvArFNmLuApb8msycTg.MJuhsv3aXVeukAXIusON918hXN2_9msOc_3K99tcDGs&dib_tag=se&keywords=%E3%82%A2%E3%83%AA%E3%83%BC%E3%83%8A+%E3%83%A1%E3%83%B3%E3%82%BA+%E6%B0%B4%E7%9D%80&qid=1784617434&refinements=p_90%3A3428068051%2Cp_n_g-101015233022111%3A24821512051&rnid=24821510051&sprefix=%E3%82%A2%E3%83%AA%E3%83%BC%E3%83%8A+%E3%83%A1%E3%83%B3%E3%82%BA+%E6%B0%B4%E7%9D%80%2Caps%2C325&sr=8-284&ufe=app_do%3Aamzn1.fos.35785624-70c4-44ae-a5c3-3f044f475d63&xpid=PK80Z_zVbJf9i,https://m.media-amazon.com/images/I/61qwNMi+9vL._AC_UL320_.jpg,"ミズノ-スイムショーツ-ハーフスパッツ-メンズ-ネイビー ミズノ-スイムショーツ-ハーフスパッツ-メンズ-ネイビー ミズノ-スイムショーツ-ハーフスパッツ-メンズ-ネイビー ミズノ-スイムショーツ-ハーフスパッツ-メンズ-ネイビー ミズノ-スイムショーツ-ハーフスパッツ-メンズ-ネイビー MIZUNO(ミズノ) ミズノ-スイムショーツ-ハーフスパッツ-メンズ-ネイビー 水泳 フィットネス スイムショーツ ハーフスパッツ メンズ N2JBC111 javascript:void(0) 5つ星のうち3.6 ￥3,780 ￥ 3,780","B0DQNVZ7L3,B0DQNSVJF9,B0DQNWTBZ2,B0DQNWPDQG",
swimmingattireothers_20260721.csv,310,swimmingattireothers,SAFE,B0BLZ577Z6,競泳用トレーニング水着 パネルフリージリーターンズハーフボックス メンズ,,5639,category_allow,トレーニング水着,カテゴリ許可ワード一致(contains),https://www.amazon.co.jp/%E3%82%B9%E3%83%94%E3%83%BC%E3%83%89-%E7%AB%B6%E6%B3%B3%E7%94%A8%E3%83%88%E3%83%AC%E3%83%BC%E3%83%8B%E3%83%B3%E3%82%B0%E6%B0%B4%E7%9D%80-Freasily-%E3%83%91%E3%83%8D%E3%83%AB%E3%83%95%E3%83%AA%E3%83%BC%E3%82%B8%E3%83%AA%E3%83%BC%E3%82%BF%E3%83%BC%E3%83%B3%E3%82%BA%E3%83%8F%E3%83%BC%E3%83%95%E3%83%9C%E3%83%83%E3%82%AF%E3%82%B9-ST52303/dp/B0BLZ577Z6/ref=sr_1_285?__mk_ja_JP=%E3%82%AB%E3%82%BF%E3%82%AB%E3%83%8A&crid=1VZWPQ7PCEW9L&dd=1G8INUDRiTN5hha909GVNQ%2C%2C&dib=eyJ2IjoiMSJ9.mQ9oAk54pdv3g34CUS4tP7nUufOKFVd4s8pH7CB3qcQCApoICPQLrMRPRDTViJD6CJ_Pwwt1QzDKghAVNkDhie5C2qU_w_vesWdz3DKNIxBKKFjf0l_6sA5ogLJdKFC1ZdQYj6xeJ-rzjrtW_GoAKt0EjXWqyBeo51czMOY-Gp5r8jDH5v5yhP7nPHP0y6UP_mQOmd4zzRO4WNorxvr4eDJRSKvCVpncpxBVYP16egNorR7cUEfyzLED1XdSHLItnebj46p2gYsalW_y8nSIGOnxEvArFNmLuApb8msycTg.MJuhsv3aXVeukAXIusON918hXN2_9msOc_3K99tcDGs&dib_tag=se&keywords=%E3%82%A2%E3%83%AA%E3%83%BC%E3%83%8A+%E3%83%A1%E3%83%B3%E3%82%BA+%E6%B0%B4%E7%9D%80&qid=1784617434&refinements=p_90%3A3428068051%2Cp_n_g-101015233022111%3A24821512051&rnid=24821510051&sprefix=%E3%82%A2%E3%83%AA%E3%83%BC%E3%83%8A+%E3%83%A1%E3%83%B3%E3%82%BA+%E6%B0%B4%E7%9D%80%2Caps%2C325&sr=8-285&ufe=app_do%3Aamzn1.fos.35785624-70c4-44ae-a5c3-3f044f475d63&xpid=PK80Z_zVbJf9i,https://m.media-amazon.com/images/I/51qUBk9IoEL._AC_UL320_.jpg,"スピード-競泳用トレーニング水着-Freasily-パネルフリージリーターンズハーフボックス-ST52303 スピード-競泳用トレーニング水着-Freasily-パネルフリージリーターンズハーフボックス-ST52303 スピード-競泳用トレーニング水着-Freasily-パネルフリージリーターンズハーフボックス-ST52303 スピード-競泳用トレーニング水着-Freasily-パネルフリージリーターンズハーフボックス-ST52303 スピード-競泳用トレーニング水着-Freasily-パネルフリージリーターンズハーフボックス-ST52303 Speedo(スピード) スピード-競泳用トレーニング水着-Freasily-パネルフリージリーターンズハーフボックス-ST52303 競泳用トレーニング水着 パネルフリージリーターンズハーフボックス メンズ javascript:void(0) 5つ星のうち4.1 56ポイント(1%) ￥5,639 ￥ 5,639","B0BLZ577Z6,B0BLZ3PFMZ,B0C5LJL7VK,B0FWC5FY7V",
swimmingattireothers_20260721.csv,311,swimmingattireothers,SAFE,B0G1RGF86Q,【WA承認】 競泳水着 FLEX Σν Jammer（Ⅲ） フレックスシグマニュージャマー3 メンズ SC62607F,,7560,category_allow,競泳水着,カテゴリ許可ワード一致(contains),https://www.amazon.co.jp/%E3%82%B9%E3%83%94%E3%83%BC%E3%83%89-%E7%AB%B6%E6%B3%B3%E6%B0%B4%E7%9D%80-%E3%83%95%E3%83%AC%E3%83%83%E3%82%AF%E3%82%B9%E3%82%B7%E3%82%B0%E3%83%9E%E3%83%8B%E3%83%A5%E3%83%BC%E3%82%B8%E3%83%A3%E3%83%9E%E3%83%BC3-%E3%83%96%E3%83%AB%E3%83%BC/dp/B0G1RGF86Q/ref=sr_1_286?__mk_ja_JP=%E3%82%AB%E3%82%BF%E3%82%AB%E3%83%8A&crid=1VZWPQ7PCEW9L&dd=1G8INUDRiTN5hha909GVNQ%2C%2C&dib=eyJ2IjoiMSJ9.mQ9oAk54pdv3g34CUS4tP7nUufOKFVd4s8pH7CB3qcQCApoICPQLrMRPRDTViJD6CJ_Pwwt1QzDKghAVNkDhie5C2qU_w_vesWdz3DKNIxBKKFjf0l_6sA5ogLJdKFC1ZdQYj6xeJ-rzjrtW_GoAKt0EjXWqyBeo51czMOY-Gp5r8jDH5v5yhP7nPHP0y6UP_mQOmd4zzRO4WNorxvr4eDJRSKvCVpncpxBVYP16egNorR7cUEfyzLED1XdSHLItnebj46p2gYsalW_y8nSIGOnxEvArFNmLuApb8msycTg.MJuhsv3aXVeukAXIusON918hXN2_9msOc_3K99tcDGs&dib_tag=se&keywords=%E3%82%A2%E3%83%AA%E3%83%BC%E3%83%8A+%E3%83%A1%E3%83%B3%E3%82%BA+%E6%B0%B4%E7%9D%80&qid=1784617434&refinements=p_90%3A3428068051%2Cp_n_g-101015233022111%3A24821512051&rnid=24821510051&sprefix=%E3%82%A2%E3%83%AA%E3%83%BC%E3%83%8A+%E3%83%A1%E3%83%B3%E3%82%BA+%E6%B0%B4%E7%9D%80%2Caps%2C325&sr=8-286&ufe=app_do%3Aamzn1.fos.35785624-70c4-44ae-a5c3-3f044f475d63&xpid=PK80Z_zVbJf9i,https://m.media-amazon.com/images/I/611eo+Tv5rL._AC_UL320_.jpg,"スピード-競泳水着-フレックスシグマニュージャマー3-ブルー スピード-競泳水着-フレックスシグマニュージャマー3-ブルー スピード-競泳水着-フレックスシグマニュージャマー3-ブルー スピード-競泳水着-フレックスシグマニュージャマー3-ブルー スピード-競泳水着-フレックスシグマニュージャマー3-ブルー Speedo(スピード) スピード-競泳水着-フレックスシグマニュージャマー3-ブルー 【WA承認】 競泳水着 FLEX Σν Jammer（Ⅲ） フレックスシグマニュージャマー3 メンズ SC62607F 参考: ￥7,560 ￥ 7,560 参考: ￥11,000 ￥11,000 ￥11,000","B0G1RGF86Q,B0G1R3KY2T,B0G1QYRGT8",
