"a-link-normal href","s-image src","a-link-normal href 2","a-size-base-plus","a-popover-trigger href","a-icon-alt","a-link-normal href 3","a-size-base","a-link-normal href 4","a-link-normal href 5","a-offscreen","a-price-symbol","a-price-whole","a-color-price","a-button-text href"
"https://www.amazon.co.jp/Reloop-BLACK%E5%B0%82%E7%94%A8%E4%BA%A4%E6%8F%9B%E9%87%9D-STYLUS-BLACK-Ortofon%E7%A4%BE%E8%A3%BD/dp/B00K2RCDK6/ref=sr_1_1?crid=2E5D17O346HHX&dib=eyJ2IjoiMSJ9.xl7bKTVwQRUtHYZTiA-vVib4PMmYLzBdKjll6YQKz-NzU2qig7AY-QAs74aeV2XSG29X-gwA37XMAM_x4EWcB3YDQOcjRYS7uGF8Iy5506QEPyGaX1ofODgMcWH3Z1z7yFiT5lxyXR40H4ugMmit-3nF-Idaer2lqou2LUhm0hivScSy2SU7nGmO0c2ts2UrVhNd8RG5hbIOx9GeQNOTAwh0wvi8K14Nb4QSndMQJPo8Gr9DleVz2YxsqUw7WmZ0aa3r7cWQ4uUyF9K3lG-_fRS1yOjrSQF-fXQqatZmd1g.POF_MyIHHxw_VJS9jT4epQ9nUCLa-mb8ohAGQundz5s&dib_tag=se&keywords=%E3%82%AA%E3%83%AB%E3%83%88%E3%83%95%E3%82%A9%E3%83%B3+%E4%BA%A4%E6%8F%9B%E9%87%9D&qid=1784275262&refinements=p_85%3A8070706051%2Cp_n_condition-type%3A2249602051&rnid=2249601051&rps=1&sprefix=%E3%82%AA%E3%83%AB%E3%83%88%E3%83%95%E3%82%A9%E3%83%B3+%2Caps%2C329&sr=8-1&ufe=app_do%3Aamzn1.fos.35785624-70c4-44ae-a5c3-3f044f475d63","https://m.media-amazon.com/images/I/619stv0mtQL._AC_UL320_.jpg","https://www.amazon.co.jp/Reloop-BLACK%E5%B0%82%E7%94%A8%E4%BA%A4%E6%8F%9B%E9%87%9D-STYLUS-BLACK-Ortofon%E7%A4%BE%E8%A3%BD/dp/B00K2RCDK6/ref=sr_1_1?crid=2E5D17O346HHX&dib=eyJ2IjoiMSJ9.xl7bKTVwQRUtHYZTiA-vVib4PMmYLzBdKjll6YQKz-NzU2qig7AY-QAs74aeV2XSG29X-gwA37XMAM_x4EWcB3YDQOcjRYS7uGF8Iy5506QEPyGaX1ofODgMcWH3Z1z7yFiT5lxyXR40H4ugMmit-3nF-Idaer2lqou2LUhm0hivScSy2SU7nGmO0c2ts2UrVhNd8RG5hbIOx9GeQNOTAwh0wvi8K14Nb4QSndMQJPo8Gr9DleVz2YxsqUw7WmZ0aa3r7cWQ4uUyF9K3lG-_fRS1yOjrSQF-fXQqatZmd1g.POF_MyIHHxw_VJS9jT4epQ9nUCLa-mb8ohAGQundz5s&dib_tag=se&keywords=%E3%82%AA%E3%83%AB%E3%83%88%E3%83%95%E3%82%A9%E3%83%B3+%E4%BA%A4%E6%8F%9B%E9%87%9D&qid=1784275262&refinements=p_85%3A8070706051%2Cp_n_condition-type%3A2249602051&rnid=2249601051&rps=1&sprefix=%E3%82%AA%E3%83%AB%E3%83%88%E3%83%95%E3%82%A9%E3%83%B3+%2Caps%2C329&sr=8-1&ufe=app_do%3Aamzn1.fos.35785624-70c4-44ae-a5c3-3f044f475d63","Reloop リループ CONCORDE BLACK専用交換針 STYLUS BLACK Ortofon社製","javascript:void(0)","5つ星のうち4.0","https://www.amazon.co.jp/Reloop-BLACK%E5%B0%82%E7%94%A8%E4%BA%A4%E6%8F%9B%E9%87%9D-STYLUS-BLACK-Ortofon%E7%A4%BE%E8%A3%BD/dp/B00K2RCDK6/ref=sr_1_1?crid=2E5D17O346HHX&dib=eyJ2IjoiMSJ9.xl7bKTVwQRUtHYZTiA-vVib4PMmYLzBdKjll6YQKz-NzU2qig7AY-QAs74aeV2XSG29X-gwA37XMAM_x4EWcB3YDQOcjRYS7uGF8Iy5506QEPyGaX1ofODgMcWH3Z1z7yFiT5lxyXR40H4ugMmit-3nF-Idaer2lqou2LUhm0hivScSy2SU7nGmO0c2ts2UrVhNd8RG5hbIOx9GeQNOTAwh0wvi8K14Nb4QSndMQJPo8Gr9DleVz2YxsqUw7WmZ0aa3r7cWQ4uUyF9K3lG-_fRS1yOjrSQF-fXQqatZmd1g.POF_MyIHHxw_VJS9jT4epQ9nUCLa-mb8ohAGQundz5s&dib_tag=se&keywords=%E3%82%AA%E3%83%AB%E3%83%88%E3%83%95%E3%82%A9%E3%83%B3+%E4%BA%A4%E6%8F%9B%E9%87%9D&qid=1784275262&refinements=p_85%3A8070706051%2Cp_n_condition-type%3A2249602051&rnid=2249601051&rps=1&sprefix=%E3%82%AA%E3%83%AB%E3%83%88%E3%83%95%E3%82%A9%E3%83%B3+%2Caps%2C329&sr=8-1&ufe=app_do%3Aamzn1.fos.35785624-70c4-44ae-a5c3-3f044f475d63#customerReviews","ベストセラー8位","https://www.amazon.co.jp/gp/bestsellers/electronics/2225501051/ref=top_seller_insight_8","https://www.amazon.co.jp/Reloop-BLACK%E5%B0%82%E7%94%A8%E4%BA%A4%E6%8F%9B%E9%87%9D-STYLUS-BLACK-Ortofon%E7%A4%BE%E8%A3%BD/dp/B00K2RCDK6/ref=sr_1_1?crid=2E5D17O346HHX&dib=eyJ2IjoiMSJ9.xl7bKTVwQRUtHYZTiA-vVib4PMmYLzBdKjll6YQKz-NzU2qig7AY-QAs74aeV2XSG29X-gwA37XMAM_x4EWcB3YDQOcjRYS7uGF8Iy5506QEPyGaX1ofODgMcWH3Z1z7yFiT5lxyXR40H4ugMmit-3nF-Idaer2lqou2LUhm0hivScSy2SU7nGmO0c2ts2UrVhNd8RG5hbIOx9GeQNOTAwh0wvi8K14Nb4QSndMQJPo8Gr9DleVz2YxsqUw7WmZ0aa3r7cWQ4uUyF9K3lG-_fRS1yOjrSQF-fXQqatZmd1g.POF_MyIHHxw_VJS9jT4epQ9nUCLa-mb8ohAGQundz5s&dib_tag=se&keywords=%E3%82%AA%E3%83%AB%E3%83%88%E3%83%95%E3%82%A9%E3%83%B3+%E4%BA%A4%E6%8F%9B%E9%87%9D&qid=1784275262&refinements=p_85%3A8070706051%2Cp_n_condition-type%3A2249602051&rnid=2249601051&rps=1&sprefix=%E3%82%AA%E3%83%AB%E3%83%88%E3%83%95%E3%82%A9%E3%83%B3+%2Caps%2C329&sr=8-1&ufe=app_do%3Aamzn1.fos.35785624-70c4-44ae-a5c3-3f044f475d63","￥4,444","￥","4,444","",""
"https://www.amazon.co.jp/Ortofon-Stylus-10-Black-DJ%E7%94%A8%E3%83%94%E3%83%83%E3%82%AF%E3%82%A2%E3%83%83%E3%83%97%E3%82%B7%E3%82%B9%E3%83%86%E3%83%A0%E3%81%A8%E9%87%9D/dp/B000A0C0X0/ref=sr_1_2?crid=2E5D17O346HHX&dib=eyJ2IjoiMSJ9.xl7bKTVwQRUtHYZTiA-vVib4PMmYLzBdKjll6YQKz-NzU2qig7AY-QAs74aeV2XSG29X-gwA37XMAM_x4EWcB3YDQOcjRYS7uGF8Iy5506QEPyGaX1ofODgMcWH3Z1z7yFiT5lxyXR40H4ugMmit-3nF-Idaer2lqou2LUhm0hivScSy2SU7nGmO0c2ts2UrVhNd8RG5hbIOx9GeQNOTAwh0wvi8K14Nb4QSndMQJPo8Gr9DleVz2YxsqUw7WmZ0aa3r7cWQ4uUyF9K3lG-_fRS1yOjrSQF-fXQqatZmd1g.POF_MyIHHxw_VJS9jT4epQ9nUCLa-mb8ohAGQundz5s&dib_tag=se&keywords=%E3%82%AA%E3%83%AB%E3%83%88%E3%83%95%E3%82%A9%E3%83%B3+%E4%BA%A4%E6%8F%9B%E9%87%9D&qid=1784275262&refinements=p_85%3A8070706051%2Cp_n_condition-type%3A2249602051&rnid=2249601051&rps=1&sprefix=%E3%82%AA%E3%83%AB%E3%83%88%E3%83%95%E3%82%A9%E3%83%B3+%2Caps%2C329&sr=8-2&ufe=app_do%3Aamzn1.fos.35785624-70c4-44ae-a5c3-3f044f475d63","https://m.media-amazon.com/images/I/61DRrrzpZCL._AC_UL320_.jpg","https://www.amazon.co.jp/Ortofon-Stylus-10-Black-DJ%E7%94%A8%E3%83%94%E3%83%83%E3%82%AF%E3%82%A2%E3%83%83%E3%83%97%E3%82%B7%E3%82%B9%E3%83%86%E3%83%A0%E3%81%A8%E9%87%9D/dp/B000A0C0X0/ref=sr_1_2?crid=2E5D17O346HHX&dib=eyJ2IjoiMSJ9.xl7bKTVwQRUtHYZTiA-vVib4PMmYLzBdKjll6YQKz-NzU2qig7AY-QAs74aeV2XSG29X-gwA37XMAM_x4EWcB3YDQOcjRYS7uGF8Iy5506QEPyGaX1ofODgMcWH3Z1z7yFiT5lxyXR40H4ugMmit-3nF-Idaer2lqou2LUhm0hivScSy2SU7nGmO0c2ts2UrVhNd8RG5hbIOx9GeQNOTAwh0wvi8K14Nb4QSndMQJPo8Gr9DleVz2YxsqUw7WmZ0aa3r7cWQ4uUyF9K3lG-_fRS1yOjrSQF-fXQqatZmd1g.POF_MyIHHxw_VJS9jT4epQ9nUCLa-mb8ohAGQundz5s&dib_tag=se&keywords=%E3%82%AA%E3%83%AB%E3%83%88%E3%83%95%E3%82%A9%E3%83%B3+%E4%BA%A4%E6%8F%9B%E9%87%9D&qid=1784275262&refinements=p_85%3A8070706051%2Cp_n_condition-type%3A2249602051&rnid=2249601051&rps=1&sprefix=%E3%82%AA%E3%83%AB%E3%83%88%E3%83%95%E3%82%A9%E3%83%B3+%2Caps%2C329&sr=8-2&ufe=app_do%3Aamzn1.fos.35785624-70c4-44ae-a5c3-3f044f475d63","ortofon Stylus 10 オルトフォン OM 5S/OM 5E/Super OM 5E/OMP 5E/OMB 5E/OM 10/Super OM 10/OMP 10/OMB 10用 交換針","javascript:void(0)","5つ星のうち4.7","https://www.amazon.co.jp/Ortofon-Stylus-10-Black-DJ%E7%94%A8%E3%83%94%E3%83%83%E3%82%AF%E3%82%A2%E3%83%83%E3%83%97%E3%82%B7%E3%82%B9%E3%83%86%E3%83%A0%E3%81%A8%E9%87%9D/dp/B000A0C0X0/ref=sr_1_2?crid=2E5D17O346HHX&dib=eyJ2IjoiMSJ9.xl7bKTVwQRUtHYZTiA-vVib4PMmYLzBdKjll6YQKz-NzU2qig7AY-QAs74aeV2XSG29X-gwA37XMAM_x4EWcB3YDQOcjRYS7uGF8Iy5506QEPyGaX1ofODgMcWH3Z1z7yFiT5lxyXR40H4ugMmit-3nF-Idaer2lqou2LUhm0hivScSy2SU7nGmO0c2ts2UrVhNd8RG5hbIOx9GeQNOTAwh0wvi8K14Nb4QSndMQJPo8Gr9DleVz2YxsqUw7WmZ0aa3r7cWQ4uUyF9K3lG-_fRS1yOjrSQF-fXQqatZmd1g.POF_MyIHHxw_VJS9jT4epQ9nUCLa-mb8ohAGQundz5s&dib_tag=se&keywords=%E3%82%AA%E3%83%AB%E3%83%88%E3%83%95%E3%82%A9%E3%83%B3+%E4%BA%A4%E6%8F%9B%E9%87%9D&qid=1784275262&refinements=p_85%3A8070706051%2Cp_n_condition-type%3A2249602051&rnid=2249601051&rps=1&sprefix=%E3%82%AA%E3%83%AB%E3%83%88%E3%83%95%E3%82%A9%E3%83%B3+%2Caps%2C329&sr=8-2&ufe=app_do%3Aamzn1.fos.35785624-70c4-44ae-a5c3-3f044f475d63#customerReviews","残り4点 ご注文はお早めに","https://www.amazon.co.jp/Ortofon-Stylus-10-Black-DJ%E7%94%A8%E3%83%94%E3%83%83%E3%82%AF%E3%82%A2%E3%83%83%E3%83%97%E3%82%B7%E3%82%B9%E3%83%86%E3%83%A0%E3%81%A8%E9%87%9D/dp/B000A0C0X0/ref=sr_1_2?crid=2E5D17O346HHX&dib=eyJ2IjoiMSJ9.xl7bKTVwQRUtHYZTiA-vVib4PMmYLzBdKjll6YQKz-NzU2qig7AY-QAs74aeV2XSG29X-gwA37XMAM_x4EWcB3YDQOcjRYS7uGF8Iy5506QEPyGaX1ofODgMcWH3Z1z7yFiT5lxyXR40H4ugMmit-3nF-Idaer2lqou2LUhm0hivScSy2SU7nGmO0c2ts2UrVhNd8RG5hbIOx9GeQNOTAwh0wvi8K14Nb4QSndMQJPo8Gr9DleVz2YxsqUw7WmZ0aa3r7cWQ4uUyF9K3lG-_fRS1yOjrSQF-fXQqatZmd1g.POF_MyIHHxw_VJS9jT4epQ9nUCLa-mb8ohAGQundz5s&dib_tag=se&keywords=%E3%82%AA%E3%83%AB%E3%83%88%E3%83%95%E3%82%A9%E3%83%B3+%E4%BA%A4%E6%8F%9B%E9%87%9D&qid=1784275262&refinements=p_85%3A8070706051%2Cp_n_condition-type%3A2249602051&rnid=2249601051&rps=1&sprefix=%E3%82%AA%E3%83%AB%E3%83%88%E3%83%95%E3%82%A9%E3%83%B3+%2Caps%2C329&sr=8-2&ufe=app_do%3Aamzn1.fos.35785624-70c4-44ae-a5c3-3f044f475d63","","￥13,970","￥","13,970","",""
"https://www.amazon.co.jp/ORTOFON-%E3%82%AA%E3%83%AB%E3%83%88%E3%83%95%E3%82%A9%E3%83%B3-%E4%BA%A4%E6%8F%9B%E9%87%9D-Stylus-PRO/dp/B084YT9TLL/ref=sr_1_3?crid=2E5D17O346HHX&dib=eyJ2IjoiMSJ9.xl7bKTVwQRUtHYZTiA-vVib4PMmYLzBdKjll6YQKz-NzU2qig7AY-QAs74aeV2XSG29X-gwA37XMAM_x4EWcB3YDQOcjRYS7uGF8Iy5506QEPyGaX1ofODgMcWH3Z1z7yFiT5lxyXR40H4ugMmit-3nF-Idaer2lqou2LUhm0hivScSy2SU7nGmO0c2ts2UrVhNd8RG5hbIOx9GeQNOTAwh0wvi8K14Nb4QSndMQJPo8Gr9DleVz2YxsqUw7WmZ0aa3r7cWQ4uUyF9K3lG-_fRS1yOjrSQF-fXQqatZmd1g.POF_MyIHHxw_VJS9jT4epQ9nUCLa-mb8ohAGQundz5s&dib_tag=se&keywords=%E3%82%AA%E3%83%AB%E3%83%88%E3%83%95%E3%82%A9%E3%83%B3+%E4%BA%A4%E6%8F%9B%E9%87%9D&qid=1784275262&refinements=p_85%3A8070706051%2Cp_n_condition-type%3A2249602051&rnid=2249601051&rps=1&sprefix=%E3%82%AA%E3%83%AB%E3%83%88%E3%83%95%E3%82%A9%E3%83%B3+%2Caps%2C329&sr=8-3&ufe=app_do%3Aamzn1.fos.35785624-70c4-44ae-a5c3-3f044f475d63","https://m.media-amazon.com/images/I/31VV0BPexJL._AC_UL320_.jpg","https://www.amazon.co.jp/ORTOFON-%E3%82%AA%E3%83%AB%E3%83%88%E3%83%95%E3%82%A9%E3%83%B3-%E4%BA%A4%E6%8F%9B%E9%87%9D-Stylus-PRO/dp/B084YT9TLL/ref=sr_1_3?crid=2E5D17O346HHX&dib=eyJ2IjoiMSJ9.xl7bKTVwQRUtHYZTiA-vVib4PMmYLzBdKjll6YQKz-NzU2qig7AY-QAs74aeV2XSG29X-gwA37XMAM_x4EWcB3YDQOcjRYS7uGF8Iy5506QEPyGaX1ofODgMcWH3Z1z7yFiT5lxyXR40H4ugMmit-3nF-Idaer2lqou2LUhm0hivScSy2SU7nGmO0c2ts2UrVhNd8RG5hbIOx9GeQNOTAwh0wvi8K14Nb4QSndMQJPo8Gr9DleVz2YxsqUw7WmZ0aa3r7cWQ4uUyF9K3lG-_fRS1yOjrSQF-fXQqatZmd1g.POF_MyIHHxw_VJS9jT4epQ9nUCLa-mb8ohAGQundz5s&dib_tag=se&keywords=%E3%82%AA%E3%83%AB%E3%83%88%E3%83%95%E3%82%A9%E3%83%B3+%E4%BA%A4%E6%8F%9B%E9%87%9D&qid=1784275262&refinements=p_85%3A8070706051%2Cp_n_condition-type%3A2249602051&rnid=2249601051&rps=1&sprefix=%E3%82%AA%E3%83%AB%E3%83%88%E3%83%95%E3%82%A9%E3%83%B3+%2Caps%2C329&sr=8-3&ufe=app_do%3Aamzn1.fos.35785624-70c4-44ae-a5c3-3f044f475d63","ortofon Stylus Pro オルトフォン OM Pro/Concorde Pro用 交換針","javascript:void(0)","5つ星のうち4.0","https://www.amazon.co.jp/ORTOFON-%E3%82%AA%E3%83%AB%E3%83%88%E3%83%95%E3%82%A9%E3%83%B3-%E4%BA%A4%E6%8F%9B%E9%87%9D-Stylus-PRO/dp/B084YT9TLL/ref=sr_1_3?crid=2E5D17O346HHX&dib=eyJ2IjoiMSJ9.xl7bKTVwQRUtHYZTiA-vVib4PMmYLzBdKjll6YQKz-NzU2qig7AY-QAs74aeV2XSG29X-gwA37XMAM_x4EWcB3YDQOcjRYS7uGF8Iy5506QEPyGaX1ofODgMcWH3Z1z7yFiT5lxyXR40H4ugMmit-3nF-Idaer2lqou2LUhm0hivScSy2SU7nGmO0c2ts2UrVhNd8RG5hbIOx9GeQNOTAwh0wvi8K14Nb4QSndMQJPo8Gr9DleVz2YxsqUw7WmZ0aa3r7cWQ4uUyF9K3lG-_fRS1yOjrSQF-fXQqatZmd1g.POF_MyIHHxw_VJS9jT4epQ9nUCLa-mb8ohAGQundz5s&dib_tag=se&keywords=%E3%82%AA%E3%83%AB%E3%83%88%E3%83%95%E3%82%A9%E3%83%B3+%E4%BA%A4%E6%8F%9B%E9%87%9D&qid=1784275262&refinements=p_85%3A8070706051%2Cp_n_condition-type%3A2249602051&rnid=2249601051&rps=1&sprefix=%E3%82%AA%E3%83%AB%E3%83%88%E3%83%95%E3%82%A9%E3%83%B3+%2Caps%2C329&sr=8-3&ufe=app_do%3Aamzn1.fos.35785624-70c4-44ae-a5c3-3f044f475d63#customerReviews","残り7点 ご注文はお早めに","https://www.amazon.co.jp/ORTOFON-%E3%82%AA%E3%83%AB%E3%83%88%E3%83%95%E3%82%A9%E3%83%B3-%E4%BA%A4%E6%8F%9B%E9%87%9D-Stylus-PRO/dp/B084YT9TLL/ref=sr_1_3?crid=2E5D17O346HHX&dib=eyJ2IjoiMSJ9.xl7bKTVwQRUtHYZTiA-vVib4PMmYLzBdKjll6YQKz-NzU2qig7AY-QAs74aeV2XSG29X-gwA37XMAM_x4EWcB3YDQOcjRYS7uGF8Iy5506QEPyGaX1ofODgMcWH3Z1z7yFiT5lxyXR40H4ugMmit-3nF-Idaer2lqou2LUhm0hivScSy2SU7nGmO0c2ts2UrVhNd8RG5hbIOx9GeQNOTAwh0wvi8K14Nb4QSndMQJPo8Gr9DleVz2YxsqUw7WmZ0aa3r7cWQ4uUyF9K3lG-_fRS1yOjrSQF-fXQqatZmd1g.POF_MyIHHxw_VJS9jT4epQ9nUCLa-mb8ohAGQundz5s&dib_tag=se&keywords=%E3%82%AA%E3%83%AB%E3%83%88%E3%83%95%E3%82%A9%E3%83%B3+%E4%BA%A4%E6%8F%9B%E9%87%9D&qid=1784275262&refinements=p_85%3A8070706051%2Cp_n_condition-type%3A2249602051&rnid=2249601051&rps=1&sprefix=%E3%82%AA%E3%83%AB%E3%83%88%E3%83%95%E3%82%A9%E3%83%B3+%2Caps%2C329&sr=8-3&ufe=app_do%3Aamzn1.fos.35785624-70c4-44ae-a5c3-3f044f475d63","","￥7,150","￥","7,150","",""
"https://www.amazon.co.jp/ortofon-%E3%82%AA%E3%83%AB%E3%83%88%E3%83%95%E3%82%A9%E3%83%B3-%E3%82%B9%E3%82%BF%E3%82%A4%E3%83%A9%E3%82%B9-Stylus-Arkiv/dp/B000T9M18Q/ref=sr_1_4?crid=2E5D17O346HHX&dib=eyJ2IjoiMSJ9.xl7bKTVwQRUtHYZTiA-vVib4PMmYLzBdKjll6YQKz-NzU2qig7AY-QAs74aeV2XSG29X-gwA37XMAM_x4EWcB3YDQOcjRYS7uGF8Iy5506QEPyGaX1ofODgMcWH3Z1z7yFiT5lxyXR40H4ugMmit-3nF-Idaer2lqou2LUhm0hivScSy2SU7nGmO0c2ts2UrVhNd8RG5hbIOx9GeQNOTAwh0wvi8K14Nb4QSndMQJPo8Gr9DleVz2YxsqUw7WmZ0aa3r7cWQ4uUyF9K3lG-_fRS1yOjrSQF-fXQqatZmd1g.POF_MyIHHxw_VJS9jT4epQ9nUCLa-mb8ohAGQundz5s&dib_tag=se&keywords=%E3%82%AA%E3%83%AB%E3%83%88%E3%83%95%E3%82%A9%E3%83%B3+%E4%BA%A4%E6%8F%9B%E9%87%9D&qid=1784275262&refinements=p_85%3A8070706051%2Cp_n_condition-type%3A2249602051&rnid=2249601051&rps=1&sprefix=%E3%82%AA%E3%83%AB%E3%83%88%E3%83%95%E3%82%A9%E3%83%B3+%2Caps%2C329&sr=8-4&ufe=app_do%3Aamzn1.fos.35785624-70c4-44ae-a5c3-3f044f475d63","https://m.media-amazon.com/images/I/51FBBCtl+4L._AC_UL320_.jpg","https://www.amazon.co.jp/ortofon-%E3%82%AA%E3%83%AB%E3%83%88%E3%83%95%E3%82%A9%E3%83%B3-%E3%82%B9%E3%82%BF%E3%82%A4%E3%83%A9%E3%82%B9-Stylus-Arkiv/dp/B000T9M18Q/ref=sr_1_4?crid=2E5D17O346HHX&dib=eyJ2IjoiMSJ9.xl7bKTVwQRUtHYZTiA-vVib4PMmYLzBdKjll6YQKz-NzU2qig7AY-QAs74aeV2XSG29X-gwA37XMAM_x4EWcB3YDQOcjRYS7uGF8Iy5506QEPyGaX1ofODgMcWH3Z1z7yFiT5lxyXR40H4ugMmit-3nF-Idaer2lqou2LUhm0hivScSy2SU7nGmO0c2ts2UrVhNd8RG5hbIOx9GeQNOTAwh0wvi8K14Nb4QSndMQJPo8Gr9DleVz2YxsqUw7WmZ0aa3r7cWQ4uUyF9K3lG-_fRS1yOjrSQF-fXQqatZmd1g.POF_MyIHHxw_VJS9jT4epQ9nUCLa-mb8ohAGQundz5s&dib_tag=se&keywords=%E3%82%AA%E3%83%AB%E3%83%88%E3%83%95%E3%82%A9%E3%83%B3+%E4%BA%A4%E6%8F%9B%E9%87%9D&qid=1784275262&refinements=p_85%3A8070706051%2Cp_n_condition-type%3A2249602051&rnid=2249601051&rps=1&sprefix=%E3%82%AA%E3%83%AB%E3%83%88%E3%83%95%E3%82%A9%E3%83%B3+%2Caps%2C329&sr=8-4&ufe=app_do%3Aamzn1.fos.35785624-70c4-44ae-a5c3-3f044f475d63","ortofon Stylus Arkiv オルトフォン Concorde Arkiv/OM Arkiv用 交換針","javascript:void(0)","5つ星のうち4.4","https://www.amazon.co.jp/ortofon-%E3%82%AA%E3%83%AB%E3%83%88%E3%83%95%E3%82%A9%E3%83%B3-%E3%82%B9%E3%82%BF%E3%82%A4%E3%83%A9%E3%82%B9-Stylus-Arkiv/dp/B000T9M18Q/ref=sr_1_4?crid=2E5D17O346HHX&dib=eyJ2IjoiMSJ9.xl7bKTVwQRUtHYZTiA-vVib4PMmYLzBdKjll6YQKz-NzU2qig7AY-QAs74aeV2XSG29X-gwA37XMAM_x4EWcB3YDQOcjRYS7uGF8Iy5506QEPyGaX1ofODgMcWH3Z1z7yFiT5lxyXR40H4ugMmit-3nF-Idaer2lqou2LUhm0hivScSy2SU7nGmO0c2ts2UrVhNd8RG5hbIOx9GeQNOTAwh0wvi8K14Nb4QSndMQJPo8Gr9DleVz2YxsqUw7WmZ0aa3r7cWQ4uUyF9K3lG-_fRS1yOjrSQF-fXQqatZmd1g.POF_MyIHHxw_VJS9jT4epQ9nUCLa-mb8ohAGQundz5s&dib_tag=se&keywords=%E3%82%AA%E3%83%AB%E3%83%88%E3%83%95%E3%82%A9%E3%83%B3+%E4%BA%A4%E6%8F%9B%E9%87%9D&qid=1784275262&refinements=p_85%3A8070706051%2Cp_n_condition-type%3A2249602051&rnid=2249601051&rps=1&sprefix=%E3%82%AA%E3%83%AB%E3%83%88%E3%83%95%E3%82%A9%E3%83%B3+%2Caps%2C329&sr=8-4&ufe=app_do%3Aamzn1.fos.35785624-70c4-44ae-a5c3-3f044f475d63#customerReviews","残り1点 ご注文はお早めに","https://www.amazon.co.jp/ortofon-%E3%82%AA%E3%83%AB%E3%83%88%E3%83%95%E3%82%A9%E3%83%B3-%E3%82%B9%E3%82%BF%E3%82%A4%E3%83%A9%E3%82%B9-Stylus-Arkiv/dp/B000T9M18Q/ref=sr_1_4?crid=2E5D17O346HHX&dib=eyJ2IjoiMSJ9.xl7bKTVwQRUtHYZTiA-vVib4PMmYLzBdKjll6YQKz-NzU2qig7AY-QAs74aeV2XSG29X-gwA37XMAM_x4EWcB3YDQOcjRYS7uGF8Iy5506QEPyGaX1ofODgMcWH3Z1z7yFiT5lxyXR40H4ugMmit-3nF-Idaer2lqou2LUhm0hivScSy2SU7nGmO0c2ts2UrVhNd8RG5hbIOx9GeQNOTAwh0wvi8K14Nb4QSndMQJPo8Gr9DleVz2YxsqUw7WmZ0aa3r7cWQ4uUyF9K3lG-_fRS1yOjrSQF-fXQqatZmd1g.POF_MyIHHxw_VJS9jT4epQ9nUCLa-mb8ohAGQundz5s&dib_tag=se&keywords=%E3%82%AA%E3%83%AB%E3%83%88%E3%83%95%E3%82%A9%E3%83%B3+%E4%BA%A4%E6%8F%9B%E9%87%9D&qid=1784275262&refinements=p_85%3A8070706051%2Cp_n_condition-type%3A2249602051&rnid=2249601051&rps=1&sprefix=%E3%82%AA%E3%83%AB%E3%83%88%E3%83%95%E3%82%A9%E3%83%B3+%2Caps%2C329&sr=8-4&ufe=app_do%3Aamzn1.fos.35785624-70c4-44ae-a5c3-3f044f475d63","","￥12,760","￥","12,760","",""
"https://www.amazon.co.jp/Technics%EF%BC%88%E3%83%86%E3%82%AF%E3%83%8B%E3%82%AF%E3%82%B9%EF%BC%89-%E3%83%94%E3%83%BC%E3%82%A2%E3%83%B3%E3%83%89%E3%82%A8%E3%83%A0%E3%83%AC%E3%82%B3%E3%83%BC%E3%82%BA-PandM-Records-sl-epb2/dp/B08W1F7R9W/ref=sr_1_5?crid=2E5D17O346HHX&dib=eyJ2IjoiMSJ9.xl7bKTVwQRUtHYZTiA-vVib4PMmYLzBdKjll6YQKz-NzU2qig7AY-QAs74aeV2XSG29X-gwA37XMAM_x4EWcB3YDQOcjRYS7uGF8Iy5506QEPyGaX1ofODgMcWH3Z1z7yFiT5lxyXR40H4ugMmit-3nF-Idaer2lqou2LUhm0hivScSy2SU7nGmO0c2ts2UrVhNd8RG5hbIOx9GeQNOTAwh0wvi8K14Nb4QSndMQJPo8Gr9DleVz2YxsqUw7WmZ0aa3r7cWQ4uUyF9K3lG-_fRS1yOjrSQF-fXQqatZmd1g.POF_MyIHHxw_VJS9jT4epQ9nUCLa-mb8ohAGQundz5s&dib_tag=se&keywords=%E3%82%AA%E3%83%AB%E3%83%88%E3%83%95%E3%82%A9%E3%83%B3+%E4%BA%A4%E6%8F%9B%E9%87%9D&qid=1784275262&refinements=p_85%3A8070706051%2Cp_n_condition-type%3A2249602051&rnid=2249601051&rps=1&sprefix=%E3%82%AA%E3%83%AB%E3%83%88%E3%83%95%E3%82%A9%E3%83%B3+%2Caps%2C329&sr=8-5&ufe=app_do%3Aamzn1.fos.35785624-70c4-44ae-a5c3-3f044f475d63","https://m.media-amazon.com/images/I/21Z2Utu9sNL._AC_UL320_.jpg","https://www.amazon.co.jp/Technics%EF%BC%88%E3%83%86%E3%82%AF%E3%83%8B%E3%82%AF%E3%82%B9%EF%BC%89-%E3%83%94%E3%83%BC%E3%82%A2%E3%83%B3%E3%83%89%E3%82%A8%E3%83%A0%E3%83%AC%E3%82%B3%E3%83%BC%E3%82%BA-PandM-Records-sl-epb2/dp/B08W1F7R9W/ref=sr_1_5?crid=2E5D17O346HHX&dib=eyJ2IjoiMSJ9.xl7bKTVwQRUtHYZTiA-vVib4PMmYLzBdKjll6YQKz-NzU2qig7AY-QAs74aeV2XSG29X-gwA37XMAM_x4EWcB3YDQOcjRYS7uGF8Iy5506QEPyGaX1ofODgMcWH3Z1z7yFiT5lxyXR40H4ugMmit-3nF-Idaer2lqou2LUhm0hivScSy2SU7nGmO0c2ts2UrVhNd8RG5hbIOx9GeQNOTAwh0wvi8K14Nb4QSndMQJPo8Gr9DleVz2YxsqUw7WmZ0aa3r7cWQ4uUyF9K3lG-_fRS1yOjrSQF-fXQqatZmd1g.POF_MyIHHxw_VJS9jT4epQ9nUCLa-mb8ohAGQundz5s&dib_tag=se&keywords=%E3%82%AA%E3%83%AB%E3%83%88%E3%83%95%E3%82%A9%E3%83%B3+%E4%BA%A4%E6%8F%9B%E9%87%9D&qid=1784275262&refinements=p_85%3A8070706051%2Cp_n_condition-type%3A2249602051&rnid=2249601051&rps=1&sprefix=%E3%82%AA%E3%83%AB%E3%83%88%E3%83%95%E3%82%A9%E3%83%B3+%2Caps%2C329&sr=8-5&ufe=app_do%3Aamzn1.fos.35785624-70c4-44ae-a5c3-3f044f475d63","Technics（テクニクス） 互換 交換針 ピーアンドエムレコーズ PandM Records MM型 レコード針 sl-epb2","javascript:void(0)","5つ星のうち3.9","https://www.amazon.co.jp/Technics%EF%BC%88%E3%83%86%E3%82%AF%E3%83%8B%E3%82%AF%E3%82%B9%EF%BC%89-%E3%83%94%E3%83%BC%E3%82%A2%E3%83%B3%E3%83%89%E3%82%A8%E3%83%A0%E3%83%AC%E3%82%B3%E3%83%BC%E3%82%BA-PandM-Records-sl-epb2/dp/B08W1F7R9W/ref=sr_1_5?crid=2E5D17O346HHX&dib=eyJ2IjoiMSJ9.xl7bKTVwQRUtHYZTiA-vVib4PMmYLzBdKjll6YQKz-NzU2qig7AY-QAs74aeV2XSG29X-gwA37XMAM_x4EWcB3YDQOcjRYS7uGF8Iy5506QEPyGaX1ofODgMcWH3Z1z7yFiT5lxyXR40H4ugMmit-3nF-Idaer2lqou2LUhm0hivScSy2SU7nGmO0c2ts2UrVhNd8RG5hbIOx9GeQNOTAwh0wvi8K14Nb4QSndMQJPo8Gr9DleVz2YxsqUw7WmZ0aa3r7cWQ4uUyF9K3lG-_fRS1yOjrSQF-fXQqatZmd1g.POF_MyIHHxw_VJS9jT4epQ9nUCLa-mb8ohAGQundz5s&dib_tag=se&keywords=%E3%82%AA%E3%83%AB%E3%83%88%E3%83%95%E3%82%A9%E3%83%B3+%E4%BA%A4%E6%8F%9B%E9%87%9D&qid=1784275262&refinements=p_85%3A8070706051%2Cp_n_condition-type%3A2249602051&rnid=2249601051&rps=1&sprefix=%E3%82%AA%E3%83%AB%E3%83%88%E3%83%95%E3%82%A9%E3%83%B3+%2Caps%2C329&sr=8-5&ufe=app_do%3Aamzn1.fos.35785624-70c4-44ae-a5c3-3f044f475d63#customerReviews","40ポイント(1%)","https://www.amazon.co.jp/Technics%EF%BC%88%E3%83%86%E3%82%AF%E3%83%8B%E3%82%AF%E3%82%B9%EF%BC%89-%E3%83%94%E3%83%BC%E3%82%A2%E3%83%B3%E3%83%89%E3%82%A8%E3%83%A0%E3%83%AC%E3%82%B3%E3%83%BC%E3%82%BA-PandM-Records-sl-epb2/dp/B08W1F7R9W/ref=sr_1_5?crid=2E5D17O346HHX&dib=eyJ2IjoiMSJ9.xl7bKTVwQRUtHYZTiA-vVib4PMmYLzBdKjll6YQKz-NzU2qig7AY-QAs74aeV2XSG29X-gwA37XMAM_x4EWcB3YDQOcjRYS7uGF8Iy5506QEPyGaX1ofODgMcWH3Z1z7yFiT5lxyXR40H4ugMmit-3nF-Idaer2lqou2LUhm0hivScSy2SU7nGmO0c2ts2UrVhNd8RG5hbIOx9GeQNOTAwh0wvi8K14Nb4QSndMQJPo8Gr9DleVz2YxsqUw7WmZ0aa3r7cWQ4uUyF9K3lG-_fRS1yOjrSQF-fXQqatZmd1g.POF_MyIHHxw_VJS9jT4epQ9nUCLa-mb8ohAGQundz5s&dib_tag=se&keywords=%E3%82%AA%E3%83%AB%E3%83%88%E3%83%95%E3%82%A9%E3%83%B3+%E4%BA%A4%E6%8F%9B%E9%87%9D&qid=1784275262&refinements=p_85%3A8070706051%2Cp_n_condition-type%3A2249602051&rnid=2249601051&rps=1&sprefix=%E3%82%AA%E3%83%AB%E3%83%88%E3%83%95%E3%82%A9%E3%83%B3+%2Caps%2C329&sr=8-5&ufe=app_do%3Aamzn1.fos.35785624-70c4-44ae-a5c3-3f044f475d63","","￥3,980","￥","3,980","",""
"https://www.amazon.co.jp/Stylus-Century-Concorde-Century%E7%94%A8-%E4%BA%A4%E6%8F%9B%E9%87%9D%E3%80%90%E5%9B%BD%E5%86%85%E6%AD%A3%E8%A6%8F%E5%93%81%E3%80%91/dp/B07NS928GP/ref=sr_1_6?crid=2E5D17O346HHX&dib=eyJ2IjoiMSJ9.xl7bKTVwQRUtHYZTiA-vVib4PMmYLzBdKjll6YQKz-NzU2qig7AY-QAs74aeV2XSG29X-gwA37XMAM_x4EWcB3YDQOcjRYS7uGF8Iy5506QEPyGaX1ofODgMcWH3Z1z7yFiT5lxyXR40H4ugMmit-3nF-Idaer2lqou2LUhm0hivScSy2SU7nGmO0c2ts2UrVhNd8RG5hbIOx9GeQNOTAwh0wvi8K14Nb4QSndMQJPo8Gr9DleVz2YxsqUw7WmZ0aa3r7cWQ4uUyF9K3lG-_fRS1yOjrSQF-fXQqatZmd1g.POF_MyIHHxw_VJS9jT4epQ9nUCLa-mb8ohAGQundz5s&dib_tag=se&keywords=%E3%82%AA%E3%83%AB%E3%83%88%E3%83%95%E3%82%A9%E3%83%B3+%E4%BA%A4%E6%8F%9B%E9%87%9D&qid=1784275262&refinements=p_85%3A8070706051%2Cp_n_condition-type%3A2249602051&rnid=2249601051&rps=1&sprefix=%E3%82%AA%E3%83%AB%E3%83%88%E3%83%95%E3%82%A9%E3%83%B3+%2Caps%2C329&sr=8-6&ufe=app_do%3Aamzn1.fos.35785624-70c4-44ae-a5c3-3f044f475d63","https://m.media-amazon.com/images/I/51Aah2+2+4L._AC_UL320_.jpg","https://www.amazon.co.jp/Stylus-Century-Concorde-Century%E7%94%A8-%E4%BA%A4%E6%8F%9B%E9%87%9D%E3%80%90%E5%9B%BD%E5%86%85%E6%AD%A3%E8%A6%8F%E5%93%81%E3%80%91/dp/B07NS928GP/ref=sr_1_6?crid=2E5D17O346HHX&dib=eyJ2IjoiMSJ9.xl7bKTVwQRUtHYZTiA-vVib4PMmYLzBdKjll6YQKz-NzU2qig7AY-QAs74aeV2XSG29X-gwA37XMAM_x4EWcB3YDQOcjRYS7uGF8Iy5506QEPyGaX1ofODgMcWH3Z1z7yFiT5lxyXR40H4ugMmit-3nF-Idaer2lqou2LUhm0hivScSy2SU7nGmO0c2ts2UrVhNd8RG5hbIOx9GeQNOTAwh0wvi8K14Nb4QSndMQJPo8Gr9DleVz2YxsqUw7WmZ0aa3r7cWQ4uUyF9K3lG-_fRS1yOjrSQF-fXQqatZmd1g.POF_MyIHHxw_VJS9jT4epQ9nUCLa-mb8ohAGQundz5s&dib_tag=se&keywords=%E3%82%AA%E3%83%AB%E3%83%88%E3%83%95%E3%82%A9%E3%83%B3+%E4%BA%A4%E6%8F%9B%E9%87%9D&qid=1784275262&refinements=p_85%3A8070706051%2Cp_n_condition-type%3A2249602051&rnid=2249601051&rps=1&sprefix=%E3%82%AA%E3%83%AB%E3%83%88%E3%83%95%E3%82%A9%E3%83%B3+%2Caps%2C329&sr=8-6&ufe=app_do%3Aamzn1.fos.35785624-70c4-44ae-a5c3-3f044f475d63","ortofon Stylus Century オルトフォン The Concorde Century用 交換針","javascript:void(0)","5つ星のうち5.0","https://www.amazon.co.jp/Stylus-Century-Concorde-Century%E7%94%A8-%E4%BA%A4%E6%8F%9B%E9%87%9D%E3%80%90%E5%9B%BD%E5%86%85%E6%AD%A3%E8%A6%8F%E5%93%81%E3%80%91/dp/B07NS928GP/ref=sr_1_6?crid=2E5D17O346HHX&dib=eyJ2IjoiMSJ9.xl7bKTVwQRUtHYZTiA-vVib4PMmYLzBdKjll6YQKz-NzU2qig7AY-QAs74aeV2XSG29X-gwA37XMAM_x4EWcB3YDQOcjRYS7uGF8Iy5506QEPyGaX1ofODgMcWH3Z1z7yFiT5lxyXR40H4ugMmit-3nF-Idaer2lqou2LUhm0hivScSy2SU7nGmO0c2ts2UrVhNd8RG5hbIOx9GeQNOTAwh0wvi8K14Nb4QSndMQJPo8Gr9DleVz2YxsqUw7WmZ0aa3r7cWQ4uUyF9K3lG-_fRS1yOjrSQF-fXQqatZmd1g.POF_MyIHHxw_VJS9jT4epQ9nUCLa-mb8ohAGQundz5s&dib_tag=se&keywords=%E3%82%AA%E3%83%AB%E3%83%88%E3%83%95%E3%82%A9%E3%83%B3+%E4%BA%A4%E6%8F%9B%E9%87%9D&qid=1784275262&refinements=p_85%3A8070706051%2Cp_n_condition-type%3A2249602051&rnid=2249601051&rps=1&sprefix=%E3%82%AA%E3%83%AB%E3%83%88%E3%83%95%E3%82%A9%E3%83%B3+%2Caps%2C329&sr=8-6&ufe=app_do%3Aamzn1.fos.35785624-70c4-44ae-a5c3-3f044f475d63#customerReviews","残り1点 ご注文はお早めに","https://www.amazon.co.jp/Stylus-Century-Concorde-Century%E7%94%A8-%E4%BA%A4%E6%8F%9B%E9%87%9D%E3%80%90%E5%9B%BD%E5%86%85%E6%AD%A3%E8%A6%8F%E5%93%81%E3%80%91/dp/B07NS928GP/ref=sr_1_6?crid=2E5D17O346HHX&dib=eyJ2IjoiMSJ9.xl7bKTVwQRUtHYZTiA-vVib4PMmYLzBdKjll6YQKz-NzU2qig7AY-QAs74aeV2XSG29X-gwA37XMAM_x4EWcB3YDQOcjRYS7uGF8Iy5506QEPyGaX1ofODgMcWH3Z1z7yFiT5lxyXR40H4ugMmit-3nF-Idaer2lqou2LUhm0hivScSy2SU7nGmO0c2ts2UrVhNd8RG5hbIOx9GeQNOTAwh0wvi8K14Nb4QSndMQJPo8Gr9DleVz2YxsqUw7WmZ0aa3r7cWQ4uUyF9K3lG-_fRS1yOjrSQF-fXQqatZmd1g.POF_MyIHHxw_VJS9jT4epQ9nUCLa-mb8ohAGQundz5s&dib_tag=se&keywords=%E3%82%AA%E3%83%AB%E3%83%88%E3%83%95%E3%82%A9%E3%83%B3+%E4%BA%A4%E6%8F%9B%E9%87%9D&qid=1784275262&refinements=p_85%3A8070706051%2Cp_n_condition-type%3A2249602051&rnid=2249601051&rps=1&sprefix=%E3%82%AA%E3%83%AB%E3%83%88%E3%83%95%E3%82%A9%E3%83%B3+%2Caps%2C329&sr=8-6&ufe=app_do%3Aamzn1.fos.35785624-70c4-44ae-a5c3-3f044f475d63","","￥67,980","￥","67,980","",""
"https://www.amazon.co.jp/2M-%E3%82%BF%E3%83%BC%E3%83%B3%E3%83%86%E3%83%BC%E3%83%96%E3%83%AB-%E3%82%A8%E3%83%AA%E3%83%97%E3%83%86%E3%82%A3%E3%82%AB%E3%83%AB-%E3%83%80%E3%82%A4%E3%83%A4%E3%83%A2%E3%83%B3%E3%83%89-Ortofon/dp/B0G7V2QXZX/ref=sr_1_7?crid=2E5D17O346HHX&dib=eyJ2IjoiMSJ9.xl7bKTVwQRUtHYZTiA-vVib4PMmYLzBdKjll6YQKz-NzU2qig7AY-QAs74aeV2XSG29X-gwA37XMAM_x4EWcB3YDQOcjRYS7uGF8Iy5506QEPyGaX1ofODgMcWH3Z1z7yFiT5lxyXR40H4ugMmit-3nF-Idaer2lqou2LUhm0hivScSy2SU7nGmO0c2ts2UrVhNd8RG5hbIOx9GeQNOTAwh0wvi8K14Nb4QSndMQJPo8Gr9DleVz2YxsqUw7WmZ0aa3r7cWQ4uUyF9K3lG-_fRS1yOjrSQF-fXQqatZmd1g.POF_MyIHHxw_VJS9jT4epQ9nUCLa-mb8ohAGQundz5s&dib_tag=se&keywords=%E3%82%AA%E3%83%AB%E3%83%88%E3%83%95%E3%82%A9%E3%83%B3+%E4%BA%A4%E6%8F%9B%E9%87%9D&qid=1784275262&refinements=p_85%3A8070706051%2Cp_n_condition-type%3A2249602051&rnid=2249601051&rps=1&sprefix=%E3%82%AA%E3%83%AB%E3%83%88%E3%83%95%E3%82%A9%E3%83%B3+%2Caps%2C329&sr=8-7&ufe=app_do%3Aamzn1.fos.35785624-70c4-44ae-a5c3-3f044f475d63","https://m.media-amazon.com/images/I/61eCE3-1GvL._AC_UL320_.jpg","https://www.amazon.co.jp/2M-%E3%82%BF%E3%83%BC%E3%83%B3%E3%83%86%E3%83%BC%E3%83%96%E3%83%AB-%E3%82%A8%E3%83%AA%E3%83%97%E3%83%86%E3%82%A3%E3%82%AB%E3%83%AB-%E3%83%80%E3%82%A4%E3%83%A4%E3%83%A2%E3%83%B3%E3%83%89-Ortofon/dp/B0G7V2QXZX/ref=sr_1_7?crid=2E5D17O346HHX&dib=eyJ2IjoiMSJ9.xl7bKTVwQRUtHYZTiA-vVib4PMmYLzBdKjll6YQKz-NzU2qig7AY-QAs74aeV2XSG29X-gwA37XMAM_x4EWcB3YDQOcjRYS7uGF8Iy5506QEPyGaX1ofODgMcWH3Z1z7yFiT5lxyXR40H4ugMmit-3nF-Idaer2lqou2LUhm0hivScSy2SU7nGmO0c2ts2UrVhNd8RG5hbIOx9GeQNOTAwh0wvi8K14Nb4QSndMQJPo8Gr9DleVz2YxsqUw7WmZ0aa3r7cWQ4uUyF9K3lG-_fRS1yOjrSQF-fXQqatZmd1g.POF_MyIHHxw_VJS9jT4epQ9nUCLa-mb8ohAGQundz5s&dib_tag=se&keywords=%E3%82%AA%E3%83%AB%E3%83%88%E3%83%95%E3%82%A9%E3%83%B3+%E4%BA%A4%E6%8F%9B%E9%87%9D&qid=1784275262&refinements=p_85%3A8070706051%2Cp_n_condition-type%3A2249602051&rnid=2249601051&rps=1&sprefix=%E3%82%AA%E3%83%AB%E3%83%88%E3%83%95%E3%82%A9%E3%83%B3+%2Caps%2C329&sr=8-7&ufe=app_do%3Aamzn1.fos.35785624-70c4-44ae-a5c3-3f044f475d63","2M ブルー ターンテーブル エリプティカル ダイヤモンド スタイラス 交換用 Ortofon 2M シリーズ スタイラス用","javascript:void(0)","5つ星のうち4.0","https://www.amazon.co.jp/2M-%E3%82%BF%E3%83%BC%E3%83%B3%E3%83%86%E3%83%BC%E3%83%96%E3%83%AB-%E3%82%A8%E3%83%AA%E3%83%97%E3%83%86%E3%82%A3%E3%82%AB%E3%83%AB-%E3%83%80%E3%82%A4%E3%83%A4%E3%83%A2%E3%83%B3%E3%83%89-Ortofon/dp/B0G7V2QXZX/ref=sr_1_7?crid=2E5D17O346HHX&dib=eyJ2IjoiMSJ9.xl7bKTVwQRUtHYZTiA-vVib4PMmYLzBdKjll6YQKz-NzU2qig7AY-QAs74aeV2XSG29X-gwA37XMAM_x4EWcB3YDQOcjRYS7uGF8Iy5506QEPyGaX1ofODgMcWH3Z1z7yFiT5lxyXR40H4ugMmit-3nF-Idaer2lqou2LUhm0hivScSy2SU7nGmO0c2ts2UrVhNd8RG5hbIOx9GeQNOTAwh0wvi8K14Nb4QSndMQJPo8Gr9DleVz2YxsqUw7WmZ0aa3r7cWQ4uUyF9K3lG-_fRS1yOjrSQF-fXQqatZmd1g.POF_MyIHHxw_VJS9jT4epQ9nUCLa-mb8ohAGQundz5s&dib_tag=se&keywords=%E3%82%AA%E3%83%AB%E3%83%88%E3%83%95%E3%82%A9%E3%83%B3+%E4%BA%A4%E6%8F%9B%E9%87%9D&qid=1784275262&refinements=p_85%3A8070706051%2Cp_n_condition-type%3A2249602051&rnid=2249601051&rps=1&sprefix=%E3%82%AA%E3%83%AB%E3%83%88%E3%83%95%E3%82%A9%E3%83%B3+%2Caps%2C329&sr=8-7&ufe=app_do%3Aamzn1.fos.35785624-70c4-44ae-a5c3-3f044f475d63#customerReviews","残り1点 ご注文はお早めに","https://www.amazon.co.jp/2M-%E3%82%BF%E3%83%BC%E3%83%B3%E3%83%86%E3%83%BC%E3%83%96%E3%83%AB-%E3%82%A8%E3%83%AA%E3%83%97%E3%83%86%E3%82%A3%E3%82%AB%E3%83%AB-%E3%83%80%E3%82%A4%E3%83%A4%E3%83%A2%E3%83%B3%E3%83%89-Ortofon/dp/B0G7V2QXZX/ref=sr_1_7?crid=2E5D17O346HHX&dib=eyJ2IjoiMSJ9.xl7bKTVwQRUtHYZTiA-vVib4PMmYLzBdKjll6YQKz-NzU2qig7AY-QAs74aeV2XSG29X-gwA37XMAM_x4EWcB3YDQOcjRYS7uGF8Iy5506QEPyGaX1ofODgMcWH3Z1z7yFiT5lxyXR40H4ugMmit-3nF-Idaer2lqou2LUhm0hivScSy2SU7nGmO0c2ts2UrVhNd8RG5hbIOx9GeQNOTAwh0wvi8K14Nb4QSndMQJPo8Gr9DleVz2YxsqUw7WmZ0aa3r7cWQ4uUyF9K3lG-_fRS1yOjrSQF-fXQqatZmd1g.POF_MyIHHxw_VJS9jT4epQ9nUCLa-mb8ohAGQundz5s&dib_tag=se&keywords=%E3%82%AA%E3%83%AB%E3%83%88%E3%83%95%E3%82%A9%E3%83%B3+%E4%BA%A4%E6%8F%9B%E9%87%9D&qid=1784275262&refinements=p_85%3A8070706051%2Cp_n_condition-type%3A2249602051&rnid=2249601051&rps=1&sprefix=%E3%82%AA%E3%83%AB%E3%83%88%E3%83%95%E3%82%A9%E3%83%B3+%2Caps%2C329&sr=8-7&ufe=app_do%3Aamzn1.fos.35785624-70c4-44ae-a5c3-3f044f475d63","","￥4,480","￥","4,480","",""
"https://www.amazon.co.jp/%E3%82%AA%E3%83%AB%E3%83%88%E3%83%95%E3%82%A9%E3%83%B3-Stylus-78-Ortofon-%E8%A6%AA%E6%8C%87%E5%9B%9E%E8%BB%A2%E3%83%94%E3%83%B3/dp/B000A0C0WQ/ref=sr_1_8?crid=2E5D17O346HHX&dib=eyJ2IjoiMSJ9.xl7bKTVwQRUtHYZTiA-vVib4PMmYLzBdKjll6YQKz-NzU2qig7AY-QAs74aeV2XSG29X-gwA37XMAM_x4EWcB3YDQOcjRYS7uGF8Iy5506QEPyGaX1ofODgMcWH3Z1z7yFiT5lxyXR40H4ugMmit-3nF-Idaer2lqou2LUhm0hivScSy2SU7nGmO0c2ts2UrVhNd8RG5hbIOx9GeQNOTAwh0wvi8K14Nb4QSndMQJPo8Gr9DleVz2YxsqUw7WmZ0aa3r7cWQ4uUyF9K3lG-_fRS1yOjrSQF-fXQqatZmd1g.POF_MyIHHxw_VJS9jT4epQ9nUCLa-mb8ohAGQundz5s&dib_tag=se&keywords=%E3%82%AA%E3%83%AB%E3%83%88%E3%83%95%E3%82%A9%E3%83%B3+%E4%BA%A4%E6%8F%9B%E9%87%9D&qid=1784275262&refinements=p_85%3A8070706051%2Cp_n_condition-type%3A2249602051&rnid=2249601051&rps=1&sprefix=%E3%82%AA%E3%83%AB%E3%83%88%E3%83%95%E3%82%A9%E3%83%B3+%2Caps%2C329&sr=8-8&ufe=app_do%3Aamzn1.fos.35785624-70c4-44ae-a5c3-3f044f475d63","https://m.media-amazon.com/images/I/61MkbYAxMuL._AC_UL320_.jpg","https://www.amazon.co.jp/%E3%82%AA%E3%83%AB%E3%83%88%E3%83%95%E3%82%A9%E3%83%B3-Stylus-78-Ortofon-%E8%A6%AA%E6%8C%87%E5%9B%9E%E8%BB%A2%E3%83%94%E3%83%B3/dp/B000A0C0WQ/ref=sr_1_8?crid=2E5D17O346HHX&dib=eyJ2IjoiMSJ9.xl7bKTVwQRUtHYZTiA-vVib4PMmYLzBdKjll6YQKz-NzU2qig7AY-QAs74aeV2XSG29X-gwA37XMAM_x4EWcB3YDQOcjRYS7uGF8Iy5506QEPyGaX1ofODgMcWH3Z1z7yFiT5lxyXR40H4ugMmit-3nF-Idaer2lqou2LUhm0hivScSy2SU7nGmO0c2ts2UrVhNd8RG5hbIOx9GeQNOTAwh0wvi8K14Nb4QSndMQJPo8Gr9DleVz2YxsqUw7WmZ0aa3r7cWQ4uUyF9K3lG-_fRS1yOjrSQF-fXQqatZmd1g.POF_MyIHHxw_VJS9jT4epQ9nUCLa-mb8ohAGQundz5s&dib_tag=se&keywords=%E3%82%AA%E3%83%AB%E3%83%88%E3%83%95%E3%82%A9%E3%83%B3+%E4%BA%A4%E6%8F%9B%E9%87%9D&qid=1784275262&refinements=p_85%3A8070706051%2Cp_n_condition-type%3A2249602051&rnid=2249601051&rps=1&sprefix=%E3%82%AA%E3%83%AB%E3%83%88%E3%83%95%E3%82%A9%E3%83%B3+%2Caps%2C329&sr=8-8&ufe=app_do%3Aamzn1.fos.35785624-70c4-44ae-a5c3-3f044f475d63","ortofon Stylus 78 オルトフォン 交換針 SP盤再生用","javascript:void(0)","5つ星のうち4.6","https://www.amazon.co.jp/%E3%82%AA%E3%83%AB%E3%83%88%E3%83%95%E3%82%A9%E3%83%B3-Stylus-78-Ortofon-%E8%A6%AA%E6%8C%87%E5%9B%9E%E8%BB%A2%E3%83%94%E3%83%B3/dp/B000A0C0WQ/ref=sr_1_8?crid=2E5D17O346HHX&dib=eyJ2IjoiMSJ9.xl7bKTVwQRUtHYZTiA-vVib4PMmYLzBdKjll6YQKz-NzU2qig7AY-QAs74aeV2XSG29X-gwA37XMAM_x4EWcB3YDQOcjRYS7uGF8Iy5506QEPyGaX1ofODgMcWH3Z1z7yFiT5lxyXR40H4ugMmit-3nF-Idaer2lqou2LUhm0hivScSy2SU7nGmO0c2ts2UrVhNd8RG5hbIOx9GeQNOTAwh0wvi8K14Nb4QSndMQJPo8Gr9DleVz2YxsqUw7WmZ0aa3r7cWQ4uUyF9K3lG-_fRS1yOjrSQF-fXQqatZmd1g.POF_MyIHHxw_VJS9jT4epQ9nUCLa-mb8ohAGQundz5s&dib_tag=se&keywords=%E3%82%AA%E3%83%AB%E3%83%88%E3%83%95%E3%82%A9%E3%83%B3+%E4%BA%A4%E6%8F%9B%E9%87%9D&qid=1784275262&refinements=p_85%3A8070706051%2Cp_n_condition-type%3A2249602051&rnid=2249601051&rps=1&sprefix=%E3%82%AA%E3%83%AB%E3%83%88%E3%83%95%E3%82%A9%E3%83%B3+%2Caps%2C329&sr=8-8&ufe=app_do%3Aamzn1.fos.35785624-70c4-44ae-a5c3-3f044f475d63#customerReviews","残り1点 ご注文はお早めに","https://www.amazon.co.jp/%E3%82%AA%E3%83%AB%E3%83%88%E3%83%95%E3%82%A9%E3%83%B3-Stylus-78-Ortofon-%E8%A6%AA%E6%8C%87%E5%9B%9E%E8%BB%A2%E3%83%94%E3%83%B3/dp/B000A0C0WQ/ref=sr_1_8?crid=2E5D17O346HHX&dib=eyJ2IjoiMSJ9.xl7bKTVwQRUtHYZTiA-vVib4PMmYLzBdKjll6YQKz-NzU2qig7AY-QAs74aeV2XSG29X-gwA37XMAM_x4EWcB3YDQOcjRYS7uGF8Iy5506QEPyGaX1ofODgMcWH3Z1z7yFiT5lxyXR40H4ugMmit-3nF-Idaer2lqou2LUhm0hivScSy2SU7nGmO0c2ts2UrVhNd8RG5hbIOx9GeQNOTAwh0wvi8K14Nb4QSndMQJPo8Gr9DleVz2YxsqUw7WmZ0aa3r7cWQ4uUyF9K3lG-_fRS1yOjrSQF-fXQqatZmd1g.POF_MyIHHxw_VJS9jT4epQ9nUCLa-mb8ohAGQundz5s&dib_tag=se&keywords=%E3%82%AA%E3%83%AB%E3%83%88%E3%83%95%E3%82%A9%E3%83%B3+%E4%BA%A4%E6%8F%9B%E9%87%9D&qid=1784275262&refinements=p_85%3A8070706051%2Cp_n_condition-type%3A2249602051&rnid=2249601051&rps=1&sprefix=%E3%82%AA%E3%83%AB%E3%83%88%E3%83%95%E3%82%A9%E3%83%B3+%2Caps%2C329&sr=8-8&ufe=app_do%3Aamzn1.fos.35785624-70c4-44ae-a5c3-3f044f475d63","","￥10,120","￥","10,120","",""
"https://www.amazon.co.jp/Reloop-GREEN%E5%B0%82%E7%94%A8%E4%BA%A4%E6%8F%9B%E9%87%9D-STYLUS-GREEN-Ortofon%E7%A4%BE%E8%A3%BD/dp/B00K2RCICE/ref=sr_1_9?crid=2E5D17O346HHX&dib=eyJ2IjoiMSJ9.xl7bKTVwQRUtHYZTiA-vVib4PMmYLzBdKjll6YQKz-NzU2qig7AY-QAs74aeV2XSG29X-gwA37XMAM_x4EWcB3YDQOcjRYS7uGF8Iy5506QEPyGaX1ofODgMcWH3Z1z7yFiT5lxyXR40H4ugMmit-3nF-Idaer2lqou2LUhm0hivScSy2SU7nGmO0c2ts2UrVhNd8RG5hbIOx9GeQNOTAwh0wvi8K14Nb4QSndMQJPo8Gr9DleVz2YxsqUw7WmZ0aa3r7cWQ4uUyF9K3lG-_fRS1yOjrSQF-fXQqatZmd1g.POF_MyIHHxw_VJS9jT4epQ9nUCLa-mb8ohAGQundz5s&dib_tag=se&keywords=%E3%82%AA%E3%83%AB%E3%83%88%E3%83%95%E3%82%A9%E3%83%B3+%E4%BA%A4%E6%8F%9B%E9%87%9D&qid=1784275262&refinements=p_85%3A8070706051%2Cp_n_condition-type%3A2249602051&rnid=2249601051&rps=1&sprefix=%E3%82%AA%E3%83%AB%E3%83%88%E3%83%95%E3%82%A9%E3%83%B3+%2Caps%2C329&sr=8-9&ufe=app_do%3Aamzn1.fos.35785624-70c4-44ae-a5c3-3f044f475d63","https://m.media-amazon.com/images/I/61AiPZC5BEL._AC_UL320_.jpg","https://www.amazon.co.jp/Reloop-GREEN%E5%B0%82%E7%94%A8%E4%BA%A4%E6%8F%9B%E9%87%9D-STYLUS-GREEN-Ortofon%E7%A4%BE%E8%A3%BD/dp/B00K2RCICE/ref=sr_1_9?crid=2E5D17O346HHX&dib=eyJ2IjoiMSJ9.xl7bKTVwQRUtHYZTiA-vVib4PMmYLzBdKjll6YQKz-NzU2qig7AY-QAs74aeV2XSG29X-gwA37XMAM_x4EWcB3YDQOcjRYS7uGF8Iy5506QEPyGaX1ofODgMcWH3Z1z7yFiT5lxyXR40H4ugMmit-3nF-Idaer2lqou2LUhm0hivScSy2SU7nGmO0c2ts2UrVhNd8RG5hbIOx9GeQNOTAwh0wvi8K14Nb4QSndMQJPo8Gr9DleVz2YxsqUw7WmZ0aa3r7cWQ4uUyF9K3lG-_fRS1yOjrSQF-fXQqatZmd1g.POF_MyIHHxw_VJS9jT4epQ9nUCLa-mb8ohAGQundz5s&dib_tag=se&keywords=%E3%82%AA%E3%83%AB%E3%83%88%E3%83%95%E3%82%A9%E3%83%B3+%E4%BA%A4%E6%8F%9B%E9%87%9D&qid=1784275262&refinements=p_85%3A8070706051%2Cp_n_condition-type%3A2249602051&rnid=2249601051&rps=1&sprefix=%E3%82%AA%E3%83%AB%E3%83%88%E3%83%95%E3%82%A9%E3%83%B3+%2Caps%2C329&sr=8-9&ufe=app_do%3Aamzn1.fos.35785624-70c4-44ae-a5c3-3f044f475d63","Reloop リループ CONCORDE GREEN専用交換針 STYLUS GREEN Ortofon社製","javascript:void(0)","5つ星のうち5.0","https://www.amazon.co.jp/Reloop-GREEN%E5%B0%82%E7%94%A8%E4%BA%A4%E6%8F%9B%E9%87%9D-STYLUS-GREEN-Ortofon%E7%A4%BE%E8%A3%BD/dp/B00K2RCICE/ref=sr_1_9?crid=2E5D17O346HHX&dib=eyJ2IjoiMSJ9.xl7bKTVwQRUtHYZTiA-vVib4PMmYLzBdKjll6YQKz-NzU2qig7AY-QAs74aeV2XSG29X-gwA37XMAM_x4EWcB3YDQOcjRYS7uGF8Iy5506QEPyGaX1ofODgMcWH3Z1z7yFiT5lxyXR40H4ugMmit-3nF-Idaer2lqou2LUhm0hivScSy2SU7nGmO0c2ts2UrVhNd8RG5hbIOx9GeQNOTAwh0wvi8K14Nb4QSndMQJPo8Gr9DleVz2YxsqUw7WmZ0aa3r7cWQ4uUyF9K3lG-_fRS1yOjrSQF-fXQqatZmd1g.POF_MyIHHxw_VJS9jT4epQ9nUCLa-mb8ohAGQundz5s&dib_tag=se&keywords=%E3%82%AA%E3%83%AB%E3%83%88%E3%83%95%E3%82%A9%E3%83%B3+%E4%BA%A4%E6%8F%9B%E9%87%9D&qid=1784275262&refinements=p_85%3A8070706051%2Cp_n_condition-type%3A2249602051&rnid=2249601051&rps=1&sprefix=%E3%82%AA%E3%83%AB%E3%83%88%E3%83%95%E3%82%A9%E3%83%B3+%2Caps%2C329&sr=8-9&ufe=app_do%3Aamzn1.fos.35785624-70c4-44ae-a5c3-3f044f475d63#customerReviews","ベストセラー8位","https://www.amazon.co.jp/gp/bestsellers/electronics/2225501051/ref=top_seller_insight_8","https://www.amazon.co.jp/Reloop-GREEN%E5%B0%82%E7%94%A8%E4%BA%A4%E6%8F%9B%E9%87%9D-STYLUS-GREEN-Ortofon%E7%A4%BE%E8%A3%BD/dp/B00K2RCICE/ref=sr_1_9?crid=2E5D17O346HHX&dib=eyJ2IjoiMSJ9.xl7bKTVwQRUtHYZTiA-vVib4PMmYLzBdKjll6YQKz-NzU2qig7AY-QAs74aeV2XSG29X-gwA37XMAM_x4EWcB3YDQOcjRYS7uGF8Iy5506QEPyGaX1ofODgMcWH3Z1z7yFiT5lxyXR40H4ugMmit-3nF-Idaer2lqou2LUhm0hivScSy2SU7nGmO0c2ts2UrVhNd8RG5hbIOx9GeQNOTAwh0wvi8K14Nb4QSndMQJPo8Gr9DleVz2YxsqUw7WmZ0aa3r7cWQ4uUyF9K3lG-_fRS1yOjrSQF-fXQqatZmd1g.POF_MyIHHxw_VJS9jT4epQ9nUCLa-mb8ohAGQundz5s&dib_tag=se&keywords=%E3%82%AA%E3%83%AB%E3%83%88%E3%83%95%E3%82%A9%E3%83%B3+%E4%BA%A4%E6%8F%9B%E9%87%9D&qid=1784275262&refinements=p_85%3A8070706051%2Cp_n_condition-type%3A2249602051&rnid=2249601051&rps=1&sprefix=%E3%82%AA%E3%83%AB%E3%83%88%E3%83%95%E3%82%A9%E3%83%B3+%2Caps%2C329&sr=8-9&ufe=app_do%3Aamzn1.fos.35785624-70c4-44ae-a5c3-3f044f475d63","￥6,978","￥","6,978","",""
"https://www.amazon.co.jp/%E3%82%AA%E3%83%BC%E3%83%87%E3%82%A3%E3%82%AA%E3%83%86%E3%82%AF%E3%83%8B%E3%82%AB-ATN3600LC-%E3%83%AC%E3%82%B3%E3%83%BC%E3%83%89%E3%83%97%E3%83%AC%E3%83%BC%E3%83%A4%E3%83%BC-%E3%83%9B%E3%83%AF%E3%82%A4%E3%83%88AT-LP60X-AT-LP60XBT/dp/B0DBLHNJX8/ref=sr_1_10?crid=2E5D17O346HHX&dib=eyJ2IjoiMSJ9.xl7bKTVwQRUtHYZTiA-vVib4PMmYLzBdKjll6YQKz-NzU2qig7AY-QAs74aeV2XSG29X-gwA37XMAM_x4EWcB3YDQOcjRYS7uGF8Iy5506QEPyGaX1ofODgMcWH3Z1z7yFiT5lxyXR40H4ugMmit-3nF-Idaer2lqou2LUhm0hivScSy2SU7nGmO0c2ts2UrVhNd8RG5hbIOx9GeQNOTAwh0wvi8K14Nb4QSndMQJPo8Gr9DleVz2YxsqUw7WmZ0aa3r7cWQ4uUyF9K3lG-_fRS1yOjrSQF-fXQqatZmd1g.POF_MyIHHxw_VJS9jT4epQ9nUCLa-mb8ohAGQundz5s&dib_tag=se&keywords=%E3%82%AA%E3%83%AB%E3%83%88%E3%83%95%E3%82%A9%E3%83%B3+%E4%BA%A4%E6%8F%9B%E9%87%9D&qid=1784275262&refinements=p_85%3A8070706051%2Cp_n_condition-type%3A2249602051&rnid=2249601051&rps=1&sprefix=%E3%82%AA%E3%83%AB%E3%83%88%E3%83%95%E3%82%A9%E3%83%B3+%2Caps%2C329&sr=8-10&ufe=app_do%3Aamzn1.fos.35785624-70c4-44ae-a5c3-3f044f475d63","https://m.media-amazon.com/images/I/51gZmdqQ42L._AC_UL320_.jpg","https://www.amazon.co.jp/%E3%82%AA%E3%83%BC%E3%83%87%E3%82%A3%E3%82%AA%E3%83%86%E3%82%AF%E3%83%8B%E3%82%AB-ATN3600LC-%E3%83%AC%E3%82%B3%E3%83%BC%E3%83%89%E3%83%97%E3%83%AC%E3%83%BC%E3%83%A4%E3%83%BC-%E3%83%9B%E3%83%AF%E3%82%A4%E3%83%88AT-LP60X-AT-LP60XBT/dp/B0DBLHNJX8/ref=sr_1_10?crid=2E5D17O346HHX&dib=eyJ2IjoiMSJ9.xl7bKTVwQRUtHYZTiA-vVib4PMmYLzBdKjll6YQKz-NzU2qig7AY-QAs74aeV2XSG29X-gwA37XMAM_x4EWcB3YDQOcjRYS7uGF8Iy5506QEPyGaX1ofODgMcWH3Z1z7yFiT5lxyXR40H4ugMmit-3nF-Idaer2lqou2LUhm0hivScSy2SU7nGmO0c2ts2UrVhNd8RG5hbIOx9GeQNOTAwh0wvi8K14Nb4QSndMQJPo8Gr9DleVz2YxsqUw7WmZ0aa3r7cWQ4uUyF9K3lG-_fRS1yOjrSQF-fXQqatZmd1g.POF_MyIHHxw_VJS9jT4epQ9nUCLa-mb8ohAGQundz5s&dib_tag=se&keywords=%E3%82%AA%E3%83%AB%E3%83%88%E3%83%95%E3%82%A9%E3%83%B3+%E4%BA%A4%E6%8F%9B%E9%87%9D&qid=1784275262&refinements=p_85%3A8070706051%2Cp_n_condition-type%3A2249602051&rnid=2249601051&rps=1&sprefix=%E3%82%AA%E3%83%AB%E3%83%88%E3%83%95%E3%82%A9%E3%83%B3+%2Caps%2C329&sr=8-10&ufe=app_do%3Aamzn1.fos.35785624-70c4-44ae-a5c3-3f044f475d63","オーディオテクニカ ATN3600LC 交換針【国内正規品】レコードプレーヤー カートリッジ 接合丸針 ホワイトAT-LP60X AT-LP60XBT AT-SB727 AT-SB2022 AT-LP300 用","javascript:void(0)","5つ星のうち4.7","https://www.amazon.co.jp/%E3%82%AA%E3%83%BC%E3%83%87%E3%82%A3%E3%82%AA%E3%83%86%E3%82%AF%E3%83%8B%E3%82%AB-ATN3600LC-%E3%83%AC%E3%82%B3%E3%83%BC%E3%83%89%E3%83%97%E3%83%AC%E3%83%BC%E3%83%A4%E3%83%BC-%E3%83%9B%E3%83%AF%E3%82%A4%E3%83%88AT-LP60X-AT-LP60XBT/dp/B0DBLHNJX8/ref=sr_1_10?crid=2E5D17O346HHX&dib=eyJ2IjoiMSJ9.xl7bKTVwQRUtHYZTiA-vVib4PMmYLzBdKjll6YQKz-NzU2qig7AY-QAs74aeV2XSG29X-gwA37XMAM_x4EWcB3YDQOcjRYS7uGF8Iy5506QEPyGaX1ofODgMcWH3Z1z7yFiT5lxyXR40H4ugMmit-3nF-Idaer2lqou2LUhm0hivScSy2SU7nGmO0c2ts2UrVhNd8RG5hbIOx9GeQNOTAwh0wvi8K14Nb4QSndMQJPo8Gr9DleVz2YxsqUw7WmZ0aa3r7cWQ4uUyF9K3lG-_fRS1yOjrSQF-fXQqatZmd1g.POF_MyIHHxw_VJS9jT4epQ9nUCLa-mb8ohAGQundz5s&dib_tag=se&keywords=%E3%82%AA%E3%83%AB%E3%83%88%E3%83%95%E3%82%A9%E3%83%B3+%E4%BA%A4%E6%8F%9B%E9%87%9D&qid=1784275262&refinements=p_85%3A8070706051%2Cp_n_condition-type%3A2249602051&rnid=2249601051&rps=1&sprefix=%E3%82%AA%E3%83%AB%E3%83%88%E3%83%95%E3%82%A9%E3%83%B3+%2Caps%2C329&sr=8-10&ufe=app_do%3Aamzn1.fos.35785624-70c4-44ae-a5c3-3f044f475d63#customerReviews","過去1か月で100点以上購入されました","https://www.amazon.co.jp/gp/bestsellers/electronics/2225502051/ref=top_seller_insight_1","https://www.amazon.co.jp/%E3%82%AA%E3%83%BC%E3%83%87%E3%82%A3%E3%82%AA%E3%83%86%E3%82%AF%E3%83%8B%E3%82%AB-ATN3600LC-%E3%83%AC%E3%82%B3%E3%83%BC%E3%83%89%E3%83%97%E3%83%AC%E3%83%BC%E3%83%A4%E3%83%BC-%E3%83%9B%E3%83%AF%E3%82%A4%E3%83%88AT-LP60X-AT-LP60XBT/dp/B0DBLHNJX8/ref=sr_1_10?crid=2E5D17O346HHX&dib=eyJ2IjoiMSJ9.xl7bKTVwQRUtHYZTiA-vVib4PMmYLzBdKjll6YQKz-NzU2qig7AY-QAs74aeV2XSG29X-gwA37XMAM_x4EWcB3YDQOcjRYS7uGF8Iy5506QEPyGaX1ofODgMcWH3Z1z7yFiT5lxyXR40H4ugMmit-3nF-Idaer2lqou2LUhm0hivScSy2SU7nGmO0c2ts2UrVhNd8RG5hbIOx9GeQNOTAwh0wvi8K14Nb4QSndMQJPo8Gr9DleVz2YxsqUw7WmZ0aa3r7cWQ4uUyF9K3lG-_fRS1yOjrSQF-fXQqatZmd1g.POF_MyIHHxw_VJS9jT4epQ9nUCLa-mb8ohAGQundz5s&dib_tag=se&keywords=%E3%82%AA%E3%83%AB%E3%83%88%E3%83%95%E3%82%A9%E3%83%B3+%E4%BA%A4%E6%8F%9B%E9%87%9D&qid=1784275262&refinements=p_85%3A8070706051%2Cp_n_condition-type%3A2249602051&rnid=2249601051&rps=1&sprefix=%E3%82%AA%E3%83%AB%E3%83%88%E3%83%95%E3%82%A9%E3%83%B3+%2Caps%2C329&sr=8-10&ufe=app_do%3Aamzn1.fos.35785624-70c4-44ae-a5c3-3f044f475d63","￥4,000","￥","4,000","￥3,960",""
"https://www.amazon.co.jp/Audio-Technica-%E3%82%AA%E3%83%BC%E3%83%87%E3%82%A3%E3%82%AA%E3%83%86%E3%82%AF%E3%83%8B%E3%82%AB-AT-VM95E-H%E3%83%A0%E3%83%BC%E3%83%93%E3%83%B3%E3%82%B0%E3%83%9E%E3%82%B0%E3%83%8D%E3%83%83%E3%83%88%E3%83%95%E3%82%A9%E3%83%8E%E3%82%BB%E3%83%AB%E4%BB%98%E5%B1%9E%E3%82%BB%E3%83%AB%E3%83%9B%E3%83%AB%E3%83%80%E3%83%BCat-HS6/dp/B07JLX1JZ7/ref=sr_1_11?crid=2E5D17O346HHX&dib=eyJ2IjoiMSJ9.xl7bKTVwQRUtHYZTiA-vVib4PMmYLzBdKjll6YQKz-NzU2qig7AY-QAs74aeV2XSG29X-gwA37XMAM_x4EWcB3YDQOcjRYS7uGF8Iy5506QEPyGaX1ofODgMcWH3Z1z7yFiT5lxyXR40H4ugMmit-3nF-Idaer2lqou2LUhm0hivScSy2SU7nGmO0c2ts2UrVhNd8RG5hbIOx9GeQNOTAwh0wvi8K14Nb4QSndMQJPo8Gr9DleVz2YxsqUw7WmZ0aa3r7cWQ4uUyF9K3lG-_fRS1yOjrSQF-fXQqatZmd1g.POF_MyIHHxw_VJS9jT4epQ9nUCLa-mb8ohAGQundz5s&dib_tag=se&keywords=%E3%82%AA%E3%83%AB%E3%83%88%E3%83%95%E3%82%A9%E3%83%B3+%E4%BA%A4%E6%8F%9B%E9%87%9D&qid=1784275262&refinements=p_85%3A8070706051%2Cp_n_condition-type%3A2249602051&rnid=2249601051&rps=1&sprefix=%E3%82%AA%E3%83%AB%E3%83%88%E3%83%95%E3%82%A9%E3%83%B3+%2Caps%2C329&sr=8-11&ufe=app_do%3Aamzn1.fos.35785624-70c4-44ae-a5c3-3f044f475d63","https://m.media-amazon.com/images/I/71uYUvQUycL._AC_UL320_.jpg","https://www.amazon.co.jp/Audio-Technica-%E3%82%AA%E3%83%BC%E3%83%87%E3%82%A3%E3%82%AA%E3%83%86%E3%82%AF%E3%83%8B%E3%82%AB-AT-VM95E-H%E3%83%A0%E3%83%BC%E3%83%93%E3%83%B3%E3%82%B0%E3%83%9E%E3%82%B0%E3%83%8D%E3%83%83%E3%83%88%E3%83%95%E3%82%A9%E3%83%8E%E3%82%BB%E3%83%AB%E4%BB%98%E5%B1%9E%E3%82%BB%E3%83%AB%E3%83%9B%E3%83%AB%E3%83%80%E3%83%BCat-HS6/dp/B07JLX1JZ7/ref=sr_1_11?crid=2E5D17O346HHX&dib=eyJ2IjoiMSJ9.xl7bKTVwQRUtHYZTiA-vVib4PMmYLzBdKjll6YQKz-NzU2qig7AY-QAs74aeV2XSG29X-gwA37XMAM_x4EWcB3YDQOcjRYS7uGF8Iy5506QEPyGaX1ofODgMcWH3Z1z7yFiT5lxyXR40H4ugMmit-3nF-Idaer2lqou2LUhm0hivScSy2SU7nGmO0c2ts2UrVhNd8RG5hbIOx9GeQNOTAwh0wvi8K14Nb4QSndMQJPo8Gr9DleVz2YxsqUw7WmZ0aa3r7cWQ4uUyF9K3lG-_fRS1yOjrSQF-fXQqatZmd1g.POF_MyIHHxw_VJS9jT4epQ9nUCLa-mb8ohAGQundz5s&dib_tag=se&keywords=%E3%82%AA%E3%83%AB%E3%83%88%E3%83%95%E3%82%A9%E3%83%B3+%E4%BA%A4%E6%8F%9B%E9%87%9D&qid=1784275262&refinements=p_85%3A8070706051%2Cp_n_condition-type%3A2249602051&rnid=2249601051&rps=1&sprefix=%E3%82%AA%E3%83%AB%E3%83%88%E3%83%95%E3%82%A9%E3%83%B3+%2Caps%2C329&sr=8-11&ufe=app_do%3Aamzn1.fos.35785624-70c4-44ae-a5c3-3f044f475d63","オーディオテクニカ AT-VM95E/H VM型 ステレオカートリッジ ヘッドシェル付き 楕円針 AT-VM95シリーズ レコード針 カートリッジ レコードプレーヤー","javascript:void(0)","5つ星のうち4.5","https://www.amazon.co.jp/Audio-Technica-%E3%82%AA%E3%83%BC%E3%83%87%E3%82%A3%E3%82%AA%E3%83%86%E3%82%AF%E3%83%8B%E3%82%AB-AT-VM95E-H%E3%83%A0%E3%83%BC%E3%83%93%E3%83%B3%E3%82%B0%E3%83%9E%E3%82%B0%E3%83%8D%E3%83%83%E3%83%88%E3%83%95%E3%82%A9%E3%83%8E%E3%82%BB%E3%83%AB%E4%BB%98%E5%B1%9E%E3%82%BB%E3%83%AB%E3%83%9B%E3%83%AB%E3%83%80%E3%83%BCat-HS6/dp/B07JLX1JZ7/ref=sr_1_11?crid=2E5D17O346HHX&dib=eyJ2IjoiMSJ9.xl7bKTVwQRUtHYZTiA-vVib4PMmYLzBdKjll6YQKz-NzU2qig7AY-QAs74aeV2XSG29X-gwA37XMAM_x4EWcB3YDQOcjRYS7uGF8Iy5506QEPyGaX1ofODgMcWH3Z1z7yFiT5lxyXR40H4ugMmit-3nF-Idaer2lqou2LUhm0hivScSy2SU7nGmO0c2ts2UrVhNd8RG5hbIOx9GeQNOTAwh0wvi8K14Nb4QSndMQJPo8Gr9DleVz2YxsqUw7WmZ0aa3r7cWQ4uUyF9K3lG-_fRS1yOjrSQF-fXQqatZmd1g.POF_MyIHHxw_VJS9jT4epQ9nUCLa-mb8ohAGQundz5s&dib_tag=se&keywords=%E3%82%AA%E3%83%AB%E3%83%88%E3%83%95%E3%82%A9%E3%83%B3+%E4%BA%A4%E6%8F%9B%E9%87%9D&qid=1784275262&refinements=p_85%3A8070706051%2Cp_n_condition-type%3A2249602051&rnid=2249601051&rps=1&sprefix=%E3%82%AA%E3%83%AB%E3%83%88%E3%83%95%E3%82%A9%E3%83%B3+%2Caps%2C329&sr=8-11&ufe=app_do%3Aamzn1.fos.35785624-70c4-44ae-a5c3-3f044f475d63#customerReviews","過去1か月で50点以上購入されました","https://www.amazon.co.jp/gp/bestsellers/electronics/2225501051/ref=top_seller_insight_2","https://www.amazon.co.jp/Audio-Technica-%E3%82%AA%E3%83%BC%E3%83%87%E3%82%A3%E3%82%AA%E3%83%86%E3%82%AF%E3%83%8B%E3%82%AB-AT-VM95E-H%E3%83%A0%E3%83%BC%E3%83%93%E3%83%B3%E3%82%B0%E3%83%9E%E3%82%B0%E3%83%8D%E3%83%83%E3%83%88%E3%83%95%E3%82%A9%E3%83%8E%E3%82%BB%E3%83%AB%E4%BB%98%E5%B1%9E%E3%82%BB%E3%83%AB%E3%83%9B%E3%83%AB%E3%83%80%E3%83%BCat-HS6/dp/B07JLX1JZ7/ref=sr_1_11?crid=2E5D17O346HHX&dib=eyJ2IjoiMSJ9.xl7bKTVwQRUtHYZTiA-vVib4PMmYLzBdKjll6YQKz-NzU2qig7AY-QAs74aeV2XSG29X-gwA37XMAM_x4EWcB3YDQOcjRYS7uGF8Iy5506QEPyGaX1ofODgMcWH3Z1z7yFiT5lxyXR40H4ugMmit-3nF-Idaer2lqou2LUhm0hivScSy2SU7nGmO0c2ts2UrVhNd8RG5hbIOx9GeQNOTAwh0wvi8K14Nb4QSndMQJPo8Gr9DleVz2YxsqUw7WmZ0aa3r7cWQ4uUyF9K3lG-_fRS1yOjrSQF-fXQqatZmd1g.POF_MyIHHxw_VJS9jT4epQ9nUCLa-mb8ohAGQundz5s&dib_tag=se&keywords=%E3%82%AA%E3%83%AB%E3%83%88%E3%83%95%E3%82%A9%E3%83%B3+%E4%BA%A4%E6%8F%9B%E9%87%9D&qid=1784275262&refinements=p_85%3A8070706051%2Cp_n_condition-type%3A2249602051&rnid=2249601051&rps=1&sprefix=%E3%82%AA%E3%83%AB%E3%83%88%E3%83%95%E3%82%A9%E3%83%B3+%2Caps%2C329&sr=8-11&ufe=app_do%3Aamzn1.fos.35785624-70c4-44ae-a5c3-3f044f475d63","￥10,409","￥","10,409","￥10,305",""
"https://www.amazon.co.jp/%E3%82%AA%E3%83%AB%E3%83%88%E3%83%95%E3%82%A9%E3%83%B3-%E3%82%B3%E3%83%B3%E3%82%B3%E3%83%AB%E3%83%89%E3%83%BB%E3%83%9F%E3%83%83%E3%82%AF%E3%82%B9%E7%94%A8%E4%BA%A4%E6%8F%9B%E9%87%9Dortofon-Stylus-MKII-Mix/dp/B0799QQ6VT/ref=sr_1_12?crid=2E5D17O346HHX&dib=eyJ2IjoiMSJ9.xl7bKTVwQRUtHYZTiA-vVib4PMmYLzBdKjll6YQKz-NzU2qig7AY-QAs74aeV2XSG29X-gwA37XMAM_x4EWcB3YDQOcjRYS7uGF8Iy5506QEPyGaX1ofODgMcWH3Z1z7yFiT5lxyXR40H4ugMmit-3nF-Idaer2lqou2LUhm0hivScSy2SU7nGmO0c2ts2UrVhNd8RG5hbIOx9GeQNOTAwh0wvi8K14Nb4QSndMQJPo8Gr9DleVz2YxsqUw7WmZ0aa3r7cWQ4uUyF9K3lG-_fRS1yOjrSQF-fXQqatZmd1g.POF_MyIHHxw_VJS9jT4epQ9nUCLa-mb8ohAGQundz5s&dib_tag=se&keywords=%E3%82%AA%E3%83%AB%E3%83%88%E3%83%95%E3%82%A9%E3%83%B3+%E4%BA%A4%E6%8F%9B%E9%87%9D&qid=1784275262&refinements=p_85%3A8070706051%2Cp_n_condition-type%3A2249602051&rnid=2249601051&rps=1&sprefix=%E3%82%AA%E3%83%AB%E3%83%88%E3%83%95%E3%82%A9%E3%83%B3+%2Caps%2C329&sr=8-12","https://m.media-amazon.com/images/I/51O1EAviOsL._AC_UL320_.jpg","https://www.amazon.co.jp/%E3%82%AA%E3%83%AB%E3%83%88%E3%83%95%E3%82%A9%E3%83%B3-%E3%82%B3%E3%83%B3%E3%82%B3%E3%83%AB%E3%83%89%E3%83%BB%E3%83%9F%E3%83%83%E3%82%AF%E3%82%B9%E7%94%A8%E4%BA%A4%E6%8F%9B%E9%87%9Dortofon-Stylus-MKII-Mix/dp/B0799QQ6VT/ref=sr_1_12?crid=2E5D17O346HHX&dib=eyJ2IjoiMSJ9.xl7bKTVwQRUtHYZTiA-vVib4PMmYLzBdKjll6YQKz-NzU2qig7AY-QAs74aeV2XSG29X-gwA37XMAM_x4EWcB3YDQOcjRYS7uGF8Iy5506QEPyGaX1ofODgMcWH3Z1z7yFiT5lxyXR40H4ugMmit-3nF-Idaer2lqou2LUhm0hivScSy2SU7nGmO0c2ts2UrVhNd8RG5hbIOx9GeQNOTAwh0wvi8K14Nb4QSndMQJPo8Gr9DleVz2YxsqUw7WmZ0aa3r7cWQ4uUyF9K3lG-_fRS1yOjrSQF-fXQqatZmd1g.POF_MyIHHxw_VJS9jT4epQ9nUCLa-mb8ohAGQundz5s&dib_tag=se&keywords=%E3%82%AA%E3%83%AB%E3%83%88%E3%83%95%E3%82%A9%E3%83%B3+%E4%BA%A4%E6%8F%9B%E9%87%9D&qid=1784275262&refinements=p_85%3A8070706051%2Cp_n_condition-type%3A2249602051&rnid=2249601051&rps=1&sprefix=%E3%82%AA%E3%83%AB%E3%83%88%E3%83%95%E3%82%A9%E3%83%B3+%2Caps%2C329&sr=8-12","ortofon Stylus CC MKII Mix オルトフォン Concorde MKII Mix用 交換針","javascript:void(0)","5つ星のうち4.5","https://www.amazon.co.jp/%E3%82%AA%E3%83%AB%E3%83%88%E3%83%95%E3%82%A9%E3%83%B3-%E3%82%B3%E3%83%B3%E3%82%B3%E3%83%AB%E3%83%89%E3%83%BB%E3%83%9F%E3%83%83%E3%82%AF%E3%82%B9%E7%94%A8%E4%BA%A4%E6%8F%9B%E9%87%9Dortofon-Stylus-MKII-Mix/dp/B0799QQ6VT/ref=sr_1_12?crid=2E5D17O346HHX&dib=eyJ2IjoiMSJ9.xl7bKTVwQRUtHYZTiA-vVib4PMmYLzBdKjll6YQKz-NzU2qig7AY-QAs74aeV2XSG29X-gwA37XMAM_x4EWcB3YDQOcjRYS7uGF8Iy5506QEPyGaX1ofODgMcWH3Z1z7yFiT5lxyXR40H4ugMmit-3nF-Idaer2lqou2LUhm0hivScSy2SU7nGmO0c2ts2UrVhNd8RG5hbIOx9GeQNOTAwh0wvi8K14Nb4QSndMQJPo8Gr9DleVz2YxsqUw7WmZ0aa3r7cWQ4uUyF9K3lG-_fRS1yOjrSQF-fXQqatZmd1g.POF_MyIHHxw_VJS9jT4epQ9nUCLa-mb8ohAGQundz5s&dib_tag=se&keywords=%E3%82%AA%E3%83%AB%E3%83%88%E3%83%95%E3%82%A9%E3%83%B3+%E4%BA%A4%E6%8F%9B%E9%87%9D&qid=1784275262&refinements=p_85%3A8070706051%2Cp_n_condition-type%3A2249602051&rnid=2249601051&rps=1&sprefix=%E3%82%AA%E3%83%AB%E3%83%88%E3%83%95%E3%82%A9%E3%83%B3+%2Caps%2C329&sr=8-12#customerReviews","「おすすめ出品」の要件を満たす出品はありません","https://www.amazon.co.jp/gp/offer-listing/B0799QQ6VT/ref=sr_1_12_olp?rnid=2249601051&rps=1&keywords=%E3%82%AA%E3%83%AB%E3%83%88%E3%83%95%E3%82%A9%E3%83%B3+%E4%BA%A4%E6%8F%9B%E9%87%9D&crid=2E5D17O346HHX&sprefix=%E3%82%AA%E3%83%AB%E3%83%88%E3%83%95%E3%82%A9%E3%83%B3+%2Caps%2C329&dib_tag=se&dib=eyJ2IjoiMSJ9.xl7bKTVwQRUtHYZTiA-vVib4PMmYLzBdKjll6YQKz-NzU2qig7AY-QAs74aeV2XSG29X-gwA37XMAM_x4EWcB3YDQOcjRYS7uGF8Iy5506QEPyGaX1ofODgMcWH3Z1z7yFiT5lxyXR40H4ugMmit-3nF-Idaer2lqou2LUhm0hivScSy2SU7nGmO0c2ts2UrVhNd8RG5hbIOx9GeQNOTAwh0wvi8K14Nb4QSndMQJPo8Gr9DleVz2YxsqUw7WmZ0aa3r7cWQ4uUyF9K3lG-_fRS1yOjrSQF-fXQqatZmd1g.POF_MyIHHxw_VJS9jT4epQ9nUCLa-mb8ohAGQundz5s&qid=1784275262&sr=8-12&refinements=p_85%3A8070706051%2Cp_n_condition-type%3A2249602051","","","","","￥6,600","https://www.amazon.co.jp/%E3%82%AA%E3%83%AB%E3%83%88%E3%83%95%E3%82%A9%E3%83%B3-%E3%82%B3%E3%83%B3%E3%82%B3%E3%83%AB%E3%83%89%E3%83%BB%E3%83%9F%E3%83%83%E3%82%AF%E3%82%B9%E7%94%A8%E4%BA%A4%E6%8F%9B%E9%87%9Dortofon-Stylus-MKII-Mix/dp/B0799QQ6VT/ref=sr_1_12_so_TURNTABLE?crid=2E5D17O346HHX&dib=eyJ2IjoiMSJ9.xl7bKTVwQRUtHYZTiA-vVib4PMmYLzBdKjll6YQKz-NzU2qig7AY-QAs74aeV2XSG29X-gwA37XMAM_x4EWcB3YDQOcjRYS7uGF8Iy5506QEPyGaX1ofODgMcWH3Z1z7yFiT5lxyXR40H4ugMmit-3nF-Idaer2lqou2LUhm0hivScSy2SU7nGmO0c2ts2UrVhNd8RG5hbIOx9GeQNOTAwh0wvi8K14Nb4QSndMQJPo8Gr9DleVz2YxsqUw7WmZ0aa3r7cWQ4uUyF9K3lG-_fRS1yOjrSQF-fXQqatZmd1g.POF_MyIHHxw_VJS9jT4epQ9nUCLa-mb8ohAGQundz5s&dib_tag=se&keywords=%E3%82%AA%E3%83%AB%E3%83%88%E3%83%95%E3%82%A9%E3%83%B3+%E4%BA%A4%E6%8F%9B%E9%87%9D&qid=1784275262&refinements=p_85%3A8070706051%2Cp_n_condition-type%3A2249602051&rnid=2249601051&rps=1&sprefix=%E3%82%AA%E3%83%AB%E3%83%88%E3%83%95%E3%82%A9%E3%83%B3+%2Caps%2C329&sr=8-12"
"https://www.amazon.co.jp/%E3%82%AA%E3%83%AB%E3%83%88%E3%83%95%E3%82%A9%E3%83%B3-%E4%BA%A4%E6%8F%9B%E9%87%9D-STYLUS-PRO-S/dp/B000ML4KT4/ref=sr_1_13?crid=2E5D17O346HHX&dib=eyJ2IjoiMSJ9.xl7bKTVwQRUtHYZTiA-vVib4PMmYLzBdKjll6YQKz-NzU2qig7AY-QAs74aeV2XSG29X-gwA37XMAM_x4EWcB3YDQOcjRYS7uGF8Iy5506QEPyGaX1ofODgMcWH3Z1z7yFiT5lxyXR40H4ugMmit-3nF-Idaer2lqou2LUhm0hivScSy2SU7nGmO0c2ts2UrVhNd8RG5hbIOx9GeQNOTAwh0wvi8K14Nb4QSndMQJPo8Gr9DleVz2YxsqUw7WmZ0aa3r7cWQ4uUyF9K3lG-_fRS1yOjrSQF-fXQqatZmd1g.POF_MyIHHxw_VJS9jT4epQ9nUCLa-mb8ohAGQundz5s&dib_tag=se&keywords=%E3%82%AA%E3%83%AB%E3%83%88%E3%83%95%E3%82%A9%E3%83%B3+%E4%BA%A4%E6%8F%9B%E9%87%9D&qid=1784275262&refinements=p_85%3A8070706051%2Cp_n_condition-type%3A2249602051&rnid=2249601051&rps=1&sprefix=%E3%82%AA%E3%83%AB%E3%83%88%E3%83%95%E3%82%A9%E3%83%B3+%2Caps%2C329&sr=8-13","https://m.media-amazon.com/images/I/51qGmQnkSXL._AC_UL320_.jpg","https://www.amazon.co.jp/%E3%82%AA%E3%83%AB%E3%83%88%E3%83%95%E3%82%A9%E3%83%B3-%E4%BA%A4%E6%8F%9B%E9%87%9D-STYLUS-PRO-S/dp/B000ML4KT4/ref=sr_1_13?crid=2E5D17O346HHX&dib=eyJ2IjoiMSJ9.xl7bKTVwQRUtHYZTiA-vVib4PMmYLzBdKjll6YQKz-NzU2qig7AY-QAs74aeV2XSG29X-gwA37XMAM_x4EWcB3YDQOcjRYS7uGF8Iy5506QEPyGaX1ofODgMcWH3Z1z7yFiT5lxyXR40H4ugMmit-3nF-Idaer2lqou2LUhm0hivScSy2SU7nGmO0c2ts2UrVhNd8RG5hbIOx9GeQNOTAwh0wvi8K14Nb4QSndMQJPo8Gr9DleVz2YxsqUw7WmZ0aa3r7cWQ4uUyF9K3lG-_fRS1yOjrSQF-fXQqatZmd1g.POF_MyIHHxw_VJS9jT4epQ9nUCLa-mb8ohAGQundz5s&dib_tag=se&keywords=%E3%82%AA%E3%83%AB%E3%83%88%E3%83%95%E3%82%A9%E3%83%B3+%E4%BA%A4%E6%8F%9B%E9%87%9D&qid=1784275262&refinements=p_85%3A8070706051%2Cp_n_condition-type%3A2249602051&rnid=2249601051&rps=1&sprefix=%E3%82%AA%E3%83%AB%E3%83%88%E3%83%95%E3%82%A9%E3%83%B3+%2Caps%2C329&sr=8-13","オルトフォン 交換針 STYLUS PRO S*","javascript:void(0)","5つ星のうち4.7","https://www.amazon.co.jp/%E3%82%AA%E3%83%AB%E3%83%88%E3%83%95%E3%82%A9%E3%83%B3-%E4%BA%A4%E6%8F%9B%E9%87%9D-STYLUS-PRO-S/dp/B000ML4KT4/ref=sr_1_13?crid=2E5D17O346HHX&dib=eyJ2IjoiMSJ9.xl7bKTVwQRUtHYZTiA-vVib4PMmYLzBdKjll6YQKz-NzU2qig7AY-QAs74aeV2XSG29X-gwA37XMAM_x4EWcB3YDQOcjRYS7uGF8Iy5506QEPyGaX1ofODgMcWH3Z1z7yFiT5lxyXR40H4ugMmit-3nF-Idaer2lqou2LUhm0hivScSy2SU7nGmO0c2ts2UrVhNd8RG5hbIOx9GeQNOTAwh0wvi8K14Nb4QSndMQJPo8Gr9DleVz2YxsqUw7WmZ0aa3r7cWQ4uUyF9K3lG-_fRS1yOjrSQF-fXQqatZmd1g.POF_MyIHHxw_VJS9jT4epQ9nUCLa-mb8ohAGQundz5s&dib_tag=se&keywords=%E3%82%AA%E3%83%AB%E3%83%88%E3%83%95%E3%82%A9%E3%83%B3+%E4%BA%A4%E6%8F%9B%E9%87%9D&qid=1784275262&refinements=p_85%3A8070706051%2Cp_n_condition-type%3A2249602051&rnid=2249601051&rps=1&sprefix=%E3%82%AA%E3%83%AB%E3%83%88%E3%83%95%E3%82%A9%E3%83%B3+%2Caps%2C329&sr=8-13#customerReviews","「おすすめ出品」の要件を満たす出品はありません","https://www.amazon.co.jp/gp/offer-listing/B000ML4KT4/ref=sr_1_13_olp?rnid=2249601051&rps=1&keywords=%E3%82%AA%E3%83%AB%E3%83%88%E3%83%95%E3%82%A9%E3%83%B3+%E4%BA%A4%E6%8F%9B%E9%87%9D&crid=2E5D17O346HHX&sprefix=%E3%82%AA%E3%83%AB%E3%83%88%E3%83%95%E3%82%A9%E3%83%B3+%2Caps%2C329&dib_tag=se&dib=eyJ2IjoiMSJ9.xl7bKTVwQRUtHYZTiA-vVib4PMmYLzBdKjll6YQKz-NzU2qig7AY-QAs74aeV2XSG29X-gwA37XMAM_x4EWcB3YDQOcjRYS7uGF8Iy5506QEPyGaX1ofODgMcWH3Z1z7yFiT5lxyXR40H4ugMmit-3nF-Idaer2lqou2LUhm0hivScSy2SU7nGmO0c2ts2UrVhNd8RG5hbIOx9GeQNOTAwh0wvi8K14Nb4QSndMQJPo8Gr9DleVz2YxsqUw7WmZ0aa3r7cWQ4uUyF9K3lG-_fRS1yOjrSQF-fXQqatZmd1g.POF_MyIHHxw_VJS9jT4epQ9nUCLa-mb8ohAGQundz5s&qid=1784275262&sr=8-13&refinements=p_85%3A8070706051%2Cp_n_condition-type%3A2249602051","","","","","￥6,490","https://www.amazon.co.jp/%E3%82%AA%E3%83%AB%E3%83%88%E3%83%95%E3%82%A9%E3%83%B3-%E4%BA%A4%E6%8F%9B%E9%87%9D-STYLUS-PRO-S/dp/B000ML4KT4/ref=sr_1_13_so_TURNTABLE?crid=2E5D17O346HHX&dib=eyJ2IjoiMSJ9.xl7bKTVwQRUtHYZTiA-vVib4PMmYLzBdKjll6YQKz-NzU2qig7AY-QAs74aeV2XSG29X-gwA37XMAM_x4EWcB3YDQOcjRYS7uGF8Iy5506QEPyGaX1ofODgMcWH3Z1z7yFiT5lxyXR40H4ugMmit-3nF-Idaer2lqou2LUhm0hivScSy2SU7nGmO0c2ts2UrVhNd8RG5hbIOx9GeQNOTAwh0wvi8K14Nb4QSndMQJPo8Gr9DleVz2YxsqUw7WmZ0aa3r7cWQ4uUyF9K3lG-_fRS1yOjrSQF-fXQqatZmd1g.POF_MyIHHxw_VJS9jT4epQ9nUCLa-mb8ohAGQundz5s&dib_tag=se&keywords=%E3%82%AA%E3%83%AB%E3%83%88%E3%83%95%E3%82%A9%E3%83%B3+%E4%BA%A4%E6%8F%9B%E9%87%9D&qid=1784275262&refinements=p_85%3A8070706051%2Cp_n_condition-type%3A2249602051&rnid=2249601051&rps=1&sprefix=%E3%82%AA%E3%83%AB%E3%83%88%E3%83%95%E3%82%A9%E3%83%B3+%2Caps%2C329&sr=8-13"
"https://www.amazon.co.jp/ortofon-Stylus-2M-Blue%E3%81%A8%E6%9C%AC%E4%BD%93%E4%BA%92%E6%8F%9B%E3%81%82%E3%82%8A-%E3%80%90%E5%9B%BD%E5%86%85%E6%AD%A3%E8%A6%8F%E5%93%81%E3%80%91/dp/B000X8CC2S/ref=sr_1_14?crid=2E5D17O346HHX&dib=eyJ2IjoiMSJ9.xl7bKTVwQRUtHYZTiA-vVib4PMmYLzBdKjll6YQKz-NzU2qig7AY-QAs74aeV2XSG29X-gwA37XMAM_x4EWcB3YDQOcjRYS7uGF8Iy5506QEPyGaX1ofODgMcWH3Z1z7yFiT5lxyXR40H4ugMmit-3nF-Idaer2lqou2LUhm0hivScSy2SU7nGmO0c2ts2UrVhNd8RG5hbIOx9GeQNOTAwh0wvi8K14Nb4QSndMQJPo8Gr9DleVz2YxsqUw7WmZ0aa3r7cWQ4uUyF9K3lG-_fRS1yOjrSQF-fXQqatZmd1g.POF_MyIHHxw_VJS9jT4epQ9nUCLa-mb8ohAGQundz5s&dib_tag=se&keywords=%E3%82%AA%E3%83%AB%E3%83%88%E3%83%95%E3%82%A9%E3%83%B3+%E4%BA%A4%E6%8F%9B%E9%87%9D&qid=1784275262&refinements=p_85%3A8070706051%2Cp_n_condition-type%3A2249602051&rnid=2249601051&rps=1&sprefix=%E3%82%AA%E3%83%AB%E3%83%88%E3%83%95%E3%82%A9%E3%83%B3+%2Caps%2C329&sr=8-14","https://m.media-amazon.com/images/I/61n3Px6KvxL._AC_UL320_.jpg","https://www.amazon.co.jp/ortofon-Stylus-2M-Blue%E3%81%A8%E6%9C%AC%E4%BD%93%E4%BA%92%E6%8F%9B%E3%81%82%E3%82%8A-%E3%80%90%E5%9B%BD%E5%86%85%E6%AD%A3%E8%A6%8F%E5%93%81%E3%80%91/dp/B000X8CC2S/ref=sr_1_14?crid=2E5D17O346HHX&dib=eyJ2IjoiMSJ9.xl7bKTVwQRUtHYZTiA-vVib4PMmYLzBdKjll6YQKz-NzU2qig7AY-QAs74aeV2XSG29X-gwA37XMAM_x4EWcB3YDQOcjRYS7uGF8Iy5506QEPyGaX1ofODgMcWH3Z1z7yFiT5lxyXR40H4ugMmit-3nF-Idaer2lqou2LUhm0hivScSy2SU7nGmO0c2ts2UrVhNd8RG5hbIOx9GeQNOTAwh0wvi8K14Nb4QSndMQJPo8Gr9DleVz2YxsqUw7WmZ0aa3r7cWQ4uUyF9K3lG-_fRS1yOjrSQF-fXQqatZmd1g.POF_MyIHHxw_VJS9jT4epQ9nUCLa-mb8ohAGQundz5s&dib_tag=se&keywords=%E3%82%AA%E3%83%AB%E3%83%88%E3%83%95%E3%82%A9%E3%83%B3+%E4%BA%A4%E6%8F%9B%E9%87%9D&qid=1784275262&refinements=p_85%3A8070706051%2Cp_n_condition-type%3A2249602051&rnid=2249601051&rps=1&sprefix=%E3%82%AA%E3%83%AB%E3%83%88%E3%83%95%E3%82%A9%E3%83%B3+%2Caps%2C329&sr=8-14","ortofon Stylus 2M Red オルトフォン 2M Red用 交換針 2M Blueと本体互換あり","javascript:void(0)","5つ星のうち4.7","https://www.amazon.co.jp/ortofon-Stylus-2M-Blue%E3%81%A8%E6%9C%AC%E4%BD%93%E4%BA%92%E6%8F%9B%E3%81%82%E3%82%8A-%E3%80%90%E5%9B%BD%E5%86%85%E6%AD%A3%E8%A6%8F%E5%93%81%E3%80%91/dp/B000X8CC2S/ref=sr_1_14?crid=2E5D17O346HHX&dib=eyJ2IjoiMSJ9.xl7bKTVwQRUtHYZTiA-vVib4PMmYLzBdKjll6YQKz-NzU2qig7AY-QAs74aeV2XSG29X-gwA37XMAM_x4EWcB3YDQOcjRYS7uGF8Iy5506QEPyGaX1ofODgMcWH3Z1z7yFiT5lxyXR40H4ugMmit-3nF-Idaer2lqou2LUhm0hivScSy2SU7nGmO0c2ts2UrVhNd8RG5hbIOx9GeQNOTAwh0wvi8K14Nb4QSndMQJPo8Gr9DleVz2YxsqUw7WmZ0aa3r7cWQ4uUyF9K3lG-_fRS1yOjrSQF-fXQqatZmd1g.POF_MyIHHxw_VJS9jT4epQ9nUCLa-mb8ohAGQundz5s&dib_tag=se&keywords=%E3%82%AA%E3%83%AB%E3%83%88%E3%83%95%E3%82%A9%E3%83%B3+%E4%BA%A4%E6%8F%9B%E9%87%9D&qid=1784275262&refinements=p_85%3A8070706051%2Cp_n_condition-type%3A2249602051&rnid=2249601051&rps=1&sprefix=%E3%82%AA%E3%83%AB%E3%83%88%E3%83%95%E3%82%A9%E3%83%B3+%2Caps%2C329&sr=8-14#customerReviews","「おすすめ出品」の要件を満たす出品はありません","https://www.amazon.co.jp/gp/offer-listing/B000X8CC2S/ref=sr_1_14_olp?rnid=2249601051&rps=1&keywords=%E3%82%AA%E3%83%AB%E3%83%88%E3%83%95%E3%82%A9%E3%83%B3+%E4%BA%A4%E6%8F%9B%E9%87%9D&crid=2E5D17O346HHX&sprefix=%E3%82%AA%E3%83%AB%E3%83%88%E3%83%95%E3%82%A9%E3%83%B3+%2Caps%2C329&dib_tag=se&dib=eyJ2IjoiMSJ9.xl7bKTVwQRUtHYZTiA-vVib4PMmYLzBdKjll6YQKz-NzU2qig7AY-QAs74aeV2XSG29X-gwA37XMAM_x4EWcB3YDQOcjRYS7uGF8Iy5506QEPyGaX1ofODgMcWH3Z1z7yFiT5lxyXR40H4ugMmit-3nF-Idaer2lqou2LUhm0hivScSy2SU7nGmO0c2ts2UrVhNd8RG5hbIOx9GeQNOTAwh0wvi8K14Nb4QSndMQJPo8Gr9DleVz2YxsqUw7WmZ0aa3r7cWQ4uUyF9K3lG-_fRS1yOjrSQF-fXQqatZmd1g.POF_MyIHHxw_VJS9jT4epQ9nUCLa-mb8ohAGQundz5s&qid=1784275262&sr=8-14&refinements=p_85%3A8070706051%2Cp_n_condition-type%3A2249602051","","","","","￥12,760","https://www.amazon.co.jp/ortofon-Stylus-2M-Blue%E3%81%A8%E6%9C%AC%E4%BD%93%E4%BA%92%E6%8F%9B%E3%81%82%E3%82%8A-%E3%80%90%E5%9B%BD%E5%86%85%E6%AD%A3%E8%A6%8F%E5%93%81%E3%80%91/dp/B000X8CC2S/ref=sr_1_14_so_TURNTABLE?crid=2E5D17O346HHX&dib=eyJ2IjoiMSJ9.xl7bKTVwQRUtHYZTiA-vVib4PMmYLzBdKjll6YQKz-NzU2qig7AY-QAs74aeV2XSG29X-gwA37XMAM_x4EWcB3YDQOcjRYS7uGF8Iy5506QEPyGaX1ofODgMcWH3Z1z7yFiT5lxyXR40H4ugMmit-3nF-Idaer2lqou2LUhm0hivScSy2SU7nGmO0c2ts2UrVhNd8RG5hbIOx9GeQNOTAwh0wvi8K14Nb4QSndMQJPo8Gr9DleVz2YxsqUw7WmZ0aa3r7cWQ4uUyF9K3lG-_fRS1yOjrSQF-fXQqatZmd1g.POF_MyIHHxw_VJS9jT4epQ9nUCLa-mb8ohAGQundz5s&dib_tag=se&keywords=%E3%82%AA%E3%83%AB%E3%83%88%E3%83%95%E3%82%A9%E3%83%B3+%E4%BA%A4%E6%8F%9B%E9%87%9D&qid=1784275262&refinements=p_85%3A8070706051%2Cp_n_condition-type%3A2249602051&rnid=2249601051&rps=1&sprefix=%E3%82%AA%E3%83%AB%E3%83%88%E3%83%95%E3%82%A9%E3%83%B3+%2Caps%2C329&sr=8-14"
"https://www.amazon.co.jp/%E3%82%AA%E3%83%AB%E3%83%88%E3%83%95%E3%82%A9%E3%83%B3-%E3%82%B3%E3%83%B3%E3%82%B3%E3%83%AB%E3%83%89%E3%83%BBDJ%E7%94%A8%E4%BA%A4%E6%8F%9B%E9%87%9D-ortofon-Stylus-MKII/dp/B0799R528L/ref=sr_1_15?crid=2E5D17O346HHX&dib=eyJ2IjoiMSJ9.xl7bKTVwQRUtHYZTiA-vVib4PMmYLzBdKjll6YQKz-NzU2qig7AY-QAs74aeV2XSG29X-gwA37XMAM_x4EWcB3YDQOcjRYS7uGF8Iy5506QEPyGaX1ofODgMcWH3Z1z7yFiT5lxyXR40H4ugMmit-3nF-Idaer2lqou2LUhm0hivScSy2SU7nGmO0c2ts2UrVhNd8RG5hbIOx9GeQNOTAwh0wvi8K14Nb4QSndMQJPo8Gr9DleVz2YxsqUw7WmZ0aa3r7cWQ4uUyF9K3lG-_fRS1yOjrSQF-fXQqatZmd1g.POF_MyIHHxw_VJS9jT4epQ9nUCLa-mb8ohAGQundz5s&dib_tag=se&keywords=%E3%82%AA%E3%83%AB%E3%83%88%E3%83%95%E3%82%A9%E3%83%B3+%E4%BA%A4%E6%8F%9B%E9%87%9D&qid=1784275262&refinements=p_85%3A8070706051%2Cp_n_condition-type%3A2249602051&rnid=2249601051&rps=1&sprefix=%E3%82%AA%E3%83%AB%E3%83%88%E3%83%95%E3%82%A9%E3%83%B3+%2Caps%2C329&sr=8-15","https://m.media-amazon.com/images/I/51ruEa1XrtL._AC_UL320_.jpg","https://www.amazon.co.jp/%E3%82%AA%E3%83%AB%E3%83%88%E3%83%95%E3%82%A9%E3%83%B3-%E3%82%B3%E3%83%B3%E3%82%B3%E3%83%AB%E3%83%89%E3%83%BBDJ%E7%94%A8%E4%BA%A4%E6%8F%9B%E9%87%9D-ortofon-Stylus-MKII/dp/B0799R528L/ref=sr_1_15?crid=2E5D17O346HHX&dib=eyJ2IjoiMSJ9.xl7bKTVwQRUtHYZTiA-vVib4PMmYLzBdKjll6YQKz-NzU2qig7AY-QAs74aeV2XSG29X-gwA37XMAM_x4EWcB3YDQOcjRYS7uGF8Iy5506QEPyGaX1ofODgMcWH3Z1z7yFiT5lxyXR40H4ugMmit-3nF-Idaer2lqou2LUhm0hivScSy2SU7nGmO0c2ts2UrVhNd8RG5hbIOx9GeQNOTAwh0wvi8K14Nb4QSndMQJPo8Gr9DleVz2YxsqUw7WmZ0aa3r7cWQ4uUyF9K3lG-_fRS1yOjrSQF-fXQqatZmd1g.POF_MyIHHxw_VJS9jT4epQ9nUCLa-mb8ohAGQundz5s&dib_tag=se&keywords=%E3%82%AA%E3%83%AB%E3%83%88%E3%83%95%E3%82%A9%E3%83%B3+%E4%BA%A4%E6%8F%9B%E9%87%9D&qid=1784275262&refinements=p_85%3A8070706051%2Cp_n_condition-type%3A2249602051&rnid=2249601051&rps=1&sprefix=%E3%82%AA%E3%83%AB%E3%83%88%E3%83%95%E3%82%A9%E3%83%B3+%2Caps%2C329&sr=8-15","ortofon Stylus CC MKII DJ オルトフォン Concorde MKII DJ用 交換針","javascript:void(0)","5つ星のうち4.5","https://www.amazon.co.jp/%E3%82%AA%E3%83%AB%E3%83%88%E3%83%95%E3%82%A9%E3%83%B3-%E3%82%B3%E3%83%B3%E3%82%B3%E3%83%AB%E3%83%89%E3%83%BBDJ%E7%94%A8%E4%BA%A4%E6%8F%9B%E9%87%9D-ortofon-Stylus-MKII/dp/B0799R528L/ref=sr_1_15?crid=2E5D17O346HHX&dib=eyJ2IjoiMSJ9.xl7bKTVwQRUtHYZTiA-vVib4PMmYLzBdKjll6YQKz-NzU2qig7AY-QAs74aeV2XSG29X-gwA37XMAM_x4EWcB3YDQOcjRYS7uGF8Iy5506QEPyGaX1ofODgMcWH3Z1z7yFiT5lxyXR40H4ugMmit-3nF-Idaer2lqou2LUhm0hivScSy2SU7nGmO0c2ts2UrVhNd8RG5hbIOx9GeQNOTAwh0wvi8K14Nb4QSndMQJPo8Gr9DleVz2YxsqUw7WmZ0aa3r7cWQ4uUyF9K3lG-_fRS1yOjrSQF-fXQqatZmd1g.POF_MyIHHxw_VJS9jT4epQ9nUCLa-mb8ohAGQundz5s&dib_tag=se&keywords=%E3%82%AA%E3%83%AB%E3%83%88%E3%83%95%E3%82%A9%E3%83%B3+%E4%BA%A4%E6%8F%9B%E9%87%9D&qid=1784275262&refinements=p_85%3A8070706051%2Cp_n_condition-type%3A2249602051&rnid=2249601051&rps=1&sprefix=%E3%82%AA%E3%83%AB%E3%83%88%E3%83%95%E3%82%A9%E3%83%B3+%2Caps%2C329&sr=8-15#customerReviews","「おすすめ出品」の要件を満たす出品はありません","https://www.amazon.co.jp/gp/offer-listing/B0799R528L/ref=sr_1_15_olp?rnid=2249601051&rps=1&keywords=%E3%82%AA%E3%83%AB%E3%83%88%E3%83%95%E3%82%A9%E3%83%B3+%E4%BA%A4%E6%8F%9B%E9%87%9D&crid=2E5D17O346HHX&sprefix=%E3%82%AA%E3%83%AB%E3%83%88%E3%83%95%E3%82%A9%E3%83%B3+%2Caps%2C329&dib_tag=se&dib=eyJ2IjoiMSJ9.xl7bKTVwQRUtHYZTiA-vVib4PMmYLzBdKjll6YQKz-NzU2qig7AY-QAs74aeV2XSG29X-gwA37XMAM_x4EWcB3YDQOcjRYS7uGF8Iy5506QEPyGaX1ofODgMcWH3Z1z7yFiT5lxyXR40H4ugMmit-3nF-Idaer2lqou2LUhm0hivScSy2SU7nGmO0c2ts2UrVhNd8RG5hbIOx9GeQNOTAwh0wvi8K14Nb4QSndMQJPo8Gr9DleVz2YxsqUw7WmZ0aa3r7cWQ4uUyF9K3lG-_fRS1yOjrSQF-fXQqatZmd1g.POF_MyIHHxw_VJS9jT4epQ9nUCLa-mb8ohAGQundz5s&qid=1784275262&sr=8-15&refinements=p_85%3A8070706051%2Cp_n_condition-type%3A2249602051","","","","","￥9,020","https://www.amazon.co.jp/%E3%82%AA%E3%83%AB%E3%83%88%E3%83%95%E3%82%A9%E3%83%B3-%E3%82%B3%E3%83%B3%E3%82%B3%E3%83%AB%E3%83%89%E3%83%BBDJ%E7%94%A8%E4%BA%A4%E6%8F%9B%E9%87%9D-ortofon-Stylus-MKII/dp/B0799R528L/ref=sr_1_15_so_CE_ACCESSORY?crid=2E5D17O346HHX&dib=eyJ2IjoiMSJ9.xl7bKTVwQRUtHYZTiA-vVib4PMmYLzBdKjll6YQKz-NzU2qig7AY-QAs74aeV2XSG29X-gwA37XMAM_x4EWcB3YDQOcjRYS7uGF8Iy5506QEPyGaX1ofODgMcWH3Z1z7yFiT5lxyXR40H4ugMmit-3nF-Idaer2lqou2LUhm0hivScSy2SU7nGmO0c2ts2UrVhNd8RG5hbIOx9GeQNOTAwh0wvi8K14Nb4QSndMQJPo8Gr9DleVz2YxsqUw7WmZ0aa3r7cWQ4uUyF9K3lG-_fRS1yOjrSQF-fXQqatZmd1g.POF_MyIHHxw_VJS9jT4epQ9nUCLa-mb8ohAGQundz5s&dib_tag=se&keywords=%E3%82%AA%E3%83%AB%E3%83%88%E3%83%95%E3%82%A9%E3%83%B3+%E4%BA%A4%E6%8F%9B%E9%87%9D&qid=1784275262&refinements=p_85%3A8070706051%2Cp_n_condition-type%3A2249602051&rnid=2249601051&rps=1&sprefix=%E3%82%AA%E3%83%AB%E3%83%88%E3%83%95%E3%82%A9%E3%83%B3+%2Caps%2C329&sr=8-15"
"https://www.amazon.co.jp/ortofon-Stylus-%E3%82%AA%E3%83%AB%E3%83%88%E3%83%95%E3%82%A9%E3%83%B3-Concorde-%E3%80%90%E5%9B%BD%E5%86%85%E6%AD%A3%E8%A6%8F%E5%93%81%E3%80%91/dp/B0000WS5FU/ref=sr_1_16?crid=2E5D17O346HHX&dib=eyJ2IjoiMSJ9.xl7bKTVwQRUtHYZTiA-vVib4PMmYLzBdKjll6YQKz-NzU2qig7AY-QAs74aeV2XSG29X-gwA37XMAM_x4EWcB3YDQOcjRYS7uGF8Iy5506QEPyGaX1ofODgMcWH3Z1z7yFiT5lxyXR40H4ugMmit-3nF-Idaer2lqou2LUhm0hivScSy2SU7nGmO0c2ts2UrVhNd8RG5hbIOx9GeQNOTAwh0wvi8K14Nb4QSndMQJPo8Gr9DleVz2YxsqUw7WmZ0aa3r7cWQ4uUyF9K3lG-_fRS1yOjrSQF-fXQqatZmd1g.POF_MyIHHxw_VJS9jT4epQ9nUCLa-mb8ohAGQundz5s&dib_tag=se&keywords=%E3%82%AA%E3%83%AB%E3%83%88%E3%83%95%E3%82%A9%E3%83%B3+%E4%BA%A4%E6%8F%9B%E9%87%9D&qid=1784275262&refinements=p_85%3A8070706051%2Cp_n_condition-type%3A2249602051&rnid=2249601051&rps=1&sprefix=%E3%82%AA%E3%83%AB%E3%83%88%E3%83%95%E3%82%A9%E3%83%B3+%2Caps%2C329&sr=8-16","https://m.media-amazon.com/images/I/51L2pE+O3vL._AC_UL320_.jpg","https://www.amazon.co.jp/ortofon-Stylus-%E3%82%AA%E3%83%AB%E3%83%88%E3%83%95%E3%82%A9%E3%83%B3-Concorde-%E3%80%90%E5%9B%BD%E5%86%85%E6%AD%A3%E8%A6%8F%E5%93%81%E3%80%91/dp/B0000WS5FU/ref=sr_1_16?crid=2E5D17O346HHX&dib=eyJ2IjoiMSJ9.xl7bKTVwQRUtHYZTiA-vVib4PMmYLzBdKjll6YQKz-NzU2qig7AY-QAs74aeV2XSG29X-gwA37XMAM_x4EWcB3YDQOcjRYS7uGF8Iy5506QEPyGaX1ofODgMcWH3Z1z7yFiT5lxyXR40H4ugMmit-3nF-Idaer2lqou2LUhm0hivScSy2SU7nGmO0c2ts2UrVhNd8RG5hbIOx9GeQNOTAwh0wvi8K14Nb4QSndMQJPo8Gr9DleVz2YxsqUw7WmZ0aa3r7cWQ4uUyF9K3lG-_fRS1yOjrSQF-fXQqatZmd1g.POF_MyIHHxw_VJS9jT4epQ9nUCLa-mb8ohAGQundz5s&dib_tag=se&keywords=%E3%82%AA%E3%83%AB%E3%83%88%E3%83%95%E3%82%A9%E3%83%B3+%E4%BA%A4%E6%8F%9B%E9%87%9D&qid=1784275262&refinements=p_85%3A8070706051%2Cp_n_condition-type%3A2249602051&rnid=2249601051&rps=1&sprefix=%E3%82%AA%E3%83%AB%E3%83%88%E3%83%95%E3%82%A9%E3%83%B3+%2Caps%2C329&sr=8-16","ortofon Stylus Pro オルトフォン OM Pro/Concorde Pro用 交換針","javascript:void(0)","5つ星のうち4.7","https://www.amazon.co.jp/ortofon-Stylus-%E3%82%AA%E3%83%AB%E3%83%88%E3%83%95%E3%82%A9%E3%83%B3-Concorde-%E3%80%90%E5%9B%BD%E5%86%85%E6%AD%A3%E8%A6%8F%E5%93%81%E3%80%91/dp/B0000WS5FU/ref=sr_1_16?crid=2E5D17O346HHX&dib=eyJ2IjoiMSJ9.xl7bKTVwQRUtHYZTiA-vVib4PMmYLzBdKjll6YQKz-NzU2qig7AY-QAs74aeV2XSG29X-gwA37XMAM_x4EWcB3YDQOcjRYS7uGF8Iy5506QEPyGaX1ofODgMcWH3Z1z7yFiT5lxyXR40H4ugMmit-3nF-Idaer2lqou2LUhm0hivScSy2SU7nGmO0c2ts2UrVhNd8RG5hbIOx9GeQNOTAwh0wvi8K14Nb4QSndMQJPo8Gr9DleVz2YxsqUw7WmZ0aa3r7cWQ4uUyF9K3lG-_fRS1yOjrSQF-fXQqatZmd1g.POF_MyIHHxw_VJS9jT4epQ9nUCLa-mb8ohAGQundz5s&dib_tag=se&keywords=%E3%82%AA%E3%83%AB%E3%83%88%E3%83%95%E3%82%A9%E3%83%B3+%E4%BA%A4%E6%8F%9B%E9%87%9D&qid=1784275262&refinements=p_85%3A8070706051%2Cp_n_condition-type%3A2249602051&rnid=2249601051&rps=1&sprefix=%E3%82%AA%E3%83%AB%E3%83%88%E3%83%95%E3%82%A9%E3%83%B3+%2Caps%2C329&sr=8-16#customerReviews","「おすすめ出品」の要件を満たす出品はありません","https://www.amazon.co.jp/gp/offer-listing/B0000WS5FU/ref=sr_1_16_olp?rnid=2249601051&rps=1&keywords=%E3%82%AA%E3%83%AB%E3%83%88%E3%83%95%E3%82%A9%E3%83%B3+%E4%BA%A4%E6%8F%9B%E9%87%9D&crid=2E5D17O346HHX&sprefix=%E3%82%AA%E3%83%AB%E3%83%88%E3%83%95%E3%82%A9%E3%83%B3+%2Caps%2C329&dib_tag=se&dib=eyJ2IjoiMSJ9.xl7bKTVwQRUtHYZTiA-vVib4PMmYLzBdKjll6YQKz-NzU2qig7AY-QAs74aeV2XSG29X-gwA37XMAM_x4EWcB3YDQOcjRYS7uGF8Iy5506QEPyGaX1ofODgMcWH3Z1z7yFiT5lxyXR40H4ugMmit-3nF-Idaer2lqou2LUhm0hivScSy2SU7nGmO0c2ts2UrVhNd8RG5hbIOx9GeQNOTAwh0wvi8K14Nb4QSndMQJPo8Gr9DleVz2YxsqUw7WmZ0aa3r7cWQ4uUyF9K3lG-_fRS1yOjrSQF-fXQqatZmd1g.POF_MyIHHxw_VJS9jT4epQ9nUCLa-mb8ohAGQundz5s&qid=1784275262&sr=8-16&refinements=p_85%3A8070706051%2Cp_n_condition-type%3A2249602051","","","","","￥7,150","https://www.amazon.co.jp/ortofon-Stylus-%E3%82%AA%E3%83%AB%E3%83%88%E3%83%95%E3%82%A9%E3%83%B3-Concorde-%E3%80%90%E5%9B%BD%E5%86%85%E6%AD%A3%E8%A6%8F%E5%93%81%E3%80%91/dp/B0000WS5FU/ref=sr_1_16_so_TURNTABLE?crid=2E5D17O346HHX&dib=eyJ2IjoiMSJ9.xl7bKTVwQRUtHYZTiA-vVib4PMmYLzBdKjll6YQKz-NzU2qig7AY-QAs74aeV2XSG29X-gwA37XMAM_x4EWcB3YDQOcjRYS7uGF8Iy5506QEPyGaX1ofODgMcWH3Z1z7yFiT5lxyXR40H4ugMmit-3nF-Idaer2lqou2LUhm0hivScSy2SU7nGmO0c2ts2UrVhNd8RG5hbIOx9GeQNOTAwh0wvi8K14Nb4QSndMQJPo8Gr9DleVz2YxsqUw7WmZ0aa3r7cWQ4uUyF9K3lG-_fRS1yOjrSQF-fXQqatZmd1g.POF_MyIHHxw_VJS9jT4epQ9nUCLa-mb8ohAGQundz5s&dib_tag=se&keywords=%E3%82%AA%E3%83%AB%E3%83%88%E3%83%95%E3%82%A9%E3%83%B3+%E4%BA%A4%E6%8F%9B%E9%87%9D&qid=1784275262&refinements=p_85%3A8070706051%2Cp_n_condition-type%3A2249602051&rnid=2249601051&rps=1&sprefix=%E3%82%AA%E3%83%AB%E3%83%88%E3%83%95%E3%82%A9%E3%83%B3+%2Caps%2C329&sr=8-16"
"https://www.amazon.co.jp/Ortofon-Stylus-Q-Bert-ORTOFON-stylus/dp/B00164F5J0/ref=sr_1_17?crid=2E5D17O346HHX&dib=eyJ2IjoiMSJ9.xl7bKTVwQRUtHYZTiA-vVib4PMmYLzBdKjll6YQKz-NzU2qig7AY-QAs74aeV2XSG29X-gwA37XMAM_x4EWcB3YDQOcjRYS7uGF8Iy5506QEPyGaX1ofODgMcWH3Z1z7yFiT5lxyXR40H4ugMmit-3nF-Idaer2lqou2LUhm0hivScSy2SU7nGmO0c2ts2UrVhNd8RG5hbIOx9GeQNOTAwh0wvi8K14Nb4QSndMQJPo8Gr9DleVz2YxsqUw7WmZ0aa3r7cWQ4uUyF9K3lG-_fRS1yOjrSQF-fXQqatZmd1g.POF_MyIHHxw_VJS9jT4epQ9nUCLa-mb8ohAGQundz5s&dib_tag=se&keywords=%E3%82%AA%E3%83%AB%E3%83%88%E3%83%95%E3%82%A9%E3%83%B3+%E4%BA%A4%E6%8F%9B%E9%87%9D&qid=1784275262&refinements=p_85%3A8070706051%2Cp_n_condition-type%3A2249602051&rnid=2249601051&rps=1&sprefix=%E3%82%AA%E3%83%AB%E3%83%88%E3%83%95%E3%82%A9%E3%83%B3+%2Caps%2C329&sr=8-17","https://m.media-amazon.com/images/I/41lF0C5J-NL._AC_UL320_.jpg","https://www.amazon.co.jp/Ortofon-Stylus-Q-Bert-ORTOFON-stylus/dp/B00164F5J0/ref=sr_1_17?crid=2E5D17O346HHX&dib=eyJ2IjoiMSJ9.xl7bKTVwQRUtHYZTiA-vVib4PMmYLzBdKjll6YQKz-NzU2qig7AY-QAs74aeV2XSG29X-gwA37XMAM_x4EWcB3YDQOcjRYS7uGF8Iy5506QEPyGaX1ofODgMcWH3Z1z7yFiT5lxyXR40H4ugMmit-3nF-Idaer2lqou2LUhm0hivScSy2SU7nGmO0c2ts2UrVhNd8RG5hbIOx9GeQNOTAwh0wvi8K14Nb4QSndMQJPo8Gr9DleVz2YxsqUw7WmZ0aa3r7cWQ4uUyF9K3lG-_fRS1yOjrSQF-fXQqatZmd1g.POF_MyIHHxw_VJS9jT4epQ9nUCLa-mb8ohAGQundz5s&dib_tag=se&keywords=%E3%82%AA%E3%83%AB%E3%83%88%E3%83%95%E3%82%A9%E3%83%B3+%E4%BA%A4%E6%8F%9B%E9%87%9D&qid=1784275262&refinements=p_85%3A8070706051%2Cp_n_condition-type%3A2249602051&rnid=2249601051&rps=1&sprefix=%E3%82%AA%E3%83%AB%E3%83%88%E3%83%95%E3%82%A9%E3%83%B3+%2Caps%2C329&sr=8-17","ortofon Stylus QBert オルトフォン OM Q.Bert/Concorde Q.Bert用 交換針 丸針 DJ Qバート","javascript:void(0)","5つ星のうち4.7","https://www.amazon.co.jp/Ortofon-Stylus-Q-Bert-ORTOFON-stylus/dp/B00164F5J0/ref=sr_1_17?crid=2E5D17O346HHX&dib=eyJ2IjoiMSJ9.xl7bKTVwQRUtHYZTiA-vVib4PMmYLzBdKjll6YQKz-NzU2qig7AY-QAs74aeV2XSG29X-gwA37XMAM_x4EWcB3YDQOcjRYS7uGF8Iy5506QEPyGaX1ofODgMcWH3Z1z7yFiT5lxyXR40H4ugMmit-3nF-Idaer2lqou2LUhm0hivScSy2SU7nGmO0c2ts2UrVhNd8RG5hbIOx9GeQNOTAwh0wvi8K14Nb4QSndMQJPo8Gr9DleVz2YxsqUw7WmZ0aa3r7cWQ4uUyF9K3lG-_fRS1yOjrSQF-fXQqatZmd1g.POF_MyIHHxw_VJS9jT4epQ9nUCLa-mb8ohAGQundz5s&dib_tag=se&keywords=%E3%82%AA%E3%83%AB%E3%83%88%E3%83%95%E3%82%A9%E3%83%B3+%E4%BA%A4%E6%8F%9B%E9%87%9D&qid=1784275262&refinements=p_85%3A8070706051%2Cp_n_condition-type%3A2249602051&rnid=2249601051&rps=1&sprefix=%E3%82%AA%E3%83%AB%E3%83%88%E3%83%95%E3%82%A9%E3%83%B3+%2Caps%2C329&sr=8-17#customerReviews","「おすすめ出品」の要件を満たす出品はありません","https://www.amazon.co.jp/gp/offer-listing/B00164F5J0/ref=sr_1_17_olp?rnid=2249601051&rps=1&keywords=%E3%82%AA%E3%83%AB%E3%83%88%E3%83%95%E3%82%A9%E3%83%B3+%E4%BA%A4%E6%8F%9B%E9%87%9D&crid=2E5D17O346HHX&sprefix=%E3%82%AA%E3%83%AB%E3%83%88%E3%83%95%E3%82%A9%E3%83%B3+%2Caps%2C329&dib_tag=se&dib=eyJ2IjoiMSJ9.xl7bKTVwQRUtHYZTiA-vVib4PMmYLzBdKjll6YQKz-NzU2qig7AY-QAs74aeV2XSG29X-gwA37XMAM_x4EWcB3YDQOcjRYS7uGF8Iy5506QEPyGaX1ofODgMcWH3Z1z7yFiT5lxyXR40H4ugMmit-3nF-Idaer2lqou2LUhm0hivScSy2SU7nGmO0c2ts2UrVhNd8RG5hbIOx9GeQNOTAwh0wvi8K14Nb4QSndMQJPo8Gr9DleVz2YxsqUw7WmZ0aa3r7cWQ4uUyF9K3lG-_fRS1yOjrSQF-fXQqatZmd1g.POF_MyIHHxw_VJS9jT4epQ9nUCLa-mb8ohAGQundz5s&qid=1784275262&sr=8-17&refinements=p_85%3A8070706051%2Cp_n_condition-type%3A2249602051","","","","","￥10,890","https://www.amazon.co.jp/Ortofon-Stylus-Q-Bert-ORTOFON-stylus/dp/B00164F5J0/ref=sr_1_17_so_TURNTABLE?crid=2E5D17O346HHX&dib=eyJ2IjoiMSJ9.xl7bKTVwQRUtHYZTiA-vVib4PMmYLzBdKjll6YQKz-NzU2qig7AY-QAs74aeV2XSG29X-gwA37XMAM_x4EWcB3YDQOcjRYS7uGF8Iy5506QEPyGaX1ofODgMcWH3Z1z7yFiT5lxyXR40H4ugMmit-3nF-Idaer2lqou2LUhm0hivScSy2SU7nGmO0c2ts2UrVhNd8RG5hbIOx9GeQNOTAwh0wvi8K14Nb4QSndMQJPo8Gr9DleVz2YxsqUw7WmZ0aa3r7cWQ4uUyF9K3lG-_fRS1yOjrSQF-fXQqatZmd1g.POF_MyIHHxw_VJS9jT4epQ9nUCLa-mb8ohAGQundz5s&dib_tag=se&keywords=%E3%82%AA%E3%83%AB%E3%83%88%E3%83%95%E3%82%A9%E3%83%B3+%E4%BA%A4%E6%8F%9B%E9%87%9D&qid=1784275262&refinements=p_85%3A8070706051%2Cp_n_condition-type%3A2249602051&rnid=2249601051&rps=1&sprefix=%E3%82%AA%E3%83%AB%E3%83%88%E3%83%95%E3%82%A9%E3%83%B3+%2Caps%2C329&sr=8-17"
"https://www.amazon.co.jp/Ortofon-VNL-I-%E4%BA%A4%E6%8F%9B%E7%94%A8%E3%82%B9%E3%82%BF%E3%82%A4%E3%83%A9%E3%82%B9-%E3%83%96%E3%83%A9%E3%83%83%E3%82%AF/dp/B095F4DTFD/ref=sr_1_18?crid=2E5D17O346HHX&dib=eyJ2IjoiMSJ9.xl7bKTVwQRUtHYZTiA-vVib4PMmYLzBdKjll6YQKz-NzU2qig7AY-QAs74aeV2XSG29X-gwA37XMAM_x4EWcB3YDQOcjRYS7uGF8Iy5506QEPyGaX1ofODgMcWH3Z1z7yFiT5lxyXR40H4ugMmit-3nF-Idaer2lqou2LUhm0hivScSy2SU7nGmO0c2ts2UrVhNd8RG5hbIOx9GeQNOTAwh0wvi8K14Nb4QSndMQJPo8Gr9DleVz2YxsqUw7WmZ0aa3r7cWQ4uUyF9K3lG-_fRS1yOjrSQF-fXQqatZmd1g.POF_MyIHHxw_VJS9jT4epQ9nUCLa-mb8ohAGQundz5s&dib_tag=se&keywords=%E3%82%AA%E3%83%AB%E3%83%88%E3%83%95%E3%82%A9%E3%83%B3+%E4%BA%A4%E6%8F%9B%E9%87%9D&qid=1784275262&refinements=p_85%3A8070706051%2Cp_n_condition-type%3A2249602051&rnid=2249601051&rps=1&sprefix=%E3%82%AA%E3%83%AB%E3%83%88%E3%83%95%E3%82%A9%E3%83%B3+%2Caps%2C329&sr=8-18","https://m.media-amazon.com/images/I/61AUWyl99xL._AC_UL320_.jpg","https://www.amazon.co.jp/Ortofon-VNL-I-%E4%BA%A4%E6%8F%9B%E7%94%A8%E3%82%B9%E3%82%BF%E3%82%A4%E3%83%A9%E3%82%B9-%E3%83%96%E3%83%A9%E3%83%83%E3%82%AF/dp/B095F4DTFD/ref=sr_1_18?crid=2E5D17O346HHX&dib=eyJ2IjoiMSJ9.xl7bKTVwQRUtHYZTiA-vVib4PMmYLzBdKjll6YQKz-NzU2qig7AY-QAs74aeV2XSG29X-gwA37XMAM_x4EWcB3YDQOcjRYS7uGF8Iy5506QEPyGaX1ofODgMcWH3Z1z7yFiT5lxyXR40H4ugMmit-3nF-Idaer2lqou2LUhm0hivScSy2SU7nGmO0c2ts2UrVhNd8RG5hbIOx9GeQNOTAwh0wvi8K14Nb4QSndMQJPo8Gr9DleVz2YxsqUw7WmZ0aa3r7cWQ4uUyF9K3lG-_fRS1yOjrSQF-fXQqatZmd1g.POF_MyIHHxw_VJS9jT4epQ9nUCLa-mb8ohAGQundz5s&dib_tag=se&keywords=%E3%82%AA%E3%83%AB%E3%83%88%E3%83%95%E3%82%A9%E3%83%B3+%E4%BA%A4%E6%8F%9B%E9%87%9D&qid=1784275262&refinements=p_85%3A8070706051%2Cp_n_condition-type%3A2249602051&rnid=2249601051&rps=1&sprefix=%E3%82%AA%E3%83%AB%E3%83%88%E3%83%95%E3%82%A9%E3%83%B3+%2Caps%2C329&sr=8-18","ortofon Stylus VNLⅠ オルトフォン VNL用 Stylus VNL 1 交換針","","","https://www.amazon.co.jp/gp/offer-listing/B095F4DTFD/ref=sr_1_18_olp?rnid=2249601051&rps=1&keywords=%E3%82%AA%E3%83%AB%E3%83%88%E3%83%95%E3%82%A9%E3%83%B3+%E4%BA%A4%E6%8F%9B%E9%87%9D&crid=2E5D17O346HHX&sprefix=%E3%82%AA%E3%83%AB%E3%83%88%E3%83%95%E3%82%A9%E3%83%B3+%2Caps%2C329&dib_tag=se&dib=eyJ2IjoiMSJ9.xl7bKTVwQRUtHYZTiA-vVib4PMmYLzBdKjll6YQKz-NzU2qig7AY-QAs74aeV2XSG29X-gwA37XMAM_x4EWcB3YDQOcjRYS7uGF8Iy5506QEPyGaX1ofODgMcWH3Z1z7yFiT5lxyXR40H4ugMmit-3nF-Idaer2lqou2LUhm0hivScSy2SU7nGmO0c2ts2UrVhNd8RG5hbIOx9GeQNOTAwh0wvi8K14Nb4QSndMQJPo8Gr9DleVz2YxsqUw7WmZ0aa3r7cWQ4uUyF9K3lG-_fRS1yOjrSQF-fXQqatZmd1g.POF_MyIHHxw_VJS9jT4epQ9nUCLa-mb8ohAGQundz5s&qid=1784275262&sr=8-18&refinements=p_85%3A8070706051%2Cp_n_condition-type%3A2249602051","「おすすめ出品」の要件を満たす出品はありません","","","","","","￥7,150","https://www.amazon.co.jp/Ortofon-VNL-I-%E4%BA%A4%E6%8F%9B%E7%94%A8%E3%82%B9%E3%82%BF%E3%82%A4%E3%83%A9%E3%82%B9-%E3%83%96%E3%83%A9%E3%83%83%E3%82%AF/dp/B095F4DTFD/ref=sr_1_18_so_TURNTABLE?crid=2E5D17O346HHX&dib=eyJ2IjoiMSJ9.xl7bKTVwQRUtHYZTiA-vVib4PMmYLzBdKjll6YQKz-NzU2qig7AY-QAs74aeV2XSG29X-gwA37XMAM_x4EWcB3YDQOcjRYS7uGF8Iy5506QEPyGaX1ofODgMcWH3Z1z7yFiT5lxyXR40H4ugMmit-3nF-Idaer2lqou2LUhm0hivScSy2SU7nGmO0c2ts2UrVhNd8RG5hbIOx9GeQNOTAwh0wvi8K14Nb4QSndMQJPo8Gr9DleVz2YxsqUw7WmZ0aa3r7cWQ4uUyF9K3lG-_fRS1yOjrSQF-fXQqatZmd1g.POF_MyIHHxw_VJS9jT4epQ9nUCLa-mb8ohAGQundz5s&dib_tag=se&keywords=%E3%82%AA%E3%83%AB%E3%83%88%E3%83%95%E3%82%A9%E3%83%B3+%E4%BA%A4%E6%8F%9B%E9%87%9D&qid=1784275262&refinements=p_85%3A8070706051%2Cp_n_condition-type%3A2249602051&rnid=2249601051&rps=1&sprefix=%E3%82%AA%E3%83%AB%E3%83%88%E3%83%95%E3%82%A9%E3%83%B3+%2Caps%2C329&sr=8-18"
"https://www.amazon.co.jp/Ortofon-VNL-III-%E4%BA%A4%E6%8F%9B%E7%94%A8%E3%82%B9%E3%82%BF%E3%82%A4%E3%83%A9%E3%82%B9-%E3%83%96%E3%83%A9%E3%83%83%E3%82%AF/dp/B095DWJ86Z/ref=sr_1_19?crid=2E5D17O346HHX&dib=eyJ2IjoiMSJ9.xl7bKTVwQRUtHYZTiA-vVib4PMmYLzBdKjll6YQKz-NzU2qig7AY-QAs74aeV2XSG29X-gwA37XMAM_x4EWcB3YDQOcjRYS7uGF8Iy5506QEPyGaX1ofODgMcWH3Z1z7yFiT5lxyXR40H4ugMmit-3nF-Idaer2lqou2LUhm0hivScSy2SU7nGmO0c2ts2UrVhNd8RG5hbIOx9GeQNOTAwh0wvi8K14Nb4QSndMQJPo8Gr9DleVz2YxsqUw7WmZ0aa3r7cWQ4uUyF9K3lG-_fRS1yOjrSQF-fXQqatZmd1g.POF_MyIHHxw_VJS9jT4epQ9nUCLa-mb8ohAGQundz5s&dib_tag=se&keywords=%E3%82%AA%E3%83%AB%E3%83%88%E3%83%95%E3%82%A9%E3%83%B3+%E4%BA%A4%E6%8F%9B%E9%87%9D&qid=1784275262&refinements=p_85%3A8070706051%2Cp_n_condition-type%3A2249602051&rnid=2249601051&rps=1&sprefix=%E3%82%AA%E3%83%AB%E3%83%88%E3%83%95%E3%82%A9%E3%83%B3+%2Caps%2C329&sr=8-19","https://m.media-amazon.com/images/I/61S3-gU+pgL._AC_UL320_.jpg","https://www.amazon.co.jp/Ortofon-VNL-III-%E4%BA%A4%E6%8F%9B%E7%94%A8%E3%82%B9%E3%82%BF%E3%82%A4%E3%83%A9%E3%82%B9-%E3%83%96%E3%83%A9%E3%83%83%E3%82%AF/dp/B095DWJ86Z/ref=sr_1_19?crid=2E5D17O346HHX&dib=eyJ2IjoiMSJ9.xl7bKTVwQRUtHYZTiA-vVib4PMmYLzBdKjll6YQKz-NzU2qig7AY-QAs74aeV2XSG29X-gwA37XMAM_x4EWcB3YDQOcjRYS7uGF8Iy5506QEPyGaX1ofODgMcWH3Z1z7yFiT5lxyXR40H4ugMmit-3nF-Idaer2lqou2LUhm0hivScSy2SU7nGmO0c2ts2UrVhNd8RG5hbIOx9GeQNOTAwh0wvi8K14Nb4QSndMQJPo8Gr9DleVz2YxsqUw7WmZ0aa3r7cWQ4uUyF9K3lG-_fRS1yOjrSQF-fXQqatZmd1g.POF_MyIHHxw_VJS9jT4epQ9nUCLa-mb8ohAGQundz5s&dib_tag=se&keywords=%E3%82%AA%E3%83%AB%E3%83%88%E3%83%95%E3%82%A9%E3%83%B3+%E4%BA%A4%E6%8F%9B%E9%87%9D&qid=1784275262&refinements=p_85%3A8070706051%2Cp_n_condition-type%3A2249602051&rnid=2249601051&rps=1&sprefix=%E3%82%AA%E3%83%AB%E3%83%88%E3%83%95%E3%82%A9%E3%83%B3+%2Caps%2C329&sr=8-19","ortofon Stylus VNLⅢ オルトフォン VNL用 交換針 Stylus VNL 3","javascript:void(0)","5つ星のうち3.6","https://www.amazon.co.jp/Ortofon-VNL-III-%E4%BA%A4%E6%8F%9B%E7%94%A8%E3%82%B9%E3%82%BF%E3%82%A4%E3%83%A9%E3%82%B9-%E3%83%96%E3%83%A9%E3%83%83%E3%82%AF/dp/B095DWJ86Z/ref=sr_1_19?crid=2E5D17O346HHX&dib=eyJ2IjoiMSJ9.xl7bKTVwQRUtHYZTiA-vVib4PMmYLzBdKjll6YQKz-NzU2qig7AY-QAs74aeV2XSG29X-gwA37XMAM_x4EWcB3YDQOcjRYS7uGF8Iy5506QEPyGaX1ofODgMcWH3Z1z7yFiT5lxyXR40H4ugMmit-3nF-Idaer2lqou2LUhm0hivScSy2SU7nGmO0c2ts2UrVhNd8RG5hbIOx9GeQNOTAwh0wvi8K14Nb4QSndMQJPo8Gr9DleVz2YxsqUw7WmZ0aa3r7cWQ4uUyF9K3lG-_fRS1yOjrSQF-fXQqatZmd1g.POF_MyIHHxw_VJS9jT4epQ9nUCLa-mb8ohAGQundz5s&dib_tag=se&keywords=%E3%82%AA%E3%83%AB%E3%83%88%E3%83%95%E3%82%A9%E3%83%B3+%E4%BA%A4%E6%8F%9B%E9%87%9D&qid=1784275262&refinements=p_85%3A8070706051%2Cp_n_condition-type%3A2249602051&rnid=2249601051&rps=1&sprefix=%E3%82%AA%E3%83%AB%E3%83%88%E3%83%95%E3%82%A9%E3%83%B3+%2Caps%2C329&sr=8-19#customerReviews","「おすすめ出品」の要件を満たす出品はありません","https://www.amazon.co.jp/gp/offer-listing/B095DWJ86Z/ref=sr_1_19_olp?rnid=2249601051&rps=1&keywords=%E3%82%AA%E3%83%AB%E3%83%88%E3%83%95%E3%82%A9%E3%83%B3+%E4%BA%A4%E6%8F%9B%E9%87%9D&crid=2E5D17O346HHX&sprefix=%E3%82%AA%E3%83%AB%E3%83%88%E3%83%95%E3%82%A9%E3%83%B3+%2Caps%2C329&dib_tag=se&dib=eyJ2IjoiMSJ9.xl7bKTVwQRUtHYZTiA-vVib4PMmYLzBdKjll6YQKz-NzU2qig7AY-QAs74aeV2XSG29X-gwA37XMAM_x4EWcB3YDQOcjRYS7uGF8Iy5506QEPyGaX1ofODgMcWH3Z1z7yFiT5lxyXR40H4ugMmit-3nF-Idaer2lqou2LUhm0hivScSy2SU7nGmO0c2ts2UrVhNd8RG5hbIOx9GeQNOTAwh0wvi8K14Nb4QSndMQJPo8Gr9DleVz2YxsqUw7WmZ0aa3r7cWQ4uUyF9K3lG-_fRS1yOjrSQF-fXQqatZmd1g.POF_MyIHHxw_VJS9jT4epQ9nUCLa-mb8ohAGQundz5s&qid=1784275262&sr=8-19&refinements=p_85%3A8070706051%2Cp_n_condition-type%3A2249602051","","","","","￥7,150","https://www.amazon.co.jp/Ortofon-VNL-III-%E4%BA%A4%E6%8F%9B%E7%94%A8%E3%82%B9%E3%82%BF%E3%82%A4%E3%83%A9%E3%82%B9-%E3%83%96%E3%83%A9%E3%83%83%E3%82%AF/dp/B095DWJ86Z/ref=sr_1_19_so_TURNTABLE?crid=2E5D17O346HHX&dib=eyJ2IjoiMSJ9.xl7bKTVwQRUtHYZTiA-vVib4PMmYLzBdKjll6YQKz-NzU2qig7AY-QAs74aeV2XSG29X-gwA37XMAM_x4EWcB3YDQOcjRYS7uGF8Iy5506QEPyGaX1ofODgMcWH3Z1z7yFiT5lxyXR40H4ugMmit-3nF-Idaer2lqou2LUhm0hivScSy2SU7nGmO0c2ts2UrVhNd8RG5hbIOx9GeQNOTAwh0wvi8K14Nb4QSndMQJPo8Gr9DleVz2YxsqUw7WmZ0aa3r7cWQ4uUyF9K3lG-_fRS1yOjrSQF-fXQqatZmd1g.POF_MyIHHxw_VJS9jT4epQ9nUCLa-mb8ohAGQundz5s&dib_tag=se&keywords=%E3%82%AA%E3%83%AB%E3%83%88%E3%83%95%E3%82%A9%E3%83%B3+%E4%BA%A4%E6%8F%9B%E9%87%9D&qid=1784275262&refinements=p_85%3A8070706051%2Cp_n_condition-type%3A2249602051&rnid=2249601051&rps=1&sprefix=%E3%82%AA%E3%83%AB%E3%83%88%E3%83%95%E3%82%A9%E3%83%B3+%2Caps%2C329&sr=8-19"
"https://www.amazon.co.jp/ortofon-ORTOFON-Cellule-2M-78-MM%E3%82%AB%E3%83%BC%E3%83%88%E3%83%AA%E3%83%83%E3%82%B8/dp/B008BOZK7U/ref=sr_1_20?crid=2E5D17O346HHX&dib=eyJ2IjoiMSJ9.xl7bKTVwQRUtHYZTiA-vVib4PMmYLzBdKjll6YQKz-NzU2qig7AY-QAs74aeV2XSG29X-gwA37XMAM_x4EWcB3YDQOcjRYS7uGF8Iy5506QEPyGaX1ofODgMcWH3Z1z7yFiT5lxyXR40H4ugMmit-3nF-Idaer2lqou2LUhm0hivScSy2SU7nGmO0c2ts2UrVhNd8RG5hbIOx9GeQNOTAwh0wvi8K14Nb4QSndMQJPo8Gr9DleVz2YxsqUw7WmZ0aa3r7cWQ4uUyF9K3lG-_fRS1yOjrSQF-fXQqatZmd1g.POF_MyIHHxw_VJS9jT4epQ9nUCLa-mb8ohAGQundz5s&dib_tag=se&keywords=%E3%82%AA%E3%83%AB%E3%83%88%E3%83%95%E3%82%A9%E3%83%B3+%E4%BA%A4%E6%8F%9B%E9%87%9D&qid=1784275262&refinements=p_85%3A8070706051%2Cp_n_condition-type%3A2249602051&rnid=2249601051&rps=1&sprefix=%E3%82%AA%E3%83%AB%E3%83%88%E3%83%95%E3%82%A9%E3%83%B3+%2Caps%2C329&sr=8-20","https://m.media-amazon.com/images/I/51X3M6MoSTL._AC_UL320_.jpg","https://www.amazon.co.jp/ortofon-ORTOFON-Cellule-2M-78-MM%E3%82%AB%E3%83%BC%E3%83%88%E3%83%AA%E3%83%83%E3%82%B8/dp/B008BOZK7U/ref=sr_1_20?crid=2E5D17O346HHX&dib=eyJ2IjoiMSJ9.xl7bKTVwQRUtHYZTiA-vVib4PMmYLzBdKjll6YQKz-NzU2qig7AY-QAs74aeV2XSG29X-gwA37XMAM_x4EWcB3YDQOcjRYS7uGF8Iy5506QEPyGaX1ofODgMcWH3Z1z7yFiT5lxyXR40H4ugMmit-3nF-Idaer2lqou2LUhm0hivScSy2SU7nGmO0c2ts2UrVhNd8RG5hbIOx9GeQNOTAwh0wvi8K14Nb4QSndMQJPo8Gr9DleVz2YxsqUw7WmZ0aa3r7cWQ4uUyF9K3lG-_fRS1yOjrSQF-fXQqatZmd1g.POF_MyIHHxw_VJS9jT4epQ9nUCLa-mb8ohAGQundz5s&dib_tag=se&keywords=%E3%82%AA%E3%83%AB%E3%83%88%E3%83%95%E3%82%A9%E3%83%B3+%E4%BA%A4%E6%8F%9B%E9%87%9D&qid=1784275262&refinements=p_85%3A8070706051%2Cp_n_condition-type%3A2249602051&rnid=2249601051&rps=1&sprefix=%E3%82%AA%E3%83%AB%E3%83%88%E3%83%95%E3%82%A9%E3%83%B3+%2Caps%2C329&sr=8-20","ortofon 2M 78 オルトフォン MMカートリッジ モノラル SPレコード専用 丸針","javascript:void(0)","5つ星のうち4.4","https://www.amazon.co.jp/ortofon-ORTOFON-Cellule-2M-78-MM%E3%82%AB%E3%83%BC%E3%83%88%E3%83%AA%E3%83%83%E3%82%B8/dp/B008BOZK7U/ref=sr_1_20?crid=2E5D17O346HHX&dib=eyJ2IjoiMSJ9.xl7bKTVwQRUtHYZTiA-vVib4PMmYLzBdKjll6YQKz-NzU2qig7AY-QAs74aeV2XSG29X-gwA37XMAM_x4EWcB3YDQOcjRYS7uGF8Iy5506QEPyGaX1ofODgMcWH3Z1z7yFiT5lxyXR40H4ugMmit-3nF-Idaer2lqou2LUhm0hivScSy2SU7nGmO0c2ts2UrVhNd8RG5hbIOx9GeQNOTAwh0wvi8K14Nb4QSndMQJPo8Gr9DleVz2YxsqUw7WmZ0aa3r7cWQ4uUyF9K3lG-_fRS1yOjrSQF-fXQqatZmd1g.POF_MyIHHxw_VJS9jT4epQ9nUCLa-mb8ohAGQundz5s&dib_tag=se&keywords=%E3%82%AA%E3%83%AB%E3%83%88%E3%83%95%E3%82%A9%E3%83%B3+%E4%BA%A4%E6%8F%9B%E9%87%9D&qid=1784275262&refinements=p_85%3A8070706051%2Cp_n_condition-type%3A2249602051&rnid=2249601051&rps=1&sprefix=%E3%82%AA%E3%83%AB%E3%83%88%E3%83%95%E3%82%A9%E3%83%B3+%2Caps%2C329&sr=8-20#customerReviews","「おすすめ出品」の要件を満たす出品はありません","https://www.amazon.co.jp/gp/offer-listing/B008BOZK7U/ref=sr_1_20_olp?rnid=2249601051&rps=1&keywords=%E3%82%AA%E3%83%AB%E3%83%88%E3%83%95%E3%82%A9%E3%83%B3+%E4%BA%A4%E6%8F%9B%E9%87%9D&crid=2E5D17O346HHX&sprefix=%E3%82%AA%E3%83%AB%E3%83%88%E3%83%95%E3%82%A9%E3%83%B3+%2Caps%2C329&dib_tag=se&dib=eyJ2IjoiMSJ9.xl7bKTVwQRUtHYZTiA-vVib4PMmYLzBdKjll6YQKz-NzU2qig7AY-QAs74aeV2XSG29X-gwA37XMAM_x4EWcB3YDQOcjRYS7uGF8Iy5506QEPyGaX1ofODgMcWH3Z1z7yFiT5lxyXR40H4ugMmit-3nF-Idaer2lqou2LUhm0hivScSy2SU7nGmO0c2ts2UrVhNd8RG5hbIOx9GeQNOTAwh0wvi8K14Nb4QSndMQJPo8Gr9DleVz2YxsqUw7WmZ0aa3r7cWQ4uUyF9K3lG-_fRS1yOjrSQF-fXQqatZmd1g.POF_MyIHHxw_VJS9jT4epQ9nUCLa-mb8ohAGQundz5s&qid=1784275262&sr=8-20&refinements=p_85%3A8070706051%2Cp_n_condition-type%3A2249602051","","","","","￥27,500","https://www.amazon.co.jp/ortofon-ORTOFON-Cellule-2M-78-MM%E3%82%AB%E3%83%BC%E3%83%88%E3%83%AA%E3%83%83%E3%82%B8/dp/B008BOZK7U/ref=sr_1_20_so_TURNTABLE?crid=2E5D17O346HHX&dib=eyJ2IjoiMSJ9.xl7bKTVwQRUtHYZTiA-vVib4PMmYLzBdKjll6YQKz-NzU2qig7AY-QAs74aeV2XSG29X-gwA37XMAM_x4EWcB3YDQOcjRYS7uGF8Iy5506QEPyGaX1ofODgMcWH3Z1z7yFiT5lxyXR40H4ugMmit-3nF-Idaer2lqou2LUhm0hivScSy2SU7nGmO0c2ts2UrVhNd8RG5hbIOx9GeQNOTAwh0wvi8K14Nb4QSndMQJPo8Gr9DleVz2YxsqUw7WmZ0aa3r7cWQ4uUyF9K3lG-_fRS1yOjrSQF-fXQqatZmd1g.POF_MyIHHxw_VJS9jT4epQ9nUCLa-mb8ohAGQundz5s&dib_tag=se&keywords=%E3%82%AA%E3%83%AB%E3%83%88%E3%83%95%E3%82%A9%E3%83%B3+%E4%BA%A4%E6%8F%9B%E9%87%9D&qid=1784275262&refinements=p_85%3A8070706051%2Cp_n_condition-type%3A2249602051&rnid=2249601051&rps=1&sprefix=%E3%82%AA%E3%83%AB%E3%83%88%E3%83%95%E3%82%A9%E3%83%B3+%2Caps%2C329&sr=8-20"
"https://www.amazon.co.jp/%E3%82%AA%E3%83%AB%E3%83%88%E3%83%95%E3%82%A9%E3%83%B3-2M-78%E7%94%A8%E4%BA%A4%E6%8F%9B%E9%87%9Dortofon-STYLUS-78/dp/B008BOZ57U/ref=sr_1_21?crid=2E5D17O346HHX&dib=eyJ2IjoiMSJ9.xl7bKTVwQRUtHYZTiA-vVib4PMmYLzBdKjll6YQKz-NzU2qig7AY-QAs74aeV2XSG29X-gwA37XMAM_x4EWcB3YDQOcjRYS7uGF8Iy5506QEPyGaX1ofODgMcWH3Z1z7yFiT5lxyXR40H4ugMmit-3nF-Idaer2lqou2LUhm0hivScSy2SU7nGmO0c2ts2UrVhNd8RG5hbIOx9GeQNOTAwh0wvi8K14Nb4QSndMQJPo8Gr9DleVz2YxsqUw7WmZ0aa3r7cWQ4uUyF9K3lG-_fRS1yOjrSQF-fXQqatZmd1g.POF_MyIHHxw_VJS9jT4epQ9nUCLa-mb8ohAGQundz5s&dib_tag=se&keywords=%E3%82%AA%E3%83%AB%E3%83%88%E3%83%95%E3%82%A9%E3%83%B3+%E4%BA%A4%E6%8F%9B%E9%87%9D&qid=1784275262&refinements=p_85%3A8070706051%2Cp_n_condition-type%3A2249602051&rnid=2249601051&rps=1&sprefix=%E3%82%AA%E3%83%AB%E3%83%88%E3%83%95%E3%82%A9%E3%83%B3+%2Caps%2C329&sr=8-21","https://m.media-amazon.com/images/I/51daIuzCryL._AC_UL320_.jpg","https://www.amazon.co.jp/%E3%82%AA%E3%83%AB%E3%83%88%E3%83%95%E3%82%A9%E3%83%B3-2M-78%E7%94%A8%E4%BA%A4%E6%8F%9B%E9%87%9Dortofon-STYLUS-78/dp/B008BOZ57U/ref=sr_1_21?crid=2E5D17O346HHX&dib=eyJ2IjoiMSJ9.xl7bKTVwQRUtHYZTiA-vVib4PMmYLzBdKjll6YQKz-NzU2qig7AY-QAs74aeV2XSG29X-gwA37XMAM_x4EWcB3YDQOcjRYS7uGF8Iy5506QEPyGaX1ofODgMcWH3Z1z7yFiT5lxyXR40H4ugMmit-3nF-Idaer2lqou2LUhm0hivScSy2SU7nGmO0c2ts2UrVhNd8RG5hbIOx9GeQNOTAwh0wvi8K14Nb4QSndMQJPo8Gr9DleVz2YxsqUw7WmZ0aa3r7cWQ4uUyF9K3lG-_fRS1yOjrSQF-fXQqatZmd1g.POF_MyIHHxw_VJS9jT4epQ9nUCLa-mb8ohAGQundz5s&dib_tag=se&keywords=%E3%82%AA%E3%83%AB%E3%83%88%E3%83%95%E3%82%A9%E3%83%B3+%E4%BA%A4%E6%8F%9B%E9%87%9D&qid=1784275262&refinements=p_85%3A8070706051%2Cp_n_condition-type%3A2249602051&rnid=2249601051&rps=1&sprefix=%E3%82%AA%E3%83%AB%E3%83%88%E3%83%95%E3%82%A9%E3%83%B3+%2Caps%2C329&sr=8-21","ortofon Stylus 2M 78 オルトフォン 2M 78用 交換針 2M Monoと本体互換あり","javascript:void(0)","5つ星のうち5.0","https://www.amazon.co.jp/%E3%82%AA%E3%83%AB%E3%83%88%E3%83%95%E3%82%A9%E3%83%B3-2M-78%E7%94%A8%E4%BA%A4%E6%8F%9B%E9%87%9Dortofon-STYLUS-78/dp/B008BOZ57U/ref=sr_1_21?crid=2E5D17O346HHX&dib=eyJ2IjoiMSJ9.xl7bKTVwQRUtHYZTiA-vVib4PMmYLzBdKjll6YQKz-NzU2qig7AY-QAs74aeV2XSG29X-gwA37XMAM_x4EWcB3YDQOcjRYS7uGF8Iy5506QEPyGaX1ofODgMcWH3Z1z7yFiT5lxyXR40H4ugMmit-3nF-Idaer2lqou2LUhm0hivScSy2SU7nGmO0c2ts2UrVhNd8RG5hbIOx9GeQNOTAwh0wvi8K14Nb4QSndMQJPo8Gr9DleVz2YxsqUw7WmZ0aa3r7cWQ4uUyF9K3lG-_fRS1yOjrSQF-fXQqatZmd1g.POF_MyIHHxw_VJS9jT4epQ9nUCLa-mb8ohAGQundz5s&dib_tag=se&keywords=%E3%82%AA%E3%83%AB%E3%83%88%E3%83%95%E3%82%A9%E3%83%B3+%E4%BA%A4%E6%8F%9B%E9%87%9D&qid=1784275262&refinements=p_85%3A8070706051%2Cp_n_condition-type%3A2249602051&rnid=2249601051&rps=1&sprefix=%E3%82%AA%E3%83%AB%E3%83%88%E3%83%95%E3%82%A9%E3%83%B3+%2Caps%2C329&sr=8-21#customerReviews","「おすすめ出品」の要件を満たす出品はありません","https://www.amazon.co.jp/gp/offer-listing/B008BOZ57U/ref=sr_1_21_olp?rnid=2249601051&rps=1&keywords=%E3%82%AA%E3%83%AB%E3%83%88%E3%83%95%E3%82%A9%E3%83%B3+%E4%BA%A4%E6%8F%9B%E9%87%9D&crid=2E5D17O346HHX&sprefix=%E3%82%AA%E3%83%AB%E3%83%88%E3%83%95%E3%82%A9%E3%83%B3+%2Caps%2C329&dib_tag=se&dib=eyJ2IjoiMSJ9.xl7bKTVwQRUtHYZTiA-vVib4PMmYLzBdKjll6YQKz-NzU2qig7AY-QAs74aeV2XSG29X-gwA37XMAM_x4EWcB3YDQOcjRYS7uGF8Iy5506QEPyGaX1ofODgMcWH3Z1z7yFiT5lxyXR40H4ugMmit-3nF-Idaer2lqou2LUhm0hivScSy2SU7nGmO0c2ts2UrVhNd8RG5hbIOx9GeQNOTAwh0wvi8K14Nb4QSndMQJPo8Gr9DleVz2YxsqUw7WmZ0aa3r7cWQ4uUyF9K3lG-_fRS1yOjrSQF-fXQqatZmd1g.POF_MyIHHxw_VJS9jT4epQ9nUCLa-mb8ohAGQundz5s&qid=1784275262&sr=8-21&refinements=p_85%3A8070706051%2Cp_n_condition-type%3A2249602051","","","","","￥22,000","https://www.amazon.co.jp/%E3%82%AA%E3%83%AB%E3%83%88%E3%83%95%E3%82%A9%E3%83%B3-2M-78%E7%94%A8%E4%BA%A4%E6%8F%9B%E9%87%9Dortofon-STYLUS-78/dp/B008BOZ57U/ref=sr_1_21_so_TURNTABLE?crid=2E5D17O346HHX&dib=eyJ2IjoiMSJ9.xl7bKTVwQRUtHYZTiA-vVib4PMmYLzBdKjll6YQKz-NzU2qig7AY-QAs74aeV2XSG29X-gwA37XMAM_x4EWcB3YDQOcjRYS7uGF8Iy5506QEPyGaX1ofODgMcWH3Z1z7yFiT5lxyXR40H4ugMmit-3nF-Idaer2lqou2LUhm0hivScSy2SU7nGmO0c2ts2UrVhNd8RG5hbIOx9GeQNOTAwh0wvi8K14Nb4QSndMQJPo8Gr9DleVz2YxsqUw7WmZ0aa3r7cWQ4uUyF9K3lG-_fRS1yOjrSQF-fXQqatZmd1g.POF_MyIHHxw_VJS9jT4epQ9nUCLa-mb8ohAGQundz5s&dib_tag=se&keywords=%E3%82%AA%E3%83%AB%E3%83%88%E3%83%95%E3%82%A9%E3%83%B3+%E4%BA%A4%E6%8F%9B%E9%87%9D&qid=1784275262&refinements=p_85%3A8070706051%2Cp_n_condition-type%3A2249602051&rnid=2249601051&rps=1&sprefix=%E3%82%AA%E3%83%AB%E3%83%88%E3%83%95%E3%82%A9%E3%83%B3+%2Caps%2C329&sr=8-21"
"https://www.amazon.co.jp/ortofon-Stylus-DJ-Concorde-%E3%80%90%E5%9B%BD%E5%86%85%E6%AD%A3%E8%A6%8F%E5%93%81%E3%80%91/dp/B001AMASV8/ref=sr_1_22?crid=2E5D17O346HHX&dib=eyJ2IjoiMSJ9.xl7bKTVwQRUtHYZTiA-vVib4PMmYLzBdKjll6YQKz-NzU2qig7AY-QAs74aeV2XSG29X-gwA37XMAM_x4EWcB3YDQOcjRYS7uGF8Iy5506QEPyGaX1ofODgMcWH3Z1z7yFiT5lxyXR40H4ugMmit-3nF-Idaer2lqou2LUhm0hivScSy2SU7nGmO0c2ts2UrVhNd8RG5hbIOx9GeQNOTAwh0wvi8K14Nb4QSndMQJPo8Gr9DleVz2YxsqUw7WmZ0aa3r7cWQ4uUyF9K3lG-_fRS1yOjrSQF-fXQqatZmd1g.POF_MyIHHxw_VJS9jT4epQ9nUCLa-mb8ohAGQundz5s&dib_tag=se&keywords=%E3%82%AA%E3%83%AB%E3%83%88%E3%83%95%E3%82%A9%E3%83%B3+%E4%BA%A4%E6%8F%9B%E9%87%9D&qid=1784275262&refinements=p_85%3A8070706051%2Cp_n_condition-type%3A2249602051&rnid=2249601051&rps=1&sprefix=%E3%82%AA%E3%83%AB%E3%83%88%E3%83%95%E3%82%A9%E3%83%B3+%2Caps%2C329&sr=8-22&ufe=app_do%3Aamzn1.fos.35785624-70c4-44ae-a5c3-3f044f475d63","https://m.media-amazon.com/images/I/61JNXe5rNEL._AC_UL320_.jpg","https://www.amazon.co.jp/ortofon-Stylus-DJ-Concorde-%E3%80%90%E5%9B%BD%E5%86%85%E6%AD%A3%E8%A6%8F%E5%93%81%E3%80%91/dp/B001AMASV8/ref=sr_1_22?crid=2E5D17O346HHX&dib=eyJ2IjoiMSJ9.xl7bKTVwQRUtHYZTiA-vVib4PMmYLzBdKjll6YQKz-NzU2qig7AY-QAs74aeV2XSG29X-gwA37XMAM_x4EWcB3YDQOcjRYS7uGF8Iy5506QEPyGaX1ofODgMcWH3Z1z7yFiT5lxyXR40H4ugMmit-3nF-Idaer2lqou2LUhm0hivScSy2SU7nGmO0c2ts2UrVhNd8RG5hbIOx9GeQNOTAwh0wvi8K14Nb4QSndMQJPo8Gr9DleVz2YxsqUw7WmZ0aa3r7cWQ4uUyF9K3lG-_fRS1yOjrSQF-fXQqatZmd1g.POF_MyIHHxw_VJS9jT4epQ9nUCLa-mb8ohAGQundz5s&dib_tag=se&keywords=%E3%82%AA%E3%83%AB%E3%83%88%E3%83%95%E3%82%A9%E3%83%B3+%E4%BA%A4%E6%8F%9B%E9%87%9D&qid=1784275262&refinements=p_85%3A8070706051%2Cp_n_condition-type%3A2249602051&rnid=2249601051&rps=1&sprefix=%E3%82%AA%E3%83%AB%E3%83%88%E3%83%95%E3%82%A9%E3%83%B3+%2Caps%2C329&sr=8-22&ufe=app_do%3Aamzn1.fos.35785624-70c4-44ae-a5c3-3f044f475d63","ortofon Stylus DJ E オルトフォン Concorde DJ/OM DJ用 交換針","javascript:void(0)","5つ星のうち4.8","https://www.amazon.co.jp/ortofon-Stylus-DJ-Concorde-%E3%80%90%E5%9B%BD%E5%86%85%E6%AD%A3%E8%A6%8F%E5%93%81%E3%80%91/dp/B001AMASV8/ref=sr_1_22?crid=2E5D17O346HHX&dib=eyJ2IjoiMSJ9.xl7bKTVwQRUtHYZTiA-vVib4PMmYLzBdKjll6YQKz-NzU2qig7AY-QAs74aeV2XSG29X-gwA37XMAM_x4EWcB3YDQOcjRYS7uGF8Iy5506QEPyGaX1ofODgMcWH3Z1z7yFiT5lxyXR40H4ugMmit-3nF-Idaer2lqou2LUhm0hivScSy2SU7nGmO0c2ts2UrVhNd8RG5hbIOx9GeQNOTAwh0wvi8K14Nb4QSndMQJPo8Gr9DleVz2YxsqUw7WmZ0aa3r7cWQ4uUyF9K3lG-_fRS1yOjrSQF-fXQqatZmd1g.POF_MyIHHxw_VJS9jT4epQ9nUCLa-mb8ohAGQundz5s&dib_tag=se&keywords=%E3%82%AA%E3%83%AB%E3%83%88%E3%83%95%E3%82%A9%E3%83%B3+%E4%BA%A4%E6%8F%9B%E9%87%9D&qid=1784275262&refinements=p_85%3A8070706051%2Cp_n_condition-type%3A2249602051&rnid=2249601051&rps=1&sprefix=%E3%82%AA%E3%83%AB%E3%83%88%E3%83%95%E3%82%A9%E3%83%B3+%2Caps%2C329&sr=8-22&ufe=app_do%3Aamzn1.fos.35785624-70c4-44ae-a5c3-3f044f475d63#customerReviews","125ポイント(1%)","https://www.amazon.co.jp/ortofon-Stylus-DJ-Concorde-%E3%80%90%E5%9B%BD%E5%86%85%E6%AD%A3%E8%A6%8F%E5%93%81%E3%80%91/dp/B001AMASV8/ref=sr_1_22?crid=2E5D17O346HHX&dib=eyJ2IjoiMSJ9.xl7bKTVwQRUtHYZTiA-vVib4PMmYLzBdKjll6YQKz-NzU2qig7AY-QAs74aeV2XSG29X-gwA37XMAM_x4EWcB3YDQOcjRYS7uGF8Iy5506QEPyGaX1ofODgMcWH3Z1z7yFiT5lxyXR40H4ugMmit-3nF-Idaer2lqou2LUhm0hivScSy2SU7nGmO0c2ts2UrVhNd8RG5hbIOx9GeQNOTAwh0wvi8K14Nb4QSndMQJPo8Gr9DleVz2YxsqUw7WmZ0aa3r7cWQ4uUyF9K3lG-_fRS1yOjrSQF-fXQqatZmd1g.POF_MyIHHxw_VJS9jT4epQ9nUCLa-mb8ohAGQundz5s&dib_tag=se&keywords=%E3%82%AA%E3%83%AB%E3%83%88%E3%83%95%E3%82%A9%E3%83%B3+%E4%BA%A4%E6%8F%9B%E9%87%9D&qid=1784275262&refinements=p_85%3A8070706051%2Cp_n_condition-type%3A2249602051&rnid=2249601051&rps=1&sprefix=%E3%82%AA%E3%83%AB%E3%83%88%E3%83%95%E3%82%A9%E3%83%B3+%2Caps%2C329&sr=8-22&ufe=app_do%3Aamzn1.fos.35785624-70c4-44ae-a5c3-3f044f475d63","","￥11,609","￥","11,609","",""
"https://www.amazon.co.jp/%E3%82%AA%E3%83%AB%E3%83%88%E3%83%95%E3%82%A9%E3%83%B3-DJ%E5%90%91%E3%81%91MM%E3%82%AB%E3%83%BC%E3%83%88%E3%83%AA%E3%83%83%E3%82%B8-%E3%82%B3%E3%83%B3%E3%82%B3%E3%83%AB%E3%83%89%E3%83%BB%E3%83%9F%E3%83%83%E3%82%AF%E3%82%B9-ortofon-Concorde/dp/B0799NWFSG/ref=sr_1_23?crid=2E5D17O346HHX&dib=eyJ2IjoiMSJ9.xl7bKTVwQRUtHYZTiA-vVib4PMmYLzBdKjll6YQKz-NzU2qig7AY-QAs74aeV2XSG29X-gwA37XMAM_x4EWcB3YDQOcjRYS7uGF8Iy5506QEPyGaX1ofODgMcWH3Z1z7yFiT5lxyXR40H4ugMmit-3nF-Idaer2lqou2LUhm0hivScSy2SU7nGmO0c2ts2UrVhNd8RG5hbIOx9GeQNOTAwh0wvi8K14Nb4QSndMQJPo8Gr9DleVz2YxsqUw7WmZ0aa3r7cWQ4uUyF9K3lG-_fRS1yOjrSQF-fXQqatZmd1g.POF_MyIHHxw_VJS9jT4epQ9nUCLa-mb8ohAGQundz5s&dib_tag=se&keywords=%E3%82%AA%E3%83%AB%E3%83%88%E3%83%95%E3%82%A9%E3%83%B3+%E4%BA%A4%E6%8F%9B%E9%87%9D&qid=1784275262&refinements=p_85%3A8070706051%2Cp_n_condition-type%3A2249602051&rnid=2249601051&rps=1&sprefix=%E3%82%AA%E3%83%AB%E3%83%88%E3%83%95%E3%82%A9%E3%83%B3+%2Caps%2C329&sr=8-23","https://m.media-amazon.com/images/I/71cb539SGrL._AC_UL320_.jpg","https://www.amazon.co.jp/%E3%82%AA%E3%83%AB%E3%83%88%E3%83%95%E3%82%A9%E3%83%B3-DJ%E5%90%91%E3%81%91MM%E3%82%AB%E3%83%BC%E3%83%88%E3%83%AA%E3%83%83%E3%82%B8-%E3%82%B3%E3%83%B3%E3%82%B3%E3%83%AB%E3%83%89%E3%83%BB%E3%83%9F%E3%83%83%E3%82%AF%E3%82%B9-ortofon-Concorde/dp/B0799NWFSG/ref=sr_1_23?crid=2E5D17O346HHX&dib=eyJ2IjoiMSJ9.xl7bKTVwQRUtHYZTiA-vVib4PMmYLzBdKjll6YQKz-NzU2qig7AY-QAs74aeV2XSG29X-gwA37XMAM_x4EWcB3YDQOcjRYS7uGF8Iy5506QEPyGaX1ofODgMcWH3Z1z7yFiT5lxyXR40H4ugMmit-3nF-Idaer2lqou2LUhm0hivScSy2SU7nGmO0c2ts2UrVhNd8RG5hbIOx9GeQNOTAwh0wvi8K14Nb4QSndMQJPo8Gr9DleVz2YxsqUw7WmZ0aa3r7cWQ4uUyF9K3lG-_fRS1yOjrSQF-fXQqatZmd1g.POF_MyIHHxw_VJS9jT4epQ9nUCLa-mb8ohAGQundz5s&dib_tag=se&keywords=%E3%82%AA%E3%83%AB%E3%83%88%E3%83%95%E3%82%A9%E3%83%B3+%E4%BA%A4%E6%8F%9B%E9%87%9D&qid=1784275262&refinements=p_85%3A8070706051%2Cp_n_condition-type%3A2249602051&rnid=2249601051&rps=1&sprefix=%E3%82%AA%E3%83%AB%E3%83%88%E3%83%95%E3%82%A9%E3%83%B3+%2Caps%2C329&sr=8-23","ortofon Concorde MKII Mix オルトフォン DJカートリッジ ヘッドシェル一体型 丸針 DJプレイ/リスニング兼用","javascript:void(0)","5つ星のうち4.7","https://www.amazon.co.jp/%E3%82%AA%E3%83%AB%E3%83%88%E3%83%95%E3%82%A9%E3%83%B3-DJ%E5%90%91%E3%81%91MM%E3%82%AB%E3%83%BC%E3%83%88%E3%83%AA%E3%83%83%E3%82%B8-%E3%82%B3%E3%83%B3%E3%82%B3%E3%83%AB%E3%83%89%E3%83%BB%E3%83%9F%E3%83%83%E3%82%AF%E3%82%B9-ortofon-Concorde/dp/B0799NWFSG/ref=sr_1_23?crid=2E5D17O346HHX&dib=eyJ2IjoiMSJ9.xl7bKTVwQRUtHYZTiA-vVib4PMmYLzBdKjll6YQKz-NzU2qig7AY-QAs74aeV2XSG29X-gwA37XMAM_x4EWcB3YDQOcjRYS7uGF8Iy5506QEPyGaX1ofODgMcWH3Z1z7yFiT5lxyXR40H4ugMmit-3nF-Idaer2lqou2LUhm0hivScSy2SU7nGmO0c2ts2UrVhNd8RG5hbIOx9GeQNOTAwh0wvi8K14Nb4QSndMQJPo8Gr9DleVz2YxsqUw7WmZ0aa3r7cWQ4uUyF9K3lG-_fRS1yOjrSQF-fXQqatZmd1g.POF_MyIHHxw_VJS9jT4epQ9nUCLa-mb8ohAGQundz5s&dib_tag=se&keywords=%E3%82%AA%E3%83%AB%E3%83%88%E3%83%95%E3%82%A9%E3%83%B3+%E4%BA%A4%E6%8F%9B%E9%87%9D&qid=1784275262&refinements=p_85%3A8070706051%2Cp_n_condition-type%3A2249602051&rnid=2249601051&rps=1&sprefix=%E3%82%AA%E3%83%AB%E3%83%88%E3%83%95%E3%82%A9%E3%83%B3+%2Caps%2C329&sr=8-23#customerReviews","「おすすめ出品」の要件を満たす出品はありません","https://www.amazon.co.jp/gp/offer-listing/B0799NWFSG/ref=sr_1_23_olp?rnid=2249601051&rps=1&keywords=%E3%82%AA%E3%83%AB%E3%83%88%E3%83%95%E3%82%A9%E3%83%B3+%E4%BA%A4%E6%8F%9B%E9%87%9D&crid=2E5D17O346HHX&sprefix=%E3%82%AA%E3%83%AB%E3%83%88%E3%83%95%E3%82%A9%E3%83%B3+%2Caps%2C329&dib_tag=se&dib=eyJ2IjoiMSJ9.xl7bKTVwQRUtHYZTiA-vVib4PMmYLzBdKjll6YQKz-NzU2qig7AY-QAs74aeV2XSG29X-gwA37XMAM_x4EWcB3YDQOcjRYS7uGF8Iy5506QEPyGaX1ofODgMcWH3Z1z7yFiT5lxyXR40H4ugMmit-3nF-Idaer2lqou2LUhm0hivScSy2SU7nGmO0c2ts2UrVhNd8RG5hbIOx9GeQNOTAwh0wvi8K14Nb4QSndMQJPo8Gr9DleVz2YxsqUw7WmZ0aa3r7cWQ4uUyF9K3lG-_fRS1yOjrSQF-fXQqatZmd1g.POF_MyIHHxw_VJS9jT4epQ9nUCLa-mb8ohAGQundz5s&qid=1784275262&sr=8-23&refinements=p_85%3A8070706051%2Cp_n_condition-type%3A2249602051","","","","","￥16,390","https://www.amazon.co.jp/%E3%82%AA%E3%83%AB%E3%83%88%E3%83%95%E3%82%A9%E3%83%B3-DJ%E5%90%91%E3%81%91MM%E3%82%AB%E3%83%BC%E3%83%88%E3%83%AA%E3%83%83%E3%82%B8-%E3%82%B3%E3%83%B3%E3%82%B3%E3%83%AB%E3%83%89%E3%83%BB%E3%83%9F%E3%83%83%E3%82%AF%E3%82%B9-ortofon-Concorde/dp/B0799NWFSG/ref=sr_1_23_so_TURNTABLE?crid=2E5D17O346HHX&dib=eyJ2IjoiMSJ9.xl7bKTVwQRUtHYZTiA-vVib4PMmYLzBdKjll6YQKz-NzU2qig7AY-QAs74aeV2XSG29X-gwA37XMAM_x4EWcB3YDQOcjRYS7uGF8Iy5506QEPyGaX1ofODgMcWH3Z1z7yFiT5lxyXR40H4ugMmit-3nF-Idaer2lqou2LUhm0hivScSy2SU7nGmO0c2ts2UrVhNd8RG5hbIOx9GeQNOTAwh0wvi8K14Nb4QSndMQJPo8Gr9DleVz2YxsqUw7WmZ0aa3r7cWQ4uUyF9K3lG-_fRS1yOjrSQF-fXQqatZmd1g.POF_MyIHHxw_VJS9jT4epQ9nUCLa-mb8ohAGQundz5s&dib_tag=se&keywords=%E3%82%AA%E3%83%AB%E3%83%88%E3%83%95%E3%82%A9%E3%83%B3+%E4%BA%A4%E6%8F%9B%E9%87%9D&qid=1784275262&refinements=p_85%3A8070706051%2Cp_n_condition-type%3A2249602051&rnid=2249601051&rps=1&sprefix=%E3%82%AA%E3%83%AB%E3%83%88%E3%83%95%E3%82%A9%E3%83%B3+%2Caps%2C329&sr=8-23"
"https://www.amazon.co.jp/ORTOFON-stylus-Night-Club-%E4%BA%A4%E6%8F%9B%E9%87%9D/dp/B0012ERN6W/ref=sr_1_24?crid=2E5D17O346HHX&dib=eyJ2IjoiMSJ9.xl7bKTVwQRUtHYZTiA-vVib4PMmYLzBdKjll6YQKz-NzU2qig7AY-QAs74aeV2XSG29X-gwA37XMAM_x4EWcB3YDQOcjRYS7uGF8Iy5506QEPyGaX1ofODgMcWH3Z1z7yFiT5lxyXR40H4ugMmit-3nF-Idaer2lqou2LUhm0hivScSy2SU7nGmO0c2ts2UrVhNd8RG5hbIOx9GeQNOTAwh0wvi8K14Nb4QSndMQJPo8Gr9DleVz2YxsqUw7WmZ0aa3r7cWQ4uUyF9K3lG-_fRS1yOjrSQF-fXQqatZmd1g.POF_MyIHHxw_VJS9jT4epQ9nUCLa-mb8ohAGQundz5s&dib_tag=se&keywords=%E3%82%AA%E3%83%AB%E3%83%88%E3%83%95%E3%82%A9%E3%83%B3+%E4%BA%A4%E6%8F%9B%E9%87%9D&qid=1784275262&refinements=p_85%3A8070706051%2Cp_n_condition-type%3A2249602051&rnid=2249601051&rps=1&sprefix=%E3%82%AA%E3%83%AB%E3%83%88%E3%83%95%E3%82%A9%E3%83%B3+%2Caps%2C329&sr=8-24","https://m.media-amazon.com/images/I/51rh5GZ23DL._AC_UL320_.jpg","https://www.amazon.co.jp/ORTOFON-stylus-Night-Club-%E4%BA%A4%E6%8F%9B%E9%87%9D/dp/B0012ERN6W/ref=sr_1_24?crid=2E5D17O346HHX&dib=eyJ2IjoiMSJ9.xl7bKTVwQRUtHYZTiA-vVib4PMmYLzBdKjll6YQKz-NzU2qig7AY-QAs74aeV2XSG29X-gwA37XMAM_x4EWcB3YDQOcjRYS7uGF8Iy5506QEPyGaX1ofODgMcWH3Z1z7yFiT5lxyXR40H4ugMmit-3nF-Idaer2lqou2LUhm0hivScSy2SU7nGmO0c2ts2UrVhNd8RG5hbIOx9GeQNOTAwh0wvi8K14Nb4QSndMQJPo8Gr9DleVz2YxsqUw7WmZ0aa3r7cWQ4uUyF9K3lG-_fRS1yOjrSQF-fXQqatZmd1g.POF_MyIHHxw_VJS9jT4epQ9nUCLa-mb8ohAGQundz5s&dib_tag=se&keywords=%E3%82%AA%E3%83%AB%E3%83%88%E3%83%95%E3%82%A9%E3%83%B3+%E4%BA%A4%E6%8F%9B%E9%87%9D&qid=1784275262&refinements=p_85%3A8070706051%2Cp_n_condition-type%3A2249602051&rnid=2249601051&rps=1&sprefix=%E3%82%AA%E3%83%AB%E3%83%88%E3%83%95%E3%82%A9%E3%83%B3+%2Caps%2C329&sr=8-24","ortofon Stylus Night Club E オルトフォン Concorde Nightclub/OM Nightclub用 交換針","javascript:void(0)","5つ星のうち4.5","https://www.amazon.co.jp/ORTOFON-stylus-Night-Club-%E4%BA%A4%E6%8F%9B%E9%87%9D/dp/B0012ERN6W/ref=sr_1_24?crid=2E5D17O346HHX&dib=eyJ2IjoiMSJ9.xl7bKTVwQRUtHYZTiA-vVib4PMmYLzBdKjll6YQKz-NzU2qig7AY-QAs74aeV2XSG29X-gwA37XMAM_x4EWcB3YDQOcjRYS7uGF8Iy5506QEPyGaX1ofODgMcWH3Z1z7yFiT5lxyXR40H4ugMmit-3nF-Idaer2lqou2LUhm0hivScSy2SU7nGmO0c2ts2UrVhNd8RG5hbIOx9GeQNOTAwh0wvi8K14Nb4QSndMQJPo8Gr9DleVz2YxsqUw7WmZ0aa3r7cWQ4uUyF9K3lG-_fRS1yOjrSQF-fXQqatZmd1g.POF_MyIHHxw_VJS9jT4epQ9nUCLa-mb8ohAGQundz5s&dib_tag=se&keywords=%E3%82%AA%E3%83%AB%E3%83%88%E3%83%95%E3%82%A9%E3%83%B3+%E4%BA%A4%E6%8F%9B%E9%87%9D&qid=1784275262&refinements=p_85%3A8070706051%2Cp_n_condition-type%3A2249602051&rnid=2249601051&rps=1&sprefix=%E3%82%AA%E3%83%AB%E3%83%88%E3%83%95%E3%82%A9%E3%83%B3+%2Caps%2C329&sr=8-24#customerReviews","「おすすめ出品」の要件を満たす出品はありません","https://www.amazon.co.jp/gp/offer-listing/B0012ERN6W/ref=sr_1_24_olp?rnid=2249601051&rps=1&keywords=%E3%82%AA%E3%83%AB%E3%83%88%E3%83%95%E3%82%A9%E3%83%B3+%E4%BA%A4%E6%8F%9B%E9%87%9D&crid=2E5D17O346HHX&sprefix=%E3%82%AA%E3%83%AB%E3%83%88%E3%83%95%E3%82%A9%E3%83%B3+%2Caps%2C329&dib_tag=se&dib=eyJ2IjoiMSJ9.xl7bKTVwQRUtHYZTiA-vVib4PMmYLzBdKjll6YQKz-NzU2qig7AY-QAs74aeV2XSG29X-gwA37XMAM_x4EWcB3YDQOcjRYS7uGF8Iy5506QEPyGaX1ofODgMcWH3Z1z7yFiT5lxyXR40H4ugMmit-3nF-Idaer2lqou2LUhm0hivScSy2SU7nGmO0c2ts2UrVhNd8RG5hbIOx9GeQNOTAwh0wvi8K14Nb4QSndMQJPo8Gr9DleVz2YxsqUw7WmZ0aa3r7cWQ4uUyF9K3lG-_fRS1yOjrSQF-fXQqatZmd1g.POF_MyIHHxw_VJS9jT4epQ9nUCLa-mb8ohAGQundz5s&qid=1784275262&sr=8-24&refinements=p_85%3A8070706051%2Cp_n_condition-type%3A2249602051","","","","","￥14,630","https://www.amazon.co.jp/ORTOFON-stylus-Night-Club-%E4%BA%A4%E6%8F%9B%E9%87%9D/dp/B0012ERN6W/ref=sr_1_24_so_HEADPHONES?crid=2E5D17O346HHX&dib=eyJ2IjoiMSJ9.xl7bKTVwQRUtHYZTiA-vVib4PMmYLzBdKjll6YQKz-NzU2qig7AY-QAs74aeV2XSG29X-gwA37XMAM_x4EWcB3YDQOcjRYS7uGF8Iy5506QEPyGaX1ofODgMcWH3Z1z7yFiT5lxyXR40H4ugMmit-3nF-Idaer2lqou2LUhm0hivScSy2SU7nGmO0c2ts2UrVhNd8RG5hbIOx9GeQNOTAwh0wvi8K14Nb4QSndMQJPo8Gr9DleVz2YxsqUw7WmZ0aa3r7cWQ4uUyF9K3lG-_fRS1yOjrSQF-fXQqatZmd1g.POF_MyIHHxw_VJS9jT4epQ9nUCLa-mb8ohAGQundz5s&dib_tag=se&keywords=%E3%82%AA%E3%83%AB%E3%83%88%E3%83%95%E3%82%A9%E3%83%B3+%E4%BA%A4%E6%8F%9B%E9%87%9D&qid=1784275262&refinements=p_85%3A8070706051%2Cp_n_condition-type%3A2249602051&rnid=2249601051&rps=1&sprefix=%E3%82%AA%E3%83%AB%E3%83%88%E3%83%95%E3%82%A9%E3%83%B3+%2Caps%2C329&sr=8-24"
"https://www.amazon.co.jp/ortofon-Stylus-DJ-Concorde-%E3%80%90%E5%9B%BD%E5%86%85%E6%AD%A3%E8%A6%8F%E5%93%81%E3%80%91/dp/B0000WS5FK/ref=sr_1_25?crid=2E5D17O346HHX&dib=eyJ2IjoiMSJ9.xl7bKTVwQRUtHYZTiA-vVib4PMmYLzBdKjll6YQKz-NzU2qig7AY-QAs74aeV2XSG29X-gwA37XMAM_x4EWcB3YDQOcjRYS7uGF8Iy5506QEPyGaX1ofODgMcWH3Z1z7yFiT5lxyXR40H4ugMmit-3nF-Idaer2lqou2LUhm0hivScSy2SU7nGmO0c2ts2UrVhNd8RG5hbIOx9GeQNOTAwh0wvi8K14Nb4QSndMQJPo8Gr9DleVz2YxsqUw7WmZ0aa3r7cWQ4uUyF9K3lG-_fRS1yOjrSQF-fXQqatZmd1g.POF_MyIHHxw_VJS9jT4epQ9nUCLa-mb8ohAGQundz5s&dib_tag=se&keywords=%E3%82%AA%E3%83%AB%E3%83%88%E3%83%95%E3%82%A9%E3%83%B3+%E4%BA%A4%E6%8F%9B%E9%87%9D&qid=1784275262&refinements=p_85%3A8070706051%2Cp_n_condition-type%3A2249602051&rnid=2249601051&rps=1&sprefix=%E3%82%AA%E3%83%AB%E3%83%88%E3%83%95%E3%82%A9%E3%83%B3+%2Caps%2C329&sr=8-25","https://m.media-amazon.com/images/I/51Pxqoq2cnL._AC_UL320_.jpg","https://www.amazon.co.jp/ortofon-Stylus-DJ-Concorde-%E3%80%90%E5%9B%BD%E5%86%85%E6%AD%A3%E8%A6%8F%E5%93%81%E3%80%91/dp/B0000WS5FK/ref=sr_1_25?crid=2E5D17O346HHX&dib=eyJ2IjoiMSJ9.xl7bKTVwQRUtHYZTiA-vVib4PMmYLzBdKjll6YQKz-NzU2qig7AY-QAs74aeV2XSG29X-gwA37XMAM_x4EWcB3YDQOcjRYS7uGF8Iy5506QEPyGaX1ofODgMcWH3Z1z7yFiT5lxyXR40H4ugMmit-3nF-Idaer2lqou2LUhm0hivScSy2SU7nGmO0c2ts2UrVhNd8RG5hbIOx9GeQNOTAwh0wvi8K14Nb4QSndMQJPo8Gr9DleVz2YxsqUw7WmZ0aa3r7cWQ4uUyF9K3lG-_fRS1yOjrSQF-fXQqatZmd1g.POF_MyIHHxw_VJS9jT4epQ9nUCLa-mb8ohAGQundz5s&dib_tag=se&keywords=%E3%82%AA%E3%83%AB%E3%83%88%E3%83%95%E3%82%A9%E3%83%B3+%E4%BA%A4%E6%8F%9B%E9%87%9D&qid=1784275262&refinements=p_85%3A8070706051%2Cp_n_condition-type%3A2249602051&rnid=2249601051&rps=1&sprefix=%E3%82%AA%E3%83%AB%E3%83%88%E3%83%95%E3%82%A9%E3%83%B3+%2Caps%2C329&sr=8-25","ortofon Stylus DJ S オルトフォン Concorde DJ/OM DJ用 交換針","javascript:void(0)","5つ星のうち4.6","https://www.amazon.co.jp/ortofon-Stylus-DJ-Concorde-%E3%80%90%E5%9B%BD%E5%86%85%E6%AD%A3%E8%A6%8F%E5%93%81%E3%80%91/dp/B0000WS5FK/ref=sr_1_25?crid=2E5D17O346HHX&dib=eyJ2IjoiMSJ9.xl7bKTVwQRUtHYZTiA-vVib4PMmYLzBdKjll6YQKz-NzU2qig7AY-QAs74aeV2XSG29X-gwA37XMAM_x4EWcB3YDQOcjRYS7uGF8Iy5506QEPyGaX1ofODgMcWH3Z1z7yFiT5lxyXR40H4ugMmit-3nF-Idaer2lqou2LUhm0hivScSy2SU7nGmO0c2ts2UrVhNd8RG5hbIOx9GeQNOTAwh0wvi8K14Nb4QSndMQJPo8Gr9DleVz2YxsqUw7WmZ0aa3r7cWQ4uUyF9K3lG-_fRS1yOjrSQF-fXQqatZmd1g.POF_MyIHHxw_VJS9jT4epQ9nUCLa-mb8ohAGQundz5s&dib_tag=se&keywords=%E3%82%AA%E3%83%AB%E3%83%88%E3%83%95%E3%82%A9%E3%83%B3+%E4%BA%A4%E6%8F%9B%E9%87%9D&qid=1784275262&refinements=p_85%3A8070706051%2Cp_n_condition-type%3A2249602051&rnid=2249601051&rps=1&sprefix=%E3%82%AA%E3%83%AB%E3%83%88%E3%83%95%E3%82%A9%E3%83%B3+%2Caps%2C329&sr=8-25#customerReviews","「おすすめ出品」の要件を満たす出品はありません","https://www.amazon.co.jp/gp/offer-listing/B0000WS5FK/ref=sr_1_25_olp?rnid=2249601051&rps=1&keywords=%E3%82%AA%E3%83%AB%E3%83%88%E3%83%95%E3%82%A9%E3%83%B3+%E4%BA%A4%E6%8F%9B%E9%87%9D&crid=2E5D17O346HHX&sprefix=%E3%82%AA%E3%83%AB%E3%83%88%E3%83%95%E3%82%A9%E3%83%B3+%2Caps%2C329&dib_tag=se&dib=eyJ2IjoiMSJ9.xl7bKTVwQRUtHYZTiA-vVib4PMmYLzBdKjll6YQKz-NzU2qig7AY-QAs74aeV2XSG29X-gwA37XMAM_x4EWcB3YDQOcjRYS7uGF8Iy5506QEPyGaX1ofODgMcWH3Z1z7yFiT5lxyXR40H4ugMmit-3nF-Idaer2lqou2LUhm0hivScSy2SU7nGmO0c2ts2UrVhNd8RG5hbIOx9GeQNOTAwh0wvi8K14Nb4QSndMQJPo8Gr9DleVz2YxsqUw7WmZ0aa3r7cWQ4uUyF9K3lG-_fRS1yOjrSQF-fXQqatZmd1g.POF_MyIHHxw_VJS9jT4epQ9nUCLa-mb8ohAGQundz5s&qid=1784275262&sr=8-25&refinements=p_85%3A8070706051%2Cp_n_condition-type%3A2249602051","","","","","￥10,890","https://www.amazon.co.jp/ortofon-Stylus-DJ-Concorde-%E3%80%90%E5%9B%BD%E5%86%85%E6%AD%A3%E8%A6%8F%E5%93%81%E3%80%91/dp/B0000WS5FK/ref=sr_1_25_so_TURNTABLE?crid=2E5D17O346HHX&dib=eyJ2IjoiMSJ9.xl7bKTVwQRUtHYZTiA-vVib4PMmYLzBdKjll6YQKz-NzU2qig7AY-QAs74aeV2XSG29X-gwA37XMAM_x4EWcB3YDQOcjRYS7uGF8Iy5506QEPyGaX1ofODgMcWH3Z1z7yFiT5lxyXR40H4ugMmit-3nF-Idaer2lqou2LUhm0hivScSy2SU7nGmO0c2ts2UrVhNd8RG5hbIOx9GeQNOTAwh0wvi8K14Nb4QSndMQJPo8Gr9DleVz2YxsqUw7WmZ0aa3r7cWQ4uUyF9K3lG-_fRS1yOjrSQF-fXQqatZmd1g.POF_MyIHHxw_VJS9jT4epQ9nUCLa-mb8ohAGQundz5s&dib_tag=se&keywords=%E3%82%AA%E3%83%AB%E3%83%88%E3%83%95%E3%82%A9%E3%83%B3+%E4%BA%A4%E6%8F%9B%E9%87%9D&qid=1784275262&refinements=p_85%3A8070706051%2Cp_n_condition-type%3A2249602051&rnid=2249601051&rps=1&sprefix=%E3%82%AA%E3%83%AB%E3%83%88%E3%83%95%E3%82%A9%E3%83%B3+%2Caps%2C329&sr=8-25"
"https://www.amazon.co.jp/Ortofon-Stylus-Scratch-ORTOFON-stylus/dp/B0000WS5G4/ref=sr_1_26?crid=2E5D17O346HHX&dib=eyJ2IjoiMSJ9.xl7bKTVwQRUtHYZTiA-vVib4PMmYLzBdKjll6YQKz-NzU2qig7AY-QAs74aeV2XSG29X-gwA37XMAM_x4EWcB3YDQOcjRYS7uGF8Iy5506QEPyGaX1ofODgMcWH3Z1z7yFiT5lxyXR40H4ugMmit-3nF-Idaer2lqou2LUhm0hivScSy2SU7nGmO0c2ts2UrVhNd8RG5hbIOx9GeQNOTAwh0wvi8K14Nb4QSndMQJPo8Gr9DleVz2YxsqUw7WmZ0aa3r7cWQ4uUyF9K3lG-_fRS1yOjrSQF-fXQqatZmd1g.POF_MyIHHxw_VJS9jT4epQ9nUCLa-mb8ohAGQundz5s&dib_tag=se&keywords=%E3%82%AA%E3%83%AB%E3%83%88%E3%83%95%E3%82%A9%E3%83%B3+%E4%BA%A4%E6%8F%9B%E9%87%9D&qid=1784275262&refinements=p_85%3A8070706051%2Cp_n_condition-type%3A2249602051&rnid=2249601051&rps=1&sprefix=%E3%82%AA%E3%83%AB%E3%83%88%E3%83%95%E3%82%A9%E3%83%B3+%2Caps%2C329&sr=8-26","https://m.media-amazon.com/images/I/51V4E3nxAdL._AC_UL320_.jpg","https://www.amazon.co.jp/Ortofon-Stylus-Scratch-ORTOFON-stylus/dp/B0000WS5G4/ref=sr_1_26?crid=2E5D17O346HHX&dib=eyJ2IjoiMSJ9.xl7bKTVwQRUtHYZTiA-vVib4PMmYLzBdKjll6YQKz-NzU2qig7AY-QAs74aeV2XSG29X-gwA37XMAM_x4EWcB3YDQOcjRYS7uGF8Iy5506QEPyGaX1ofODgMcWH3Z1z7yFiT5lxyXR40H4ugMmit-3nF-Idaer2lqou2LUhm0hivScSy2SU7nGmO0c2ts2UrVhNd8RG5hbIOx9GeQNOTAwh0wvi8K14Nb4QSndMQJPo8Gr9DleVz2YxsqUw7WmZ0aa3r7cWQ4uUyF9K3lG-_fRS1yOjrSQF-fXQqatZmd1g.POF_MyIHHxw_VJS9jT4epQ9nUCLa-mb8ohAGQundz5s&dib_tag=se&keywords=%E3%82%AA%E3%83%AB%E3%83%88%E3%83%95%E3%82%A9%E3%83%B3+%E4%BA%A4%E6%8F%9B%E9%87%9D&qid=1784275262&refinements=p_85%3A8070706051%2Cp_n_condition-type%3A2249602051&rnid=2249601051&rps=1&sprefix=%E3%82%AA%E3%83%AB%E3%83%88%E3%83%95%E3%82%A9%E3%83%B3+%2Caps%2C329&sr=8-26","ortofon Stylus Scratch オルトフォン Concorde Scratch/OM Scratch用 交換針","javascript:void(0)","5つ星のうち4.7","https://www.amazon.co.jp/Ortofon-Stylus-Scratch-ORTOFON-stylus/dp/B0000WS5G4/ref=sr_1_26?crid=2E5D17O346HHX&dib=eyJ2IjoiMSJ9.xl7bKTVwQRUtHYZTiA-vVib4PMmYLzBdKjll6YQKz-NzU2qig7AY-QAs74aeV2XSG29X-gwA37XMAM_x4EWcB3YDQOcjRYS7uGF8Iy5506QEPyGaX1ofODgMcWH3Z1z7yFiT5lxyXR40H4ugMmit-3nF-Idaer2lqou2LUhm0hivScSy2SU7nGmO0c2ts2UrVhNd8RG5hbIOx9GeQNOTAwh0wvi8K14Nb4QSndMQJPo8Gr9DleVz2YxsqUw7WmZ0aa3r7cWQ4uUyF9K3lG-_fRS1yOjrSQF-fXQqatZmd1g.POF_MyIHHxw_VJS9jT4epQ9nUCLa-mb8ohAGQundz5s&dib_tag=se&keywords=%E3%82%AA%E3%83%AB%E3%83%88%E3%83%95%E3%82%A9%E3%83%B3+%E4%BA%A4%E6%8F%9B%E9%87%9D&qid=1784275262&refinements=p_85%3A8070706051%2Cp_n_condition-type%3A2249602051&rnid=2249601051&rps=1&sprefix=%E3%82%AA%E3%83%AB%E3%83%88%E3%83%95%E3%82%A9%E3%83%B3+%2Caps%2C329&sr=8-26#customerReviews","「おすすめ出品」の要件を満たす出品はありません","https://www.amazon.co.jp/gp/offer-listing/B0000WS5G4/ref=sr_1_26_olp?rnid=2249601051&rps=1&keywords=%E3%82%AA%E3%83%AB%E3%83%88%E3%83%95%E3%82%A9%E3%83%B3+%E4%BA%A4%E6%8F%9B%E9%87%9D&crid=2E5D17O346HHX&sprefix=%E3%82%AA%E3%83%AB%E3%83%88%E3%83%95%E3%82%A9%E3%83%B3+%2Caps%2C329&dib_tag=se&dib=eyJ2IjoiMSJ9.xl7bKTVwQRUtHYZTiA-vVib4PMmYLzBdKjll6YQKz-NzU2qig7AY-QAs74aeV2XSG29X-gwA37XMAM_x4EWcB3YDQOcjRYS7uGF8Iy5506QEPyGaX1ofODgMcWH3Z1z7yFiT5lxyXR40H4ugMmit-3nF-Idaer2lqou2LUhm0hivScSy2SU7nGmO0c2ts2UrVhNd8RG5hbIOx9GeQNOTAwh0wvi8K14Nb4QSndMQJPo8Gr9DleVz2YxsqUw7WmZ0aa3r7cWQ4uUyF9K3lG-_fRS1yOjrSQF-fXQqatZmd1g.POF_MyIHHxw_VJS9jT4epQ9nUCLa-mb8ohAGQundz5s&qid=1784275262&sr=8-26&refinements=p_85%3A8070706051%2Cp_n_condition-type%3A2249602051","","","","","￥10,890","https://www.amazon.co.jp/Ortofon-Stylus-Scratch-ORTOFON-stylus/dp/B0000WS5G4/ref=sr_1_26_so_TURNTABLE?crid=2E5D17O346HHX&dib=eyJ2IjoiMSJ9.xl7bKTVwQRUtHYZTiA-vVib4PMmYLzBdKjll6YQKz-NzU2qig7AY-QAs74aeV2XSG29X-gwA37XMAM_x4EWcB3YDQOcjRYS7uGF8Iy5506QEPyGaX1ofODgMcWH3Z1z7yFiT5lxyXR40H4ugMmit-3nF-Idaer2lqou2LUhm0hivScSy2SU7nGmO0c2ts2UrVhNd8RG5hbIOx9GeQNOTAwh0wvi8K14Nb4QSndMQJPo8Gr9DleVz2YxsqUw7WmZ0aa3r7cWQ4uUyF9K3lG-_fRS1yOjrSQF-fXQqatZmd1g.POF_MyIHHxw_VJS9jT4epQ9nUCLa-mb8ohAGQundz5s&dib_tag=se&keywords=%E3%82%AA%E3%83%AB%E3%83%88%E3%83%95%E3%82%A9%E3%83%B3+%E4%BA%A4%E6%8F%9B%E9%87%9D&qid=1784275262&refinements=p_85%3A8070706051%2Cp_n_condition-type%3A2249602051&rnid=2249601051&rps=1&sprefix=%E3%82%AA%E3%83%AB%E3%83%88%E3%83%95%E3%82%A9%E3%83%B3+%2Caps%2C329&sr=8-26"
"https://www.amazon.co.jp/ortofon-%E3%82%AA%E3%83%AB%E3%83%88%E3%83%95%E3%82%A9%E3%83%B3-%E3%82%AB%E3%83%BC%E3%83%88%E3%83%AA%E3%83%83%E3%82%B8-DJ%E7%94%A8-OM/dp/B00189C7XU/ref=sr_1_27?crid=2E5D17O346HHX&dib=eyJ2IjoiMSJ9.xl7bKTVwQRUtHYZTiA-vVib4PMmYLzBdKjll6YQKz-NzU2qig7AY-QAs74aeV2XSG29X-gwA37XMAM_x4EWcB3YDQOcjRYS7uGF8Iy5506QEPyGaX1ofODgMcWH3Z1z7yFiT5lxyXR40H4ugMmit-3nF-Idaer2lqou2LUhm0hivScSy2SU7nGmO0c2ts2UrVhNd8RG5hbIOx9GeQNOTAwh0wvi8K14Nb4QSndMQJPo8Gr9DleVz2YxsqUw7WmZ0aa3r7cWQ4uUyF9K3lG-_fRS1yOjrSQF-fXQqatZmd1g.POF_MyIHHxw_VJS9jT4epQ9nUCLa-mb8ohAGQundz5s&dib_tag=se&keywords=%E3%82%AA%E3%83%AB%E3%83%88%E3%83%95%E3%82%A9%E3%83%B3+%E4%BA%A4%E6%8F%9B%E9%87%9D&qid=1784275262&refinements=p_85%3A8070706051%2Cp_n_condition-type%3A2249602051&rnid=2249601051&rps=1&sprefix=%E3%82%AA%E3%83%AB%E3%83%88%E3%83%95%E3%82%A9%E3%83%B3+%2Caps%2C329&sr=8-27","https://m.media-amazon.com/images/I/61gWMGTmPzL._AC_UL320_.jpg","https://www.amazon.co.jp/ortofon-%E3%82%AA%E3%83%AB%E3%83%88%E3%83%95%E3%82%A9%E3%83%B3-%E3%82%AB%E3%83%BC%E3%83%88%E3%83%AA%E3%83%83%E3%82%B8-DJ%E7%94%A8-OM/dp/B00189C7XU/ref=sr_1_27?crid=2E5D17O346HHX&dib=eyJ2IjoiMSJ9.xl7bKTVwQRUtHYZTiA-vVib4PMmYLzBdKjll6YQKz-NzU2qig7AY-QAs74aeV2XSG29X-gwA37XMAM_x4EWcB3YDQOcjRYS7uGF8Iy5506QEPyGaX1ofODgMcWH3Z1z7yFiT5lxyXR40H4ugMmit-3nF-Idaer2lqou2LUhm0hivScSy2SU7nGmO0c2ts2UrVhNd8RG5hbIOx9GeQNOTAwh0wvi8K14Nb4QSndMQJPo8Gr9DleVz2YxsqUw7WmZ0aa3r7cWQ4uUyF9K3lG-_fRS1yOjrSQF-fXQqatZmd1g.POF_MyIHHxw_VJS9jT4epQ9nUCLa-mb8ohAGQundz5s&dib_tag=se&keywords=%E3%82%AA%E3%83%AB%E3%83%88%E3%83%95%E3%82%A9%E3%83%B3+%E4%BA%A4%E6%8F%9B%E9%87%9D&qid=1784275262&refinements=p_85%3A8070706051%2Cp_n_condition-type%3A2249602051&rnid=2249601051&rps=1&sprefix=%E3%82%AA%E3%83%AB%E3%83%88%E3%83%95%E3%82%A9%E3%83%B3+%2Caps%2C329&sr=8-27","ortofon OM Pro S オルトフォン DJカートリッジ ステレオ 丸針 DJプレイ/リスニング兼用","javascript:void(0)","5つ星のうち4.6","https://www.amazon.co.jp/ortofon-%E3%82%AA%E3%83%AB%E3%83%88%E3%83%95%E3%82%A9%E3%83%B3-%E3%82%AB%E3%83%BC%E3%83%88%E3%83%AA%E3%83%83%E3%82%B8-DJ%E7%94%A8-OM/dp/B00189C7XU/ref=sr_1_27?crid=2E5D17O346HHX&dib=eyJ2IjoiMSJ9.xl7bKTVwQRUtHYZTiA-vVib4PMmYLzBdKjll6YQKz-NzU2qig7AY-QAs74aeV2XSG29X-gwA37XMAM_x4EWcB3YDQOcjRYS7uGF8Iy5506QEPyGaX1ofODgMcWH3Z1z7yFiT5lxyXR40H4ugMmit-3nF-Idaer2lqou2LUhm0hivScSy2SU7nGmO0c2ts2UrVhNd8RG5hbIOx9GeQNOTAwh0wvi8K14Nb4QSndMQJPo8Gr9DleVz2YxsqUw7WmZ0aa3r7cWQ4uUyF9K3lG-_fRS1yOjrSQF-fXQqatZmd1g.POF_MyIHHxw_VJS9jT4epQ9nUCLa-mb8ohAGQundz5s&dib_tag=se&keywords=%E3%82%AA%E3%83%AB%E3%83%88%E3%83%95%E3%82%A9%E3%83%B3+%E4%BA%A4%E6%8F%9B%E9%87%9D&qid=1784275262&refinements=p_85%3A8070706051%2Cp_n_condition-type%3A2249602051&rnid=2249601051&rps=1&sprefix=%E3%82%AA%E3%83%AB%E3%83%88%E3%83%95%E3%82%A9%E3%83%B3+%2Caps%2C329&sr=8-27#customerReviews","「おすすめ出品」の要件を満たす出品はありません","https://www.amazon.co.jp/gp/offer-listing/B00189C7XU/ref=sr_1_27_olp?rnid=2249601051&rps=1&keywords=%E3%82%AA%E3%83%AB%E3%83%88%E3%83%95%E3%82%A9%E3%83%B3+%E4%BA%A4%E6%8F%9B%E9%87%9D&crid=2E5D17O346HHX&sprefix=%E3%82%AA%E3%83%AB%E3%83%88%E3%83%95%E3%82%A9%E3%83%B3+%2Caps%2C329&dib_tag=se&dib=eyJ2IjoiMSJ9.xl7bKTVwQRUtHYZTiA-vVib4PMmYLzBdKjll6YQKz-NzU2qig7AY-QAs74aeV2XSG29X-gwA37XMAM_x4EWcB3YDQOcjRYS7uGF8Iy5506QEPyGaX1ofODgMcWH3Z1z7yFiT5lxyXR40H4ugMmit-3nF-Idaer2lqou2LUhm0hivScSy2SU7nGmO0c2ts2UrVhNd8RG5hbIOx9GeQNOTAwh0wvi8K14Nb4QSndMQJPo8Gr9DleVz2YxsqUw7WmZ0aa3r7cWQ4uUyF9K3lG-_fRS1yOjrSQF-fXQqatZmd1g.POF_MyIHHxw_VJS9jT4epQ9nUCLa-mb8ohAGQundz5s&qid=1784275262&sr=8-27&refinements=p_85%3A8070706051%2Cp_n_condition-type%3A2249602051","","","","","￥9,020","https://www.amazon.co.jp/ortofon-%E3%82%AA%E3%83%AB%E3%83%88%E3%83%95%E3%82%A9%E3%83%B3-%E3%82%AB%E3%83%BC%E3%83%88%E3%83%AA%E3%83%83%E3%82%B8-DJ%E7%94%A8-OM/dp/B00189C7XU/ref=sr_1_27_so_TURNTABLE?crid=2E5D17O346HHX&dib=eyJ2IjoiMSJ9.xl7bKTVwQRUtHYZTiA-vVib4PMmYLzBdKjll6YQKz-NzU2qig7AY-QAs74aeV2XSG29X-gwA37XMAM_x4EWcB3YDQOcjRYS7uGF8Iy5506QEPyGaX1ofODgMcWH3Z1z7yFiT5lxyXR40H4ugMmit-3nF-Idaer2lqou2LUhm0hivScSy2SU7nGmO0c2ts2UrVhNd8RG5hbIOx9GeQNOTAwh0wvi8K14Nb4QSndMQJPo8Gr9DleVz2YxsqUw7WmZ0aa3r7cWQ4uUyF9K3lG-_fRS1yOjrSQF-fXQqatZmd1g.POF_MyIHHxw_VJS9jT4epQ9nUCLa-mb8ohAGQundz5s&dib_tag=se&keywords=%E3%82%AA%E3%83%AB%E3%83%88%E3%83%95%E3%82%A9%E3%83%B3+%E4%BA%A4%E6%8F%9B%E9%87%9D&qid=1784275262&refinements=p_85%3A8070706051%2Cp_n_condition-type%3A2249602051&rnid=2249601051&rps=1&sprefix=%E3%82%AA%E3%83%AB%E3%83%88%E3%83%95%E3%82%A9%E3%83%B3+%2Caps%2C329&sr=8-27"
"https://www.amazon.co.jp/Ortofon-Diamants-Stylus-2M-Blue/dp/B000WMAOE8/ref=sr_1_28?crid=2E5D17O346HHX&dib=eyJ2IjoiMSJ9.xl7bKTVwQRUtHYZTiA-vVib4PMmYLzBdKjll6YQKz-NzU2qig7AY-QAs74aeV2XSG29X-gwA37XMAM_x4EWcB3YDQOcjRYS7uGF8Iy5506QEPyGaX1ofODgMcWH3Z1z7yFiT5lxyXR40H4ugMmit-3nF-Idaer2lqou2LUhm0hivScSy2SU7nGmO0c2ts2UrVhNd8RG5hbIOx9GeQNOTAwh0wvi8K14Nb4QSndMQJPo8Gr9DleVz2YxsqUw7WmZ0aa3r7cWQ4uUyF9K3lG-_fRS1yOjrSQF-fXQqatZmd1g.POF_MyIHHxw_VJS9jT4epQ9nUCLa-mb8ohAGQundz5s&dib_tag=se&keywords=%E3%82%AA%E3%83%AB%E3%83%88%E3%83%95%E3%82%A9%E3%83%B3+%E4%BA%A4%E6%8F%9B%E9%87%9D&qid=1784275262&refinements=p_85%3A8070706051%2Cp_n_condition-type%3A2249602051&rnid=2249601051&rps=1&sprefix=%E3%82%AA%E3%83%AB%E3%83%88%E3%83%95%E3%82%A9%E3%83%B3+%2Caps%2C329&sr=8-28","https://m.media-amazon.com/images/I/61ds8eMmxYL._AC_UL320_.jpg","https://www.amazon.co.jp/Ortofon-Diamants-Stylus-2M-Blue/dp/B000WMAOE8/ref=sr_1_28?crid=2E5D17O346HHX&dib=eyJ2IjoiMSJ9.xl7bKTVwQRUtHYZTiA-vVib4PMmYLzBdKjll6YQKz-NzU2qig7AY-QAs74aeV2XSG29X-gwA37XMAM_x4EWcB3YDQOcjRYS7uGF8Iy5506QEPyGaX1ofODgMcWH3Z1z7yFiT5lxyXR40H4ugMmit-3nF-Idaer2lqou2LUhm0hivScSy2SU7nGmO0c2ts2UrVhNd8RG5hbIOx9GeQNOTAwh0wvi8K14Nb4QSndMQJPo8Gr9DleVz2YxsqUw7WmZ0aa3r7cWQ4uUyF9K3lG-_fRS1yOjrSQF-fXQqatZmd1g.POF_MyIHHxw_VJS9jT4epQ9nUCLa-mb8ohAGQundz5s&dib_tag=se&keywords=%E3%82%AA%E3%83%AB%E3%83%88%E3%83%95%E3%82%A9%E3%83%B3+%E4%BA%A4%E6%8F%9B%E9%87%9D&qid=1784275262&refinements=p_85%3A8070706051%2Cp_n_condition-type%3A2249602051&rnid=2249601051&rps=1&sprefix=%E3%82%AA%E3%83%AB%E3%83%88%E3%83%95%E3%82%A9%E3%83%B3+%2Caps%2C329&sr=8-28","ortofon Stylus 2M Blue オルトフォン 2M Blue用 交換針 2M Redと本体互換あり","javascript:void(0)","5つ星のうち4.8","https://www.amazon.co.jp/Ortofon-Diamants-Stylus-2M-Blue/dp/B000WMAOE8/ref=sr_1_28?crid=2E5D17O346HHX&dib=eyJ2IjoiMSJ9.xl7bKTVwQRUtHYZTiA-vVib4PMmYLzBdKjll6YQKz-NzU2qig7AY-QAs74aeV2XSG29X-gwA37XMAM_x4EWcB3YDQOcjRYS7uGF8Iy5506QEPyGaX1ofODgMcWH3Z1z7yFiT5lxyXR40H4ugMmit-3nF-Idaer2lqou2LUhm0hivScSy2SU7nGmO0c2ts2UrVhNd8RG5hbIOx9GeQNOTAwh0wvi8K14Nb4QSndMQJPo8Gr9DleVz2YxsqUw7WmZ0aa3r7cWQ4uUyF9K3lG-_fRS1yOjrSQF-fXQqatZmd1g.POF_MyIHHxw_VJS9jT4epQ9nUCLa-mb8ohAGQundz5s&dib_tag=se&keywords=%E3%82%AA%E3%83%AB%E3%83%88%E3%83%95%E3%82%A9%E3%83%B3+%E4%BA%A4%E6%8F%9B%E9%87%9D&qid=1784275262&refinements=p_85%3A8070706051%2Cp_n_condition-type%3A2249602051&rnid=2249601051&rps=1&sprefix=%E3%82%AA%E3%83%AB%E3%83%88%E3%83%95%E3%82%A9%E3%83%B3+%2Caps%2C329&sr=8-28#customerReviews","「おすすめ出品」の要件を満たす出品はありません","https://www.amazon.co.jp/gp/offer-listing/B000WMAOE8/ref=sr_1_28_olp?rnid=2249601051&rps=1&keywords=%E3%82%AA%E3%83%AB%E3%83%88%E3%83%95%E3%82%A9%E3%83%B3+%E4%BA%A4%E6%8F%9B%E9%87%9D&crid=2E5D17O346HHX&sprefix=%E3%82%AA%E3%83%AB%E3%83%88%E3%83%95%E3%82%A9%E3%83%B3+%2Caps%2C329&dib_tag=se&dib=eyJ2IjoiMSJ9.xl7bKTVwQRUtHYZTiA-vVib4PMmYLzBdKjll6YQKz-NzU2qig7AY-QAs74aeV2XSG29X-gwA37XMAM_x4EWcB3YDQOcjRYS7uGF8Iy5506QEPyGaX1ofODgMcWH3Z1z7yFiT5lxyXR40H4ugMmit-3nF-Idaer2lqou2LUhm0hivScSy2SU7nGmO0c2ts2UrVhNd8RG5hbIOx9GeQNOTAwh0wvi8K14Nb4QSndMQJPo8Gr9DleVz2YxsqUw7WmZ0aa3r7cWQ4uUyF9K3lG-_fRS1yOjrSQF-fXQqatZmd1g.POF_MyIHHxw_VJS9jT4epQ9nUCLa-mb8ohAGQundz5s&qid=1784275262&sr=8-28&refinements=p_85%3A8070706051%2Cp_n_condition-type%3A2249602051","","","","","￥27,500","https://www.amazon.co.jp/Ortofon-Diamants-Stylus-2M-Blue/dp/B000WMAOE8/ref=sr_1_28_so_TURNTABLE?crid=2E5D17O346HHX&dib=eyJ2IjoiMSJ9.xl7bKTVwQRUtHYZTiA-vVib4PMmYLzBdKjll6YQKz-NzU2qig7AY-QAs74aeV2XSG29X-gwA37XMAM_x4EWcB3YDQOcjRYS7uGF8Iy5506QEPyGaX1ofODgMcWH3Z1z7yFiT5lxyXR40H4ugMmit-3nF-Idaer2lqou2LUhm0hivScSy2SU7nGmO0c2ts2UrVhNd8RG5hbIOx9GeQNOTAwh0wvi8K14Nb4QSndMQJPo8Gr9DleVz2YxsqUw7WmZ0aa3r7cWQ4uUyF9K3lG-_fRS1yOjrSQF-fXQqatZmd1g.POF_MyIHHxw_VJS9jT4epQ9nUCLa-mb8ohAGQundz5s&dib_tag=se&keywords=%E3%82%AA%E3%83%AB%E3%83%88%E3%83%95%E3%82%A9%E3%83%B3+%E4%BA%A4%E6%8F%9B%E9%87%9D&qid=1784275262&refinements=p_85%3A8070706051%2Cp_n_condition-type%3A2249602051&rnid=2249601051&rps=1&sprefix=%E3%82%AA%E3%83%AB%E3%83%88%E3%83%95%E3%82%A9%E3%83%B3+%2Caps%2C329&sr=8-28"
"https://www.amazon.co.jp/Ortofon-Stylus-5E-ORTOFON-5E%E3%82%B9%E3%82%BF%E3%82%A4%E3%83%A9%E3%82%B95E%E6%A5%95%E5%86%86/dp/B000A0C0WG/ref=sr_1_29?crid=2E5D17O346HHX&dib=eyJ2IjoiMSJ9.xl7bKTVwQRUtHYZTiA-vVib4PMmYLzBdKjll6YQKz-NzU2qig7AY-QAs74aeV2XSG29X-gwA37XMAM_x4EWcB3YDQOcjRYS7uGF8Iy5506QEPyGaX1ofODgMcWH3Z1z7yFiT5lxyXR40H4ugMmit-3nF-Idaer2lqou2LUhm0hivScSy2SU7nGmO0c2ts2UrVhNd8RG5hbIOx9GeQNOTAwh0wvi8K14Nb4QSndMQJPo8Gr9DleVz2YxsqUw7WmZ0aa3r7cWQ4uUyF9K3lG-_fRS1yOjrSQF-fXQqatZmd1g.POF_MyIHHxw_VJS9jT4epQ9nUCLa-mb8ohAGQundz5s&dib_tag=se&keywords=%E3%82%AA%E3%83%AB%E3%83%88%E3%83%95%E3%82%A9%E3%83%B3+%E4%BA%A4%E6%8F%9B%E9%87%9D&qid=1784275262&refinements=p_85%3A8070706051%2Cp_n_condition-type%3A2249602051&rnid=2249601051&rps=1&sprefix=%E3%82%AA%E3%83%AB%E3%83%88%E3%83%95%E3%82%A9%E3%83%B3+%2Caps%2C329&sr=8-29","https://m.media-amazon.com/images/I/51JzHqMkyOL._AC_UL320_.jpg","https://www.amazon.co.jp/Ortofon-Stylus-5E-ORTOFON-5E%E3%82%B9%E3%82%BF%E3%82%A4%E3%83%A9%E3%82%B95E%E6%A5%95%E5%86%86/dp/B000A0C0WG/ref=sr_1_29?crid=2E5D17O346HHX&dib=eyJ2IjoiMSJ9.xl7bKTVwQRUtHYZTiA-vVib4PMmYLzBdKjll6YQKz-NzU2qig7AY-QAs74aeV2XSG29X-gwA37XMAM_x4EWcB3YDQOcjRYS7uGF8Iy5506QEPyGaX1ofODgMcWH3Z1z7yFiT5lxyXR40H4ugMmit-3nF-Idaer2lqou2LUhm0hivScSy2SU7nGmO0c2ts2UrVhNd8RG5hbIOx9GeQNOTAwh0wvi8K14Nb4QSndMQJPo8Gr9DleVz2YxsqUw7WmZ0aa3r7cWQ4uUyF9K3lG-_fRS1yOjrSQF-fXQqatZmd1g.POF_MyIHHxw_VJS9jT4epQ9nUCLa-mb8ohAGQundz5s&dib_tag=se&keywords=%E3%82%AA%E3%83%AB%E3%83%88%E3%83%95%E3%82%A9%E3%83%B3+%E4%BA%A4%E6%8F%9B%E9%87%9D&qid=1784275262&refinements=p_85%3A8070706051%2Cp_n_condition-type%3A2249602051&rnid=2249601051&rps=1&sprefix=%E3%82%AA%E3%83%AB%E3%83%88%E3%83%95%E3%82%A9%E3%83%B3+%2Caps%2C329&sr=8-29","ortofon Stylus 5E オルトフォン OM 5E/Super OM 5E/OMP 5E/OMB 5E/OMT 5E用 交換針","javascript:void(0)","5つ星のうち4.7","https://www.amazon.co.jp/Ortofon-Stylus-5E-ORTOFON-5E%E3%82%B9%E3%82%BF%E3%82%A4%E3%83%A9%E3%82%B95E%E6%A5%95%E5%86%86/dp/B000A0C0WG/ref=sr_1_29?crid=2E5D17O346HHX&dib=eyJ2IjoiMSJ9.xl7bKTVwQRUtHYZTiA-vVib4PMmYLzBdKjll6YQKz-NzU2qig7AY-QAs74aeV2XSG29X-gwA37XMAM_x4EWcB3YDQOcjRYS7uGF8Iy5506QEPyGaX1ofODgMcWH3Z1z7yFiT5lxyXR40H4ugMmit-3nF-Idaer2lqou2LUhm0hivScSy2SU7nGmO0c2ts2UrVhNd8RG5hbIOx9GeQNOTAwh0wvi8K14Nb4QSndMQJPo8Gr9DleVz2YxsqUw7WmZ0aa3r7cWQ4uUyF9K3lG-_fRS1yOjrSQF-fXQqatZmd1g.POF_MyIHHxw_VJS9jT4epQ9nUCLa-mb8ohAGQundz5s&dib_tag=se&keywords=%E3%82%AA%E3%83%AB%E3%83%88%E3%83%95%E3%82%A9%E3%83%B3+%E4%BA%A4%E6%8F%9B%E9%87%9D&qid=1784275262&refinements=p_85%3A8070706051%2Cp_n_condition-type%3A2249602051&rnid=2249601051&rps=1&sprefix=%E3%82%AA%E3%83%AB%E3%83%88%E3%83%95%E3%82%A9%E3%83%B3+%2Caps%2C329&sr=8-29#customerReviews","「おすすめ出品」の要件を満たす出品はありません","https://www.amazon.co.jp/gp/offer-listing/B000A0C0WG/ref=sr_1_29_olp?rnid=2249601051&rps=1&keywords=%E3%82%AA%E3%83%AB%E3%83%88%E3%83%95%E3%82%A9%E3%83%B3+%E4%BA%A4%E6%8F%9B%E9%87%9D&crid=2E5D17O346HHX&sprefix=%E3%82%AA%E3%83%AB%E3%83%88%E3%83%95%E3%82%A9%E3%83%B3+%2Caps%2C329&dib_tag=se&dib=eyJ2IjoiMSJ9.xl7bKTVwQRUtHYZTiA-vVib4PMmYLzBdKjll6YQKz-NzU2qig7AY-QAs74aeV2XSG29X-gwA37XMAM_x4EWcB3YDQOcjRYS7uGF8Iy5506QEPyGaX1ofODgMcWH3Z1z7yFiT5lxyXR40H4ugMmit-3nF-Idaer2lqou2LUhm0hivScSy2SU7nGmO0c2ts2UrVhNd8RG5hbIOx9GeQNOTAwh0wvi8K14Nb4QSndMQJPo8Gr9DleVz2YxsqUw7WmZ0aa3r7cWQ4uUyF9K3lG-_fRS1yOjrSQF-fXQqatZmd1g.POF_MyIHHxw_VJS9jT4epQ9nUCLa-mb8ohAGQundz5s&qid=1784275262&sr=8-29&refinements=p_85%3A8070706051%2Cp_n_condition-type%3A2249602051","","","","","￥9,900","https://www.amazon.co.jp/Ortofon-Stylus-5E-ORTOFON-5E%E3%82%B9%E3%82%BF%E3%82%A4%E3%83%A9%E3%82%B95E%E6%A5%95%E5%86%86/dp/B000A0C0WG/ref=sr_1_29_so_TURNTABLE?crid=2E5D17O346HHX&dib=eyJ2IjoiMSJ9.xl7bKTVwQRUtHYZTiA-vVib4PMmYLzBdKjll6YQKz-NzU2qig7AY-QAs74aeV2XSG29X-gwA37XMAM_x4EWcB3YDQOcjRYS7uGF8Iy5506QEPyGaX1ofODgMcWH3Z1z7yFiT5lxyXR40H4ugMmit-3nF-Idaer2lqou2LUhm0hivScSy2SU7nGmO0c2ts2UrVhNd8RG5hbIOx9GeQNOTAwh0wvi8K14Nb4QSndMQJPo8Gr9DleVz2YxsqUw7WmZ0aa3r7cWQ4uUyF9K3lG-_fRS1yOjrSQF-fXQqatZmd1g.POF_MyIHHxw_VJS9jT4epQ9nUCLa-mb8ohAGQundz5s&dib_tag=se&keywords=%E3%82%AA%E3%83%AB%E3%83%88%E3%83%95%E3%82%A9%E3%83%B3+%E4%BA%A4%E6%8F%9B%E9%87%9D&qid=1784275262&refinements=p_85%3A8070706051%2Cp_n_condition-type%3A2249602051&rnid=2249601051&rps=1&sprefix=%E3%82%AA%E3%83%AB%E3%83%88%E3%83%95%E3%82%A9%E3%83%B3+%2Caps%2C329&sr=8-29"
"https://www.amazon.co.jp/%E3%82%AA%E3%83%AB%E3%83%88%E3%83%95%E3%82%A9%E3%83%B3-%E3%82%B3%E3%83%B3%E3%82%B3%E3%83%AB%E3%83%89%E3%83%BB%E3%82%AF%E3%83%A9%E3%83%96%E7%94%A8%E4%BA%A4%E6%8F%9B%E9%87%9Dortofon-Stylus-MKII-Club/dp/B0799QFCPN/ref=sr_1_30?crid=2E5D17O346HHX&dib=eyJ2IjoiMSJ9.xl7bKTVwQRUtHYZTiA-vVib4PMmYLzBdKjll6YQKz-NzU2qig7AY-QAs74aeV2XSG29X-gwA37XMAM_x4EWcB3YDQOcjRYS7uGF8Iy5506QEPyGaX1ofODgMcWH3Z1z7yFiT5lxyXR40H4ugMmit-3nF-Idaer2lqou2LUhm0hivScSy2SU7nGmO0c2ts2UrVhNd8RG5hbIOx9GeQNOTAwh0wvi8K14Nb4QSndMQJPo8Gr9DleVz2YxsqUw7WmZ0aa3r7cWQ4uUyF9K3lG-_fRS1yOjrSQF-fXQqatZmd1g.POF_MyIHHxw_VJS9jT4epQ9nUCLa-mb8ohAGQundz5s&dib_tag=se&keywords=%E3%82%AA%E3%83%AB%E3%83%88%E3%83%95%E3%82%A9%E3%83%B3+%E4%BA%A4%E6%8F%9B%E9%87%9D&qid=1784275262&refinements=p_85%3A8070706051%2Cp_n_condition-type%3A2249602051&rnid=2249601051&rps=1&sprefix=%E3%82%AA%E3%83%AB%E3%83%88%E3%83%95%E3%82%A9%E3%83%B3+%2Caps%2C329&sr=8-30","https://m.media-amazon.com/images/I/612Nj3-1fNL._AC_UL320_.jpg","https://www.amazon.co.jp/%E3%82%AA%E3%83%AB%E3%83%88%E3%83%95%E3%82%A9%E3%83%B3-%E3%82%B3%E3%83%B3%E3%82%B3%E3%83%AB%E3%83%89%E3%83%BB%E3%82%AF%E3%83%A9%E3%83%96%E7%94%A8%E4%BA%A4%E6%8F%9B%E9%87%9Dortofon-Stylus-MKII-Club/dp/B0799QFCPN/ref=sr_1_30?crid=2E5D17O346HHX&dib=eyJ2IjoiMSJ9.xl7bKTVwQRUtHYZTiA-vVib4PMmYLzBdKjll6YQKz-NzU2qig7AY-QAs74aeV2XSG29X-gwA37XMAM_x4EWcB3YDQOcjRYS7uGF8Iy5506QEPyGaX1ofODgMcWH3Z1z7yFiT5lxyXR40H4ugMmit-3nF-Idaer2lqou2LUhm0hivScSy2SU7nGmO0c2ts2UrVhNd8RG5hbIOx9GeQNOTAwh0wvi8K14Nb4QSndMQJPo8Gr9DleVz2YxsqUw7WmZ0aa3r7cWQ4uUyF9K3lG-_fRS1yOjrSQF-fXQqatZmd1g.POF_MyIHHxw_VJS9jT4epQ9nUCLa-mb8ohAGQundz5s&dib_tag=se&keywords=%E3%82%AA%E3%83%AB%E3%83%88%E3%83%95%E3%82%A9%E3%83%B3+%E4%BA%A4%E6%8F%9B%E9%87%9D&qid=1784275262&refinements=p_85%3A8070706051%2Cp_n_condition-type%3A2249602051&rnid=2249601051&rps=1&sprefix=%E3%82%AA%E3%83%AB%E3%83%88%E3%83%95%E3%82%A9%E3%83%B3+%2Caps%2C329&sr=8-30","ortofon Stylus CC MKII Club オルトフォン Concorde MK2 Club用 交換針","javascript:void(0)","5つ星のうち4.8","https://www.amazon.co.jp/%E3%82%AA%E3%83%AB%E3%83%88%E3%83%95%E3%82%A9%E3%83%B3-%E3%82%B3%E3%83%B3%E3%82%B3%E3%83%AB%E3%83%89%E3%83%BB%E3%82%AF%E3%83%A9%E3%83%96%E7%94%A8%E4%BA%A4%E6%8F%9B%E9%87%9Dortofon-Stylus-MKII-Club/dp/B0799QFCPN/ref=sr_1_30?crid=2E5D17O346HHX&dib=eyJ2IjoiMSJ9.xl7bKTVwQRUtHYZTiA-vVib4PMmYLzBdKjll6YQKz-NzU2qig7AY-QAs74aeV2XSG29X-gwA37XMAM_x4EWcB3YDQOcjRYS7uGF8Iy5506QEPyGaX1ofODgMcWH3Z1z7yFiT5lxyXR40H4ugMmit-3nF-Idaer2lqou2LUhm0hivScSy2SU7nGmO0c2ts2UrVhNd8RG5hbIOx9GeQNOTAwh0wvi8K14Nb4QSndMQJPo8Gr9DleVz2YxsqUw7WmZ0aa3r7cWQ4uUyF9K3lG-_fRS1yOjrSQF-fXQqatZmd1g.POF_MyIHHxw_VJS9jT4epQ9nUCLa-mb8ohAGQundz5s&dib_tag=se&keywords=%E3%82%AA%E3%83%AB%E3%83%88%E3%83%95%E3%82%A9%E3%83%B3+%E4%BA%A4%E6%8F%9B%E9%87%9D&qid=1784275262&refinements=p_85%3A8070706051%2Cp_n_condition-type%3A2249602051&rnid=2249601051&rps=1&sprefix=%E3%82%AA%E3%83%AB%E3%83%88%E3%83%95%E3%82%A9%E3%83%B3+%2Caps%2C329&sr=8-30#customerReviews","「おすすめ出品」の要件を満たす出品はありません","https://www.amazon.co.jp/gp/offer-listing/B0799QFCPN/ref=sr_1_30_olp?rnid=2249601051&rps=1&keywords=%E3%82%AA%E3%83%AB%E3%83%88%E3%83%95%E3%82%A9%E3%83%B3+%E4%BA%A4%E6%8F%9B%E9%87%9D&crid=2E5D17O346HHX&sprefix=%E3%82%AA%E3%83%AB%E3%83%88%E3%83%95%E3%82%A9%E3%83%B3+%2Caps%2C329&dib_tag=se&dib=eyJ2IjoiMSJ9.xl7bKTVwQRUtHYZTiA-vVib4PMmYLzBdKjll6YQKz-NzU2qig7AY-QAs74aeV2XSG29X-gwA37XMAM_x4EWcB3YDQOcjRYS7uGF8Iy5506QEPyGaX1ofODgMcWH3Z1z7yFiT5lxyXR40H4ugMmit-3nF-Idaer2lqou2LUhm0hivScSy2SU7nGmO0c2ts2UrVhNd8RG5hbIOx9GeQNOTAwh0wvi8K14Nb4QSndMQJPo8Gr9DleVz2YxsqUw7WmZ0aa3r7cWQ4uUyF9K3lG-_fRS1yOjrSQF-fXQqatZmd1g.POF_MyIHHxw_VJS9jT4epQ9nUCLa-mb8ohAGQundz5s&qid=1784275262&sr=8-30&refinements=p_85%3A8070706051%2Cp_n_condition-type%3A2249602051","","","","","￥12,760","https://www.amazon.co.jp/%E3%82%AA%E3%83%AB%E3%83%88%E3%83%95%E3%82%A9%E3%83%B3-%E3%82%B3%E3%83%B3%E3%82%B3%E3%83%AB%E3%83%89%E3%83%BB%E3%82%AF%E3%83%A9%E3%83%96%E7%94%A8%E4%BA%A4%E6%8F%9B%E9%87%9Dortofon-Stylus-MKII-Club/dp/B0799QFCPN/ref=sr_1_30_so_TURNTABLE?crid=2E5D17O346HHX&dib=eyJ2IjoiMSJ9.xl7bKTVwQRUtHYZTiA-vVib4PMmYLzBdKjll6YQKz-NzU2qig7AY-QAs74aeV2XSG29X-gwA37XMAM_x4EWcB3YDQOcjRYS7uGF8Iy5506QEPyGaX1ofODgMcWH3Z1z7yFiT5lxyXR40H4ugMmit-3nF-Idaer2lqou2LUhm0hivScSy2SU7nGmO0c2ts2UrVhNd8RG5hbIOx9GeQNOTAwh0wvi8K14Nb4QSndMQJPo8Gr9DleVz2YxsqUw7WmZ0aa3r7cWQ4uUyF9K3lG-_fRS1yOjrSQF-fXQqatZmd1g.POF_MyIHHxw_VJS9jT4epQ9nUCLa-mb8ohAGQundz5s&dib_tag=se&keywords=%E3%82%AA%E3%83%AB%E3%83%88%E3%83%95%E3%82%A9%E3%83%B3+%E4%BA%A4%E6%8F%9B%E9%87%9D&qid=1784275262&refinements=p_85%3A8070706051%2Cp_n_condition-type%3A2249602051&rnid=2249601051&rps=1&sprefix=%E3%82%AA%E3%83%AB%E3%83%88%E3%83%95%E3%82%A9%E3%83%B3+%2Caps%2C329&sr=8-30"
"https://www.amazon.co.jp/%E3%82%AA%E3%83%AB%E3%83%88%E3%83%95%E3%82%A9%E3%83%B3-%E3%82%B3%E3%83%B3%E3%82%B3%E3%83%AB%E3%83%89%E3%83%BB%E3%82%B9%E3%82%AF%E3%83%A9%E3%83%83%E3%83%81%E7%94%A8%E4%BA%A4%E6%8F%9B%E9%87%9Dortofon-Stylus-MKII-Scratch/dp/B0799QNNTG/ref=sr_1_31?crid=2E5D17O346HHX&dib=eyJ2IjoiMSJ9.xl7bKTVwQRUtHYZTiA-vVib4PMmYLzBdKjll6YQKz-NzU2qig7AY-QAs74aeV2XSG29X-gwA37XMAM_x4EWcB3YDQOcjRYS7uGF8Iy5506QEPyGaX1ofODgMcWH3Z1z7yFiT5lxyXR40H4ugMmit-3nF-Idaer2lqou2LUhm0hivScSy2SU7nGmO0c2ts2UrVhNd8RG5hbIOx9GeQNOTAwh0wvi8K14Nb4QSndMQJPo8Gr9DleVz2YxsqUw7WmZ0aa3r7cWQ4uUyF9K3lG-_fRS1yOjrSQF-fXQqatZmd1g.POF_MyIHHxw_VJS9jT4epQ9nUCLa-mb8ohAGQundz5s&dib_tag=se&keywords=%E3%82%AA%E3%83%AB%E3%83%88%E3%83%95%E3%82%A9%E3%83%B3+%E4%BA%A4%E6%8F%9B%E9%87%9D&qid=1784275262&refinements=p_85%3A8070706051%2Cp_n_condition-type%3A2249602051&rnid=2249601051&rps=1&sprefix=%E3%82%AA%E3%83%AB%E3%83%88%E3%83%95%E3%82%A9%E3%83%B3+%2Caps%2C329&sr=8-31","https://m.media-amazon.com/images/I/41GNV1n6QDL._AC_UL320_.jpg","https://www.amazon.co.jp/%E3%82%AA%E3%83%AB%E3%83%88%E3%83%95%E3%82%A9%E3%83%B3-%E3%82%B3%E3%83%B3%E3%82%B3%E3%83%AB%E3%83%89%E3%83%BB%E3%82%B9%E3%82%AF%E3%83%A9%E3%83%83%E3%83%81%E7%94%A8%E4%BA%A4%E6%8F%9B%E9%87%9Dortofon-Stylus-MKII-Scratch/dp/B0799QNNTG/ref=sr_1_31?crid=2E5D17O346HHX&dib=eyJ2IjoiMSJ9.xl7bKTVwQRUtHYZTiA-vVib4PMmYLzBdKjll6YQKz-NzU2qig7AY-QAs74aeV2XSG29X-gwA37XMAM_x4EWcB3YDQOcjRYS7uGF8Iy5506QEPyGaX1ofODgMcWH3Z1z7yFiT5lxyXR40H4ugMmit-3nF-Idaer2lqou2LUhm0hivScSy2SU7nGmO0c2ts2UrVhNd8RG5hbIOx9GeQNOTAwh0wvi8K14Nb4QSndMQJPo8Gr9DleVz2YxsqUw7WmZ0aa3r7cWQ4uUyF9K3lG-_fRS1yOjrSQF-fXQqatZmd1g.POF_MyIHHxw_VJS9jT4epQ9nUCLa-mb8ohAGQundz5s&dib_tag=se&keywords=%E3%82%AA%E3%83%AB%E3%83%88%E3%83%95%E3%82%A9%E3%83%B3+%E4%BA%A4%E6%8F%9B%E9%87%9D&qid=1784275262&refinements=p_85%3A8070706051%2Cp_n_condition-type%3A2249602051&rnid=2249601051&rps=1&sprefix=%E3%82%AA%E3%83%AB%E3%83%88%E3%83%95%E3%82%A9%E3%83%B3+%2Caps%2C329&sr=8-31","ortofon Stylus CC MKII Scratch オルトフォン Concorde MKII Scratch用 交換針","javascript:void(0)","5つ星のうち4.6","https://www.amazon.co.jp/%E3%82%AA%E3%83%AB%E3%83%88%E3%83%95%E3%82%A9%E3%83%B3-%E3%82%B3%E3%83%B3%E3%82%B3%E3%83%AB%E3%83%89%E3%83%BB%E3%82%B9%E3%82%AF%E3%83%A9%E3%83%83%E3%83%81%E7%94%A8%E4%BA%A4%E6%8F%9B%E9%87%9Dortofon-Stylus-MKII-Scratch/dp/B0799QNNTG/ref=sr_1_31?crid=2E5D17O346HHX&dib=eyJ2IjoiMSJ9.xl7bKTVwQRUtHYZTiA-vVib4PMmYLzBdKjll6YQKz-NzU2qig7AY-QAs74aeV2XSG29X-gwA37XMAM_x4EWcB3YDQOcjRYS7uGF8Iy5506QEPyGaX1ofODgMcWH3Z1z7yFiT5lxyXR40H4ugMmit-3nF-Idaer2lqou2LUhm0hivScSy2SU7nGmO0c2ts2UrVhNd8RG5hbIOx9GeQNOTAwh0wvi8K14Nb4QSndMQJPo8Gr9DleVz2YxsqUw7WmZ0aa3r7cWQ4uUyF9K3lG-_fRS1yOjrSQF-fXQqatZmd1g.POF_MyIHHxw_VJS9jT4epQ9nUCLa-mb8ohAGQundz5s&dib_tag=se&keywords=%E3%82%AA%E3%83%AB%E3%83%88%E3%83%95%E3%82%A9%E3%83%B3+%E4%BA%A4%E6%8F%9B%E9%87%9D&qid=1784275262&refinements=p_85%3A8070706051%2Cp_n_condition-type%3A2249602051&rnid=2249601051&rps=1&sprefix=%E3%82%AA%E3%83%AB%E3%83%88%E3%83%95%E3%82%A9%E3%83%B3+%2Caps%2C329&sr=8-31#customerReviews","「おすすめ出品」の要件を満たす出品はありません","https://www.amazon.co.jp/gp/offer-listing/B0799QNNTG/ref=sr_1_31_olp?rnid=2249601051&rps=1&keywords=%E3%82%AA%E3%83%AB%E3%83%88%E3%83%95%E3%82%A9%E3%83%B3+%E4%BA%A4%E6%8F%9B%E9%87%9D&crid=2E5D17O346HHX&sprefix=%E3%82%AA%E3%83%AB%E3%83%88%E3%83%95%E3%82%A9%E3%83%B3+%2Caps%2C329&dib_tag=se&dib=eyJ2IjoiMSJ9.xl7bKTVwQRUtHYZTiA-vVib4PMmYLzBdKjll6YQKz-NzU2qig7AY-QAs74aeV2XSG29X-gwA37XMAM_x4EWcB3YDQOcjRYS7uGF8Iy5506QEPyGaX1ofODgMcWH3Z1z7yFiT5lxyXR40H4ugMmit-3nF-Idaer2lqou2LUhm0hivScSy2SU7nGmO0c2ts2UrVhNd8RG5hbIOx9GeQNOTAwh0wvi8K14Nb4QSndMQJPo8Gr9DleVz2YxsqUw7WmZ0aa3r7cWQ4uUyF9K3lG-_fRS1yOjrSQF-fXQqatZmd1g.POF_MyIHHxw_VJS9jT4epQ9nUCLa-mb8ohAGQundz5s&qid=1784275262&sr=8-31&refinements=p_85%3A8070706051%2Cp_n_condition-type%3A2249602051","","","","","￥10,890","https://www.amazon.co.jp/%E3%82%AA%E3%83%AB%E3%83%88%E3%83%95%E3%82%A9%E3%83%B3-%E3%82%B3%E3%83%B3%E3%82%B3%E3%83%AB%E3%83%89%E3%83%BB%E3%82%B9%E3%82%AF%E3%83%A9%E3%83%83%E3%83%81%E7%94%A8%E4%BA%A4%E6%8F%9B%E9%87%9Dortofon-Stylus-MKII-Scratch/dp/B0799QNNTG/ref=sr_1_31_so_CE_ACCESSORY?crid=2E5D17O346HHX&dib=eyJ2IjoiMSJ9.xl7bKTVwQRUtHYZTiA-vVib4PMmYLzBdKjll6YQKz-NzU2qig7AY-QAs74aeV2XSG29X-gwA37XMAM_x4EWcB3YDQOcjRYS7uGF8Iy5506QEPyGaX1ofODgMcWH3Z1z7yFiT5lxyXR40H4ugMmit-3nF-Idaer2lqou2LUhm0hivScSy2SU7nGmO0c2ts2UrVhNd8RG5hbIOx9GeQNOTAwh0wvi8K14Nb4QSndMQJPo8Gr9DleVz2YxsqUw7WmZ0aa3r7cWQ4uUyF9K3lG-_fRS1yOjrSQF-fXQqatZmd1g.POF_MyIHHxw_VJS9jT4epQ9nUCLa-mb8ohAGQundz5s&dib_tag=se&keywords=%E3%82%AA%E3%83%AB%E3%83%88%E3%83%95%E3%82%A9%E3%83%B3+%E4%BA%A4%E6%8F%9B%E9%87%9D&qid=1784275262&refinements=p_85%3A8070706051%2Cp_n_condition-type%3A2249602051&rnid=2249601051&rps=1&sprefix=%E3%82%AA%E3%83%AB%E3%83%88%E3%83%95%E3%82%A9%E3%83%B3+%2Caps%2C329&sr=8-31"
"https://www.amazon.co.jp/ORTOFON-CONCORDE-MKII-TWIN-DJ%E3%82%AB%E3%83%BC%E3%83%88%E3%83%AA%E3%83%83%E3%82%B8/dp/B0799NRNJM/ref=sr_1_32?crid=2E5D17O346HHX&dib=eyJ2IjoiMSJ9.xl7bKTVwQRUtHYZTiA-vVib4PMmYLzBdKjll6YQKz-NzU2qig7AY-QAs74aeV2XSG29X-gwA37XMAM_x4EWcB3YDQOcjRYS7uGF8Iy5506QEPyGaX1ofODgMcWH3Z1z7yFiT5lxyXR40H4ugMmit-3nF-Idaer2lqou2LUhm0hivScSy2SU7nGmO0c2ts2UrVhNd8RG5hbIOx9GeQNOTAwh0wvi8K14Nb4QSndMQJPo8Gr9DleVz2YxsqUw7WmZ0aa3r7cWQ4uUyF9K3lG-_fRS1yOjrSQF-fXQqatZmd1g.POF_MyIHHxw_VJS9jT4epQ9nUCLa-mb8ohAGQundz5s&dib_tag=se&keywords=%E3%82%AA%E3%83%AB%E3%83%88%E3%83%95%E3%82%A9%E3%83%B3+%E4%BA%A4%E6%8F%9B%E9%87%9D&qid=1784275262&refinements=p_85%3A8070706051%2Cp_n_condition-type%3A2249602051&rnid=2249601051&rps=1&sprefix=%E3%82%AA%E3%83%AB%E3%83%88%E3%83%95%E3%82%A9%E3%83%B3+%2Caps%2C329&sr=8-32","https://m.media-amazon.com/images/I/51K2g6IXUDL._AC_UL320_.jpg","https://www.amazon.co.jp/ORTOFON-CONCORDE-MKII-TWIN-DJ%E3%82%AB%E3%83%BC%E3%83%88%E3%83%AA%E3%83%83%E3%82%B8/dp/B0799NRNJM/ref=sr_1_32?crid=2E5D17O346HHX&dib=eyJ2IjoiMSJ9.xl7bKTVwQRUtHYZTiA-vVib4PMmYLzBdKjll6YQKz-NzU2qig7AY-QAs74aeV2XSG29X-gwA37XMAM_x4EWcB3YDQOcjRYS7uGF8Iy5506QEPyGaX1ofODgMcWH3Z1z7yFiT5lxyXR40H4ugMmit-3nF-Idaer2lqou2LUhm0hivScSy2SU7nGmO0c2ts2UrVhNd8RG5hbIOx9GeQNOTAwh0wvi8K14Nb4QSndMQJPo8Gr9DleVz2YxsqUw7WmZ0aa3r7cWQ4uUyF9K3lG-_fRS1yOjrSQF-fXQqatZmd1g.POF_MyIHHxw_VJS9jT4epQ9nUCLa-mb8ohAGQundz5s&dib_tag=se&keywords=%E3%82%AA%E3%83%AB%E3%83%88%E3%83%95%E3%82%A9%E3%83%B3+%E4%BA%A4%E6%8F%9B%E9%87%9D&qid=1784275262&refinements=p_85%3A8070706051%2Cp_n_condition-type%3A2249602051&rnid=2249601051&rps=1&sprefix=%E3%82%AA%E3%83%AB%E3%83%88%E3%83%95%E3%82%A9%E3%83%B3+%2Caps%2C329&sr=8-32","ortofon Concorde MKII Twin Mix オルトフォン DJカートリッジ ヘッドシェル一体型 2本セット フライトケース付き 丸針 DJプレイ/リスニング兼用","javascript:void(0)","5つ星のうち4.7","https://www.amazon.co.jp/ORTOFON-CONCORDE-MKII-TWIN-DJ%E3%82%AB%E3%83%BC%E3%83%88%E3%83%AA%E3%83%83%E3%82%B8/dp/B0799NRNJM/ref=sr_1_32?crid=2E5D17O346HHX&dib=eyJ2IjoiMSJ9.xl7bKTVwQRUtHYZTiA-vVib4PMmYLzBdKjll6YQKz-NzU2qig7AY-QAs74aeV2XSG29X-gwA37XMAM_x4EWcB3YDQOcjRYS7uGF8Iy5506QEPyGaX1ofODgMcWH3Z1z7yFiT5lxyXR40H4ugMmit-3nF-Idaer2lqou2LUhm0hivScSy2SU7nGmO0c2ts2UrVhNd8RG5hbIOx9GeQNOTAwh0wvi8K14Nb4QSndMQJPo8Gr9DleVz2YxsqUw7WmZ0aa3r7cWQ4uUyF9K3lG-_fRS1yOjrSQF-fXQqatZmd1g.POF_MyIHHxw_VJS9jT4epQ9nUCLa-mb8ohAGQundz5s&dib_tag=se&keywords=%E3%82%AA%E3%83%AB%E3%83%88%E3%83%95%E3%82%A9%E3%83%B3+%E4%BA%A4%E6%8F%9B%E9%87%9D&qid=1784275262&refinements=p_85%3A8070706051%2Cp_n_condition-type%3A2249602051&rnid=2249601051&rps=1&sprefix=%E3%82%AA%E3%83%AB%E3%83%88%E3%83%95%E3%82%A9%E3%83%B3+%2Caps%2C329&sr=8-32#customerReviews","「おすすめ出品」の要件を満たす出品はありません","https://www.amazon.co.jp/gp/offer-listing/B0799NRNJM/ref=sr_1_32_olp?rnid=2249601051&rps=1&keywords=%E3%82%AA%E3%83%AB%E3%83%88%E3%83%95%E3%82%A9%E3%83%B3+%E4%BA%A4%E6%8F%9B%E9%87%9D&crid=2E5D17O346HHX&sprefix=%E3%82%AA%E3%83%AB%E3%83%88%E3%83%95%E3%82%A9%E3%83%B3+%2Caps%2C329&dib_tag=se&dib=eyJ2IjoiMSJ9.xl7bKTVwQRUtHYZTiA-vVib4PMmYLzBdKjll6YQKz-NzU2qig7AY-QAs74aeV2XSG29X-gwA37XMAM_x4EWcB3YDQOcjRYS7uGF8Iy5506QEPyGaX1ofODgMcWH3Z1z7yFiT5lxyXR40H4ugMmit-3nF-Idaer2lqou2LUhm0hivScSy2SU7nGmO0c2ts2UrVhNd8RG5hbIOx9GeQNOTAwh0wvi8K14Nb4QSndMQJPo8Gr9DleVz2YxsqUw7WmZ0aa3r7cWQ4uUyF9K3lG-_fRS1yOjrSQF-fXQqatZmd1g.POF_MyIHHxw_VJS9jT4epQ9nUCLa-mb8ohAGQundz5s&qid=1784275262&sr=8-32&refinements=p_85%3A8070706051%2Cp_n_condition-type%3A2249602051","","","","","￥33,110","https://www.amazon.co.jp/ORTOFON-CONCORDE-MKII-TWIN-DJ%E3%82%AB%E3%83%BC%E3%83%88%E3%83%AA%E3%83%83%E3%82%B8/dp/B0799NRNJM/ref=sr_1_32_so_TURNTABLE?crid=2E5D17O346HHX&dib=eyJ2IjoiMSJ9.xl7bKTVwQRUtHYZTiA-vVib4PMmYLzBdKjll6YQKz-NzU2qig7AY-QAs74aeV2XSG29X-gwA37XMAM_x4EWcB3YDQOcjRYS7uGF8Iy5506QEPyGaX1ofODgMcWH3Z1z7yFiT5lxyXR40H4ugMmit-3nF-Idaer2lqou2LUhm0hivScSy2SU7nGmO0c2ts2UrVhNd8RG5hbIOx9GeQNOTAwh0wvi8K14Nb4QSndMQJPo8Gr9DleVz2YxsqUw7WmZ0aa3r7cWQ4uUyF9K3lG-_fRS1yOjrSQF-fXQqatZmd1g.POF_MyIHHxw_VJS9jT4epQ9nUCLa-mb8ohAGQundz5s&dib_tag=se&keywords=%E3%82%AA%E3%83%AB%E3%83%88%E3%83%95%E3%82%A9%E3%83%B3+%E4%BA%A4%E6%8F%9B%E9%87%9D&qid=1784275262&refinements=p_85%3A8070706051%2Cp_n_condition-type%3A2249602051&rnid=2249601051&rps=1&sprefix=%E3%82%AA%E3%83%AB%E3%83%88%E3%83%95%E3%82%A9%E3%83%B3+%2Caps%2C329&sr=8-32"
"https://www.amazon.co.jp/ORTOFON-CONCORDE-MKII-Club-DJ%E3%82%AB%E3%83%BC%E3%83%88%E3%83%AA%E3%83%83%E3%82%B8/dp/B0799R4FG2/ref=sr_1_33?crid=2E5D17O346HHX&dib=eyJ2IjoiMSJ9.xl7bKTVwQRUtHYZTiA-vVib4PMmYLzBdKjll6YQKz-NzU2qig7AY-QAs74aeV2XSG29X-gwA37XMAM_x4EWcB3YDQOcjRYS7uGF8Iy5506QEPyGaX1ofODgMcWH3Z1z7yFiT5lxyXR40H4ugMmit-3nF-Idaer2lqou2LUhm0hivScSy2SU7nGmO0c2ts2UrVhNd8RG5hbIOx9GeQNOTAwh0wvi8K14Nb4QSndMQJPo8Gr9DleVz2YxsqUw7WmZ0aa3r7cWQ4uUyF9K3lG-_fRS1yOjrSQF-fXQqatZmd1g.POF_MyIHHxw_VJS9jT4epQ9nUCLa-mb8ohAGQundz5s&dib_tag=se&keywords=%E3%82%AA%E3%83%AB%E3%83%88%E3%83%95%E3%82%A9%E3%83%B3+%E4%BA%A4%E6%8F%9B%E9%87%9D&qid=1784275262&refinements=p_85%3A8070706051%2Cp_n_condition-type%3A2249602051&rnid=2249601051&rps=1&sprefix=%E3%82%AA%E3%83%AB%E3%83%88%E3%83%95%E3%82%A9%E3%83%B3+%2Caps%2C329&sr=8-33","https://m.media-amazon.com/images/I/61gDBghGa3L._AC_UL320_.jpg","https://www.amazon.co.jp/ORTOFON-CONCORDE-MKII-Club-DJ%E3%82%AB%E3%83%BC%E3%83%88%E3%83%AA%E3%83%83%E3%82%B8/dp/B0799R4FG2/ref=sr_1_33?crid=2E5D17O346HHX&dib=eyJ2IjoiMSJ9.xl7bKTVwQRUtHYZTiA-vVib4PMmYLzBdKjll6YQKz-NzU2qig7AY-QAs74aeV2XSG29X-gwA37XMAM_x4EWcB3YDQOcjRYS7uGF8Iy5506QEPyGaX1ofODgMcWH3Z1z7yFiT5lxyXR40H4ugMmit-3nF-Idaer2lqou2LUhm0hivScSy2SU7nGmO0c2ts2UrVhNd8RG5hbIOx9GeQNOTAwh0wvi8K14Nb4QSndMQJPo8Gr9DleVz2YxsqUw7WmZ0aa3r7cWQ4uUyF9K3lG-_fRS1yOjrSQF-fXQqatZmd1g.POF_MyIHHxw_VJS9jT4epQ9nUCLa-mb8ohAGQundz5s&dib_tag=se&keywords=%E3%82%AA%E3%83%AB%E3%83%88%E3%83%95%E3%82%A9%E3%83%B3+%E4%BA%A4%E6%8F%9B%E9%87%9D&qid=1784275262&refinements=p_85%3A8070706051%2Cp_n_condition-type%3A2249602051&rnid=2249601051&rps=1&sprefix=%E3%82%AA%E3%83%AB%E3%83%88%E3%83%95%E3%82%A9%E3%83%B3+%2Caps%2C329&sr=8-33","ortofon Concorde MKII Club オルトフォン DJカートリッジ ヘッドシェル一体型 特殊楕円針 DJプレイ/リスニング兼用","javascript:void(0)","5つ星のうち4.6","https://www.amazon.co.jp/ORTOFON-CONCORDE-MKII-Club-DJ%E3%82%AB%E3%83%BC%E3%83%88%E3%83%AA%E3%83%83%E3%82%B8/dp/B0799R4FG2/ref=sr_1_33?crid=2E5D17O346HHX&dib=eyJ2IjoiMSJ9.xl7bKTVwQRUtHYZTiA-vVib4PMmYLzBdKjll6YQKz-NzU2qig7AY-QAs74aeV2XSG29X-gwA37XMAM_x4EWcB3YDQOcjRYS7uGF8Iy5506QEPyGaX1ofODgMcWH3Z1z7yFiT5lxyXR40H4ugMmit-3nF-Idaer2lqou2LUhm0hivScSy2SU7nGmO0c2ts2UrVhNd8RG5hbIOx9GeQNOTAwh0wvi8K14Nb4QSndMQJPo8Gr9DleVz2YxsqUw7WmZ0aa3r7cWQ4uUyF9K3lG-_fRS1yOjrSQF-fXQqatZmd1g.POF_MyIHHxw_VJS9jT4epQ9nUCLa-mb8ohAGQundz5s&dib_tag=se&keywords=%E3%82%AA%E3%83%AB%E3%83%88%E3%83%95%E3%82%A9%E3%83%B3+%E4%BA%A4%E6%8F%9B%E9%87%9D&qid=1784275262&refinements=p_85%3A8070706051%2Cp_n_condition-type%3A2249602051&rnid=2249601051&rps=1&sprefix=%E3%82%AA%E3%83%AB%E3%83%88%E3%83%95%E3%82%A9%E3%83%B3+%2Caps%2C329&sr=8-33#customerReviews","「おすすめ出品」の要件を満たす出品はありません","https://www.amazon.co.jp/gp/offer-listing/B0799R4FG2/ref=sr_1_33_olp?rnid=2249601051&rps=1&keywords=%E3%82%AA%E3%83%AB%E3%83%88%E3%83%95%E3%82%A9%E3%83%B3+%E4%BA%A4%E6%8F%9B%E9%87%9D&crid=2E5D17O346HHX&sprefix=%E3%82%AA%E3%83%AB%E3%83%88%E3%83%95%E3%82%A9%E3%83%B3+%2Caps%2C329&dib_tag=se&dib=eyJ2IjoiMSJ9.xl7bKTVwQRUtHYZTiA-vVib4PMmYLzBdKjll6YQKz-NzU2qig7AY-QAs74aeV2XSG29X-gwA37XMAM_x4EWcB3YDQOcjRYS7uGF8Iy5506QEPyGaX1ofODgMcWH3Z1z7yFiT5lxyXR40H4ugMmit-3nF-Idaer2lqou2LUhm0hivScSy2SU7nGmO0c2ts2UrVhNd8RG5hbIOx9GeQNOTAwh0wvi8K14Nb4QSndMQJPo8Gr9DleVz2YxsqUw7WmZ0aa3r7cWQ4uUyF9K3lG-_fRS1yOjrSQF-fXQqatZmd1g.POF_MyIHHxw_VJS9jT4epQ9nUCLa-mb8ohAGQundz5s&qid=1784275262&sr=8-33&refinements=p_85%3A8070706051%2Cp_n_condition-type%3A2249602051","","","","","￥31,240","https://www.amazon.co.jp/ORTOFON-CONCORDE-MKII-Club-DJ%E3%82%AB%E3%83%BC%E3%83%88%E3%83%AA%E3%83%83%E3%82%B8/dp/B0799R4FG2/ref=sr_1_33_so_TURNTABLE?crid=2E5D17O346HHX&dib=eyJ2IjoiMSJ9.xl7bKTVwQRUtHYZTiA-vVib4PMmYLzBdKjll6YQKz-NzU2qig7AY-QAs74aeV2XSG29X-gwA37XMAM_x4EWcB3YDQOcjRYS7uGF8Iy5506QEPyGaX1ofODgMcWH3Z1z7yFiT5lxyXR40H4ugMmit-3nF-Idaer2lqou2LUhm0hivScSy2SU7nGmO0c2ts2UrVhNd8RG5hbIOx9GeQNOTAwh0wvi8K14Nb4QSndMQJPo8Gr9DleVz2YxsqUw7WmZ0aa3r7cWQ4uUyF9K3lG-_fRS1yOjrSQF-fXQqatZmd1g.POF_MyIHHxw_VJS9jT4epQ9nUCLa-mb8ohAGQundz5s&dib_tag=se&keywords=%E3%82%AA%E3%83%AB%E3%83%88%E3%83%95%E3%82%A9%E3%83%B3+%E4%BA%A4%E6%8F%9B%E9%87%9D&qid=1784275262&refinements=p_85%3A8070706051%2Cp_n_condition-type%3A2249602051&rnid=2249601051&rps=1&sprefix=%E3%82%AA%E3%83%AB%E3%83%88%E3%83%95%E3%82%A9%E3%83%B3+%2Caps%2C329&sr=8-33"
"https://www.amazon.co.jp/%E3%82%AA%E3%83%AB%E3%83%88%E3%83%95%E3%82%A9%E3%83%B3-%E3%82%B3%E3%83%B3%E3%82%B3%E3%83%AB%E3%83%89%E3%83%BB%E3%83%87%E3%82%B8%E3%82%BF%E3%83%AB%E7%94%A8%E4%BA%A4%E6%8F%9B%E9%87%9Dortofon-Stylus-MKII-Digital/dp/B0799QWV6Y/ref=sr_1_34?crid=2E5D17O346HHX&dib=eyJ2IjoiMSJ9.xl7bKTVwQRUtHYZTiA-vVib4PMmYLzBdKjll6YQKz-NzU2qig7AY-QAs74aeV2XSG29X-gwA37XMAM_x4EWcB3YDQOcjRYS7uGF8Iy5506QEPyGaX1ofODgMcWH3Z1z7yFiT5lxyXR40H4ugMmit-3nF-Idaer2lqou2LUhm0hivScSy2SU7nGmO0c2ts2UrVhNd8RG5hbIOx9GeQNOTAwh0wvi8K14Nb4QSndMQJPo8Gr9DleVz2YxsqUw7WmZ0aa3r7cWQ4uUyF9K3lG-_fRS1yOjrSQF-fXQqatZmd1g.POF_MyIHHxw_VJS9jT4epQ9nUCLa-mb8ohAGQundz5s&dib_tag=se&keywords=%E3%82%AA%E3%83%AB%E3%83%88%E3%83%95%E3%82%A9%E3%83%B3+%E4%BA%A4%E6%8F%9B%E9%87%9D&qid=1784275262&refinements=p_85%3A8070706051%2Cp_n_condition-type%3A2249602051&rnid=2249601051&rps=1&sprefix=%E3%82%AA%E3%83%AB%E3%83%88%E3%83%95%E3%82%A9%E3%83%B3+%2Caps%2C329&sr=8-34","https://m.media-amazon.com/images/I/51bEpJmlT2L._AC_UL320_.jpg","https://www.amazon.co.jp/%E3%82%AA%E3%83%AB%E3%83%88%E3%83%95%E3%82%A9%E3%83%B3-%E3%82%B3%E3%83%B3%E3%82%B3%E3%83%AB%E3%83%89%E3%83%BB%E3%83%87%E3%82%B8%E3%82%BF%E3%83%AB%E7%94%A8%E4%BA%A4%E6%8F%9B%E9%87%9Dortofon-Stylus-MKII-Digital/dp/B0799QWV6Y/ref=sr_1_34?crid=2E5D17O346HHX&dib=eyJ2IjoiMSJ9.xl7bKTVwQRUtHYZTiA-vVib4PMmYLzBdKjll6YQKz-NzU2qig7AY-QAs74aeV2XSG29X-gwA37XMAM_x4EWcB3YDQOcjRYS7uGF8Iy5506QEPyGaX1ofODgMcWH3Z1z7yFiT5lxyXR40H4ugMmit-3nF-Idaer2lqou2LUhm0hivScSy2SU7nGmO0c2ts2UrVhNd8RG5hbIOx9GeQNOTAwh0wvi8K14Nb4QSndMQJPo8Gr9DleVz2YxsqUw7WmZ0aa3r7cWQ4uUyF9K3lG-_fRS1yOjrSQF-fXQqatZmd1g.POF_MyIHHxw_VJS9jT4epQ9nUCLa-mb8ohAGQundz5s&dib_tag=se&keywords=%E3%82%AA%E3%83%AB%E3%83%88%E3%83%95%E3%82%A9%E3%83%B3+%E4%BA%A4%E6%8F%9B%E9%87%9D&qid=1784275262&refinements=p_85%3A8070706051%2Cp_n_condition-type%3A2249602051&rnid=2249601051&rps=1&sprefix=%E3%82%AA%E3%83%AB%E3%83%88%E3%83%95%E3%82%A9%E3%83%B3+%2Caps%2C329&sr=8-34","ortofon Stylus CC MKII Digital オルトフォン Concorde MKII Digital 用 交換針","javascript:void(0)","5つ星のうち4.8","https://www.amazon.co.jp/%E3%82%AA%E3%83%AB%E3%83%88%E3%83%95%E3%82%A9%E3%83%B3-%E3%82%B3%E3%83%B3%E3%82%B3%E3%83%AB%E3%83%89%E3%83%BB%E3%83%87%E3%82%B8%E3%82%BF%E3%83%AB%E7%94%A8%E4%BA%A4%E6%8F%9B%E9%87%9Dortofon-Stylus-MKII-Digital/dp/B0799QWV6Y/ref=sr_1_34?crid=2E5D17O346HHX&dib=eyJ2IjoiMSJ9.xl7bKTVwQRUtHYZTiA-vVib4PMmYLzBdKjll6YQKz-NzU2qig7AY-QAs74aeV2XSG29X-gwA37XMAM_x4EWcB3YDQOcjRYS7uGF8Iy5506QEPyGaX1ofODgMcWH3Z1z7yFiT5lxyXR40H4ugMmit-3nF-Idaer2lqou2LUhm0hivScSy2SU7nGmO0c2ts2UrVhNd8RG5hbIOx9GeQNOTAwh0wvi8K14Nb4QSndMQJPo8Gr9DleVz2YxsqUw7WmZ0aa3r7cWQ4uUyF9K3lG-_fRS1yOjrSQF-fXQqatZmd1g.POF_MyIHHxw_VJS9jT4epQ9nUCLa-mb8ohAGQundz5s&dib_tag=se&keywords=%E3%82%AA%E3%83%AB%E3%83%88%E3%83%95%E3%82%A9%E3%83%B3+%E4%BA%A4%E6%8F%9B%E9%87%9D&qid=1784275262&refinements=p_85%3A8070706051%2Cp_n_condition-type%3A2249602051&rnid=2249601051&rps=1&sprefix=%E3%82%AA%E3%83%AB%E3%83%88%E3%83%95%E3%82%A9%E3%83%B3+%2Caps%2C329&sr=8-34#customerReviews","「おすすめ出品」の要件を満たす出品はありません","https://www.amazon.co.jp/gp/offer-listing/B0799QWV6Y/ref=sr_1_34_olp?rnid=2249601051&rps=1&keywords=%E3%82%AA%E3%83%AB%E3%83%88%E3%83%95%E3%82%A9%E3%83%B3+%E4%BA%A4%E6%8F%9B%E9%87%9D&crid=2E5D17O346HHX&sprefix=%E3%82%AA%E3%83%AB%E3%83%88%E3%83%95%E3%82%A9%E3%83%B3+%2Caps%2C329&dib_tag=se&dib=eyJ2IjoiMSJ9.xl7bKTVwQRUtHYZTiA-vVib4PMmYLzBdKjll6YQKz-NzU2qig7AY-QAs74aeV2XSG29X-gwA37XMAM_x4EWcB3YDQOcjRYS7uGF8Iy5506QEPyGaX1ofODgMcWH3Z1z7yFiT5lxyXR40H4ugMmit-3nF-Idaer2lqou2LUhm0hivScSy2SU7nGmO0c2ts2UrVhNd8RG5hbIOx9GeQNOTAwh0wvi8K14Nb4QSndMQJPo8Gr9DleVz2YxsqUw7WmZ0aa3r7cWQ4uUyF9K3lG-_fRS1yOjrSQF-fXQqatZmd1g.POF_MyIHHxw_VJS9jT4epQ9nUCLa-mb8ohAGQundz5s&qid=1784275262&sr=8-34&refinements=p_85%3A8070706051%2Cp_n_condition-type%3A2249602051","","","","","￥10,890","https://www.amazon.co.jp/%E3%82%AA%E3%83%AB%E3%83%88%E3%83%95%E3%82%A9%E3%83%B3-%E3%82%B3%E3%83%B3%E3%82%B3%E3%83%AB%E3%83%89%E3%83%BB%E3%83%87%E3%82%B8%E3%82%BF%E3%83%AB%E7%94%A8%E4%BA%A4%E6%8F%9B%E9%87%9Dortofon-Stylus-MKII-Digital/dp/B0799QWV6Y/ref=sr_1_34_so_TURNTABLE?crid=2E5D17O346HHX&dib=eyJ2IjoiMSJ9.xl7bKTVwQRUtHYZTiA-vVib4PMmYLzBdKjll6YQKz-NzU2qig7AY-QAs74aeV2XSG29X-gwA37XMAM_x4EWcB3YDQOcjRYS7uGF8Iy5506QEPyGaX1ofODgMcWH3Z1z7yFiT5lxyXR40H4ugMmit-3nF-Idaer2lqou2LUhm0hivScSy2SU7nGmO0c2ts2UrVhNd8RG5hbIOx9GeQNOTAwh0wvi8K14Nb4QSndMQJPo8Gr9DleVz2YxsqUw7WmZ0aa3r7cWQ4uUyF9K3lG-_fRS1yOjrSQF-fXQqatZmd1g.POF_MyIHHxw_VJS9jT4epQ9nUCLa-mb8ohAGQundz5s&dib_tag=se&keywords=%E3%82%AA%E3%83%AB%E3%83%88%E3%83%95%E3%82%A9%E3%83%B3+%E4%BA%A4%E6%8F%9B%E9%87%9D&qid=1784275262&refinements=p_85%3A8070706051%2Cp_n_condition-type%3A2249602051&rnid=2249601051&rps=1&sprefix=%E3%82%AA%E3%83%AB%E3%83%88%E3%83%95%E3%82%A9%E3%83%B3+%2Caps%2C329&sr=8-34"
"https://www.amazon.co.jp/ortofon-Stylus-Concorde-Nightclub-%E3%80%90%E5%9B%BD%E5%86%85%E6%AD%A3%E8%A6%8F%E5%93%81%E3%80%91/dp/B000WGKND6/ref=sr_1_35?crid=2E5D17O346HHX&dib=eyJ2IjoiMSJ9.xl7bKTVwQRUtHYZTiA-vVib4PMmYLzBdKjll6YQKz-NzU2qig7AY-QAs74aeV2XSG29X-gwA37XMAM_x4EWcB3YDQOcjRYS7uGF8Iy5506QEPyGaX1ofODgMcWH3Z1z7yFiT5lxyXR40H4ugMmit-3nF-Idaer2lqou2LUhm0hivScSy2SU7nGmO0c2ts2UrVhNd8RG5hbIOx9GeQNOTAwh0wvi8K14Nb4QSndMQJPo8Gr9DleVz2YxsqUw7WmZ0aa3r7cWQ4uUyF9K3lG-_fRS1yOjrSQF-fXQqatZmd1g.POF_MyIHHxw_VJS9jT4epQ9nUCLa-mb8ohAGQundz5s&dib_tag=se&keywords=%E3%82%AA%E3%83%AB%E3%83%88%E3%83%95%E3%82%A9%E3%83%B3+%E4%BA%A4%E6%8F%9B%E9%87%9D&qid=1784275262&refinements=p_85%3A8070706051%2Cp_n_condition-type%3A2249602051&rnid=2249601051&rps=1&sprefix=%E3%82%AA%E3%83%AB%E3%83%88%E3%83%95%E3%82%A9%E3%83%B3+%2Caps%2C329&sr=8-35","https://m.media-amazon.com/images/I/51j++ELsuvL._AC_UL320_.jpg","https://www.amazon.co.jp/ortofon-Stylus-Concorde-Nightclub-%E3%80%90%E5%9B%BD%E5%86%85%E6%AD%A3%E8%A6%8F%E5%93%81%E3%80%91/dp/B000WGKND6/ref=sr_1_35?crid=2E5D17O346HHX&dib=eyJ2IjoiMSJ9.xl7bKTVwQRUtHYZTiA-vVib4PMmYLzBdKjll6YQKz-NzU2qig7AY-QAs74aeV2XSG29X-gwA37XMAM_x4EWcB3YDQOcjRYS7uGF8Iy5506QEPyGaX1ofODgMcWH3Z1z7yFiT5lxyXR40H4ugMmit-3nF-Idaer2lqou2LUhm0hivScSy2SU7nGmO0c2ts2UrVhNd8RG5hbIOx9GeQNOTAwh0wvi8K14Nb4QSndMQJPo8Gr9DleVz2YxsqUw7WmZ0aa3r7cWQ4uUyF9K3lG-_fRS1yOjrSQF-fXQqatZmd1g.POF_MyIHHxw_VJS9jT4epQ9nUCLa-mb8ohAGQundz5s&dib_tag=se&keywords=%E3%82%AA%E3%83%AB%E3%83%88%E3%83%95%E3%82%A9%E3%83%B3+%E4%BA%A4%E6%8F%9B%E9%87%9D&qid=1784275262&refinements=p_85%3A8070706051%2Cp_n_condition-type%3A2249602051&rnid=2249601051&rps=1&sprefix=%E3%82%AA%E3%83%AB%E3%83%88%E3%83%95%E3%82%A9%E3%83%B3+%2Caps%2C329&sr=8-35","ortofon Stylus Night Club MKII オルトフォン Concorde Nightclub MK2/OM Nightclub MK2用 交換針","javascript:void(0)","5つ星のうち4.6","https://www.amazon.co.jp/ortofon-Stylus-Concorde-Nightclub-%E3%80%90%E5%9B%BD%E5%86%85%E6%AD%A3%E8%A6%8F%E5%93%81%E3%80%91/dp/B000WGKND6/ref=sr_1_35?crid=2E5D17O346HHX&dib=eyJ2IjoiMSJ9.xl7bKTVwQRUtHYZTiA-vVib4PMmYLzBdKjll6YQKz-NzU2qig7AY-QAs74aeV2XSG29X-gwA37XMAM_x4EWcB3YDQOcjRYS7uGF8Iy5506QEPyGaX1ofODgMcWH3Z1z7yFiT5lxyXR40H4ugMmit-3nF-Idaer2lqou2LUhm0hivScSy2SU7nGmO0c2ts2UrVhNd8RG5hbIOx9GeQNOTAwh0wvi8K14Nb4QSndMQJPo8Gr9DleVz2YxsqUw7WmZ0aa3r7cWQ4uUyF9K3lG-_fRS1yOjrSQF-fXQqatZmd1g.POF_MyIHHxw_VJS9jT4epQ9nUCLa-mb8ohAGQundz5s&dib_tag=se&keywords=%E3%82%AA%E3%83%AB%E3%83%88%E3%83%95%E3%82%A9%E3%83%B3+%E4%BA%A4%E6%8F%9B%E9%87%9D&qid=1784275262&refinements=p_85%3A8070706051%2Cp_n_condition-type%3A2249602051&rnid=2249601051&rps=1&sprefix=%E3%82%AA%E3%83%AB%E3%83%88%E3%83%95%E3%82%A9%E3%83%B3+%2Caps%2C329&sr=8-35#customerReviews","「おすすめ出品」の要件を満たす出品はありません","https://www.amazon.co.jp/gp/offer-listing/B000WGKND6/ref=sr_1_35_olp?rnid=2249601051&rps=1&keywords=%E3%82%AA%E3%83%AB%E3%83%88%E3%83%95%E3%82%A9%E3%83%B3+%E4%BA%A4%E6%8F%9B%E9%87%9D&crid=2E5D17O346HHX&sprefix=%E3%82%AA%E3%83%AB%E3%83%88%E3%83%95%E3%82%A9%E3%83%B3+%2Caps%2C329&dib_tag=se&dib=eyJ2IjoiMSJ9.xl7bKTVwQRUtHYZTiA-vVib4PMmYLzBdKjll6YQKz-NzU2qig7AY-QAs74aeV2XSG29X-gwA37XMAM_x4EWcB3YDQOcjRYS7uGF8Iy5506QEPyGaX1ofODgMcWH3Z1z7yFiT5lxyXR40H4ugMmit-3nF-Idaer2lqou2LUhm0hivScSy2SU7nGmO0c2ts2UrVhNd8RG5hbIOx9GeQNOTAwh0wvi8K14Nb4QSndMQJPo8Gr9DleVz2YxsqUw7WmZ0aa3r7cWQ4uUyF9K3lG-_fRS1yOjrSQF-fXQqatZmd1g.POF_MyIHHxw_VJS9jT4epQ9nUCLa-mb8ohAGQundz5s&qid=1784275262&sr=8-35&refinements=p_85%3A8070706051%2Cp_n_condition-type%3A2249602051","","","","","￥14,630","https://www.amazon.co.jp/ortofon-Stylus-Concorde-Nightclub-%E3%80%90%E5%9B%BD%E5%86%85%E6%AD%A3%E8%A6%8F%E5%93%81%E3%80%91/dp/B000WGKND6/ref=sr_1_35_so_TURNTABLE?crid=2E5D17O346HHX&dib=eyJ2IjoiMSJ9.xl7bKTVwQRUtHYZTiA-vVib4PMmYLzBdKjll6YQKz-NzU2qig7AY-QAs74aeV2XSG29X-gwA37XMAM_x4EWcB3YDQOcjRYS7uGF8Iy5506QEPyGaX1ofODgMcWH3Z1z7yFiT5lxyXR40H4ugMmit-3nF-Idaer2lqou2LUhm0hivScSy2SU7nGmO0c2ts2UrVhNd8RG5hbIOx9GeQNOTAwh0wvi8K14Nb4QSndMQJPo8Gr9DleVz2YxsqUw7WmZ0aa3r7cWQ4uUyF9K3lG-_fRS1yOjrSQF-fXQqatZmd1g.POF_MyIHHxw_VJS9jT4epQ9nUCLa-mb8ohAGQundz5s&dib_tag=se&keywords=%E3%82%AA%E3%83%AB%E3%83%88%E3%83%95%E3%82%A9%E3%83%B3+%E4%BA%A4%E6%8F%9B%E9%87%9D&qid=1784275262&refinements=p_85%3A8070706051%2Cp_n_condition-type%3A2249602051&rnid=2249601051&rps=1&sprefix=%E3%82%AA%E3%83%AB%E3%83%88%E3%83%95%E3%82%A9%E3%83%B3+%2Caps%2C329&sr=8-35"
"https://www.amazon.co.jp/ORTOFON-VNL-Premounted-Ortofon-%E3%83%9E%E3%82%A6%E3%83%B3%E3%83%88%E6%B8%88%E3%81%BF/dp/B0C83J2NW1/ref=sr_1_36_mod_primary_new?crid=2E5D17O346HHX&dib=eyJ2IjoiMSJ9.xl7bKTVwQRUtHYZTiA-vVib4PMmYLzBdKjll6YQKz-NzU2qig7AY-QAs74aeV2XSG29X-gwA37XMAM_x4EWcB3YDQOcjRYS7uGF8Iy5506QEPyGaX1ofODgMcWH3Z1z7yFiT5lxyXR40H4ugMmit-3nF-Idaer2lqou2LUhm0hivScSy2SU7nGmO0c2ts2UrVhNd8RG5hbIOx9GeQNOTAwh0wvi8K14Nb4QSndMQJPo8Gr9DleVz2YxsqUw7WmZ0aa3r7cWQ4uUyF9K3lG-_fRS1yOjrSQF-fXQqatZmd1g.POF_MyIHHxw_VJS9jT4epQ9nUCLa-mb8ohAGQundz5s&dib_tag=se&keywords=%E3%82%AA%E3%83%AB%E3%83%88%E3%83%95%E3%82%A9%E3%83%B3+%E4%BA%A4%E6%8F%9B%E9%87%9D&qid=1784275262&refinements=p_85%3A8070706051%2Cp_n_condition-type%3A2249602051&rnid=2249601051&rps=1&sbo=RZvfv%2F%2FHxDF%2BO5021pAnSA%3D%3D&sprefix=%E3%82%AA%E3%83%AB%E3%83%88%E3%83%95%E3%82%A9%E3%83%B3+%2Caps%2C329&sr=8-36","https://m.media-amazon.com/images/I/61goqM5IeAL._AC_UL320_.jpg","https://www.amazon.co.jp/ORTOFON-VNL-Premounted-Ortofon-%E3%83%9E%E3%82%A6%E3%83%B3%E3%83%88%E6%B8%88%E3%81%BF/dp/B0C83J2NW1/ref=sr_1_36_mod_primary_new?crid=2E5D17O346HHX&dib=eyJ2IjoiMSJ9.xl7bKTVwQRUtHYZTiA-vVib4PMmYLzBdKjll6YQKz-NzU2qig7AY-QAs74aeV2XSG29X-gwA37XMAM_x4EWcB3YDQOcjRYS7uGF8Iy5506QEPyGaX1ofODgMcWH3Z1z7yFiT5lxyXR40H4ugMmit-3nF-Idaer2lqou2LUhm0hivScSy2SU7nGmO0c2ts2UrVhNd8RG5hbIOx9GeQNOTAwh0wvi8K14Nb4QSndMQJPo8Gr9DleVz2YxsqUw7WmZ0aa3r7cWQ4uUyF9K3lG-_fRS1yOjrSQF-fXQqatZmd1g.POF_MyIHHxw_VJS9jT4epQ9nUCLa-mb8ohAGQundz5s&dib_tag=se&keywords=%E3%82%AA%E3%83%AB%E3%83%88%E3%83%95%E3%82%A9%E3%83%B3+%E4%BA%A4%E6%8F%9B%E9%87%9D&qid=1784275262&refinements=p_85%3A8070706051%2Cp_n_condition-type%3A2249602051&rnid=2249601051&rps=1&sbo=RZvfv%2F%2FHxDF%2BO5021pAnSA%3D%3D&sprefix=%E3%82%AA%E3%83%AB%E3%83%88%E3%83%95%E3%82%A9%E3%83%B3+%2Caps%2C329&sr=8-36","ortofon VNL Premounted オルトフォン MMカートリッジ ステレオ Stylus VNLⅡ標準付属 SH-4Blackヘッドシェル取付済み 丸針 DJプレイ/リスニング兼用","javascript:void(0)","5つ星のうち5.0","https://www.amazon.co.jp/ORTOFON-VNL-Premounted-Ortofon-%E3%83%9E%E3%82%A6%E3%83%B3%E3%83%88%E6%B8%88%E3%81%BF/dp/B0C83J2NW1/ref=sr_1_36_mod_primary_new?crid=2E5D17O346HHX&dib=eyJ2IjoiMSJ9.xl7bKTVwQRUtHYZTiA-vVib4PMmYLzBdKjll6YQKz-NzU2qig7AY-QAs74aeV2XSG29X-gwA37XMAM_x4EWcB3YDQOcjRYS7uGF8Iy5506QEPyGaX1ofODgMcWH3Z1z7yFiT5lxyXR40H4ugMmit-3nF-Idaer2lqou2LUhm0hivScSy2SU7nGmO0c2ts2UrVhNd8RG5hbIOx9GeQNOTAwh0wvi8K14Nb4QSndMQJPo8Gr9DleVz2YxsqUw7WmZ0aa3r7cWQ4uUyF9K3lG-_fRS1yOjrSQF-fXQqatZmd1g.POF_MyIHHxw_VJS9jT4epQ9nUCLa-mb8ohAGQundz5s&dib_tag=se&keywords=%E3%82%AA%E3%83%AB%E3%83%88%E3%83%95%E3%82%A9%E3%83%B3+%E4%BA%A4%E6%8F%9B%E9%87%9D&qid=1784275262&refinements=p_85%3A8070706051%2Cp_n_condition-type%3A2249602051&rnid=2249601051&rps=1&sbo=RZvfv%2F%2FHxDF%2BO5021pAnSA%3D%3D&sprefix=%E3%82%AA%E3%83%AB%E3%83%88%E3%83%95%E3%82%A9%E3%83%B3+%2Caps%2C329&sr=8-36#customerReviews","残り3点 ご注文はお早めに","https://www.amazon.co.jp/ORTOFON-VNL-Premounted-Ortofon-%E3%83%9E%E3%82%A6%E3%83%B3%E3%83%88%E6%B8%88%E3%81%BF/dp/B0C83J2NW1/ref=sr_1_36_mod_primary_new?crid=2E5D17O346HHX&dib=eyJ2IjoiMSJ9.xl7bKTVwQRUtHYZTiA-vVib4PMmYLzBdKjll6YQKz-NzU2qig7AY-QAs74aeV2XSG29X-gwA37XMAM_x4EWcB3YDQOcjRYS7uGF8Iy5506QEPyGaX1ofODgMcWH3Z1z7yFiT5lxyXR40H4ugMmit-3nF-Idaer2lqou2LUhm0hivScSy2SU7nGmO0c2ts2UrVhNd8RG5hbIOx9GeQNOTAwh0wvi8K14Nb4QSndMQJPo8Gr9DleVz2YxsqUw7WmZ0aa3r7cWQ4uUyF9K3lG-_fRS1yOjrSQF-fXQqatZmd1g.POF_MyIHHxw_VJS9jT4epQ9nUCLa-mb8ohAGQundz5s&dib_tag=se&keywords=%E3%82%AA%E3%83%AB%E3%83%88%E3%83%95%E3%82%A9%E3%83%B3+%E4%BA%A4%E6%8F%9B%E9%87%9D&qid=1784275262&refinements=p_85%3A8070706051%2Cp_n_condition-type%3A2249602051&rnid=2249601051&rps=1&sbo=RZvfv%2F%2FHxDF%2BO5021pAnSA%3D%3D&sprefix=%E3%82%AA%E3%83%AB%E3%83%88%E3%83%95%E3%82%A9%E3%83%B3+%2Caps%2C329&sr=8-36","https://www.amazon.co.jp/ORTOFON-VNL-Premounted-Ortofon-%E3%83%9E%E3%82%A6%E3%83%B3%E3%83%88%E6%B8%88%E3%81%BF/dp/B0C83J2NW1/ref=sr_1_36_mod_new?crid=2E5D17O346HHX&dib=eyJ2IjoiMSJ9.xl7bKTVwQRUtHYZTiA-vVib4PMmYLzBdKjll6YQKz-NzU2qig7AY-QAs74aeV2XSG29X-gwA37XMAM_x4EWcB3YDQOcjRYS7uGF8Iy5506QEPyGaX1ofODgMcWH3Z1z7yFiT5lxyXR40H4ugMmit-3nF-Idaer2lqou2LUhm0hivScSy2SU7nGmO0c2ts2UrVhNd8RG5hbIOx9GeQNOTAwh0wvi8K14Nb4QSndMQJPo8Gr9DleVz2YxsqUw7WmZ0aa3r7cWQ4uUyF9K3lG-_fRS1yOjrSQF-fXQqatZmd1g.POF_MyIHHxw_VJS9jT4epQ9nUCLa-mb8ohAGQundz5s&dib_tag=se&keywords=%E3%82%AA%E3%83%AB%E3%83%88%E3%83%95%E3%82%A9%E3%83%B3+%E4%BA%A4%E6%8F%9B%E9%87%9D&qid=1784275262&refinements=p_85%3A8070706051%2Cp_n_condition-type%3A2249602051&rnid=2249601051&rps=1&sbo=RZvfv%2F%2FHxDF%2BO5021pAnSA%3D%3D&sprefix=%E3%82%AA%E3%83%AB%E3%83%88%E3%83%95%E3%82%A9%E3%83%B3+%2Caps%2C329&sr=8-36&ufe=app_do%3Aamzn1.fos.35785624-70c4-44ae-a5c3-3f044f475d63","￥27,500","￥","27,500","",""
"https://www.amazon.co.jp/%E3%82%AA%E3%83%AB%E3%83%88%E3%83%95%E3%82%A9%E3%83%B3-Stylus-DigiTrack-ORTOFON-Digitrack/dp/B000H2GVCC/ref=sr_1_37?crid=2E5D17O346HHX&dib=eyJ2IjoiMSJ9.xl7bKTVwQRUtHYZTiA-vVib4PMmYLzBdKjll6YQKz-NzU2qig7AY-QAs74aeV2XSG29X-gwA37XMAM_x4EWcB3YDQOcjRYS7uGF8Iy5506QEPyGaX1ofODgMcWH3Z1z7yFiT5lxyXR40H4ugMmit-3nF-Idaer2lqou2LUhm0hivScSy2SU7nGmO0c2ts2UrVhNd8RG5hbIOx9GeQNOTAwh0wvi8K14Nb4QSndMQJPo8Gr9DleVz2YxsqUw7WmZ0aa3r7cWQ4uUyF9K3lG-_fRS1yOjrSQF-fXQqatZmd1g.POF_MyIHHxw_VJS9jT4epQ9nUCLa-mb8ohAGQundz5s&dib_tag=se&keywords=%E3%82%AA%E3%83%AB%E3%83%88%E3%83%95%E3%82%A9%E3%83%B3+%E4%BA%A4%E6%8F%9B%E9%87%9D&qid=1784275262&refinements=p_85%3A8070706051%2Cp_n_condition-type%3A2249602051&rnid=2249601051&rps=1&sprefix=%E3%82%AA%E3%83%AB%E3%83%88%E3%83%95%E3%82%A9%E3%83%B3+%2Caps%2C329&sr=8-37","https://m.media-amazon.com/images/I/5131EHyrdmL._AC_UL320_.jpg","https://www.amazon.co.jp/%E3%82%AA%E3%83%AB%E3%83%88%E3%83%95%E3%82%A9%E3%83%B3-Stylus-DigiTrack-ORTOFON-Digitrack/dp/B000H2GVCC/ref=sr_1_37?crid=2E5D17O346HHX&dib=eyJ2IjoiMSJ9.xl7bKTVwQRUtHYZTiA-vVib4PMmYLzBdKjll6YQKz-NzU2qig7AY-QAs74aeV2XSG29X-gwA37XMAM_x4EWcB3YDQOcjRYS7uGF8Iy5506QEPyGaX1ofODgMcWH3Z1z7yFiT5lxyXR40H4ugMmit-3nF-Idaer2lqou2LUhm0hivScSy2SU7nGmO0c2ts2UrVhNd8RG5hbIOx9GeQNOTAwh0wvi8K14Nb4QSndMQJPo8Gr9DleVz2YxsqUw7WmZ0aa3r7cWQ4uUyF9K3lG-_fRS1yOjrSQF-fXQqatZmd1g.POF_MyIHHxw_VJS9jT4epQ9nUCLa-mb8ohAGQundz5s&dib_tag=se&keywords=%E3%82%AA%E3%83%AB%E3%83%88%E3%83%95%E3%82%A9%E3%83%B3+%E4%BA%A4%E6%8F%9B%E9%87%9D&qid=1784275262&refinements=p_85%3A8070706051%2Cp_n_condition-type%3A2249602051&rnid=2249601051&rps=1&sprefix=%E3%82%AA%E3%83%AB%E3%83%88%E3%83%95%E3%82%A9%E3%83%B3+%2Caps%2C329&sr=8-37","ortofon Stylus DigiTrack オルトフォン Concorde Digitrack/OM Digitrack用 交換針","javascript:void(0)","5つ星のうち4.6","https://www.amazon.co.jp/%E3%82%AA%E3%83%AB%E3%83%88%E3%83%95%E3%82%A9%E3%83%B3-Stylus-DigiTrack-ORTOFON-Digitrack/dp/B000H2GVCC/ref=sr_1_37?crid=2E5D17O346HHX&dib=eyJ2IjoiMSJ9.xl7bKTVwQRUtHYZTiA-vVib4PMmYLzBdKjll6YQKz-NzU2qig7AY-QAs74aeV2XSG29X-gwA37XMAM_x4EWcB3YDQOcjRYS7uGF8Iy5506QEPyGaX1ofODgMcWH3Z1z7yFiT5lxyXR40H4ugMmit-3nF-Idaer2lqou2LUhm0hivScSy2SU7nGmO0c2ts2UrVhNd8RG5hbIOx9GeQNOTAwh0wvi8K14Nb4QSndMQJPo8Gr9DleVz2YxsqUw7WmZ0aa3r7cWQ4uUyF9K3lG-_fRS1yOjrSQF-fXQqatZmd1g.POF_MyIHHxw_VJS9jT4epQ9nUCLa-mb8ohAGQundz5s&dib_tag=se&keywords=%E3%82%AA%E3%83%AB%E3%83%88%E3%83%95%E3%82%A9%E3%83%B3+%E4%BA%A4%E6%8F%9B%E9%87%9D&qid=1784275262&refinements=p_85%3A8070706051%2Cp_n_condition-type%3A2249602051&rnid=2249601051&rps=1&sprefix=%E3%82%AA%E3%83%AB%E3%83%88%E3%83%95%E3%82%A9%E3%83%B3+%2Caps%2C329&sr=8-37#customerReviews","「おすすめ出品」の要件を満たす出品はありません","https://www.amazon.co.jp/gp/offer-listing/B000H2GVCC/ref=sr_1_37_olp?rnid=2249601051&rps=1&keywords=%E3%82%AA%E3%83%AB%E3%83%88%E3%83%95%E3%82%A9%E3%83%B3+%E4%BA%A4%E6%8F%9B%E9%87%9D&crid=2E5D17O346HHX&sprefix=%E3%82%AA%E3%83%AB%E3%83%88%E3%83%95%E3%82%A9%E3%83%B3+%2Caps%2C329&dib_tag=se&dib=eyJ2IjoiMSJ9.xl7bKTVwQRUtHYZTiA-vVib4PMmYLzBdKjll6YQKz-NzU2qig7AY-QAs74aeV2XSG29X-gwA37XMAM_x4EWcB3YDQOcjRYS7uGF8Iy5506QEPyGaX1ofODgMcWH3Z1z7yFiT5lxyXR40H4ugMmit-3nF-Idaer2lqou2LUhm0hivScSy2SU7nGmO0c2ts2UrVhNd8RG5hbIOx9GeQNOTAwh0wvi8K14Nb4QSndMQJPo8Gr9DleVz2YxsqUw7WmZ0aa3r7cWQ4uUyF9K3lG-_fRS1yOjrSQF-fXQqatZmd1g.POF_MyIHHxw_VJS9jT4epQ9nUCLa-mb8ohAGQundz5s&qid=1784275262&sr=8-37&refinements=p_85%3A8070706051%2Cp_n_condition-type%3A2249602051","","","","","￥12,760","https://www.amazon.co.jp/%E3%82%AA%E3%83%AB%E3%83%88%E3%83%95%E3%82%A9%E3%83%B3-Stylus-DigiTrack-ORTOFON-Digitrack/dp/B000H2GVCC/ref=sr_1_37_so_SOUND_AND_RECORDING_EQUIPMENT?crid=2E5D17O346HHX&dib=eyJ2IjoiMSJ9.xl7bKTVwQRUtHYZTiA-vVib4PMmYLzBdKjll6YQKz-NzU2qig7AY-QAs74aeV2XSG29X-gwA37XMAM_x4EWcB3YDQOcjRYS7uGF8Iy5506QEPyGaX1ofODgMcWH3Z1z7yFiT5lxyXR40H4ugMmit-3nF-Idaer2lqou2LUhm0hivScSy2SU7nGmO0c2ts2UrVhNd8RG5hbIOx9GeQNOTAwh0wvi8K14Nb4QSndMQJPo8Gr9DleVz2YxsqUw7WmZ0aa3r7cWQ4uUyF9K3lG-_fRS1yOjrSQF-fXQqatZmd1g.POF_MyIHHxw_VJS9jT4epQ9nUCLa-mb8ohAGQundz5s&dib_tag=se&keywords=%E3%82%AA%E3%83%AB%E3%83%88%E3%83%95%E3%82%A9%E3%83%B3+%E4%BA%A4%E6%8F%9B%E9%87%9D&qid=1784275262&refinements=p_85%3A8070706051%2Cp_n_condition-type%3A2249602051&rnid=2249601051&rps=1&sprefix=%E3%82%AA%E3%83%AB%E3%83%88%E3%83%95%E3%82%A9%E3%83%B3+%2Caps%2C329&sr=8-37"
"https://www.amazon.co.jp/ortofon-VNL-TRIX-MM%E3%82%AB%E3%83%BC%E3%83%88%E3%83%AA%E3%83%83%E3%82%B8-%E8%9B%8D%E5%85%89%E3%82%B9%E3%82%BF%E3%82%A4%E3%83%A9%E3%82%B9/dp/B0FTZ7XZPD/ref=sr_1_38?crid=2E5D17O346HHX&dib=eyJ2IjoiMSJ9.xl7bKTVwQRUtHYZTiA-vVib4PMmYLzBdKjll6YQKz-NzU2qig7AY-QAs74aeV2XSG29X-gwA37XMAM_x4EWcB3YDQOcjRYS7uGF8Iy5506QEPyGaX1ofODgMcWH3Z1z7yFiT5lxyXR40H4ugMmit-3nF-Idaer2lqou2LUhm0hivScSy2SU7nGmO0c2ts2UrVhNd8RG5hbIOx9GeQNOTAwh0wvi8K14Nb4QSndMQJPo8Gr9DleVz2YxsqUw7WmZ0aa3r7cWQ4uUyF9K3lG-_fRS1yOjrSQF-fXQqatZmd1g.POF_MyIHHxw_VJS9jT4epQ9nUCLa-mb8ohAGQundz5s&dib_tag=se&keywords=%E3%82%AA%E3%83%AB%E3%83%88%E3%83%95%E3%82%A9%E3%83%B3+%E4%BA%A4%E6%8F%9B%E9%87%9D&qid=1784275262&refinements=p_85%3A8070706051%2Cp_n_condition-type%3A2249602051&rnid=2249601051&rps=1&sprefix=%E3%82%AA%E3%83%AB%E3%83%88%E3%83%95%E3%82%A9%E3%83%B3+%2Caps%2C329&sr=8-38&ufe=app_do%3Aamzn1.fos.35785624-70c4-44ae-a5c3-3f044f475d63","https://m.media-amazon.com/images/I/51uj9KBjARL._AC_UL320_.jpg","https://www.amazon.co.jp/ortofon-VNL-TRIX-MM%E3%82%AB%E3%83%BC%E3%83%88%E3%83%AA%E3%83%83%E3%82%B8-%E8%9B%8D%E5%85%89%E3%82%B9%E3%82%BF%E3%82%A4%E3%83%A9%E3%82%B9/dp/B0FTZ7XZPD/ref=sr_1_38?crid=2E5D17O346HHX&dib=eyJ2IjoiMSJ9.xl7bKTVwQRUtHYZTiA-vVib4PMmYLzBdKjll6YQKz-NzU2qig7AY-QAs74aeV2XSG29X-gwA37XMAM_x4EWcB3YDQOcjRYS7uGF8Iy5506QEPyGaX1ofODgMcWH3Z1z7yFiT5lxyXR40H4ugMmit-3nF-Idaer2lqou2LUhm0hivScSy2SU7nGmO0c2ts2UrVhNd8RG5hbIOx9GeQNOTAwh0wvi8K14Nb4QSndMQJPo8Gr9DleVz2YxsqUw7WmZ0aa3r7cWQ4uUyF9K3lG-_fRS1yOjrSQF-fXQqatZmd1g.POF_MyIHHxw_VJS9jT4epQ9nUCLa-mb8ohAGQundz5s&dib_tag=se&keywords=%E3%82%AA%E3%83%AB%E3%83%88%E3%83%95%E3%82%A9%E3%83%B3+%E4%BA%A4%E6%8F%9B%E9%87%9D&qid=1784275262&refinements=p_85%3A8070706051%2Cp_n_condition-type%3A2249602051&rnid=2249601051&rps=1&sprefix=%E3%82%AA%E3%83%AB%E3%83%88%E3%83%95%E3%82%A9%E3%83%B3+%2Caps%2C329&sr=8-38&ufe=app_do%3Aamzn1.fos.35785624-70c4-44ae-a5c3-3f044f475d63","ortofon VNL TRIX オルトフォン MMカートリッジ ステレオ 高出力 10mV 蛍光スタイラス 丸針 DJプレイ/リスニング兼用","","","https://www.amazon.co.jp/ortofon-VNL-TRIX-MM%E3%82%AB%E3%83%BC%E3%83%88%E3%83%AA%E3%83%83%E3%82%B8-%E8%9B%8D%E5%85%89%E3%82%B9%E3%82%BF%E3%82%A4%E3%83%A9%E3%82%B9/dp/B0FTZ7XZPD/ref=sr_1_38?crid=2E5D17O346HHX&dib=eyJ2IjoiMSJ9.xl7bKTVwQRUtHYZTiA-vVib4PMmYLzBdKjll6YQKz-NzU2qig7AY-QAs74aeV2XSG29X-gwA37XMAM_x4EWcB3YDQOcjRYS7uGF8Iy5506QEPyGaX1ofODgMcWH3Z1z7yFiT5lxyXR40H4ugMmit-3nF-Idaer2lqou2LUhm0hivScSy2SU7nGmO0c2ts2UrVhNd8RG5hbIOx9GeQNOTAwh0wvi8K14Nb4QSndMQJPo8Gr9DleVz2YxsqUw7WmZ0aa3r7cWQ4uUyF9K3lG-_fRS1yOjrSQF-fXQqatZmd1g.POF_MyIHHxw_VJS9jT4epQ9nUCLa-mb8ohAGQundz5s&dib_tag=se&keywords=%E3%82%AA%E3%83%AB%E3%83%88%E3%83%95%E3%82%A9%E3%83%B3+%E4%BA%A4%E6%8F%9B%E9%87%9D&qid=1784275262&refinements=p_85%3A8070706051%2Cp_n_condition-type%3A2249602051&rnid=2249601051&rps=1&sprefix=%E3%82%AA%E3%83%AB%E3%83%88%E3%83%95%E3%82%A9%E3%83%B3+%2Caps%2C329&sr=8-38&ufe=app_do%3Aamzn1.fos.35785624-70c4-44ae-a5c3-3f044f475d63","残り5点 ご注文はお早めに","","","￥19,140","￥","19,140","",""
"https://www.amazon.co.jp/ortofon-Concorde-5S-MM%E3%82%AB%E3%83%BC%E3%83%88%E3%83%AA%E3%83%83%E3%82%B8-%E3%83%98%E3%83%83%E3%83%89%E3%82%B7%E3%82%A7%E3%83%AB%E4%B8%80%E4%BD%93%E5%9E%8B/dp/B0F4XKL2CM/ref=sr_1_39?crid=2E5D17O346HHX&dib=eyJ2IjoiMSJ9.xl7bKTVwQRUtHYZTiA-vVib4PMmYLzBdKjll6YQKz-NzU2qig7AY-QAs74aeV2XSG29X-gwA37XMAM_x4EWcB3YDQOcjRYS7uGF8Iy5506QEPyGaX1ofODgMcWH3Z1z7yFiT5lxyXR40H4ugMmit-3nF-Idaer2lqou2LUhm0hivScSy2SU7nGmO0c2ts2UrVhNd8RG5hbIOx9GeQNOTAwh0wvi8K14Nb4QSndMQJPo8Gr9DleVz2YxsqUw7WmZ0aa3r7cWQ4uUyF9K3lG-_fRS1yOjrSQF-fXQqatZmd1g.POF_MyIHHxw_VJS9jT4epQ9nUCLa-mb8ohAGQundz5s&dib_tag=se&keywords=%E3%82%AA%E3%83%AB%E3%83%88%E3%83%95%E3%82%A9%E3%83%B3+%E4%BA%A4%E6%8F%9B%E9%87%9D&qid=1784275262&refinements=p_85%3A8070706051%2Cp_n_condition-type%3A2249602051&rnid=2249601051&rps=1&sprefix=%E3%82%AA%E3%83%AB%E3%83%88%E3%83%95%E3%82%A9%E3%83%B3+%2Caps%2C329&sr=8-39","https://m.media-amazon.com/images/I/51tuQ07bYfL._AC_UL320_.jpg","https://www.amazon.co.jp/ortofon-Concorde-5S-MM%E3%82%AB%E3%83%BC%E3%83%88%E3%83%AA%E3%83%83%E3%82%B8-%E3%83%98%E3%83%83%E3%83%89%E3%82%B7%E3%82%A7%E3%83%AB%E4%B8%80%E4%BD%93%E5%9E%8B/dp/B0F4XKL2CM/ref=sr_1_39?crid=2E5D17O346HHX&dib=eyJ2IjoiMSJ9.xl7bKTVwQRUtHYZTiA-vVib4PMmYLzBdKjll6YQKz-NzU2qig7AY-QAs74aeV2XSG29X-gwA37XMAM_x4EWcB3YDQOcjRYS7uGF8Iy5506QEPyGaX1ofODgMcWH3Z1z7yFiT5lxyXR40H4ugMmit-3nF-Idaer2lqou2LUhm0hivScSy2SU7nGmO0c2ts2UrVhNd8RG5hbIOx9GeQNOTAwh0wvi8K14Nb4QSndMQJPo8Gr9DleVz2YxsqUw7WmZ0aa3r7cWQ4uUyF9K3lG-_fRS1yOjrSQF-fXQqatZmd1g.POF_MyIHHxw_VJS9jT4epQ9nUCLa-mb8ohAGQundz5s&dib_tag=se&keywords=%E3%82%AA%E3%83%AB%E3%83%88%E3%83%95%E3%82%A9%E3%83%B3+%E4%BA%A4%E6%8F%9B%E9%87%9D&qid=1784275262&refinements=p_85%3A8070706051%2Cp_n_condition-type%3A2249602051&rnid=2249601051&rps=1&sprefix=%E3%82%AA%E3%83%AB%E3%83%88%E3%83%95%E3%82%A9%E3%83%B3+%2Caps%2C329&sr=8-39","ortofon Concorde 5S オルトフォン MMカートリッジ ステレオ ヘッドシェル一体型 丸針 リスニング専用","javascript:void(0)","5つ星のうち4.6","https://www.amazon.co.jp/ortofon-Concorde-5S-MM%E3%82%AB%E3%83%BC%E3%83%88%E3%83%AA%E3%83%83%E3%82%B8-%E3%83%98%E3%83%83%E3%83%89%E3%82%B7%E3%82%A7%E3%83%AB%E4%B8%80%E4%BD%93%E5%9E%8B/dp/B0F4XKL2CM/ref=sr_1_39?crid=2E5D17O346HHX&dib=eyJ2IjoiMSJ9.xl7bKTVwQRUtHYZTiA-vVib4PMmYLzBdKjll6YQKz-NzU2qig7AY-QAs74aeV2XSG29X-gwA37XMAM_x4EWcB3YDQOcjRYS7uGF8Iy5506QEPyGaX1ofODgMcWH3Z1z7yFiT5lxyXR40H4ugMmit-3nF-Idaer2lqou2LUhm0hivScSy2SU7nGmO0c2ts2UrVhNd8RG5hbIOx9GeQNOTAwh0wvi8K14Nb4QSndMQJPo8Gr9DleVz2YxsqUw7WmZ0aa3r7cWQ4uUyF9K3lG-_fRS1yOjrSQF-fXQqatZmd1g.POF_MyIHHxw_VJS9jT4epQ9nUCLa-mb8ohAGQundz5s&dib_tag=se&keywords=%E3%82%AA%E3%83%AB%E3%83%88%E3%83%95%E3%82%A9%E3%83%B3+%E4%BA%A4%E6%8F%9B%E9%87%9D&qid=1784275262&refinements=p_85%3A8070706051%2Cp_n_condition-type%3A2249602051&rnid=2249601051&rps=1&sprefix=%E3%82%AA%E3%83%AB%E3%83%88%E3%83%95%E3%82%A9%E3%83%B3+%2Caps%2C329&sr=8-39#customerReviews","「おすすめ出品」の要件を満たす出品はありません","https://www.amazon.co.jp/gp/offer-listing/B0F4XKL2CM/ref=sr_1_39_olp?rnid=2249601051&rps=1&keywords=%E3%82%AA%E3%83%AB%E3%83%88%E3%83%95%E3%82%A9%E3%83%B3+%E4%BA%A4%E6%8F%9B%E9%87%9D&crid=2E5D17O346HHX&sprefix=%E3%82%AA%E3%83%AB%E3%83%88%E3%83%95%E3%82%A9%E3%83%B3+%2Caps%2C329&dib_tag=se&dib=eyJ2IjoiMSJ9.xl7bKTVwQRUtHYZTiA-vVib4PMmYLzBdKjll6YQKz-NzU2qig7AY-QAs74aeV2XSG29X-gwA37XMAM_x4EWcB3YDQOcjRYS7uGF8Iy5506QEPyGaX1ofODgMcWH3Z1z7yFiT5lxyXR40H4ugMmit-3nF-Idaer2lqou2LUhm0hivScSy2SU7nGmO0c2ts2UrVhNd8RG5hbIOx9GeQNOTAwh0wvi8K14Nb4QSndMQJPo8Gr9DleVz2YxsqUw7WmZ0aa3r7cWQ4uUyF9K3lG-_fRS1yOjrSQF-fXQqatZmd1g.POF_MyIHHxw_VJS9jT4epQ9nUCLa-mb8ohAGQundz5s&qid=1784275262&sr=8-39&refinements=p_85%3A8070706051%2Cp_n_condition-type%3A2249602051","","","","","￥15,070","https://www.amazon.co.jp/ortofon-Concorde-5S-MM%E3%82%AB%E3%83%BC%E3%83%88%E3%83%AA%E3%83%83%E3%82%B8-%E3%83%98%E3%83%83%E3%83%89%E3%82%B7%E3%82%A7%E3%83%AB%E4%B8%80%E4%BD%93%E5%9E%8B/dp/B0F4XKL2CM/ref=sr_1_39_so_TURNTABLE?crid=2E5D17O346HHX&dib=eyJ2IjoiMSJ9.xl7bKTVwQRUtHYZTiA-vVib4PMmYLzBdKjll6YQKz-NzU2qig7AY-QAs74aeV2XSG29X-gwA37XMAM_x4EWcB3YDQOcjRYS7uGF8Iy5506QEPyGaX1ofODgMcWH3Z1z7yFiT5lxyXR40H4ugMmit-3nF-Idaer2lqou2LUhm0hivScSy2SU7nGmO0c2ts2UrVhNd8RG5hbIOx9GeQNOTAwh0wvi8K14Nb4QSndMQJPo8Gr9DleVz2YxsqUw7WmZ0aa3r7cWQ4uUyF9K3lG-_fRS1yOjrSQF-fXQqatZmd1g.POF_MyIHHxw_VJS9jT4epQ9nUCLa-mb8ohAGQundz5s&dib_tag=se&keywords=%E3%82%AA%E3%83%AB%E3%83%88%E3%83%95%E3%82%A9%E3%83%B3+%E4%BA%A4%E6%8F%9B%E9%87%9D&qid=1784275262&refinements=p_85%3A8070706051%2Cp_n_condition-type%3A2249602051&rnid=2249601051&rps=1&sprefix=%E3%82%AA%E3%83%AB%E3%83%88%E3%83%95%E3%82%A9%E3%83%B3+%2Caps%2C329&sr=8-39"
"https://www.amazon.co.jp/%E3%82%AA%E3%83%AB%E3%83%88%E3%83%95%E3%82%A9%E3%83%B3-DS-3-%E3%83%87%E3%82%B8%E3%82%BF%E3%83%AB%E9%87%9D%E5%9C%A7%E8%A8%88/dp/B00D8RTQMA/ref=sr_1_40?crid=2E5D17O346HHX&dib=eyJ2IjoiMSJ9.xl7bKTVwQRUtHYZTiA-vVib4PMmYLzBdKjll6YQKz-NzU2qig7AY-QAs74aeV2XSG29X-gwA37XMAM_x4EWcB3YDQOcjRYS7uGF8Iy5506QEPyGaX1ofODgMcWH3Z1z7yFiT5lxyXR40H4ugMmit-3nF-Idaer2lqou2LUhm0hivScSy2SU7nGmO0c2ts2UrVhNd8RG5hbIOx9GeQNOTAwh0wvi8K14Nb4QSndMQJPo8Gr9DleVz2YxsqUw7WmZ0aa3r7cWQ4uUyF9K3lG-_fRS1yOjrSQF-fXQqatZmd1g.POF_MyIHHxw_VJS9jT4epQ9nUCLa-mb8ohAGQundz5s&dib_tag=se&keywords=%E3%82%AA%E3%83%AB%E3%83%88%E3%83%95%E3%82%A9%E3%83%B3+%E4%BA%A4%E6%8F%9B%E9%87%9D&qid=1784275262&refinements=p_85%3A8070706051%2Cp_n_condition-type%3A2249602051&rnid=2249601051&rps=1&sprefix=%E3%82%AA%E3%83%AB%E3%83%88%E3%83%95%E3%82%A9%E3%83%B3+%2Caps%2C329&sr=8-40","https://m.media-amazon.com/images/I/71V1i+qQkXL._AC_UL320_.jpg","https://www.amazon.co.jp/%E3%82%AA%E3%83%AB%E3%83%88%E3%83%95%E3%82%A9%E3%83%B3-DS-3-%E3%83%87%E3%82%B8%E3%82%BF%E3%83%AB%E9%87%9D%E5%9C%A7%E8%A8%88/dp/B00D8RTQMA/ref=sr_1_40?crid=2E5D17O346HHX&dib=eyJ2IjoiMSJ9.xl7bKTVwQRUtHYZTiA-vVib4PMmYLzBdKjll6YQKz-NzU2qig7AY-QAs74aeV2XSG29X-gwA37XMAM_x4EWcB3YDQOcjRYS7uGF8Iy5506QEPyGaX1ofODgMcWH3Z1z7yFiT5lxyXR40H4ugMmit-3nF-Idaer2lqou2LUhm0hivScSy2SU7nGmO0c2ts2UrVhNd8RG5hbIOx9GeQNOTAwh0wvi8K14Nb4QSndMQJPo8Gr9DleVz2YxsqUw7WmZ0aa3r7cWQ4uUyF9K3lG-_fRS1yOjrSQF-fXQqatZmd1g.POF_MyIHHxw_VJS9jT4epQ9nUCLa-mb8ohAGQundz5s&dib_tag=se&keywords=%E3%82%AA%E3%83%AB%E3%83%88%E3%83%95%E3%82%A9%E3%83%B3+%E4%BA%A4%E6%8F%9B%E9%87%9D&qid=1784275262&refinements=p_85%3A8070706051%2Cp_n_condition-type%3A2249602051&rnid=2249601051&rps=1&sprefix=%E3%82%AA%E3%83%AB%E3%83%88%E3%83%95%E3%82%A9%E3%83%B3+%2Caps%2C329&sr=8-40","ortofon DS-3 オルトフォン デジタル 針圧計 カートリッジ レコード針 針圧測定専用 計測範囲0.01g-200g 単4型電池駆動 バックライト付き 【国内正規品】","javascript:void(0)","5つ星のうち4.5","https://www.amazon.co.jp/%E3%82%AA%E3%83%AB%E3%83%88%E3%83%95%E3%82%A9%E3%83%B3-DS-3-%E3%83%87%E3%82%B8%E3%82%BF%E3%83%AB%E9%87%9D%E5%9C%A7%E8%A8%88/dp/B00D8RTQMA/ref=sr_1_40?crid=2E5D17O346HHX&dib=eyJ2IjoiMSJ9.xl7bKTVwQRUtHYZTiA-vVib4PMmYLzBdKjll6YQKz-NzU2qig7AY-QAs74aeV2XSG29X-gwA37XMAM_x4EWcB3YDQOcjRYS7uGF8Iy5506QEPyGaX1ofODgMcWH3Z1z7yFiT5lxyXR40H4ugMmit-3nF-Idaer2lqou2LUhm0hivScSy2SU7nGmO0c2ts2UrVhNd8RG5hbIOx9GeQNOTAwh0wvi8K14Nb4QSndMQJPo8Gr9DleVz2YxsqUw7WmZ0aa3r7cWQ4uUyF9K3lG-_fRS1yOjrSQF-fXQqatZmd1g.POF_MyIHHxw_VJS9jT4epQ9nUCLa-mb8ohAGQundz5s&dib_tag=se&keywords=%E3%82%AA%E3%83%AB%E3%83%88%E3%83%95%E3%82%A9%E3%83%B3+%E4%BA%A4%E6%8F%9B%E9%87%9D&qid=1784275262&refinements=p_85%3A8070706051%2Cp_n_condition-type%3A2249602051&rnid=2249601051&rps=1&sprefix=%E3%82%AA%E3%83%AB%E3%83%88%E3%83%95%E3%82%A9%E3%83%B3+%2Caps%2C329&sr=8-40#customerReviews","「おすすめ出品」の要件を満たす出品はありません","https://www.amazon.co.jp/gp/offer-listing/B00D8RTQMA/ref=sr_1_40_olp?rnid=2249601051&rps=1&keywords=%E3%82%AA%E3%83%AB%E3%83%88%E3%83%95%E3%82%A9%E3%83%B3+%E4%BA%A4%E6%8F%9B%E9%87%9D&crid=2E5D17O346HHX&sprefix=%E3%82%AA%E3%83%AB%E3%83%88%E3%83%95%E3%82%A9%E3%83%B3+%2Caps%2C329&dib_tag=se&dib=eyJ2IjoiMSJ9.xl7bKTVwQRUtHYZTiA-vVib4PMmYLzBdKjll6YQKz-NzU2qig7AY-QAs74aeV2XSG29X-gwA37XMAM_x4EWcB3YDQOcjRYS7uGF8Iy5506QEPyGaX1ofODgMcWH3Z1z7yFiT5lxyXR40H4ugMmit-3nF-Idaer2lqou2LUhm0hivScSy2SU7nGmO0c2ts2UrVhNd8RG5hbIOx9GeQNOTAwh0wvi8K14Nb4QSndMQJPo8Gr9DleVz2YxsqUw7WmZ0aa3r7cWQ4uUyF9K3lG-_fRS1yOjrSQF-fXQqatZmd1g.POF_MyIHHxw_VJS9jT4epQ9nUCLa-mb8ohAGQundz5s&qid=1784275262&sr=8-40&refinements=p_85%3A8070706051%2Cp_n_condition-type%3A2249602051","","","","","￥11,550","https://www.amazon.co.jp/%E3%82%AA%E3%83%AB%E3%83%88%E3%83%95%E3%82%A9%E3%83%B3-DS-3-%E3%83%87%E3%82%B8%E3%82%BF%E3%83%AB%E9%87%9D%E5%9C%A7%E8%A8%88/dp/B00D8RTQMA/ref=sr_1_40_so_ELECTROMECHANICAL_GAUGE?crid=2E5D17O346HHX&dib=eyJ2IjoiMSJ9.xl7bKTVwQRUtHYZTiA-vVib4PMmYLzBdKjll6YQKz-NzU2qig7AY-QAs74aeV2XSG29X-gwA37XMAM_x4EWcB3YDQOcjRYS7uGF8Iy5506QEPyGaX1ofODgMcWH3Z1z7yFiT5lxyXR40H4ugMmit-3nF-Idaer2lqou2LUhm0hivScSy2SU7nGmO0c2ts2UrVhNd8RG5hbIOx9GeQNOTAwh0wvi8K14Nb4QSndMQJPo8Gr9DleVz2YxsqUw7WmZ0aa3r7cWQ4uUyF9K3lG-_fRS1yOjrSQF-fXQqatZmd1g.POF_MyIHHxw_VJS9jT4epQ9nUCLa-mb8ohAGQundz5s&dib_tag=se&keywords=%E3%82%AA%E3%83%AB%E3%83%88%E3%83%95%E3%82%A9%E3%83%B3+%E4%BA%A4%E6%8F%9B%E9%87%9D&qid=1784275262&refinements=p_85%3A8070706051%2Cp_n_condition-type%3A2249602051&rnid=2249601051&rps=1&sprefix=%E3%82%AA%E3%83%AB%E3%83%88%E3%83%95%E3%82%A9%E3%83%B3+%2Caps%2C329&sr=8-40"
"https://www.amazon.co.jp/ortofon-Stylus-VNL-DANCE-%E3%82%AA%E3%83%AB%E3%83%88%E3%83%95%E3%82%A9%E3%83%B3/dp/B0FV1YSN6R/ref=sr_1_41?crid=2E5D17O346HHX&dib=eyJ2IjoiMSJ9.xl7bKTVwQRUtHYZTiA-vVib4PMmYLzBdKjll6YQKz-NzU2qig7AY-QAs74aeV2XSG29X-gwA37XMAM_x4EWcB3YDQOcjRYS7uGF8Iy5506QEPyGaX1ofODgMcWH3Z1z7yFiT5lxyXR40H4ugMmit-3nF-Idaer2lqou2LUhm0hivScSy2SU7nGmO0c2ts2UrVhNd8RG5hbIOx9GeQNOTAwh0wvi8K14Nb4QSndMQJPo8Gr9DleVz2YxsqUw7WmZ0aa3r7cWQ4uUyF9K3lG-_fRS1yOjrSQF-fXQqatZmd1g.POF_MyIHHxw_VJS9jT4epQ9nUCLa-mb8ohAGQundz5s&dib_tag=se&keywords=%E3%82%AA%E3%83%AB%E3%83%88%E3%83%95%E3%82%A9%E3%83%B3+%E4%BA%A4%E6%8F%9B%E9%87%9D&qid=1784275262&refinements=p_85%3A8070706051%2Cp_n_condition-type%3A2249602051&rnid=2249601051&rps=1&sprefix=%E3%82%AA%E3%83%AB%E3%83%88%E3%83%95%E3%82%A9%E3%83%B3+%2Caps%2C329&sr=8-41","https://m.media-amazon.com/images/I/51GEjdA-h+L._AC_UL320_.jpg","https://www.amazon.co.jp/ortofon-Stylus-VNL-DANCE-%E3%82%AA%E3%83%AB%E3%83%88%E3%83%95%E3%82%A9%E3%83%B3/dp/B0FV1YSN6R/ref=sr_1_41?crid=2E5D17O346HHX&dib=eyJ2IjoiMSJ9.xl7bKTVwQRUtHYZTiA-vVib4PMmYLzBdKjll6YQKz-NzU2qig7AY-QAs74aeV2XSG29X-gwA37XMAM_x4EWcB3YDQOcjRYS7uGF8Iy5506QEPyGaX1ofODgMcWH3Z1z7yFiT5lxyXR40H4ugMmit-3nF-Idaer2lqou2LUhm0hivScSy2SU7nGmO0c2ts2UrVhNd8RG5hbIOx9GeQNOTAwh0wvi8K14Nb4QSndMQJPo8Gr9DleVz2YxsqUw7WmZ0aa3r7cWQ4uUyF9K3lG-_fRS1yOjrSQF-fXQqatZmd1g.POF_MyIHHxw_VJS9jT4epQ9nUCLa-mb8ohAGQundz5s&dib_tag=se&keywords=%E3%82%AA%E3%83%AB%E3%83%88%E3%83%95%E3%82%A9%E3%83%B3+%E4%BA%A4%E6%8F%9B%E9%87%9D&qid=1784275262&refinements=p_85%3A8070706051%2Cp_n_condition-type%3A2249602051&rnid=2249601051&rps=1&sprefix=%E3%82%AA%E3%83%AB%E3%83%88%E3%83%95%E3%82%A9%E3%83%B3+%2Caps%2C329&sr=8-41","ortofon Stylus VNL DANCE オルトフォン VNL DANCE用 交換針 楕円針","","","https://www.amazon.co.jp/gp/offer-listing/B0FV1YSN6R/ref=sr_1_41_olp?rnid=2249601051&rps=1&keywords=%E3%82%AA%E3%83%AB%E3%83%88%E3%83%95%E3%82%A9%E3%83%B3+%E4%BA%A4%E6%8F%9B%E9%87%9D&crid=2E5D17O346HHX&sprefix=%E3%82%AA%E3%83%AB%E3%83%88%E3%83%95%E3%82%A9%E3%83%B3+%2Caps%2C329&dib_tag=se&dib=eyJ2IjoiMSJ9.xl7bKTVwQRUtHYZTiA-vVib4PMmYLzBdKjll6YQKz-NzU2qig7AY-QAs74aeV2XSG29X-gwA37XMAM_x4EWcB3YDQOcjRYS7uGF8Iy5506QEPyGaX1ofODgMcWH3Z1z7yFiT5lxyXR40H4ugMmit-3nF-Idaer2lqou2LUhm0hivScSy2SU7nGmO0c2ts2UrVhNd8RG5hbIOx9GeQNOTAwh0wvi8K14Nb4QSndMQJPo8Gr9DleVz2YxsqUw7WmZ0aa3r7cWQ4uUyF9K3lG-_fRS1yOjrSQF-fXQqatZmd1g.POF_MyIHHxw_VJS9jT4epQ9nUCLa-mb8ohAGQundz5s&qid=1784275262&sr=8-41&refinements=p_85%3A8070706051%2Cp_n_condition-type%3A2249602051","「おすすめ出品」の要件を満たす出品はありません","","","","","","￥13,310","https://www.amazon.co.jp/ortofon-Stylus-VNL-DANCE-%E3%82%AA%E3%83%AB%E3%83%88%E3%83%95%E3%82%A9%E3%83%B3/dp/B0FV1YSN6R/ref=sr_1_41_so_TURNTABLE?crid=2E5D17O346HHX&dib=eyJ2IjoiMSJ9.xl7bKTVwQRUtHYZTiA-vVib4PMmYLzBdKjll6YQKz-NzU2qig7AY-QAs74aeV2XSG29X-gwA37XMAM_x4EWcB3YDQOcjRYS7uGF8Iy5506QEPyGaX1ofODgMcWH3Z1z7yFiT5lxyXR40H4ugMmit-3nF-Idaer2lqou2LUhm0hivScSy2SU7nGmO0c2ts2UrVhNd8RG5hbIOx9GeQNOTAwh0wvi8K14Nb4QSndMQJPo8Gr9DleVz2YxsqUw7WmZ0aa3r7cWQ4uUyF9K3lG-_fRS1yOjrSQF-fXQqatZmd1g.POF_MyIHHxw_VJS9jT4epQ9nUCLa-mb8ohAGQundz5s&dib_tag=se&keywords=%E3%82%AA%E3%83%AB%E3%83%88%E3%83%95%E3%82%A9%E3%83%B3+%E4%BA%A4%E6%8F%9B%E9%87%9D&qid=1784275262&refinements=p_85%3A8070706051%2Cp_n_condition-type%3A2249602051&rnid=2249601051&rps=1&sprefix=%E3%82%AA%E3%83%AB%E3%83%88%E3%83%95%E3%82%A9%E3%83%B3+%2Caps%2C329&sr=8-41"
"https://www.amazon.co.jp/ortofon-Concorde-5E-MM%E3%82%AB%E3%83%BC%E3%83%88%E3%83%AA%E3%83%83%E3%82%B8-%E3%83%98%E3%83%83%E3%83%89%E3%82%B7%E3%82%A7%E3%83%AB%E4%B8%80%E4%BD%93%E5%9E%8B/dp/B0F4XLPW4H/ref=sr_1_42?crid=2E5D17O346HHX&dib=eyJ2IjoiMSJ9.xl7bKTVwQRUtHYZTiA-vVib4PMmYLzBdKjll6YQKz-NzU2qig7AY-QAs74aeV2XSG29X-gwA37XMAM_x4EWcB3YDQOcjRYS7uGF8Iy5506QEPyGaX1ofODgMcWH3Z1z7yFiT5lxyXR40H4ugMmit-3nF-Idaer2lqou2LUhm0hivScSy2SU7nGmO0c2ts2UrVhNd8RG5hbIOx9GeQNOTAwh0wvi8K14Nb4QSndMQJPo8Gr9DleVz2YxsqUw7WmZ0aa3r7cWQ4uUyF9K3lG-_fRS1yOjrSQF-fXQqatZmd1g.POF_MyIHHxw_VJS9jT4epQ9nUCLa-mb8ohAGQundz5s&dib_tag=se&keywords=%E3%82%AA%E3%83%AB%E3%83%88%E3%83%95%E3%82%A9%E3%83%B3+%E4%BA%A4%E6%8F%9B%E9%87%9D&qid=1784275262&refinements=p_85%3A8070706051%2Cp_n_condition-type%3A2249602051&rnid=2249601051&rps=1&sprefix=%E3%82%AA%E3%83%AB%E3%83%88%E3%83%95%E3%82%A9%E3%83%B3+%2Caps%2C329&sr=8-42","https://m.media-amazon.com/images/I/51Gz7GmDj8L._AC_UL320_.jpg","https://www.amazon.co.jp/ortofon-Concorde-5E-MM%E3%82%AB%E3%83%BC%E3%83%88%E3%83%AA%E3%83%83%E3%82%B8-%E3%83%98%E3%83%83%E3%83%89%E3%82%B7%E3%82%A7%E3%83%AB%E4%B8%80%E4%BD%93%E5%9E%8B/dp/B0F4XLPW4H/ref=sr_1_42?crid=2E5D17O346HHX&dib=eyJ2IjoiMSJ9.xl7bKTVwQRUtHYZTiA-vVib4PMmYLzBdKjll6YQKz-NzU2qig7AY-QAs74aeV2XSG29X-gwA37XMAM_x4EWcB3YDQOcjRYS7uGF8Iy5506QEPyGaX1ofODgMcWH3Z1z7yFiT5lxyXR40H4ugMmit-3nF-Idaer2lqou2LUhm0hivScSy2SU7nGmO0c2ts2UrVhNd8RG5hbIOx9GeQNOTAwh0wvi8K14Nb4QSndMQJPo8Gr9DleVz2YxsqUw7WmZ0aa3r7cWQ4uUyF9K3lG-_fRS1yOjrSQF-fXQqatZmd1g.POF_MyIHHxw_VJS9jT4epQ9nUCLa-mb8ohAGQundz5s&dib_tag=se&keywords=%E3%82%AA%E3%83%AB%E3%83%88%E3%83%95%E3%82%A9%E3%83%B3+%E4%BA%A4%E6%8F%9B%E9%87%9D&qid=1784275262&refinements=p_85%3A8070706051%2Cp_n_condition-type%3A2249602051&rnid=2249601051&rps=1&sprefix=%E3%82%AA%E3%83%AB%E3%83%88%E3%83%95%E3%82%A9%E3%83%B3+%2Caps%2C329&sr=8-42","ortofon Concorde 5E オルトフォン MMカートリッジ ステレオ ヘッドシェル一体型 楕円針 リスニング専用","javascript:void(0)","5つ星のうち4.7","https://www.amazon.co.jp/ortofon-Concorde-5E-MM%E3%82%AB%E3%83%BC%E3%83%88%E3%83%AA%E3%83%83%E3%82%B8-%E3%83%98%E3%83%83%E3%83%89%E3%82%B7%E3%82%A7%E3%83%AB%E4%B8%80%E4%BD%93%E5%9E%8B/dp/B0F4XLPW4H/ref=sr_1_42?crid=2E5D17O346HHX&dib=eyJ2IjoiMSJ9.xl7bKTVwQRUtHYZTiA-vVib4PMmYLzBdKjll6YQKz-NzU2qig7AY-QAs74aeV2XSG29X-gwA37XMAM_x4EWcB3YDQOcjRYS7uGF8Iy5506QEPyGaX1ofODgMcWH3Z1z7yFiT5lxyXR40H4ugMmit-3nF-Idaer2lqou2LUhm0hivScSy2SU7nGmO0c2ts2UrVhNd8RG5hbIOx9GeQNOTAwh0wvi8K14Nb4QSndMQJPo8Gr9DleVz2YxsqUw7WmZ0aa3r7cWQ4uUyF9K3lG-_fRS1yOjrSQF-fXQqatZmd1g.POF_MyIHHxw_VJS9jT4epQ9nUCLa-mb8ohAGQundz5s&dib_tag=se&keywords=%E3%82%AA%E3%83%AB%E3%83%88%E3%83%95%E3%82%A9%E3%83%B3+%E4%BA%A4%E6%8F%9B%E9%87%9D&qid=1784275262&refinements=p_85%3A8070706051%2Cp_n_condition-type%3A2249602051&rnid=2249601051&rps=1&sprefix=%E3%82%AA%E3%83%AB%E3%83%88%E3%83%95%E3%82%A9%E3%83%B3+%2Caps%2C329&sr=8-42#customerReviews","「おすすめ出品」の要件を満たす出品はありません","https://www.amazon.co.jp/gp/offer-listing/B0F4XLPW4H/ref=sr_1_42_olp?rnid=2249601051&rps=1&keywords=%E3%82%AA%E3%83%AB%E3%83%88%E3%83%95%E3%82%A9%E3%83%B3+%E4%BA%A4%E6%8F%9B%E9%87%9D&crid=2E5D17O346HHX&sprefix=%E3%82%AA%E3%83%AB%E3%83%88%E3%83%95%E3%82%A9%E3%83%B3+%2Caps%2C329&dib_tag=se&dib=eyJ2IjoiMSJ9.xl7bKTVwQRUtHYZTiA-vVib4PMmYLzBdKjll6YQKz-NzU2qig7AY-QAs74aeV2XSG29X-gwA37XMAM_x4EWcB3YDQOcjRYS7uGF8Iy5506QEPyGaX1ofODgMcWH3Z1z7yFiT5lxyXR40H4ugMmit-3nF-Idaer2lqou2LUhm0hivScSy2SU7nGmO0c2ts2UrVhNd8RG5hbIOx9GeQNOTAwh0wvi8K14Nb4QSndMQJPo8Gr9DleVz2YxsqUw7WmZ0aa3r7cWQ4uUyF9K3lG-_fRS1yOjrSQF-fXQqatZmd1g.POF_MyIHHxw_VJS9jT4epQ9nUCLa-mb8ohAGQundz5s&qid=1784275262&sr=8-42&refinements=p_85%3A8070706051%2Cp_n_condition-type%3A2249602051","","","","","￥17,380","https://www.amazon.co.jp/ortofon-Concorde-5E-MM%E3%82%AB%E3%83%BC%E3%83%88%E3%83%AA%E3%83%83%E3%82%B8-%E3%83%98%E3%83%83%E3%83%89%E3%82%B7%E3%82%A7%E3%83%AB%E4%B8%80%E4%BD%93%E5%9E%8B/dp/B0F4XLPW4H/ref=sr_1_42_so_TURNTABLE?crid=2E5D17O346HHX&dib=eyJ2IjoiMSJ9.xl7bKTVwQRUtHYZTiA-vVib4PMmYLzBdKjll6YQKz-NzU2qig7AY-QAs74aeV2XSG29X-gwA37XMAM_x4EWcB3YDQOcjRYS7uGF8Iy5506QEPyGaX1ofODgMcWH3Z1z7yFiT5lxyXR40H4ugMmit-3nF-Idaer2lqou2LUhm0hivScSy2SU7nGmO0c2ts2UrVhNd8RG5hbIOx9GeQNOTAwh0wvi8K14Nb4QSndMQJPo8Gr9DleVz2YxsqUw7WmZ0aa3r7cWQ4uUyF9K3lG-_fRS1yOjrSQF-fXQqatZmd1g.POF_MyIHHxw_VJS9jT4epQ9nUCLa-mb8ohAGQundz5s&dib_tag=se&keywords=%E3%82%AA%E3%83%AB%E3%83%88%E3%83%95%E3%82%A9%E3%83%B3+%E4%BA%A4%E6%8F%9B%E9%87%9D&qid=1784275262&refinements=p_85%3A8070706051%2Cp_n_condition-type%3A2249602051&rnid=2249601051&rps=1&sprefix=%E3%82%AA%E3%83%AB%E3%83%88%E3%83%95%E3%82%A9%E3%83%B3+%2Caps%2C329&sr=8-42"
"https://www.amazon.co.jp/Stylus-Concorde-Music-Blue-Music%E3%82%B7%E3%83%AA%E3%83%BC%E3%82%BA%E5%85%A8%E3%83%A2%E3%83%87%E3%83%AB%E3%81%A8%E6%9C%AC%E4%BD%93%E4%BA%92%E6%8F%9B%E3%81%82%E3%82%8A/dp/B0D2Y9T75Y/ref=sr_1_43?crid=2E5D17O346HHX&dib=eyJ2IjoiMSJ9.xl7bKTVwQRUtHYZTiA-vVib4PMmYLzBdKjll6YQKz-NzU2qig7AY-QAs74aeV2XSG29X-gwA37XMAM_x4EWcB3YDQOcjRYS7uGF8Iy5506QEPyGaX1ofODgMcWH3Z1z7yFiT5lxyXR40H4ugMmit-3nF-Idaer2lqou2LUhm0hivScSy2SU7nGmO0c2ts2UrVhNd8RG5hbIOx9GeQNOTAwh0wvi8K14Nb4QSndMQJPo8Gr9DleVz2YxsqUw7WmZ0aa3r7cWQ4uUyF9K3lG-_fRS1yOjrSQF-fXQqatZmd1g.POF_MyIHHxw_VJS9jT4epQ9nUCLa-mb8ohAGQundz5s&dib_tag=se&keywords=%E3%82%AA%E3%83%AB%E3%83%88%E3%83%95%E3%82%A9%E3%83%B3+%E4%BA%A4%E6%8F%9B%E9%87%9D&qid=1784275262&refinements=p_85%3A8070706051%2Cp_n_condition-type%3A2249602051&rnid=2249601051&rps=1&sprefix=%E3%82%AA%E3%83%AB%E3%83%88%E3%83%95%E3%82%A9%E3%83%B3+%2Caps%2C329&sr=8-43&ufe=app_do%3Aamzn1.fos.35785624-70c4-44ae-a5c3-3f044f475d63","https://m.media-amazon.com/images/I/61I7zqjHL4L._AC_UL320_.jpg","https://www.amazon.co.jp/Stylus-Concorde-Music-Blue-Music%E3%82%B7%E3%83%AA%E3%83%BC%E3%82%BA%E5%85%A8%E3%83%A2%E3%83%87%E3%83%AB%E3%81%A8%E6%9C%AC%E4%BD%93%E4%BA%92%E6%8F%9B%E3%81%82%E3%82%8A/dp/B0D2Y9T75Y/ref=sr_1_43?crid=2E5D17O346HHX&dib=eyJ2IjoiMSJ9.xl7bKTVwQRUtHYZTiA-vVib4PMmYLzBdKjll6YQKz-NzU2qig7AY-QAs74aeV2XSG29X-gwA37XMAM_x4EWcB3YDQOcjRYS7uGF8Iy5506QEPyGaX1ofODgMcWH3Z1z7yFiT5lxyXR40H4ugMmit-3nF-Idaer2lqou2LUhm0hivScSy2SU7nGmO0c2ts2UrVhNd8RG5hbIOx9GeQNOTAwh0wvi8K14Nb4QSndMQJPo8Gr9DleVz2YxsqUw7WmZ0aa3r7cWQ4uUyF9K3lG-_fRS1yOjrSQF-fXQqatZmd1g.POF_MyIHHxw_VJS9jT4epQ9nUCLa-mb8ohAGQundz5s&dib_tag=se&keywords=%E3%82%AA%E3%83%AB%E3%83%88%E3%83%95%E3%82%A9%E3%83%B3+%E4%BA%A4%E6%8F%9B%E9%87%9D&qid=1784275262&refinements=p_85%3A8070706051%2Cp_n_condition-type%3A2249602051&rnid=2249601051&rps=1&sprefix=%E3%82%AA%E3%83%AB%E3%83%88%E3%83%95%E3%82%A9%E3%83%B3+%2Caps%2C329&sr=8-43&ufe=app_do%3Aamzn1.fos.35785624-70c4-44ae-a5c3-3f044f475d63","ortofon Stylus Concorde Music Blue オルトフォン Concorde Music Blue用 交換針 Concorde Musicシリーズ全モデルと本体互換あり","javascript:void(0)","5つ星のうち4.4","https://www.amazon.co.jp/Stylus-Concorde-Music-Blue-Music%E3%82%B7%E3%83%AA%E3%83%BC%E3%82%BA%E5%85%A8%E3%83%A2%E3%83%87%E3%83%AB%E3%81%A8%E6%9C%AC%E4%BD%93%E4%BA%92%E6%8F%9B%E3%81%82%E3%82%8A/dp/B0D2Y9T75Y/ref=sr_1_43?crid=2E5D17O346HHX&dib=eyJ2IjoiMSJ9.xl7bKTVwQRUtHYZTiA-vVib4PMmYLzBdKjll6YQKz-NzU2qig7AY-QAs74aeV2XSG29X-gwA37XMAM_x4EWcB3YDQOcjRYS7uGF8Iy5506QEPyGaX1ofODgMcWH3Z1z7yFiT5lxyXR40H4ugMmit-3nF-Idaer2lqou2LUhm0hivScSy2SU7nGmO0c2ts2UrVhNd8RG5hbIOx9GeQNOTAwh0wvi8K14Nb4QSndMQJPo8Gr9DleVz2YxsqUw7WmZ0aa3r7cWQ4uUyF9K3lG-_fRS1yOjrSQF-fXQqatZmd1g.POF_MyIHHxw_VJS9jT4epQ9nUCLa-mb8ohAGQundz5s&dib_tag=se&keywords=%E3%82%AA%E3%83%AB%E3%83%88%E3%83%95%E3%82%A9%E3%83%B3+%E4%BA%A4%E6%8F%9B%E9%87%9D&qid=1784275262&refinements=p_85%3A8070706051%2Cp_n_condition-type%3A2249602051&rnid=2249601051&rps=1&sprefix=%E3%82%AA%E3%83%AB%E3%83%88%E3%83%95%E3%82%A9%E3%83%B3+%2Caps%2C329&sr=8-43&ufe=app_do%3Aamzn1.fos.35785624-70c4-44ae-a5c3-3f044f475d63#customerReviews","残り3点 ご注文はお早めに","https://www.amazon.co.jp/Stylus-Concorde-Music-Blue-Music%E3%82%B7%E3%83%AA%E3%83%BC%E3%82%BA%E5%85%A8%E3%83%A2%E3%83%87%E3%83%AB%E3%81%A8%E6%9C%AC%E4%BD%93%E4%BA%92%E6%8F%9B%E3%81%82%E3%82%8A/dp/B0D2Y9T75Y/ref=sr_1_43?crid=2E5D17O346HHX&dib=eyJ2IjoiMSJ9.xl7bKTVwQRUtHYZTiA-vVib4PMmYLzBdKjll6YQKz-NzU2qig7AY-QAs74aeV2XSG29X-gwA37XMAM_x4EWcB3YDQOcjRYS7uGF8Iy5506QEPyGaX1ofODgMcWH3Z1z7yFiT5lxyXR40H4ugMmit-3nF-Idaer2lqou2LUhm0hivScSy2SU7nGmO0c2ts2UrVhNd8RG5hbIOx9GeQNOTAwh0wvi8K14Nb4QSndMQJPo8Gr9DleVz2YxsqUw7WmZ0aa3r7cWQ4uUyF9K3lG-_fRS1yOjrSQF-fXQqatZmd1g.POF_MyIHHxw_VJS9jT4epQ9nUCLa-mb8ohAGQundz5s&dib_tag=se&keywords=%E3%82%AA%E3%83%AB%E3%83%88%E3%83%95%E3%82%A9%E3%83%B3+%E4%BA%A4%E6%8F%9B%E9%87%9D&qid=1784275262&refinements=p_85%3A8070706051%2Cp_n_condition-type%3A2249602051&rnid=2249601051&rps=1&sprefix=%E3%82%AA%E3%83%AB%E3%83%88%E3%83%95%E3%82%A9%E3%83%B3+%2Caps%2C329&sr=8-43&ufe=app_do%3Aamzn1.fos.35785624-70c4-44ae-a5c3-3f044f475d63","","￥28,340","￥","28,340","",""
"https://www.amazon.co.jp/ortofon-Blue-%E3%82%AA%E3%83%AB%E3%83%88%E3%83%95%E3%82%A9%E3%83%B3-MM%E3%82%AB%E3%83%BC%E3%83%88%E3%83%AA%E3%83%83%E3%82%B8-%E3%80%90%E5%9B%BD%E5%86%85%E6%AD%A3%E8%A6%8F%E5%93%81%E3%80%91/dp/B001E0CK3K/ref=sr_1_44?crid=2E5D17O346HHX&dib=eyJ2IjoiMSJ9.xl7bKTVwQRUtHYZTiA-vVib4PMmYLzBdKjll6YQKz-NzU2qig7AY-QAs74aeV2XSG29X-gwA37XMAM_x4EWcB3YDQOcjRYS7uGF8Iy5506QEPyGaX1ofODgMcWH3Z1z7yFiT5lxyXR40H4ugMmit-3nF-Idaer2lqou2LUhm0hivScSy2SU7nGmO0c2ts2UrVhNd8RG5hbIOx9GeQNOTAwh0wvi8K14Nb4QSndMQJPo8Gr9DleVz2YxsqUw7WmZ0aa3r7cWQ4uUyF9K3lG-_fRS1yOjrSQF-fXQqatZmd1g.POF_MyIHHxw_VJS9jT4epQ9nUCLa-mb8ohAGQundz5s&dib_tag=se&keywords=%E3%82%AA%E3%83%AB%E3%83%88%E3%83%95%E3%82%A9%E3%83%B3+%E4%BA%A4%E6%8F%9B%E9%87%9D&qid=1784275262&refinements=p_85%3A8070706051%2Cp_n_condition-type%3A2249602051&rnid=2249601051&rps=1&sprefix=%E3%82%AA%E3%83%AB%E3%83%88%E3%83%95%E3%82%A9%E3%83%B3+%2Caps%2C329&sr=8-44","https://m.media-amazon.com/images/I/71gWuEgLJuL._AC_UL320_.jpg","https://www.amazon.co.jp/ortofon-Blue-%E3%82%AA%E3%83%AB%E3%83%88%E3%83%95%E3%82%A9%E3%83%B3-MM%E3%82%AB%E3%83%BC%E3%83%88%E3%83%AA%E3%83%83%E3%82%B8-%E3%80%90%E5%9B%BD%E5%86%85%E6%AD%A3%E8%A6%8F%E5%93%81%E3%80%91/dp/B001E0CK3K/ref=sr_1_44?crid=2E5D17O346HHX&dib=eyJ2IjoiMSJ9.xl7bKTVwQRUtHYZTiA-vVib4PMmYLzBdKjll6YQKz-NzU2qig7AY-QAs74aeV2XSG29X-gwA37XMAM_x4EWcB3YDQOcjRYS7uGF8Iy5506QEPyGaX1ofODgMcWH3Z1z7yFiT5lxyXR40H4ugMmit-3nF-Idaer2lqou2LUhm0hivScSy2SU7nGmO0c2ts2UrVhNd8RG5hbIOx9GeQNOTAwh0wvi8K14Nb4QSndMQJPo8Gr9DleVz2YxsqUw7WmZ0aa3r7cWQ4uUyF9K3lG-_fRS1yOjrSQF-fXQqatZmd1g.POF_MyIHHxw_VJS9jT4epQ9nUCLa-mb8ohAGQundz5s&dib_tag=se&keywords=%E3%82%AA%E3%83%AB%E3%83%88%E3%83%95%E3%82%A9%E3%83%B3+%E4%BA%A4%E6%8F%9B%E9%87%9D&qid=1784275262&refinements=p_85%3A8070706051%2Cp_n_condition-type%3A2249602051&rnid=2249601051&rps=1&sprefix=%E3%82%AA%E3%83%AB%E3%83%88%E3%83%95%E3%82%A9%E3%83%B3+%2Caps%2C329&sr=8-44","ortofon 2M Blue オルトフォン MMカートリッジ ステレオ 無垢楕円針 リスニング専用","javascript:void(0)","5つ星のうち4.7","https://www.amazon.co.jp/ortofon-Blue-%E3%82%AA%E3%83%AB%E3%83%88%E3%83%95%E3%82%A9%E3%83%B3-MM%E3%82%AB%E3%83%BC%E3%83%88%E3%83%AA%E3%83%83%E3%82%B8-%E3%80%90%E5%9B%BD%E5%86%85%E6%AD%A3%E8%A6%8F%E5%93%81%E3%80%91/dp/B001E0CK3K/ref=sr_1_44?crid=2E5D17O346HHX&dib=eyJ2IjoiMSJ9.xl7bKTVwQRUtHYZTiA-vVib4PMmYLzBdKjll6YQKz-NzU2qig7AY-QAs74aeV2XSG29X-gwA37XMAM_x4EWcB3YDQOcjRYS7uGF8Iy5506QEPyGaX1ofODgMcWH3Z1z7yFiT5lxyXR40H4ugMmit-3nF-Idaer2lqou2LUhm0hivScSy2SU7nGmO0c2ts2UrVhNd8RG5hbIOx9GeQNOTAwh0wvi8K14Nb4QSndMQJPo8Gr9DleVz2YxsqUw7WmZ0aa3r7cWQ4uUyF9K3lG-_fRS1yOjrSQF-fXQqatZmd1g.POF_MyIHHxw_VJS9jT4epQ9nUCLa-mb8ohAGQundz5s&dib_tag=se&keywords=%E3%82%AA%E3%83%AB%E3%83%88%E3%83%95%E3%82%A9%E3%83%B3+%E4%BA%A4%E6%8F%9B%E9%87%9D&qid=1784275262&refinements=p_85%3A8070706051%2Cp_n_condition-type%3A2249602051&rnid=2249601051&rps=1&sprefix=%E3%82%AA%E3%83%AB%E3%83%88%E3%83%95%E3%82%A9%E3%83%B3+%2Caps%2C329&sr=8-44#customerReviews","「おすすめ出品」の要件を満たす出品はありません","https://www.amazon.co.jp/gp/offer-listing/B001E0CK3K/ref=sr_1_44_olp?rnid=2249601051&rps=1&keywords=%E3%82%AA%E3%83%AB%E3%83%88%E3%83%95%E3%82%A9%E3%83%B3+%E4%BA%A4%E6%8F%9B%E9%87%9D&crid=2E5D17O346HHX&sprefix=%E3%82%AA%E3%83%AB%E3%83%88%E3%83%95%E3%82%A9%E3%83%B3+%2Caps%2C329&dib_tag=se&dib=eyJ2IjoiMSJ9.xl7bKTVwQRUtHYZTiA-vVib4PMmYLzBdKjll6YQKz-NzU2qig7AY-QAs74aeV2XSG29X-gwA37XMAM_x4EWcB3YDQOcjRYS7uGF8Iy5506QEPyGaX1ofODgMcWH3Z1z7yFiT5lxyXR40H4ugMmit-3nF-Idaer2lqou2LUhm0hivScSy2SU7nGmO0c2ts2UrVhNd8RG5hbIOx9GeQNOTAwh0wvi8K14Nb4QSndMQJPo8Gr9DleVz2YxsqUw7WmZ0aa3r7cWQ4uUyF9K3lG-_fRS1yOjrSQF-fXQqatZmd1g.POF_MyIHHxw_VJS9jT4epQ9nUCLa-mb8ohAGQundz5s&qid=1784275262&sr=8-44&refinements=p_85%3A8070706051%2Cp_n_condition-type%3A2249602051","","","","","￥37,400","https://www.amazon.co.jp/ortofon-Blue-%E3%82%AA%E3%83%AB%E3%83%88%E3%83%95%E3%82%A9%E3%83%B3-MM%E3%82%AB%E3%83%BC%E3%83%88%E3%83%AA%E3%83%83%E3%82%B8-%E3%80%90%E5%9B%BD%E5%86%85%E6%AD%A3%E8%A6%8F%E5%93%81%E3%80%91/dp/B001E0CK3K/ref=sr_1_44_so_TURNTABLE?crid=2E5D17O346HHX&dib=eyJ2IjoiMSJ9.xl7bKTVwQRUtHYZTiA-vVib4PMmYLzBdKjll6YQKz-NzU2qig7AY-QAs74aeV2XSG29X-gwA37XMAM_x4EWcB3YDQOcjRYS7uGF8Iy5506QEPyGaX1ofODgMcWH3Z1z7yFiT5lxyXR40H4ugMmit-3nF-Idaer2lqou2LUhm0hivScSy2SU7nGmO0c2ts2UrVhNd8RG5hbIOx9GeQNOTAwh0wvi8K14Nb4QSndMQJPo8Gr9DleVz2YxsqUw7WmZ0aa3r7cWQ4uUyF9K3lG-_fRS1yOjrSQF-fXQqatZmd1g.POF_MyIHHxw_VJS9jT4epQ9nUCLa-mb8ohAGQundz5s&dib_tag=se&keywords=%E3%82%AA%E3%83%AB%E3%83%88%E3%83%95%E3%82%A9%E3%83%B3+%E4%BA%A4%E6%8F%9B%E9%87%9D&qid=1784275262&refinements=p_85%3A8070706051%2Cp_n_condition-type%3A2249602051&rnid=2249601051&rps=1&sprefix=%E3%82%AA%E3%83%AB%E3%83%88%E3%83%95%E3%82%A9%E3%83%B3+%2Caps%2C329&sr=8-44"
"https://www.amazon.co.jp/%E3%82%AA%E3%83%AB%E3%83%88%E3%83%95%E3%82%A9%E3%83%B3-Stylus-Gold-ORTOFON-stylus/dp/B001AMF0HA/ref=sr_1_45?crid=2E5D17O346HHX&dib=eyJ2IjoiMSJ9.xl7bKTVwQRUtHYZTiA-vVib4PMmYLzBdKjll6YQKz-NzU2qig7AY-QAs74aeV2XSG29X-gwA37XMAM_x4EWcB3YDQOcjRYS7uGF8Iy5506QEPyGaX1ofODgMcWH3Z1z7yFiT5lxyXR40H4ugMmit-3nF-Idaer2lqou2LUhm0hivScSy2SU7nGmO0c2ts2UrVhNd8RG5hbIOx9GeQNOTAwh0wvi8K14Nb4QSndMQJPo8Gr9DleVz2YxsqUw7WmZ0aa3r7cWQ4uUyF9K3lG-_fRS1yOjrSQF-fXQqatZmd1g.POF_MyIHHxw_VJS9jT4epQ9nUCLa-mb8ohAGQundz5s&dib_tag=se&keywords=%E3%82%AA%E3%83%AB%E3%83%88%E3%83%95%E3%82%A9%E3%83%B3+%E4%BA%A4%E6%8F%9B%E9%87%9D&qid=1784275262&refinements=p_85%3A8070706051%2Cp_n_condition-type%3A2249602051&rnid=2249601051&rps=1&sprefix=%E3%82%AA%E3%83%AB%E3%83%88%E3%83%95%E3%82%A9%E3%83%B3+%2Caps%2C329&sr=8-45","https://m.media-amazon.com/images/I/61ECCDjOjWL._AC_UL320_.jpg","https://www.amazon.co.jp/%E3%82%AA%E3%83%AB%E3%83%88%E3%83%95%E3%82%A9%E3%83%B3-Stylus-Gold-ORTOFON-stylus/dp/B001AMF0HA/ref=sr_1_45?crid=2E5D17O346HHX&dib=eyJ2IjoiMSJ9.xl7bKTVwQRUtHYZTiA-vVib4PMmYLzBdKjll6YQKz-NzU2qig7AY-QAs74aeV2XSG29X-gwA37XMAM_x4EWcB3YDQOcjRYS7uGF8Iy5506QEPyGaX1ofODgMcWH3Z1z7yFiT5lxyXR40H4ugMmit-3nF-Idaer2lqou2LUhm0hivScSy2SU7nGmO0c2ts2UrVhNd8RG5hbIOx9GeQNOTAwh0wvi8K14Nb4QSndMQJPo8Gr9DleVz2YxsqUw7WmZ0aa3r7cWQ4uUyF9K3lG-_fRS1yOjrSQF-fXQqatZmd1g.POF_MyIHHxw_VJS9jT4epQ9nUCLa-mb8ohAGQundz5s&dib_tag=se&keywords=%E3%82%AA%E3%83%AB%E3%83%88%E3%83%95%E3%82%A9%E3%83%B3+%E4%BA%A4%E6%8F%9B%E9%87%9D&qid=1784275262&refinements=p_85%3A8070706051%2Cp_n_condition-type%3A2249602051&rnid=2249601051&rps=1&sprefix=%E3%82%AA%E3%83%AB%E3%83%88%E3%83%95%E3%82%A9%E3%83%B3+%2Caps%2C329&sr=8-45","ortofon Stylus Gold オルトフォン Concorde Gold用 交換針","javascript:void(0)","5つ星のうち4.5","https://www.amazon.co.jp/%E3%82%AA%E3%83%AB%E3%83%88%E3%83%95%E3%82%A9%E3%83%B3-Stylus-Gold-ORTOFON-stylus/dp/B001AMF0HA/ref=sr_1_45?crid=2E5D17O346HHX&dib=eyJ2IjoiMSJ9.xl7bKTVwQRUtHYZTiA-vVib4PMmYLzBdKjll6YQKz-NzU2qig7AY-QAs74aeV2XSG29X-gwA37XMAM_x4EWcB3YDQOcjRYS7uGF8Iy5506QEPyGaX1ofODgMcWH3Z1z7yFiT5lxyXR40H4ugMmit-3nF-Idaer2lqou2LUhm0hivScSy2SU7nGmO0c2ts2UrVhNd8RG5hbIOx9GeQNOTAwh0wvi8K14Nb4QSndMQJPo8Gr9DleVz2YxsqUw7WmZ0aa3r7cWQ4uUyF9K3lG-_fRS1yOjrSQF-fXQqatZmd1g.POF_MyIHHxw_VJS9jT4epQ9nUCLa-mb8ohAGQundz5s&dib_tag=se&keywords=%E3%82%AA%E3%83%AB%E3%83%88%E3%83%95%E3%82%A9%E3%83%B3+%E4%BA%A4%E6%8F%9B%E9%87%9D&qid=1784275262&refinements=p_85%3A8070706051%2Cp_n_condition-type%3A2249602051&rnid=2249601051&rps=1&sprefix=%E3%82%AA%E3%83%AB%E3%83%88%E3%83%95%E3%82%A9%E3%83%B3+%2Caps%2C329&sr=8-45#customerReviews","「おすすめ出品」の要件を満たす出品はありません","https://www.amazon.co.jp/gp/offer-listing/B001AMF0HA/ref=sr_1_45_olp?rnid=2249601051&rps=1&keywords=%E3%82%AA%E3%83%AB%E3%83%88%E3%83%95%E3%82%A9%E3%83%B3+%E4%BA%A4%E6%8F%9B%E9%87%9D&crid=2E5D17O346HHX&sprefix=%E3%82%AA%E3%83%AB%E3%83%88%E3%83%95%E3%82%A9%E3%83%B3+%2Caps%2C329&dib_tag=se&dib=eyJ2IjoiMSJ9.xl7bKTVwQRUtHYZTiA-vVib4PMmYLzBdKjll6YQKz-NzU2qig7AY-QAs74aeV2XSG29X-gwA37XMAM_x4EWcB3YDQOcjRYS7uGF8Iy5506QEPyGaX1ofODgMcWH3Z1z7yFiT5lxyXR40H4ugMmit-3nF-Idaer2lqou2LUhm0hivScSy2SU7nGmO0c2ts2UrVhNd8RG5hbIOx9GeQNOTAwh0wvi8K14Nb4QSndMQJPo8Gr9DleVz2YxsqUw7WmZ0aa3r7cWQ4uUyF9K3lG-_fRS1yOjrSQF-fXQqatZmd1g.POF_MyIHHxw_VJS9jT4epQ9nUCLa-mb8ohAGQundz5s&qid=1784275262&sr=8-45&refinements=p_85%3A8070706051%2Cp_n_condition-type%3A2249602051","","","","","￥16,500","https://www.amazon.co.jp/%E3%82%AA%E3%83%AB%E3%83%88%E3%83%95%E3%82%A9%E3%83%B3-Stylus-Gold-ORTOFON-stylus/dp/B001AMF0HA/ref=sr_1_45_so_TURNTABLE?crid=2E5D17O346HHX&dib=eyJ2IjoiMSJ9.xl7bKTVwQRUtHYZTiA-vVib4PMmYLzBdKjll6YQKz-NzU2qig7AY-QAs74aeV2XSG29X-gwA37XMAM_x4EWcB3YDQOcjRYS7uGF8Iy5506QEPyGaX1ofODgMcWH3Z1z7yFiT5lxyXR40H4ugMmit-3nF-Idaer2lqou2LUhm0hivScSy2SU7nGmO0c2ts2UrVhNd8RG5hbIOx9GeQNOTAwh0wvi8K14Nb4QSndMQJPo8Gr9DleVz2YxsqUw7WmZ0aa3r7cWQ4uUyF9K3lG-_fRS1yOjrSQF-fXQqatZmd1g.POF_MyIHHxw_VJS9jT4epQ9nUCLa-mb8ohAGQundz5s&dib_tag=se&keywords=%E3%82%AA%E3%83%AB%E3%83%88%E3%83%95%E3%82%A9%E3%83%B3+%E4%BA%A4%E6%8F%9B%E9%87%9D&qid=1784275262&refinements=p_85%3A8070706051%2Cp_n_condition-type%3A2249602051&rnid=2249601051&rps=1&sprefix=%E3%82%AA%E3%83%AB%E3%83%88%E3%83%95%E3%82%A9%E3%83%B3+%2Caps%2C329&sr=8-45"
"https://www.amazon.co.jp/Ortofon-ORTOFON-OMEGA-Omega-Cartridge%E3%80%90%E4%B8%A6%E8%A1%8C%E8%BC%B8%E5%85%A5%E3%80%91/dp/B00DINU4LQ/ref=sr_1_46?crid=2E5D17O346HHX&dib=eyJ2IjoiMSJ9.xl7bKTVwQRUtHYZTiA-vVib4PMmYLzBdKjll6YQKz-NzU2qig7AY-QAs74aeV2XSG29X-gwA37XMAM_x4EWcB3YDQOcjRYS7uGF8Iy5506QEPyGaX1ofODgMcWH3Z1z7yFiT5lxyXR40H4ugMmit-3nF-Idaer2lqou2LUhm0hivScSy2SU7nGmO0c2ts2UrVhNd8RG5hbIOx9GeQNOTAwh0wvi8K14Nb4QSndMQJPo8Gr9DleVz2YxsqUw7WmZ0aa3r7cWQ4uUyF9K3lG-_fRS1yOjrSQF-fXQqatZmd1g.POF_MyIHHxw_VJS9jT4epQ9nUCLa-mb8ohAGQundz5s&dib_tag=se&keywords=%E3%82%AA%E3%83%AB%E3%83%88%E3%83%95%E3%82%A9%E3%83%B3+%E4%BA%A4%E6%8F%9B%E9%87%9D&qid=1784275262&refinements=p_85%3A8070706051%2Cp_n_condition-type%3A2249602051&rnid=2249601051&rps=1&sprefix=%E3%82%AA%E3%83%AB%E3%83%88%E3%83%95%E3%82%A9%E3%83%B3+%2Caps%2C329&sr=8-46","https://m.media-amazon.com/images/I/41diQjkYDgL._AC_UL320_.jpg","https://www.amazon.co.jp/Ortofon-ORTOFON-OMEGA-Omega-Cartridge%E3%80%90%E4%B8%A6%E8%A1%8C%E8%BC%B8%E5%85%A5%E3%80%91/dp/B00DINU4LQ/ref=sr_1_46?crid=2E5D17O346HHX&dib=eyJ2IjoiMSJ9.xl7bKTVwQRUtHYZTiA-vVib4PMmYLzBdKjll6YQKz-NzU2qig7AY-QAs74aeV2XSG29X-gwA37XMAM_x4EWcB3YDQOcjRYS7uGF8Iy5506QEPyGaX1ofODgMcWH3Z1z7yFiT5lxyXR40H4ugMmit-3nF-Idaer2lqou2LUhm0hivScSy2SU7nGmO0c2ts2UrVhNd8RG5hbIOx9GeQNOTAwh0wvi8K14Nb4QSndMQJPo8Gr9DleVz2YxsqUw7WmZ0aa3r7cWQ4uUyF9K3lG-_fRS1yOjrSQF-fXQqatZmd1g.POF_MyIHHxw_VJS9jT4epQ9nUCLa-mb8ohAGQundz5s&dib_tag=se&keywords=%E3%82%AA%E3%83%AB%E3%83%88%E3%83%95%E3%82%A9%E3%83%B3+%E4%BA%A4%E6%8F%9B%E9%87%9D&qid=1784275262&refinements=p_85%3A8070706051%2Cp_n_condition-type%3A2249602051&rnid=2249601051&rps=1&sprefix=%E3%82%AA%E3%83%AB%E3%83%88%E3%83%95%E3%82%A9%E3%83%B3+%2Caps%2C329&sr=8-46","ORTOFON OMEGA Omega Cartridge【並行輸入】","javascript:void(0)","5つ星のうち4.2","https://www.amazon.co.jp/Ortofon-ORTOFON-OMEGA-Omega-Cartridge%E3%80%90%E4%B8%A6%E8%A1%8C%E8%BC%B8%E5%85%A5%E3%80%91/dp/B00DINU4LQ/ref=sr_1_46?crid=2E5D17O346HHX&dib=eyJ2IjoiMSJ9.xl7bKTVwQRUtHYZTiA-vVib4PMmYLzBdKjll6YQKz-NzU2qig7AY-QAs74aeV2XSG29X-gwA37XMAM_x4EWcB3YDQOcjRYS7uGF8Iy5506QEPyGaX1ofODgMcWH3Z1z7yFiT5lxyXR40H4ugMmit-3nF-Idaer2lqou2LUhm0hivScSy2SU7nGmO0c2ts2UrVhNd8RG5hbIOx9GeQNOTAwh0wvi8K14Nb4QSndMQJPo8Gr9DleVz2YxsqUw7WmZ0aa3r7cWQ4uUyF9K3lG-_fRS1yOjrSQF-fXQqatZmd1g.POF_MyIHHxw_VJS9jT4epQ9nUCLa-mb8ohAGQundz5s&dib_tag=se&keywords=%E3%82%AA%E3%83%AB%E3%83%88%E3%83%95%E3%82%A9%E3%83%B3+%E4%BA%A4%E6%8F%9B%E9%87%9D&qid=1784275262&refinements=p_85%3A8070706051%2Cp_n_condition-type%3A2249602051&rnid=2249601051&rps=1&sprefix=%E3%82%AA%E3%83%AB%E3%83%88%E3%83%95%E3%82%A9%E3%83%B3+%2Caps%2C329&sr=8-46#customerReviews","「おすすめ出品」の要件を満たす出品はありません","https://www.amazon.co.jp/gp/offer-listing/B00DINU4LQ/ref=sr_1_46_olp?rnid=2249601051&rps=1&keywords=%E3%82%AA%E3%83%AB%E3%83%88%E3%83%95%E3%82%A9%E3%83%B3+%E4%BA%A4%E6%8F%9B%E9%87%9D&crid=2E5D17O346HHX&sprefix=%E3%82%AA%E3%83%AB%E3%83%88%E3%83%95%E3%82%A9%E3%83%B3+%2Caps%2C329&dib_tag=se&dib=eyJ2IjoiMSJ9.xl7bKTVwQRUtHYZTiA-vVib4PMmYLzBdKjll6YQKz-NzU2qig7AY-QAs74aeV2XSG29X-gwA37XMAM_x4EWcB3YDQOcjRYS7uGF8Iy5506QEPyGaX1ofODgMcWH3Z1z7yFiT5lxyXR40H4ugMmit-3nF-Idaer2lqou2LUhm0hivScSy2SU7nGmO0c2ts2UrVhNd8RG5hbIOx9GeQNOTAwh0wvi8K14Nb4QSndMQJPo8Gr9DleVz2YxsqUw7WmZ0aa3r7cWQ4uUyF9K3lG-_fRS1yOjrSQF-fXQqatZmd1g.POF_MyIHHxw_VJS9jT4epQ9nUCLa-mb8ohAGQundz5s&qid=1784275262&sr=8-46&refinements=p_85%3A8070706051%2Cp_n_condition-type%3A2249602051","","","","","￥11,880","https://www.amazon.co.jp/Ortofon-ORTOFON-OMEGA-Omega-Cartridge%E3%80%90%E4%B8%A6%E8%A1%8C%E8%BC%B8%E5%85%A5%E3%80%91/dp/B00DINU4LQ/ref=sr_1_46_so_TURNTABLE?crid=2E5D17O346HHX&dib=eyJ2IjoiMSJ9.xl7bKTVwQRUtHYZTiA-vVib4PMmYLzBdKjll6YQKz-NzU2qig7AY-QAs74aeV2XSG29X-gwA37XMAM_x4EWcB3YDQOcjRYS7uGF8Iy5506QEPyGaX1ofODgMcWH3Z1z7yFiT5lxyXR40H4ugMmit-3nF-Idaer2lqou2LUhm0hivScSy2SU7nGmO0c2ts2UrVhNd8RG5hbIOx9GeQNOTAwh0wvi8K14Nb4QSndMQJPo8Gr9DleVz2YxsqUw7WmZ0aa3r7cWQ4uUyF9K3lG-_fRS1yOjrSQF-fXQqatZmd1g.POF_MyIHHxw_VJS9jT4epQ9nUCLa-mb8ohAGQundz5s&dib_tag=se&keywords=%E3%82%AA%E3%83%AB%E3%83%88%E3%83%95%E3%82%A9%E3%83%B3+%E4%BA%A4%E6%8F%9B%E9%87%9D&qid=1784275262&refinements=p_85%3A8070706051%2Cp_n_condition-type%3A2249602051&rnid=2249601051&rps=1&sprefix=%E3%82%AA%E3%83%AB%E3%83%88%E3%83%95%E3%82%A9%E3%83%B3+%2Caps%2C329&sr=8-46"
"https://www.amazon.co.jp/Audio-Technica-%E3%82%AA%E3%83%BC%E3%83%87%E3%82%A3%E3%82%AA%E3%83%86%E3%82%AF%E3%83%8B%E3%82%AB-AT-VMN95E-VM%E5%9E%8B%E3%82%B9%E3%83%86%E3%83%AC%E3%82%AA%E3%82%AB-%E3%83%88%E3%83%AA%E3%83%83%E3%82%B8%E4%BA%A4%E6%8F%9B%E9%87%9D/dp/B07JXDD3YK/ref=sr_1_47?crid=2E5D17O346HHX&dib=eyJ2IjoiMSJ9.xl7bKTVwQRUtHYZTiA-vVib4PMmYLzBdKjll6YQKz-NzU2qig7AY-QAs74aeV2XSG29X-gwA37XMAM_x4EWcB3YDQOcjRYS7uGF8Iy5506QEPyGaX1ofODgMcWH3Z1z7yFiT5lxyXR40H4ugMmit-3nF-Idaer2lqou2LUhm0hivScSy2SU7nGmO0c2ts2UrVhNd8RG5hbIOx9GeQNOTAwh0wvi8K14Nb4QSndMQJPo8Gr9DleVz2YxsqUw7WmZ0aa3r7cWQ4uUyF9K3lG-_fRS1yOjrSQF-fXQqatZmd1g.POF_MyIHHxw_VJS9jT4epQ9nUCLa-mb8ohAGQundz5s&dib_tag=se&keywords=%E3%82%AA%E3%83%AB%E3%83%88%E3%83%95%E3%82%A9%E3%83%B3+%E4%BA%A4%E6%8F%9B%E9%87%9D&qid=1784275262&refinements=p_85%3A8070706051%2Cp_n_condition-type%3A2249602051&rnid=2249601051&rps=1&sprefix=%E3%82%AA%E3%83%AB%E3%83%88%E3%83%95%E3%82%A9%E3%83%B3+%2Caps%2C329&sr=8-47&ufe=app_do%3Aamzn1.fos.35785624-70c4-44ae-a5c3-3f044f475d63","https://m.media-amazon.com/images/I/61V7HntozEL._AC_UL320_.jpg","https://www.amazon.co.jp/Audio-Technica-%E3%82%AA%E3%83%BC%E3%83%87%E3%82%A3%E3%82%AA%E3%83%86%E3%82%AF%E3%83%8B%E3%82%AB-AT-VMN95E-VM%E5%9E%8B%E3%82%B9%E3%83%86%E3%83%AC%E3%82%AA%E3%82%AB-%E3%83%88%E3%83%AA%E3%83%83%E3%82%B8%E4%BA%A4%E6%8F%9B%E9%87%9D/dp/B07JXDD3YK/ref=sr_1_47?crid=2E5D17O346HHX&dib=eyJ2IjoiMSJ9.xl7bKTVwQRUtHYZTiA-vVib4PMmYLzBdKjll6YQKz-NzU2qig7AY-QAs74aeV2XSG29X-gwA37XMAM_x4EWcB3YDQOcjRYS7uGF8Iy5506QEPyGaX1ofODgMcWH3Z1z7yFiT5lxyXR40H4ugMmit-3nF-Idaer2lqou2LUhm0hivScSy2SU7nGmO0c2ts2UrVhNd8RG5hbIOx9GeQNOTAwh0wvi8K14Nb4QSndMQJPo8Gr9DleVz2YxsqUw7WmZ0aa3r7cWQ4uUyF9K3lG-_fRS1yOjrSQF-fXQqatZmd1g.POF_MyIHHxw_VJS9jT4epQ9nUCLa-mb8ohAGQundz5s&dib_tag=se&keywords=%E3%82%AA%E3%83%AB%E3%83%88%E3%83%95%E3%82%A9%E3%83%B3+%E4%BA%A4%E6%8F%9B%E9%87%9D&qid=1784275262&refinements=p_85%3A8070706051%2Cp_n_condition-type%3A2249602051&rnid=2249601051&rps=1&sprefix=%E3%82%AA%E3%83%AB%E3%83%88%E3%83%95%E3%82%A9%E3%83%B3+%2Caps%2C329&sr=8-47&ufe=app_do%3Aamzn1.fos.35785624-70c4-44ae-a5c3-3f044f475d63","オーディオテクニカ AT-VMN95E VM型 交換針 楕円針 AT-VM95シリーズ レコード針 カートリッジ レコードプレーヤー グリーン","javascript:void(0)","5つ星のうち4.7","https://www.amazon.co.jp/Audio-Technica-%E3%82%AA%E3%83%BC%E3%83%87%E3%82%A3%E3%82%AA%E3%83%86%E3%82%AF%E3%83%8B%E3%82%AB-AT-VMN95E-VM%E5%9E%8B%E3%82%B9%E3%83%86%E3%83%AC%E3%82%AA%E3%82%AB-%E3%83%88%E3%83%AA%E3%83%83%E3%82%B8%E4%BA%A4%E6%8F%9B%E9%87%9D/dp/B07JXDD3YK/ref=sr_1_47?crid=2E5D17O346HHX&dib=eyJ2IjoiMSJ9.xl7bKTVwQRUtHYZTiA-vVib4PMmYLzBdKjll6YQKz-NzU2qig7AY-QAs74aeV2XSG29X-gwA37XMAM_x4EWcB3YDQOcjRYS7uGF8Iy5506QEPyGaX1ofODgMcWH3Z1z7yFiT5lxyXR40H4ugMmit-3nF-Idaer2lqou2LUhm0hivScSy2SU7nGmO0c2ts2UrVhNd8RG5hbIOx9GeQNOTAwh0wvi8K14Nb4QSndMQJPo8Gr9DleVz2YxsqUw7WmZ0aa3r7cWQ4uUyF9K3lG-_fRS1yOjrSQF-fXQqatZmd1g.POF_MyIHHxw_VJS9jT4epQ9nUCLa-mb8ohAGQundz5s&dib_tag=se&keywords=%E3%82%AA%E3%83%AB%E3%83%88%E3%83%95%E3%82%A9%E3%83%B3+%E4%BA%A4%E6%8F%9B%E9%87%9D&qid=1784275262&refinements=p_85%3A8070706051%2Cp_n_condition-type%3A2249602051&rnid=2249601051&rps=1&sprefix=%E3%82%AA%E3%83%AB%E3%83%88%E3%83%95%E3%82%A9%E3%83%B3+%2Caps%2C329&sr=8-47&ufe=app_do%3Aamzn1.fos.35785624-70c4-44ae-a5c3-3f044f475d63#customerReviews","過去1か月で50点以上購入されました","https://www.amazon.co.jp/gp/bestsellers/electronics/2225502051/ref=top_seller_insight_2","https://www.amazon.co.jp/Audio-Technica-%E3%82%AA%E3%83%BC%E3%83%87%E3%82%A3%E3%82%AA%E3%83%86%E3%82%AF%E3%83%8B%E3%82%AB-AT-VMN95E-VM%E5%9E%8B%E3%82%B9%E3%83%86%E3%83%AC%E3%82%AA%E3%82%AB-%E3%83%88%E3%83%AA%E3%83%83%E3%82%B8%E4%BA%A4%E6%8F%9B%E9%87%9D/dp/B07JXDD3YK/ref=sr_1_47?crid=2E5D17O346HHX&dib=eyJ2IjoiMSJ9.xl7bKTVwQRUtHYZTiA-vVib4PMmYLzBdKjll6YQKz-NzU2qig7AY-QAs74aeV2XSG29X-gwA37XMAM_x4EWcB3YDQOcjRYS7uGF8Iy5506QEPyGaX1ofODgMcWH3Z1z7yFiT5lxyXR40H4ugMmit-3nF-Idaer2lqou2LUhm0hivScSy2SU7nGmO0c2ts2UrVhNd8RG5hbIOx9GeQNOTAwh0wvi8K14Nb4QSndMQJPo8Gr9DleVz2YxsqUw7WmZ0aa3r7cWQ4uUyF9K3lG-_fRS1yOjrSQF-fXQqatZmd1g.POF_MyIHHxw_VJS9jT4epQ9nUCLa-mb8ohAGQundz5s&dib_tag=se&keywords=%E3%82%AA%E3%83%AB%E3%83%88%E3%83%95%E3%82%A9%E3%83%B3+%E4%BA%A4%E6%8F%9B%E9%87%9D&qid=1784275262&refinements=p_85%3A8070706051%2Cp_n_condition-type%3A2249602051&rnid=2249601051&rps=1&sprefix=%E3%82%AA%E3%83%AB%E3%83%88%E3%83%95%E3%82%A9%E3%83%B3+%2Caps%2C329&sr=8-47&ufe=app_do%3Aamzn1.fos.35785624-70c4-44ae-a5c3-3f044f475d63","￥6,000","￥","6,000","￥5,940",""
"https://www.amazon.co.jp/%E3%82%AA%E3%83%BC%E3%83%87%E3%82%A3%E3%82%AA%E3%83%86%E3%82%AF%E3%83%8B%E3%82%AB-audio-technica-VM520EB-VM%E5%9E%8B%E3%82%B9%E3%83%86%E3%83%AC%E3%82%AA%E3%82%AB%E3%83%BC%E3%83%88%E3%83%AA%E3%83%83%E3%82%B8audio-technica/dp/B01M27L6P5/ref=sr_1_48?crid=2E5D17O346HHX&dib=eyJ2IjoiMSJ9.xl7bKTVwQRUtHYZTiA-vVib4PMmYLzBdKjll6YQKz-NzU2qig7AY-QAs74aeV2XSG29X-gwA37XMAM_x4EWcB3YDQOcjRYS7uGF8Iy5506QEPyGaX1ofODgMcWH3Z1z7yFiT5lxyXR40H4ugMmit-3nF-Idaer2lqou2LUhm0hivScSy2SU7nGmO0c2ts2UrVhNd8RG5hbIOx9GeQNOTAwh0wvi8K14Nb4QSndMQJPo8Gr9DleVz2YxsqUw7WmZ0aa3r7cWQ4uUyF9K3lG-_fRS1yOjrSQF-fXQqatZmd1g.POF_MyIHHxw_VJS9jT4epQ9nUCLa-mb8ohAGQundz5s&dib_tag=se&keywords=%E3%82%AA%E3%83%AB%E3%83%88%E3%83%95%E3%82%A9%E3%83%B3+%E4%BA%A4%E6%8F%9B%E9%87%9D&qid=1784275262&refinements=p_85%3A8070706051%2Cp_n_condition-type%3A2249602051&rnid=2249601051&rps=1&sprefix=%E3%82%AA%E3%83%AB%E3%83%88%E3%83%95%E3%82%A9%E3%83%B3+%2Caps%2C329&sr=8-48&ufe=app_do%3Aamzn1.fos.35785624-70c4-44ae-a5c3-3f044f475d63","https://m.media-amazon.com/images/I/61ugHKhhAtL._AC_UL320_.jpg","https://www.amazon.co.jp/%E3%82%AA%E3%83%BC%E3%83%87%E3%82%A3%E3%82%AA%E3%83%86%E3%82%AF%E3%83%8B%E3%82%AB-audio-technica-VM520EB-VM%E5%9E%8B%E3%82%B9%E3%83%86%E3%83%AC%E3%82%AA%E3%82%AB%E3%83%BC%E3%83%88%E3%83%AA%E3%83%83%E3%82%B8audio-technica/dp/B01M27L6P5/ref=sr_1_48?crid=2E5D17O346HHX&dib=eyJ2IjoiMSJ9.xl7bKTVwQRUtHYZTiA-vVib4PMmYLzBdKjll6YQKz-NzU2qig7AY-QAs74aeV2XSG29X-gwA37XMAM_x4EWcB3YDQOcjRYS7uGF8Iy5506QEPyGaX1ofODgMcWH3Z1z7yFiT5lxyXR40H4ugMmit-3nF-Idaer2lqou2LUhm0hivScSy2SU7nGmO0c2ts2UrVhNd8RG5hbIOx9GeQNOTAwh0wvi8K14Nb4QSndMQJPo8Gr9DleVz2YxsqUw7WmZ0aa3r7cWQ4uUyF9K3lG-_fRS1yOjrSQF-fXQqatZmd1g.POF_MyIHHxw_VJS9jT4epQ9nUCLa-mb8ohAGQundz5s&dib_tag=se&keywords=%E3%82%AA%E3%83%AB%E3%83%88%E3%83%95%E3%82%A9%E3%83%B3+%E4%BA%A4%E6%8F%9B%E9%87%9D&qid=1784275262&refinements=p_85%3A8070706051%2Cp_n_condition-type%3A2249602051&rnid=2249601051&rps=1&sprefix=%E3%82%AA%E3%83%AB%E3%83%88%E3%83%95%E3%82%A9%E3%83%B3+%2Caps%2C329&sr=8-48&ufe=app_do%3Aamzn1.fos.35785624-70c4-44ae-a5c3-3f044f475d63","audio-technica VM型ステレオカートリッジ 接合楕円針 VM520EB","javascript:void(0)","5つ星のうち4.6","https://www.amazon.co.jp/%E3%82%AA%E3%83%BC%E3%83%87%E3%82%A3%E3%82%AA%E3%83%86%E3%82%AF%E3%83%8B%E3%82%AB-audio-technica-VM520EB-VM%E5%9E%8B%E3%82%B9%E3%83%86%E3%83%AC%E3%82%AA%E3%82%AB%E3%83%BC%E3%83%88%E3%83%AA%E3%83%83%E3%82%B8audio-technica/dp/B01M27L6P5/ref=sr_1_48?crid=2E5D17O346HHX&dib=eyJ2IjoiMSJ9.xl7bKTVwQRUtHYZTiA-vVib4PMmYLzBdKjll6YQKz-NzU2qig7AY-QAs74aeV2XSG29X-gwA37XMAM_x4EWcB3YDQOcjRYS7uGF8Iy5506QEPyGaX1ofODgMcWH3Z1z7yFiT5lxyXR40H4ugMmit-3nF-Idaer2lqou2LUhm0hivScSy2SU7nGmO0c2ts2UrVhNd8RG5hbIOx9GeQNOTAwh0wvi8K14Nb4QSndMQJPo8Gr9DleVz2YxsqUw7WmZ0aa3r7cWQ4uUyF9K3lG-_fRS1yOjrSQF-fXQqatZmd1g.POF_MyIHHxw_VJS9jT4epQ9nUCLa-mb8ohAGQundz5s&dib_tag=se&keywords=%E3%82%AA%E3%83%AB%E3%83%88%E3%83%95%E3%82%A9%E3%83%B3+%E4%BA%A4%E6%8F%9B%E9%87%9D&qid=1784275262&refinements=p_85%3A8070706051%2Cp_n_condition-type%3A2249602051&rnid=2249601051&rps=1&sprefix=%E3%82%AA%E3%83%AB%E3%83%88%E3%83%95%E3%82%A9%E3%83%B3+%2Caps%2C329&sr=8-48&ufe=app_do%3Aamzn1.fos.35785624-70c4-44ae-a5c3-3f044f475d63#customerReviews","過去:","https://www.amazon.co.jp/%E3%82%AA%E3%83%BC%E3%83%87%E3%82%A3%E3%82%AA%E3%83%86%E3%82%AF%E3%83%8B%E3%82%AB-audio-technica-VM520EB-VM%E5%9E%8B%E3%82%B9%E3%83%86%E3%83%AC%E3%82%AA%E3%82%AB%E3%83%BC%E3%83%88%E3%83%AA%E3%83%83%E3%82%B8audio-technica/dp/B01M27L6P5/ref=sr_1_48?crid=2E5D17O346HHX&dib=eyJ2IjoiMSJ9.xl7bKTVwQRUtHYZTiA-vVib4PMmYLzBdKjll6YQKz-NzU2qig7AY-QAs74aeV2XSG29X-gwA37XMAM_x4EWcB3YDQOcjRYS7uGF8Iy5506QEPyGaX1ofODgMcWH3Z1z7yFiT5lxyXR40H4ugMmit-3nF-Idaer2lqou2LUhm0hivScSy2SU7nGmO0c2ts2UrVhNd8RG5hbIOx9GeQNOTAwh0wvi8K14Nb4QSndMQJPo8Gr9DleVz2YxsqUw7WmZ0aa3r7cWQ4uUyF9K3lG-_fRS1yOjrSQF-fXQqatZmd1g.POF_MyIHHxw_VJS9jT4epQ9nUCLa-mb8ohAGQundz5s&dib_tag=se&keywords=%E3%82%AA%E3%83%AB%E3%83%88%E3%83%95%E3%82%A9%E3%83%B3+%E4%BA%A4%E6%8F%9B%E9%87%9D&qid=1784275262&refinements=p_85%3A8070706051%2Cp_n_condition-type%3A2249602051&rnid=2249601051&rps=1&sprefix=%E3%82%AA%E3%83%AB%E3%83%88%E3%83%95%E3%82%A9%E3%83%B3+%2Caps%2C329&sr=8-48&ufe=app_do%3Aamzn1.fos.35785624-70c4-44ae-a5c3-3f044f475d63","","￥12,873","￥","12,873","",""
"https://www.amazon.co.jp/sspa/click?ie=UTF8&spc=MTo2NDU2MzMwOTE1MzQxNTM4OjE3ODQyNzUyNzA6c3BfYXRmX25leHQ6MzAwMTE5OTIwNTQyNjYyOjowOjo&url=%2FFUGSHIYI-%25E3%2583%25AC%25E3%2582%25B3%25E3%2583%25BC%25E3%2583%2589%25E9%2587%259D-%25E3%2583%25AC%25E3%2582%25B3%25E3%2583%25BC%25E3%2583%2589%25E3%2583%2597%25E3%2583%25AC%25E3%2583%25BC%25E3%2583%25A4%25E3%2583%25BC-%25E3%2582%25B9%25E3%2583%2594%25E3%2583%25BC%25E3%2582%25AB%25E3%2583%25BC%25E3%2582%25BB%25E3%2583%2583%25E3%2583%2588-%25E4%25BA%25A4%25E6%258F%259B%25E7%2594%25A8%25E3%2583%25AC%25E3%2582%25B3%25E3%2583%25BC%25E3%2583%2589%25E9%2587%259D%2Fdp%2FB0FJYLTZX7%2Fref%3Dsr_1_49_sspa%3Fcrid%3D2E5D17O346HHX%26dib%3DeyJ2IjoiMSJ9.zQ3tKz8badUqb0lLIneUT3AOb0jUm0cbajuknGW93jE0e-g1Y1bsAOzBk__7xwfVA-wS13NVnnbm1BBuWA7_t9ku5UDKbJUTpZ1sZFsC3PE.ytaCS5eicfI5RVsFeVKK-fIAKuB5r1Bb9xIVZA_rsbU%26dib_tag%3Dse%26keywords%3D%25E3%2582%25AA%25E3%2583%25AB%25E3%2583%2588%25E3%2583%2595%25E3%2582%25A9%25E3%2583%25B3%2B%25E4%25BA%25A4%25E6%258F%259B%25E9%2587%259D%26qid%3D1784275270%26refinements%3Dp_85%253A8070706051%252Cp_n_condition-type%253A2249602051%26rnid%3D2249601051%26rps%3D1%26sprefix%3D%25E3%2582%25AA%25E3%2583%25AB%25E3%2583%2588%25E3%2583%2595%25E3%2582%25A9%25E3%2583%25B3%2B%252Caps%252C329%26sr%3D8-49-spons%26ufe%3Dapp_do%253Aamzn1.fos.5a18048f-6552-4a07-bd23-1b8dab0d2e4f%26xpid%3Dow3nQIrXEF8aF%26sp_csd%3Dd2lkZ2V0TmFtZT1zcF9hdGZfbmV4dA%26psc%3D1","https://m.media-amazon.com/images/I/51R-Tb0u6kL._AC_UL320_.jpg","https://www.amazon.co.jp/s?k=%E3%82%AA%E3%83%AB%E3%83%88%E3%83%95%E3%82%A9%E3%83%B3+%E4%BA%A4%E6%8F%9B%E9%87%9D&rh=p_85%3A8070706051%2Cp_n_condition-type%3A2249602051&dc&page=2&xpid=ow3nQIrXEF8aF&crid=2E5D17O346HHX&qid=1784275262&rnid=2249601051&sprefix=%E3%82%AA%E3%83%AB%E3%83%88%E3%83%95%E3%82%A9%E3%83%B3+%2Caps%2C329&ref=sr_pg_2#","レコード針 レコード 針 レコードプレーヤー スピーカーセット 3個セット 交換針 交換用レコード針 丸針","javascript:void(0)","5つ星のうち3.5","https://www.amazon.co.jp/sspa/click?ie=UTF8&spc=MTo2NDU2MzMwOTE1MzQxNTM4OjE3ODQyNzUyNzA6c3BfYXRmX25leHQ6MzAwMTE5OTIwNTQyNjYyOjowOjo&url=%2FFUGSHIYI-%25E3%2583%25AC%25E3%2582%25B3%25E3%2583%25BC%25E3%2583%2589%25E9%2587%259D-%25E3%2583%25AC%25E3%2582%25B3%25E3%2583%25BC%25E3%2583%2589%25E3%2583%2597%25E3%2583%25AC%25E3%2583%25BC%25E3%2583%25A4%25E3%2583%25BC-%25E3%2582%25B9%25E3%2583%2594%25E3%2583%25BC%25E3%2582%25AB%25E3%2583%25BC%25E3%2582%25BB%25E3%2583%2583%25E3%2583%2588-%25E4%25BA%25A4%25E6%258F%259B%25E7%2594%25A8%25E3%2583%25AC%25E3%2582%25B3%25E3%2583%25BC%25E3%2583%2589%25E9%2587%259D%2Fdp%2FB0FJYLTZX7%2Fref%3Dsr_1_49_sspa%3Fcrid%3D2E5D17O346HHX%26dib%3DeyJ2IjoiMSJ9.zQ3tKz8badUqb0lLIneUT3AOb0jUm0cbajuknGW93jE0e-g1Y1bsAOzBk__7xwfVA-wS13NVnnbm1BBuWA7_t9ku5UDKbJUTpZ1sZFsC3PE.ytaCS5eicfI5RVsFeVKK-fIAKuB5r1Bb9xIVZA_rsbU%26dib_tag%3Dse%26keywords%3D%25E3%2582%25AA%25E3%2583%25AB%25E3%2583%2588%25E3%2583%2595%25E3%2582%25A9%25E3%2583%25B3%2B%25E4%25BA%25A4%25E6%258F%259B%25E9%2587%259D%26qid%3D1784275270%26refinements%3Dp_85%253A8070706051%252Cp_n_condition-type%253A2249602051%26rnid%3D2249601051%26rps%3D1%26sprefix%3D%25E3%2582%25AA%25E3%2583%25AB%25E3%2583%2588%25E3%2583%2595%25E3%2582%25A9%25E3%2583%25B3%2B%252Caps%252C329%26sr%3D8-49-spons%26ufe%3Dapp_do%253Aamzn1.fos.5a18048f-6552-4a07-bd23-1b8dab0d2e4f%26xpid%3Dow3nQIrXEF8aF%26sp_csd%3Dd2lkZ2V0TmFtZT1zcF9hdGZfbmV4dA%26psc%3D1","6ポイント(1%)","https://www.amazon.co.jp/sspa/click?ie=UTF8&spc=MTo2NDU2MzMwOTE1MzQxNTM4OjE3ODQyNzUyNzA6c3BfYXRmX25leHQ6MzAwMTE5OTIwNTQyNjYyOjowOjo&url=%2FFUGSHIYI-%25E3%2583%25AC%25E3%2582%25B3%25E3%2583%25BC%25E3%2583%2589%25E9%2587%259D-%25E3%2583%25AC%25E3%2582%25B3%25E3%2583%25BC%25E3%2583%2589%25E3%2583%2597%25E3%2583%25AC%25E3%2583%25BC%25E3%2583%25A4%25E3%2583%25BC-%25E3%2582%25B9%25E3%2583%2594%25E3%2583%25BC%25E3%2582%25AB%25E3%2583%25BC%25E3%2582%25BB%25E3%2583%2583%25E3%2583%2588-%25E4%25BA%25A4%25E6%258F%259B%25E7%2594%25A8%25E3%2583%25AC%25E3%2582%25B3%25E3%2583%25BC%25E3%2583%2589%25E9%2587%259D%2Fdp%2FB0FJYLTZX7%2Fref%3Dsr_1_49_sspa%3Fcrid%3D2E5D17O346HHX%26dib%3DeyJ2IjoiMSJ9.zQ3tKz8badUqb0lLIneUT3AOb0jUm0cbajuknGW93jE0e-g1Y1bsAOzBk__7xwfVA-wS13NVnnbm1BBuWA7_t9ku5UDKbJUTpZ1sZFsC3PE.ytaCS5eicfI5RVsFeVKK-fIAKuB5r1Bb9xIVZA_rsbU%26dib_tag%3Dse%26keywords%3D%25E3%2582%25AA%25E3%2583%25AB%25E3%2583%2588%25E3%2583%2595%25E3%2582%25A9%25E3%2583%25B3%2B%25E4%25BA%25A4%25E6%258F%259B%25E9%2587%259D%26qid%3D1784275270%26refinements%3Dp_85%253A8070706051%252Cp_n_condition-type%253A2249602051%26rnid%3D2249601051%26rps%3D1%26sprefix%3D%25E3%2582%25AA%25E3%2583%25AB%25E3%2583%2588%25E3%2583%2595%25E3%2582%25A9%25E3%2583%25B3%2B%252Caps%252C329%26sr%3D8-49-spons%26ufe%3Dapp_do%253Aamzn1.fos.5a18048f-6552-4a07-bd23-1b8dab0d2e4f%26xpid%3Dow3nQIrXEF8aF%26sp_csd%3Dd2lkZ2V0TmFtZT1zcF9hdGZfbmV4dA%26psc%3D1#customerReviews","https://www.amazon.co.jp/sspa/click?ie=UTF8&spc=MTo2NDU2MzMwOTE1MzQxNTM4OjE3ODQyNzUyNzA6c3BfYXRmX25leHQ6MzAwMTE5OTIwNTQyNjYyOjowOjo&url=%2FFUGSHIYI-%25E3%2583%25AC%25E3%2582%25B3%25E3%2583%25BC%25E3%2583%2589%25E9%2587%259D-%25E3%2583%25AC%25E3%2582%25B3%25E3%2583%25BC%25E3%2583%2589%25E3%2583%2597%25E3%2583%25AC%25E3%2583%25BC%25E3%2583%25A4%25E3%2583%25BC-%25E3%2582%25B9%25E3%2583%2594%25E3%2583%25BC%25E3%2582%25AB%25E3%2583%25BC%25E3%2582%25BB%25E3%2583%2583%25E3%2583%2588-%25E4%25BA%25A4%25E6%258F%259B%25E7%2594%25A8%25E3%2583%25AC%25E3%2582%25B3%25E3%2583%25BC%25E3%2583%2589%25E9%2587%259D%2Fdp%2FB0FJYLTZX7%2Fref%3Dsr_1_49_sspa%3Fcrid%3D2E5D17O346HHX%26dib%3DeyJ2IjoiMSJ9.zQ3tKz8badUqb0lLIneUT3AOb0jUm0cbajuknGW93jE0e-g1Y1bsAOzBk__7xwfVA-wS13NVnnbm1BBuWA7_t9ku5UDKbJUTpZ1sZFsC3PE.ytaCS5eicfI5RVsFeVKK-fIAKuB5r1Bb9xIVZA_rsbU%26dib_tag%3Dse%26keywords%3D%25E3%2582%25AA%25E3%2583%25AB%25E3%2583%2588%25E3%2583%2595%25E3%2582%25A9%25E3%2583%25B3%2B%25E4%25BA%25A4%25E6%258F%259B%25E9%2587%259D%26qid%3D1784275270%26refinements%3Dp_85%253A8070706051%252Cp_n_condition-type%253A2249602051%26rnid%3D2249601051%26rps%3D1%26sprefix%3D%25E3%2582%25AA%25E3%2583%25AB%25E3%2583%2588%25E3%2583%2595%25E3%2582%25A9%25E3%2583%25B3%2B%252Caps%252C329%26sr%3D8-49-spons%26ufe%3Dapp_do%253Aamzn1.fos.5a18048f-6552-4a07-bd23-1b8dab0d2e4f%26xpid%3Dow3nQIrXEF8aF%26sp_csd%3Dd2lkZ2V0TmFtZT1zcF9hdGZfbmV4dA%26psc%3D1","￥599","￥","599","",""
"https://www.amazon.co.jp/sspa/click?ie=UTF8&spc=MTo2NDU2MzMwOTE1MzQxNTM4OjE3ODQyNzUyNzA6c3BfYXRmX25leHQ6MzAwMjA3NzU0NTg3MTYyOjowOjo&url=%2F%25E3%2583%25AC%25E3%2582%25B3%25E3%2583%25BC%25E3%2583%2589%25E9%2587%259D-%25E4%25BA%25A4%25E6%258F%259B%25E9%2587%259D-%25E3%2582%25BF%25E3%2583%25BC%25E3%2583%25B3%25E3%2583%2586%25E3%2583%25BC%25E3%2583%2596%25E3%2583%25AB%25E3%2582%25B9%25E3%2582%25BF%25E3%2582%25A4%25E3%2583%25A9%25E3%2582%25B9%25E4%25BA%25A4%25E6%258F%259B%25E3%2582%25BF%25E3%2583%25BC%25E3%2583%25B3%25E3%2583%2586%25E3%2583%25BC%25E3%2583%2596%25E3%2583%25AB%25E3%2583%2597%25E3%2583%25AC%25E3%2583%25BC%25E3%2583%25A4%25E3%2583%25BC%25E8%2593%2584%25E9%259F%25B3%25E6%25A9%259F-%25E3%2583%25AC%25E3%2582%25B3%25E3%2583%25BC%25E3%2583%2589%25E3%2583%2597%25E3%2583%25AC%25E3%2583%25BC%25E3%2583%25A4%25E3%2583%25BC%25E9%2587%259D-4%25E5%2580%258B%2Fdp%2FB09B72H28S%2Fref%3Dsr_1_50_sspa%3Fcrid%3D2E5D17O346HHX%26dib%3DeyJ2IjoiMSJ9.zQ3tKz8badUqb0lLIneUT3AOb0jUm0cbajuknGW93jE0e-g1Y1bsAOzBk__7xwfVA-wS13NVnnbm1BBuWA7_t9ku5UDKbJUTpZ1sZFsC3PE.ytaCS5eicfI5RVsFeVKK-fIAKuB5r1Bb9xIVZA_rsbU%26dib_tag%3Dse%26keywords%3D%25E3%2582%25AA%25E3%2583%25AB%25E3%2583%2588%25E3%2583%2595%25E3%2582%25A9%25E3%2583%25B3%2B%25E4%25BA%25A4%25E6%258F%259B%25E9%2587%259D%26qid%3D1784275270%26refinements%3Dp_85%253A8070706051%252Cp_n_condition-type%253A2249602051%26rnid%3D2249601051%26rps%3D1%26sprefix%3D%25E3%2582%25AA%25E3%2583%25AB%25E3%2583%2588%25E3%2583%2595%25E3%2582%25A9%25E3%2583%25B3%2B%252Caps%252C329%26sr%3D8-50-spons%26ufe%3Dapp_do%253Aamzn1.fos.35785624-70c4-44ae-a5c3-3f044f475d63%26xpid%3Dow3nQIrXEF8aF%26sp_csd%3Dd2lkZ2V0TmFtZT1zcF9hdGZfbmV4dA%26psc%3D1","https://m.media-amazon.com/images/I/515nLpiSswL._AC_UL320_.jpg","https://www.amazon.co.jp/s?k=%E3%82%AA%E3%83%AB%E3%83%88%E3%83%95%E3%82%A9%E3%83%B3+%E4%BA%A4%E6%8F%9B%E9%87%9D&rh=p_85%3A8070706051%2Cp_n_condition-type%3A2249602051&dc&page=2&xpid=ow3nQIrXEF8aF&crid=2E5D17O346HHX&qid=1784275262&rnid=2249601051&sprefix=%E3%82%AA%E3%83%AB%E3%83%88%E3%83%95%E3%82%A9%E3%83%B3+%2Caps%2C329&ref=sr_pg_2#","レコード針 交換針 ターンテーブルスタイラス交換ターンテーブルプレーヤー蓄音機 レコードプレーヤー針 4個 LP (赤)","javascript:void(0)","5つ星のうち3.8","https://www.amazon.co.jp/sspa/click?ie=UTF8&spc=MTo2NDU2MzMwOTE1MzQxNTM4OjE3ODQyNzUyNzA6c3BfYXRmX25leHQ6MzAwMjA3NzU0NTg3MTYyOjowOjo&url=%2F%25E3%2583%25AC%25E3%2582%25B3%25E3%2583%25BC%25E3%2583%2589%25E9%2587%259D-%25E4%25BA%25A4%25E6%258F%259B%25E9%2587%259D-%25E3%2582%25BF%25E3%2583%25BC%25E3%2583%25B3%25E3%2583%2586%25E3%2583%25BC%25E3%2583%2596%25E3%2583%25AB%25E3%2582%25B9%25E3%2582%25BF%25E3%2582%25A4%25E3%2583%25A9%25E3%2582%25B9%25E4%25BA%25A4%25E6%258F%259B%25E3%2582%25BF%25E3%2583%25BC%25E3%2583%25B3%25E3%2583%2586%25E3%2583%25BC%25E3%2583%2596%25E3%2583%25AB%25E3%2583%2597%25E3%2583%25AC%25E3%2583%25BC%25E3%2583%25A4%25E3%2583%25BC%25E8%2593%2584%25E9%259F%25B3%25E6%25A9%259F-%25E3%2583%25AC%25E3%2582%25B3%25E3%2583%25BC%25E3%2583%2589%25E3%2583%2597%25E3%2583%25AC%25E3%2583%25BC%25E3%2583%25A4%25E3%2583%25BC%25E9%2587%259D-4%25E5%2580%258B%2Fdp%2FB09B72H28S%2Fref%3Dsr_1_50_sspa%3Fcrid%3D2E5D17O346HHX%26dib%3DeyJ2IjoiMSJ9.zQ3tKz8badUqb0lLIneUT3AOb0jUm0cbajuknGW93jE0e-g1Y1bsAOzBk__7xwfVA-wS13NVnnbm1BBuWA7_t9ku5UDKbJUTpZ1sZFsC3PE.ytaCS5eicfI5RVsFeVKK-fIAKuB5r1Bb9xIVZA_rsbU%26dib_tag%3Dse%26keywords%3D%25E3%2582%25AA%25E3%2583%25AB%25E3%2583%2588%25E3%2583%2595%25E3%2582%25A9%25E3%2583%25B3%2B%25E4%25BA%25A4%25E6%258F%259B%25E9%2587%259D%26qid%3D1784275270%26refinements%3Dp_85%253A8070706051%252Cp_n_condition-type%253A2249602051%26rnid%3D2249601051%26rps%3D1%26sprefix%3D%25E3%2582%25AA%25E3%2583%25AB%25E3%2583%2588%25E3%2583%2595%25E3%2582%25A9%25E3%2583%25B3%2B%252Caps%252C329%26sr%3D8-50-spons%26ufe%3Dapp_do%253Aamzn1.fos.35785624-70c4-44ae-a5c3-3f044f475d63%26xpid%3Dow3nQIrXEF8aF%26sp_csd%3Dd2lkZ2V0TmFtZT1zcF9hdGZfbmV4dA%26psc%3D1","7ポイント(1%)","https://www.amazon.co.jp/sspa/click?ie=UTF8&spc=MTo2NDU2MzMwOTE1MzQxNTM4OjE3ODQyNzUyNzA6c3BfYXRmX25leHQ6MzAwMjA3NzU0NTg3MTYyOjowOjo&url=%2F%25E3%2583%25AC%25E3%2582%25B3%25E3%2583%25BC%25E3%2583%2589%25E9%2587%259D-%25E4%25BA%25A4%25E6%258F%259B%25E9%2587%259D-%25E3%2582%25BF%25E3%2583%25BC%25E3%2583%25B3%25E3%2583%2586%25E3%2583%25BC%25E3%2583%2596%25E3%2583%25AB%25E3%2582%25B9%25E3%2582%25BF%25E3%2582%25A4%25E3%2583%25A9%25E3%2582%25B9%25E4%25BA%25A4%25E6%258F%259B%25E3%2582%25BF%25E3%2583%25BC%25E3%2583%25B3%25E3%2583%2586%25E3%2583%25BC%25E3%2583%2596%25E3%2583%25AB%25E3%2583%2597%25E3%2583%25AC%25E3%2583%25BC%25E3%2583%25A4%25E3%2583%25BC%25E8%2593%2584%25E9%259F%25B3%25E6%25A9%259F-%25E3%2583%25AC%25E3%2582%25B3%25E3%2583%25BC%25E3%2583%2589%25E3%2583%2597%25E3%2583%25AC%25E3%2583%25BC%25E3%2583%25A4%25E3%2583%25BC%25E9%2587%259D-4%25E5%2580%258B%2Fdp%2FB09B72H28S%2Fref%3Dsr_1_50_sspa%3Fcrid%3D2E5D17O346HHX%26dib%3DeyJ2IjoiMSJ9.zQ3tKz8badUqb0lLIneUT3AOb0jUm0cbajuknGW93jE0e-g1Y1bsAOzBk__7xwfVA-wS13NVnnbm1BBuWA7_t9ku5UDKbJUTpZ1sZFsC3PE.ytaCS5eicfI5RVsFeVKK-fIAKuB5r1Bb9xIVZA_rsbU%26dib_tag%3Dse%26keywords%3D%25E3%2582%25AA%25E3%2583%25AB%25E3%2583%2588%25E3%2583%2595%25E3%2582%25A9%25E3%2583%25B3%2B%25E4%25BA%25A4%25E6%258F%259B%25E9%2587%259D%26qid%3D1784275270%26refinements%3Dp_85%253A8070706051%252Cp_n_condition-type%253A2249602051%26rnid%3D2249601051%26rps%3D1%26sprefix%3D%25E3%2582%25AA%25E3%2583%25AB%25E3%2583%2588%25E3%2583%2595%25E3%2582%25A9%25E3%2583%25B3%2B%252Caps%252C329%26sr%3D8-50-spons%26ufe%3Dapp_do%253Aamzn1.fos.35785624-70c4-44ae-a5c3-3f044f475d63%26xpid%3Dow3nQIrXEF8aF%26sp_csd%3Dd2lkZ2V0TmFtZT1zcF9hdGZfbmV4dA%26psc%3D1#customerReviews","https://www.amazon.co.jp/sspa/click?ie=UTF8&spc=MTo2NDU2MzMwOTE1MzQxNTM4OjE3ODQyNzUyNzA6c3BfYXRmX25leHQ6MzAwMjA3NzU0NTg3MTYyOjowOjo&url=%2F%25E3%2583%25AC%25E3%2582%25B3%25E3%2583%25BC%25E3%2583%2589%25E9%2587%259D-%25E4%25BA%25A4%25E6%258F%259B%25E9%2587%259D-%25E3%2582%25BF%25E3%2583%25BC%25E3%2583%25B3%25E3%2583%2586%25E3%2583%25BC%25E3%2583%2596%25E3%2583%25AB%25E3%2582%25B9%25E3%2582%25BF%25E3%2582%25A4%25E3%2583%25A9%25E3%2582%25B9%25E4%25BA%25A4%25E6%258F%259B%25E3%2582%25BF%25E3%2583%25BC%25E3%2583%25B3%25E3%2583%2586%25E3%2583%25BC%25E3%2583%2596%25E3%2583%25AB%25E3%2583%2597%25E3%2583%25AC%25E3%2583%25BC%25E3%2583%25A4%25E3%2583%25BC%25E8%2593%2584%25E9%259F%25B3%25E6%25A9%259F-%25E3%2583%25AC%25E3%2582%25B3%25E3%2583%25BC%25E3%2583%2589%25E3%2583%2597%25E3%2583%25AC%25E3%2583%25BC%25E3%2583%25A4%25E3%2583%25BC%25E9%2587%259D-4%25E5%2580%258B%2Fdp%2FB09B72H28S%2Fref%3Dsr_1_50_sspa%3Fcrid%3D2E5D17O346HHX%26dib%3DeyJ2IjoiMSJ9.zQ3tKz8badUqb0lLIneUT3AOb0jUm0cbajuknGW93jE0e-g1Y1bsAOzBk__7xwfVA-wS13NVnnbm1BBuWA7_t9ku5UDKbJUTpZ1sZFsC3PE.ytaCS5eicfI5RVsFeVKK-fIAKuB5r1Bb9xIVZA_rsbU%26dib_tag%3Dse%26keywords%3D%25E3%2582%25AA%25E3%2583%25AB%25E3%2583%2588%25E3%2583%2595%25E3%2582%25A9%25E3%2583%25B3%2B%25E4%25BA%25A4%25E6%258F%259B%25E9%2587%259D%26qid%3D1784275270%26refinements%3Dp_85%253A8070706051%252Cp_n_condition-type%253A2249602051%26rnid%3D2249601051%26rps%3D1%26sprefix%3D%25E3%2582%25AA%25E3%2583%25AB%25E3%2583%2588%25E3%2583%2595%25E3%2582%25A9%25E3%2583%25B3%2B%252Caps%252C329%26sr%3D8-50-spons%26ufe%3Dapp_do%253Aamzn1.fos.35785624-70c4-44ae-a5c3-3f044f475d63%26xpid%3Dow3nQIrXEF8aF%26sp_csd%3Dd2lkZ2V0TmFtZT1zcF9hdGZfbmV4dA%26psc%3D1","￥678","￥","678","",""
"https://www.amazon.co.jp/sspa/click?ie=UTF8&spc=MTo2NDU2MzMwOTE1MzQxNTM4OjE3ODQyNzUyNzA6c3BfYXRmX25leHQ6MzAwMDc5Nzk0NzA5ODYyOjowOjo&url=%2FLOYELEY-%25E3%2583%25AC%25E3%2582%25B3%25E3%2583%25BC%25E3%2583%2589%25E9%2587%259D-%25E3%2583%25AC%25E3%2582%25B3%25E3%2583%25BC%25E3%2583%2589%25E3%2583%2597%25E3%2583%25AC%25E3%2583%25BC%25E3%2583%25A4%25E3%2583%25BC%25E9%2587%259D-6%25E5%2580%258B%25E3%2582%25BB%25E3%2583%2583%25E3%2583%2588-%25E4%25BA%25A4%25E6%258F%259B%25E7%2594%25A8%25E3%2583%25AC%25E3%2582%25B3%25E3%2583%25BC%25E3%2583%2589%25E9%2587%259D%2Fdp%2FB0DT31BWRH%2Fref%3Dsr_1_51_sspa%3Fcrid%3D2E5D17O346HHX%26dib%3DeyJ2IjoiMSJ9.zQ3tKz8badUqb0lLIneUT3AOb0jUm0cbajuknGW93jE0e-g1Y1bsAOzBk__7xwfVA-wS13NVnnbm1BBuWA7_t9ku5UDKbJUTpZ1sZFsC3PE.ytaCS5eicfI5RVsFeVKK-fIAKuB5r1Bb9xIVZA_rsbU%26dib_tag%3Dse%26keywords%3D%25E3%2582%25AA%25E3%2583%25AB%25E3%2583%2588%25E3%2583%2595%25E3%2582%25A9%25E3%2583%25B3%2B%25E4%25BA%25A4%25E6%258F%259B%25E9%2587%259D%26qid%3D1784275270%26refinements%3Dp_85%253A8070706051%252Cp_n_condition-type%253A2249602051%26rnid%3D2249601051%26rps%3D1%26sprefix%3D%25E3%2582%25AA%25E3%2583%25AB%25E3%2583%2588%25E3%2583%2595%25E3%2582%25A9%25E3%2583%25B3%2B%252Caps%252C329%26sr%3D8-51-spons%26ufe%3Dapp_do%253Aamzn1.fos.35785624-70c4-44ae-a5c3-3f044f475d63%26xpid%3Dow3nQIrXEF8aF%26sp_csd%3Dd2lkZ2V0TmFtZT1zcF9hdGZfbmV4dA%26psc%3D1","https://m.media-amazon.com/images/I/61tmMTxS7wL._AC_UL320_.jpg","https://www.amazon.co.jp/s?k=%E3%82%AA%E3%83%AB%E3%83%88%E3%83%95%E3%82%A9%E3%83%B3+%E4%BA%A4%E6%8F%9B%E9%87%9D&rh=p_85%3A8070706051%2Cp_n_condition-type%3A2249602051&dc&page=2&xpid=ow3nQIrXEF8aF&crid=2E5D17O346HHX&qid=1784275262&rnid=2249601051&sprefix=%E3%82%AA%E3%83%AB%E3%83%88%E3%83%95%E3%82%A9%E3%83%B3+%2Caps%2C329&ref=sr_pg_2#","LOYELEY LP レコード針 交換針 レコードプレーヤー針 6個セット 錐形 蓄音機 交換部品 レコード針 交換用レコード針 丸針 (赤)","javascript:void(0)","5つ星のうち4.3","https://www.amazon.co.jp/sspa/click?ie=UTF8&spc=MTo2NDU2MzMwOTE1MzQxNTM4OjE3ODQyNzUyNzA6c3BfYXRmX25leHQ6MzAwMDc5Nzk0NzA5ODYyOjowOjo&url=%2FLOYELEY-%25E3%2583%25AC%25E3%2582%25B3%25E3%2583%25BC%25E3%2583%2589%25E9%2587%259D-%25E3%2583%25AC%25E3%2582%25B3%25E3%2583%25BC%25E3%2583%2589%25E3%2583%2597%25E3%2583%25AC%25E3%2583%25BC%25E3%2583%25A4%25E3%2583%25BC%25E9%2587%259D-6%25E5%2580%258B%25E3%2582%25BB%25E3%2583%2583%25E3%2583%2588-%25E4%25BA%25A4%25E6%258F%259B%25E7%2594%25A8%25E3%2583%25AC%25E3%2582%25B3%25E3%2583%25BC%25E3%2583%2589%25E9%2587%259D%2Fdp%2FB0DT31BWRH%2Fref%3Dsr_1_51_sspa%3Fcrid%3D2E5D17O346HHX%26dib%3DeyJ2IjoiMSJ9.zQ3tKz8badUqb0lLIneUT3AOb0jUm0cbajuknGW93jE0e-g1Y1bsAOzBk__7xwfVA-wS13NVnnbm1BBuWA7_t9ku5UDKbJUTpZ1sZFsC3PE.ytaCS5eicfI5RVsFeVKK-fIAKuB5r1Bb9xIVZA_rsbU%26dib_tag%3Dse%26keywords%3D%25E3%2582%25AA%25E3%2583%25AB%25E3%2583%2588%25E3%2583%2595%25E3%2582%25A9%25E3%2583%25B3%2B%25E4%25BA%25A4%25E6%258F%259B%25E9%2587%259D%26qid%3D1784275270%26refinements%3Dp_85%253A8070706051%252Cp_n_condition-type%253A2249602051%26rnid%3D2249601051%26rps%3D1%26sprefix%3D%25E3%2582%25AA%25E3%2583%25AB%25E3%2583%2588%25E3%2583%2595%25E3%2582%25A9%25E3%2583%25B3%2B%252Caps%252C329%26sr%3D8-51-spons%26ufe%3Dapp_do%253Aamzn1.fos.35785624-70c4-44ae-a5c3-3f044f475d63%26xpid%3Dow3nQIrXEF8aF%26sp_csd%3Dd2lkZ2V0TmFtZT1zcF9hdGZfbmV4dA%26psc%3D1","残り7点 ご注文はお早めに","https://www.amazon.co.jp/sspa/click?ie=UTF8&spc=MTo2NDU2MzMwOTE1MzQxNTM4OjE3ODQyNzUyNzA6c3BfYXRmX25leHQ6MzAwMDc5Nzk0NzA5ODYyOjowOjo&url=%2FLOYELEY-%25E3%2583%25AC%25E3%2582%25B3%25E3%2583%25BC%25E3%2583%2589%25E9%2587%259D-%25E3%2583%25AC%25E3%2582%25B3%25E3%2583%25BC%25E3%2583%2589%25E3%2583%2597%25E3%2583%25AC%25E3%2583%25BC%25E3%2583%25A4%25E3%2583%25BC%25E9%2587%259D-6%25E5%2580%258B%25E3%2582%25BB%25E3%2583%2583%25E3%2583%2588-%25E4%25BA%25A4%25E6%258F%259B%25E7%2594%25A8%25E3%2583%25AC%25E3%2582%25B3%25E3%2583%25BC%25E3%2583%2589%25E9%2587%259D%2Fdp%2FB0DT31BWRH%2Fref%3Dsr_1_51_sspa%3Fcrid%3D2E5D17O346HHX%26dib%3DeyJ2IjoiMSJ9.zQ3tKz8badUqb0lLIneUT3AOb0jUm0cbajuknGW93jE0e-g1Y1bsAOzBk__7xwfVA-wS13NVnnbm1BBuWA7_t9ku5UDKbJUTpZ1sZFsC3PE.ytaCS5eicfI5RVsFeVKK-fIAKuB5r1Bb9xIVZA_rsbU%26dib_tag%3Dse%26keywords%3D%25E3%2582%25AA%25E3%2583%25AB%25E3%2583%2588%25E3%2583%2595%25E3%2582%25A9%25E3%2583%25B3%2B%25E4%25BA%25A4%25E6%258F%259B%25E9%2587%259D%26qid%3D1784275270%26refinements%3Dp_85%253A8070706051%252Cp_n_condition-type%253A2249602051%26rnid%3D2249601051%26rps%3D1%26sprefix%3D%25E3%2582%25AA%25E3%2583%25AB%25E3%2583%2588%25E3%2583%2595%25E3%2582%25A9%25E3%2583%25B3%2B%252Caps%252C329%26sr%3D8-51-spons%26ufe%3Dapp_do%253Aamzn1.fos.35785624-70c4-44ae-a5c3-3f044f475d63%26xpid%3Dow3nQIrXEF8aF%26sp_csd%3Dd2lkZ2V0TmFtZT1zcF9hdGZfbmV4dA%26psc%3D1#customerReviews","https://www.amazon.co.jp/sspa/click?ie=UTF8&spc=MTo2NDU2MzMwOTE1MzQxNTM4OjE3ODQyNzUyNzA6c3BfYXRmX25leHQ6MzAwMDc5Nzk0NzA5ODYyOjowOjo&url=%2FLOYELEY-%25E3%2583%25AC%25E3%2582%25B3%25E3%2583%25BC%25E3%2583%2589%25E9%2587%259D-%25E3%2583%25AC%25E3%2582%25B3%25E3%2583%25BC%25E3%2583%2589%25E3%2583%2597%25E3%2583%25AC%25E3%2583%25BC%25E3%2583%25A4%25E3%2583%25BC%25E9%2587%259D-6%25E5%2580%258B%25E3%2582%25BB%25E3%2583%2583%25E3%2583%2588-%25E4%25BA%25A4%25E6%258F%259B%25E7%2594%25A8%25E3%2583%25AC%25E3%2582%25B3%25E3%2583%25BC%25E3%2583%2589%25E9%2587%259D%2Fdp%2FB0DT31BWRH%2Fref%3Dsr_1_51_sspa%3Fcrid%3D2E5D17O346HHX%26dib%3DeyJ2IjoiMSJ9.zQ3tKz8badUqb0lLIneUT3AOb0jUm0cbajuknGW93jE0e-g1Y1bsAOzBk__7xwfVA-wS13NVnnbm1BBuWA7_t9ku5UDKbJUTpZ1sZFsC3PE.ytaCS5eicfI5RVsFeVKK-fIAKuB5r1Bb9xIVZA_rsbU%26dib_tag%3Dse%26keywords%3D%25E3%2582%25AA%25E3%2583%25AB%25E3%2583%2588%25E3%2583%2595%25E3%2582%25A9%25E3%2583%25B3%2B%25E4%25BA%25A4%25E6%258F%259B%25E9%2587%259D%26qid%3D1784275270%26refinements%3Dp_85%253A8070706051%252Cp_n_condition-type%253A2249602051%26rnid%3D2249601051%26rps%3D1%26sprefix%3D%25E3%2582%25AA%25E3%2583%25AB%25E3%2583%2588%25E3%2583%2595%25E3%2582%25A9%25E3%2583%25B3%2B%252Caps%252C329%26sr%3D8-51-spons%26ufe%3Dapp_do%253Aamzn1.fos.35785624-70c4-44ae-a5c3-3f044f475d63%26xpid%3Dow3nQIrXEF8aF%26sp_csd%3Dd2lkZ2V0TmFtZT1zcF9hdGZfbmV4dA%26psc%3D1","￥848","￥","848","",""
"https://www.amazon.co.jp/sspa/click?ie=UTF8&spc=MTo2NDU2MzMwOTE1MzQxNTM4OjE3ODQyNzUyNzA6c3BfYXRmX25leHQ6MzAwMTY1MTg0MTQ1OTYyOjowOjo&url=%2F%25E3%2580%2590AiYa%25E3%2580%2591%25E3%2583%25AC%25E3%2582%25B3%25E3%2583%25BC%25E3%2583%2589%25E9%2587%259D-%25E3%2583%25AC%25E3%2582%25B3%25E3%2583%25BC%25E3%2583%2589%25E3%2583%2597%25E3%2583%25AC%25E3%2583%25BC%25E3%2583%25A4%25E3%2583%25BC-%25E3%2582%25B9%25E3%2583%2594%25E3%2583%25BC%25E3%2582%25AB%25E3%2583%25BC%25E3%2582%25BB%25E3%2583%2583%25E3%2583%2588-3%25E5%2580%258B%25E3%2582%25BB%25E3%2583%2583%25E3%2583%2588-%25E4%25BA%25A4%25E6%258F%259B%25E7%2594%25A8%25E3%2583%25AC%25E3%2582%25B3%25E3%2583%25BC%25E3%2583%2589%25E9%2587%259D%2Fdp%2FB0FZ9G4ZHG%2Fref%3Dsr_1_52_sspa%3Fcrid%3D2E5D17O346HHX%26dib%3DeyJ2IjoiMSJ9.zQ3tKz8badUqb0lLIneUT3AOb0jUm0cbajuknGW93jE0e-g1Y1bsAOzBk__7xwfVA-wS13NVnnbm1BBuWA7_t9ku5UDKbJUTpZ1sZFsC3PE.ytaCS5eicfI5RVsFeVKK-fIAKuB5r1Bb9xIVZA_rsbU%26dib_tag%3Dse%26keywords%3D%25E3%2582%25AA%25E3%2583%25AB%25E3%2583%2588%25E3%2583%2595%25E3%2582%25A9%25E3%2583%25B3%2B%25E4%25BA%25A4%25E6%258F%259B%25E9%2587%259D%26qid%3D1784275270%26refinements%3Dp_85%253A8070706051%252Cp_n_condition-type%253A2249602051%26rnid%3D2249601051%26rps%3D1%26sprefix%3D%25E3%2582%25AA%25E3%2583%25AB%25E3%2583%2588%25E3%2583%2595%25E3%2582%25A9%25E3%2583%25B3%2B%252Caps%252C329%26sr%3D8-52-spons%26ufe%3Dapp_do%253Aamzn1.fos.5a18048f-6552-4a07-bd23-1b8dab0d2e4f%26xpid%3Dow3nQIrXEF8aF%26sp_csd%3Dd2lkZ2V0TmFtZT1zcF9hdGZfbmV4dA%26psc%3D1","https://m.media-amazon.com/images/I/512mfUH0ZDL._AC_UL320_.jpg","https://www.amazon.co.jp/s?k=%E3%82%AA%E3%83%AB%E3%83%88%E3%83%95%E3%82%A9%E3%83%B3+%E4%BA%A4%E6%8F%9B%E9%87%9D&rh=p_85%3A8070706051%2Cp_n_condition-type%3A2249602051&dc&page=2&xpid=ow3nQIrXEF8aF&crid=2E5D17O346HHX&qid=1784275262&rnid=2249601051&sprefix=%E3%82%AA%E3%83%AB%E3%83%88%E3%83%95%E3%82%A9%E3%83%B3+%2Caps%2C329&ref=sr_pg_2#","【AiYa】レコード針 レコード 針 レコードプレーヤー スピーカーセット 3個セット 交換針 交換用レコード針 丸針 (3)","","","https://www.amazon.co.jp/sspa/click?ie=UTF8&spc=MTo2NDU2MzMwOTE1MzQxNTM4OjE3ODQyNzUyNzA6c3BfYXRmX25leHQ6MzAwMTY1MTg0MTQ1OTYyOjowOjo&url=%2F%25E3%2580%2590AiYa%25E3%2580%2591%25E3%2583%25AC%25E3%2582%25B3%25E3%2583%25BC%25E3%2583%2589%25E9%2587%259D-%25E3%2583%25AC%25E3%2582%25B3%25E3%2583%25BC%25E3%2583%2589%25E3%2583%2597%25E3%2583%25AC%25E3%2583%25BC%25E3%2583%25A4%25E3%2583%25BC-%25E3%2582%25B9%25E3%2583%2594%25E3%2583%25BC%25E3%2582%25AB%25E3%2583%25BC%25E3%2582%25BB%25E3%2583%2583%25E3%2583%2588-3%25E5%2580%258B%25E3%2582%25BB%25E3%2583%2583%25E3%2583%2588-%25E4%25BA%25A4%25E6%258F%259B%25E7%2594%25A8%25E3%2583%25AC%25E3%2582%25B3%25E3%2583%25BC%25E3%2583%2589%25E9%2587%259D%2Fdp%2FB0FZ9G4ZHG%2Fref%3Dsr_1_52_sspa%3Fcrid%3D2E5D17O346HHX%26dib%3DeyJ2IjoiMSJ9.zQ3tKz8badUqb0lLIneUT3AOb0jUm0cbajuknGW93jE0e-g1Y1bsAOzBk__7xwfVA-wS13NVnnbm1BBuWA7_t9ku5UDKbJUTpZ1sZFsC3PE.ytaCS5eicfI5RVsFeVKK-fIAKuB5r1Bb9xIVZA_rsbU%26dib_tag%3Dse%26keywords%3D%25E3%2582%25AA%25E3%2583%25AB%25E3%2583%2588%25E3%2583%2595%25E3%2582%25A9%25E3%2583%25B3%2B%25E4%25BA%25A4%25E6%258F%259B%25E9%2587%259D%26qid%3D1784275270%26refinements%3Dp_85%253A8070706051%252Cp_n_condition-type%253A2249602051%26rnid%3D2249601051%26rps%3D1%26sprefix%3D%25E3%2582%25AA%25E3%2583%25AB%25E3%2583%2588%25E3%2583%2595%25E3%2582%25A9%25E3%2583%25B3%2B%252Caps%252C329%26sr%3D8-52-spons%26ufe%3Dapp_do%253Aamzn1.fos.5a18048f-6552-4a07-bd23-1b8dab0d2e4f%26xpid%3Dow3nQIrXEF8aF%26sp_csd%3Dd2lkZ2V0TmFtZT1zcF9hdGZfbmV4dA%26psc%3D1","6ポイント(1%)","https://www.amazon.co.jp/sspa/click?ie=UTF8&spc=MTo2NDU2MzMwOTE1MzQxNTM4OjE3ODQyNzUyNzA6c3BfYXRmX25leHQ6MzAwMTY1MTg0MTQ1OTYyOjowOjo&url=%2F%25E3%2580%2590AiYa%25E3%2580%2591%25E3%2583%25AC%25E3%2582%25B3%25E3%2583%25BC%25E3%2583%2589%25E9%2587%259D-%25E3%2583%25AC%25E3%2582%25B3%25E3%2583%25BC%25E3%2583%2589%25E3%2583%2597%25E3%2583%25AC%25E3%2583%25BC%25E3%2583%25A4%25E3%2583%25BC-%25E3%2582%25B9%25E3%2583%2594%25E3%2583%25BC%25E3%2582%25AB%25E3%2583%25BC%25E3%2582%25BB%25E3%2583%2583%25E3%2583%2588-3%25E5%2580%258B%25E3%2582%25BB%25E3%2583%2583%25E3%2583%2588-%25E4%25BA%25A4%25E6%258F%259B%25E7%2594%25A8%25E3%2583%25AC%25E3%2582%25B3%25E3%2583%25BC%25E3%2583%2589%25E9%2587%259D%2Fdp%2FB0FZ9G4ZHG%2Fref%3Dsr_1_52_sspa%3Fcrid%3D2E5D17O346HHX%26dib%3DeyJ2IjoiMSJ9.zQ3tKz8badUqb0lLIneUT3AOb0jUm0cbajuknGW93jE0e-g1Y1bsAOzBk__7xwfVA-wS13NVnnbm1BBuWA7_t9ku5UDKbJUTpZ1sZFsC3PE.ytaCS5eicfI5RVsFeVKK-fIAKuB5r1Bb9xIVZA_rsbU%26dib_tag%3Dse%26keywords%3D%25E3%2582%25AA%25E3%2583%25AB%25E3%2583%2588%25E3%2583%2595%25E3%2582%25A9%25E3%2583%25B3%2B%25E4%25BA%25A4%25E6%258F%259B%25E9%2587%259D%26qid%3D1784275270%26refinements%3Dp_85%253A8070706051%252Cp_n_condition-type%253A2249602051%26rnid%3D2249601051%26rps%3D1%26sprefix%3D%25E3%2582%25AA%25E3%2583%25AB%25E3%2583%2588%25E3%2583%2595%25E3%2582%25A9%25E3%2583%25B3%2B%252Caps%252C329%26sr%3D8-52-spons%26ufe%3Dapp_do%253Aamzn1.fos.5a18048f-6552-4a07-bd23-1b8dab0d2e4f%26xpid%3Dow3nQIrXEF8aF%26sp_csd%3Dd2lkZ2V0TmFtZT1zcF9hdGZfbmV4dA%26psc%3D1","","￥599","￥","599","",""
"https://www.amazon.co.jp/%E3%82%AA%E3%83%AB%E3%83%88%E3%83%95%E3%82%A9%E3%83%B3-DJ%E5%90%91%E3%81%91MM%E3%82%AB%E3%83%BC%E3%83%88%E3%83%AA%E3%83%83%E3%82%B8-%E3%82%B3%E3%83%B3%E3%82%B3%E3%83%AB%E3%83%89%E3%83%BB%E3%83%87%E3%82%A3%E3%83%BC%E3%82%B8%E3%82%A7%E3%82%A4-%E3%82%B1%E3%83%BC%E3%82%B9%E4%BB%98ortofon-Concorde/dp/B0799P2SBJ/ref=sr_1_53?crid=2E5D17O346HHX&dib=eyJ2IjoiMSJ9.zQ3tKz8badUqb0lLIneUT3AOb0jUm0cbajuknGW93jE0e-g1Y1bsAOzBk__7xwfVA-wS13NVnnbm1BBuWA7_t9ku5UDKbJUTpZ1sZFsC3PE.ytaCS5eicfI5RVsFeVKK-fIAKuB5r1Bb9xIVZA_rsbU&dib_tag=se&keywords=%E3%82%AA%E3%83%AB%E3%83%88%E3%83%95%E3%82%A9%E3%83%B3+%E4%BA%A4%E6%8F%9B%E9%87%9D&qid=1784275270&refinements=p_85%3A8070706051%2Cp_n_condition-type%3A2249602051&rnid=2249601051&rps=1&sprefix=%E3%82%AA%E3%83%AB%E3%83%88%E3%83%95%E3%82%A9%E3%83%B3+%2Caps%2C329&sr=8-53&ufe=app_do%3Aamzn1.fos.35785624-70c4-44ae-a5c3-3f044f475d63&xpid=ow3nQIrXEF8aF","https://m.media-amazon.com/images/I/611U3yW4jhL._AC_UL320_.jpg","https://www.amazon.co.jp/%E3%82%AA%E3%83%AB%E3%83%88%E3%83%95%E3%82%A9%E3%83%B3-DJ%E5%90%91%E3%81%91MM%E3%82%AB%E3%83%BC%E3%83%88%E3%83%AA%E3%83%83%E3%82%B8-%E3%82%B3%E3%83%B3%E3%82%B3%E3%83%AB%E3%83%89%E3%83%BB%E3%83%87%E3%82%A3%E3%83%BC%E3%82%B8%E3%82%A7%E3%82%A4-%E3%82%B1%E3%83%BC%E3%82%B9%E4%BB%98ortofon-Concorde/dp/B0799P2SBJ/ref=sr_1_53?crid=2E5D17O346HHX&dib=eyJ2IjoiMSJ9.zQ3tKz8badUqb0lLIneUT3AOb0jUm0cbajuknGW93jE0e-g1Y1bsAOzBk__7xwfVA-wS13NVnnbm1BBuWA7_t9ku5UDKbJUTpZ1sZFsC3PE.ytaCS5eicfI5RVsFeVKK-fIAKuB5r1Bb9xIVZA_rsbU&dib_tag=se&keywords=%E3%82%AA%E3%83%AB%E3%83%88%E3%83%95%E3%82%A9%E3%83%B3+%E4%BA%A4%E6%8F%9B%E9%87%9D&qid=1784275270&refinements=p_85%3A8070706051%2Cp_n_condition-type%3A2249602051&rnid=2249601051&rps=1&sprefix=%E3%82%AA%E3%83%AB%E3%83%88%E3%83%95%E3%82%A9%E3%83%B3+%2Caps%2C329&sr=8-53&ufe=app_do%3Aamzn1.fos.35785624-70c4-44ae-a5c3-3f044f475d63&xpid=ow3nQIrXEF8aF","ortofon Concorde MKII Twin DJ オルトフォン DJカートリッジ ヘッドシェル一体型 2本セット フライトケース付き 丸針 DJプレイ/リスニング兼用","javascript:void(0)","5つ星のうち4.7","https://www.amazon.co.jp/%E3%82%AA%E3%83%AB%E3%83%88%E3%83%95%E3%82%A9%E3%83%B3-DJ%E5%90%91%E3%81%91MM%E3%82%AB%E3%83%BC%E3%83%88%E3%83%AA%E3%83%83%E3%82%B8-%E3%82%B3%E3%83%B3%E3%82%B3%E3%83%AB%E3%83%89%E3%83%BB%E3%83%87%E3%82%A3%E3%83%BC%E3%82%B8%E3%82%A7%E3%82%A4-%E3%82%B1%E3%83%BC%E3%82%B9%E4%BB%98ortofon-Concorde/dp/B0799P2SBJ/ref=sr_1_53?crid=2E5D17O346HHX&dib=eyJ2IjoiMSJ9.zQ3tKz8badUqb0lLIneUT3AOb0jUm0cbajuknGW93jE0e-g1Y1bsAOzBk__7xwfVA-wS13NVnnbm1BBuWA7_t9ku5UDKbJUTpZ1sZFsC3PE.ytaCS5eicfI5RVsFeVKK-fIAKuB5r1Bb9xIVZA_rsbU&dib_tag=se&keywords=%E3%82%AA%E3%83%AB%E3%83%88%E3%83%95%E3%82%A9%E3%83%B3+%E4%BA%A4%E6%8F%9B%E9%87%9D&qid=1784275270&refinements=p_85%3A8070706051%2Cp_n_condition-type%3A2249602051&rnid=2249601051&rps=1&sprefix=%E3%82%AA%E3%83%AB%E3%83%88%E3%83%95%E3%82%A9%E3%83%B3+%2Caps%2C329&sr=8-53&ufe=app_do%3Aamzn1.fos.35785624-70c4-44ae-a5c3-3f044f475d63&xpid=ow3nQIrXEF8aF#customerReviews","残り3点 ご注文はお早めに","https://www.amazon.co.jp/%E3%82%AA%E3%83%AB%E3%83%88%E3%83%95%E3%82%A9%E3%83%B3-DJ%E5%90%91%E3%81%91MM%E3%82%AB%E3%83%BC%E3%83%88%E3%83%AA%E3%83%83%E3%82%B8-%E3%82%B3%E3%83%B3%E3%82%B3%E3%83%AB%E3%83%89%E3%83%BB%E3%83%87%E3%82%A3%E3%83%BC%E3%82%B8%E3%82%A7%E3%82%A4-%E3%82%B1%E3%83%BC%E3%82%B9%E4%BB%98ortofon-Concorde/dp/B0799P2SBJ/ref=sr_1_53?crid=2E5D17O346HHX&dib=eyJ2IjoiMSJ9.zQ3tKz8badUqb0lLIneUT3AOb0jUm0cbajuknGW93jE0e-g1Y1bsAOzBk__7xwfVA-wS13NVnnbm1BBuWA7_t9ku5UDKbJUTpZ1sZFsC3PE.ytaCS5eicfI5RVsFeVKK-fIAKuB5r1Bb9xIVZA_rsbU&dib_tag=se&keywords=%E3%82%AA%E3%83%AB%E3%83%88%E3%83%95%E3%82%A9%E3%83%B3+%E4%BA%A4%E6%8F%9B%E9%87%9D&qid=1784275270&refinements=p_85%3A8070706051%2Cp_n_condition-type%3A2249602051&rnid=2249601051&rps=1&sprefix=%E3%82%AA%E3%83%AB%E3%83%88%E3%83%95%E3%82%A9%E3%83%B3+%2Caps%2C329&sr=8-53&ufe=app_do%3Aamzn1.fos.35785624-70c4-44ae-a5c3-3f044f475d63&xpid=ow3nQIrXEF8aF","","￥47,740","￥","47,740","",""
"https://www.amazon.co.jp/Ortofon-Elektro-White-%E3%82%AA%E3%83%AB%E3%83%88%E3%83%95%E3%82%A9%E3%83%B3-stylus/dp/B000NAY32S/ref=sr_1_54?crid=2E5D17O346HHX&dib=eyJ2IjoiMSJ9.zQ3tKz8badUqb0lLIneUT3AOb0jUm0cbajuknGW93jE0e-g1Y1bsAOzBk__7xwfVA-wS13NVnnbm1BBuWA7_t9ku5UDKbJUTpZ1sZFsC3PE.ytaCS5eicfI5RVsFeVKK-fIAKuB5r1Bb9xIVZA_rsbU&dib_tag=se&keywords=%E3%82%AA%E3%83%AB%E3%83%88%E3%83%95%E3%82%A9%E3%83%B3+%E4%BA%A4%E6%8F%9B%E9%87%9D&qid=1784275270&refinements=p_85%3A8070706051%2Cp_n_condition-type%3A2249602051&rnid=2249601051&rps=1&sprefix=%E3%82%AA%E3%83%AB%E3%83%88%E3%83%95%E3%82%A9%E3%83%B3+%2Caps%2C329&sr=8-54&xpid=ow3nQIrXEF8aF","https://m.media-amazon.com/images/I/51inu571vPL._AC_UL320_.jpg","https://www.amazon.co.jp/Ortofon-Elektro-White-%E3%82%AA%E3%83%AB%E3%83%88%E3%83%95%E3%82%A9%E3%83%B3-stylus/dp/B000NAY32S/ref=sr_1_54?crid=2E5D17O346HHX&dib=eyJ2IjoiMSJ9.zQ3tKz8badUqb0lLIneUT3AOb0jUm0cbajuknGW93jE0e-g1Y1bsAOzBk__7xwfVA-wS13NVnnbm1BBuWA7_t9ku5UDKbJUTpZ1sZFsC3PE.ytaCS5eicfI5RVsFeVKK-fIAKuB5r1Bb9xIVZA_rsbU&dib_tag=se&keywords=%E3%82%AA%E3%83%AB%E3%83%88%E3%83%95%E3%82%A9%E3%83%B3+%E4%BA%A4%E6%8F%9B%E9%87%9D&qid=1784275270&refinements=p_85%3A8070706051%2Cp_n_condition-type%3A2249602051&rnid=2249601051&rps=1&sprefix=%E3%82%AA%E3%83%AB%E3%83%88%E3%83%95%E3%82%A9%E3%83%B3+%2Caps%2C329&sr=8-54&xpid=ow3nQIrXEF8aF","ortofon Stylus Elektro オルトフォン Concorde Elektro/OM Elektro用 交換針","javascript:void(0)","5つ星のうち4.9","https://www.amazon.co.jp/Ortofon-Elektro-White-%E3%82%AA%E3%83%AB%E3%83%88%E3%83%95%E3%82%A9%E3%83%B3-stylus/dp/B000NAY32S/ref=sr_1_54?crid=2E5D17O346HHX&dib=eyJ2IjoiMSJ9.zQ3tKz8badUqb0lLIneUT3AOb0jUm0cbajuknGW93jE0e-g1Y1bsAOzBk__7xwfVA-wS13NVnnbm1BBuWA7_t9ku5UDKbJUTpZ1sZFsC3PE.ytaCS5eicfI5RVsFeVKK-fIAKuB5r1Bb9xIVZA_rsbU&dib_tag=se&keywords=%E3%82%AA%E3%83%AB%E3%83%88%E3%83%95%E3%82%A9%E3%83%B3+%E4%BA%A4%E6%8F%9B%E9%87%9D&qid=1784275270&refinements=p_85%3A8070706051%2Cp_n_condition-type%3A2249602051&rnid=2249601051&rps=1&sprefix=%E3%82%AA%E3%83%AB%E3%83%88%E3%83%95%E3%82%A9%E3%83%B3+%2Caps%2C329&sr=8-54&xpid=ow3nQIrXEF8aF#customerReviews","「おすすめ出品」の要件を満たす出品はありません","https://www.amazon.co.jp/gp/offer-listing/B000NAY32S/ref=sr_1_54_olp?rnid=2249601051&keywords=%E3%82%AA%E3%83%AB%E3%83%88%E3%83%95%E3%82%A9%E3%83%B3+%E4%BA%A4%E6%8F%9B%E9%87%9D&crid=2E5D17O346HHX&sprefix=%E3%82%AA%E3%83%AB%E3%83%88%E3%83%95%E3%82%A9%E3%83%B3+%2Caps%2C329&rps=1&dib_tag=se&xpid=ow3nQIrXEF8aF&dib=eyJ2IjoiMSJ9.zQ3tKz8badUqb0lLIneUT3AOb0jUm0cbajuknGW93jE0e-g1Y1bsAOzBk__7xwfVA-wS13NVnnbm1BBuWA7_t9ku5UDKbJUTpZ1sZFsC3PE.ytaCS5eicfI5RVsFeVKK-fIAKuB5r1Bb9xIVZA_rsbU&qid=1784275270&refinements=p_85%3A8070706051%2Cp_n_condition-type%3A2249602051&sr=8-54","","","","","￥10,350","https://www.amazon.co.jp/Ortofon-Elektro-White-%E3%82%AA%E3%83%AB%E3%83%88%E3%83%95%E3%82%A9%E3%83%B3-stylus/dp/B000NAY32S/ref=sr_1_54_so_SOUND_AND_RECORDING_EQUIPMENT?crid=2E5D17O346HHX&dib=eyJ2IjoiMSJ9.zQ3tKz8badUqb0lLIneUT3AOb0jUm0cbajuknGW93jE0e-g1Y1bsAOzBk__7xwfVA-wS13NVnnbm1BBuWA7_t9ku5UDKbJUTpZ1sZFsC3PE.ytaCS5eicfI5RVsFeVKK-fIAKuB5r1Bb9xIVZA_rsbU&dib_tag=se&keywords=%E3%82%AA%E3%83%AB%E3%83%88%E3%83%95%E3%82%A9%E3%83%B3+%E4%BA%A4%E6%8F%9B%E9%87%9D&qid=1784275270&refinements=p_85%3A8070706051%2Cp_n_condition-type%3A2249602051&rnid=2249601051&rps=1&sprefix=%E3%82%AA%E3%83%AB%E3%83%88%E3%83%95%E3%82%A9%E3%83%B3+%2Caps%2C329&sr=8-54&xpid=ow3nQIrXEF8aF"
"https://www.amazon.co.jp/%E3%82%AA%E3%83%BC%E3%83%87%E3%82%A3%E3%82%AA%E3%83%86%E3%82%AF%E3%83%8B%E3%82%AB-AT-VM95E-BK-%E3%82%B9%E3%83%86%E3%83%AC%E3%82%AA%E3%82%AB%E3%83%BC%E3%83%88%E3%83%AA%E3%83%83%E3%82%B8-AT-VM95%E3%82%B7%E3%83%AA%E3%83%BC%E3%82%BA/dp/B0GFSN85P9/ref=sr_1_55?crid=2E5D17O346HHX&dib=eyJ2IjoiMSJ9.zQ3tKz8badUqb0lLIneUT3AOb0jUm0cbajuknGW93jE0e-g1Y1bsAOzBk__7xwfVA-wS13NVnnbm1BBuWA7_t9ku5UDKbJUTpZ1sZFsC3PE.ytaCS5eicfI5RVsFeVKK-fIAKuB5r1Bb9xIVZA_rsbU&dib_tag=se&keywords=%E3%82%AA%E3%83%AB%E3%83%88%E3%83%95%E3%82%A9%E3%83%B3+%E4%BA%A4%E6%8F%9B%E9%87%9D&qid=1784275270&refinements=p_85%3A8070706051%2Cp_n_condition-type%3A2249602051&rnid=2249601051&rps=1&sprefix=%E3%82%AA%E3%83%AB%E3%83%88%E3%83%95%E3%82%A9%E3%83%B3+%2Caps%2C329&sr=8-55&ufe=app_do%3Aamzn1.fos.35785624-70c4-44ae-a5c3-3f044f475d63&xpid=ow3nQIrXEF8aF","https://m.media-amazon.com/images/I/61WbniBzbcL._AC_UL320_.jpg","https://www.amazon.co.jp/%E3%82%AA%E3%83%BC%E3%83%87%E3%82%A3%E3%82%AA%E3%83%86%E3%82%AF%E3%83%8B%E3%82%AB-AT-VM95E-BK-%E3%82%B9%E3%83%86%E3%83%AC%E3%82%AA%E3%82%AB%E3%83%BC%E3%83%88%E3%83%AA%E3%83%83%E3%82%B8-AT-VM95%E3%82%B7%E3%83%AA%E3%83%BC%E3%82%BA/dp/B0GFSN85P9/ref=sr_1_55?crid=2E5D17O346HHX&dib=eyJ2IjoiMSJ9.zQ3tKz8badUqb0lLIneUT3AOb0jUm0cbajuknGW93jE0e-g1Y1bsAOzBk__7xwfVA-wS13NVnnbm1BBuWA7_t9ku5UDKbJUTpZ1sZFsC3PE.ytaCS5eicfI5RVsFeVKK-fIAKuB5r1Bb9xIVZA_rsbU&dib_tag=se&keywords=%E3%82%AA%E3%83%AB%E3%83%88%E3%83%95%E3%82%A9%E3%83%B3+%E4%BA%A4%E6%8F%9B%E9%87%9D&qid=1784275270&refinements=p_85%3A8070706051%2Cp_n_condition-type%3A2249602051&rnid=2249601051&rps=1&sprefix=%E3%82%AA%E3%83%AB%E3%83%88%E3%83%95%E3%82%A9%E3%83%B3+%2Caps%2C329&sr=8-55&ufe=app_do%3Aamzn1.fos.35785624-70c4-44ae-a5c3-3f044f475d63&xpid=ow3nQIrXEF8aF","オーディオテクニカ AT-VM95E BK VM型 ステレオカートリッジ 楕円針 AT-VM95シリーズ レコード針 カートリッジ レコードプレーヤー ブラック","","","https://www.amazon.co.jp/gp/bestsellers/electronics/2225501051/ref=top_seller_insight_8","ベストセラー8位","https://www.amazon.co.jp/%E3%82%AA%E3%83%BC%E3%83%87%E3%82%A3%E3%82%AA%E3%83%86%E3%82%AF%E3%83%8B%E3%82%AB-AT-VM95E-BK-%E3%82%B9%E3%83%86%E3%83%AC%E3%82%AA%E3%82%AB%E3%83%BC%E3%83%88%E3%83%AA%E3%83%83%E3%82%B8-AT-VM95%E3%82%B7%E3%83%AA%E3%83%BC%E3%82%BA/dp/B0GFSN85P9/ref=sr_1_55?crid=2E5D17O346HHX&dib=eyJ2IjoiMSJ9.zQ3tKz8badUqb0lLIneUT3AOb0jUm0cbajuknGW93jE0e-g1Y1bsAOzBk__7xwfVA-wS13NVnnbm1BBuWA7_t9ku5UDKbJUTpZ1sZFsC3PE.ytaCS5eicfI5RVsFeVKK-fIAKuB5r1Bb9xIVZA_rsbU&dib_tag=se&keywords=%E3%82%AA%E3%83%AB%E3%83%88%E3%83%95%E3%82%A9%E3%83%B3+%E4%BA%A4%E6%8F%9B%E9%87%9D&qid=1784275270&refinements=p_85%3A8070706051%2Cp_n_condition-type%3A2249602051&rnid=2249601051&rps=1&sprefix=%E3%82%AA%E3%83%AB%E3%83%88%E3%83%95%E3%82%A9%E3%83%B3+%2Caps%2C329&sr=8-55&ufe=app_do%3Aamzn1.fos.35785624-70c4-44ae-a5c3-3f044f475d63&xpid=ow3nQIrXEF8aF","https://www.amazon.co.jp/gp/offer-listing/B0GFSN85P9/ref=sr_1_55_olp?rnid=2249601051&keywords=%E3%82%AA%E3%83%AB%E3%83%88%E3%83%95%E3%82%A9%E3%83%B3+%E4%BA%A4%E6%8F%9B%E9%87%9D&crid=2E5D17O346HHX&sprefix=%E3%82%AA%E3%83%AB%E3%83%88%E3%83%95%E3%82%A9%E3%83%B3+%2Caps%2C329&rps=1&dib_tag=se&xpid=ow3nQIrXEF8aF&dib=eyJ2IjoiMSJ9.zQ3tKz8badUqb0lLIneUT3AOb0jUm0cbajuknGW93jE0e-g1Y1bsAOzBk__7xwfVA-wS13NVnnbm1BBuWA7_t9ku5UDKbJUTpZ1sZFsC3PE.ytaCS5eicfI5RVsFeVKK-fIAKuB5r1Bb9xIVZA_rsbU&qid=1784275270&refinements=p_85%3A8070706051%2Cp_n_condition-type%3A2249602051&sr=8-55","￥9,000","￥","9,000","￥8,910",""
"https://www.amazon.co.jp/ortofon-%E3%82%AA%E3%83%AB%E3%83%88%E3%83%95%E3%82%A9%E3%83%B3-MM%E3%82%AB%E3%83%BC%E3%83%88%E3%83%AA%E3%83%83%E3%82%B8-%E3%82%B9%E3%83%86%E3%83%AC%E3%82%AA-%E3%80%90%E5%9B%BD%E5%86%85%E6%AD%A3%E8%A6%8F%E5%93%81%E3%80%91/dp/B000WMCEKK/ref=sr_1_56?crid=2E5D17O346HHX&dib=eyJ2IjoiMSJ9.zQ3tKz8badUqb0lLIneUT3AOb0jUm0cbajuknGW93jE0e-g1Y1bsAOzBk__7xwfVA-wS13NVnnbm1BBuWA7_t9ku5UDKbJUTpZ1sZFsC3PE.ytaCS5eicfI5RVsFeVKK-fIAKuB5r1Bb9xIVZA_rsbU&dib_tag=se&keywords=%E3%82%AA%E3%83%AB%E3%83%88%E3%83%95%E3%82%A9%E3%83%B3+%E4%BA%A4%E6%8F%9B%E9%87%9D&qid=1784275270&refinements=p_85%3A8070706051%2Cp_n_condition-type%3A2249602051&rnid=2249601051&rps=1&sprefix=%E3%82%AA%E3%83%AB%E3%83%88%E3%83%95%E3%82%A9%E3%83%B3+%2Caps%2C329&sr=8-56&xpid=ow3nQIrXEF8aF","https://m.media-amazon.com/images/I/618yj+jG+2L._AC_UL320_.jpg","https://www.amazon.co.jp/ortofon-%E3%82%AA%E3%83%AB%E3%83%88%E3%83%95%E3%82%A9%E3%83%B3-MM%E3%82%AB%E3%83%BC%E3%83%88%E3%83%AA%E3%83%83%E3%82%B8-%E3%82%B9%E3%83%86%E3%83%AC%E3%82%AA-%E3%80%90%E5%9B%BD%E5%86%85%E6%AD%A3%E8%A6%8F%E5%93%81%E3%80%91/dp/B000WMCEKK/ref=sr_1_56?crid=2E5D17O346HHX&dib=eyJ2IjoiMSJ9.zQ3tKz8badUqb0lLIneUT3AOb0jUm0cbajuknGW93jE0e-g1Y1bsAOzBk__7xwfVA-wS13NVnnbm1BBuWA7_t9ku5UDKbJUTpZ1sZFsC3PE.ytaCS5eicfI5RVsFeVKK-fIAKuB5r1Bb9xIVZA_rsbU&dib_tag=se&keywords=%E3%82%AA%E3%83%AB%E3%83%88%E3%83%95%E3%82%A9%E3%83%B3+%E4%BA%A4%E6%8F%9B%E9%87%9D&qid=1784275270&refinements=p_85%3A8070706051%2Cp_n_condition-type%3A2249602051&rnid=2249601051&rps=1&sprefix=%E3%82%AA%E3%83%AB%E3%83%88%E3%83%95%E3%82%A9%E3%83%B3+%2Caps%2C329&sr=8-56&xpid=ow3nQIrXEF8aF","ortofon 2M Red オルトフォン MMカートリッジ ステレオ 楕円針 リスニング専用","javascript:void(0)","5つ星のうち4.7","https://www.amazon.co.jp/ortofon-%E3%82%AA%E3%83%AB%E3%83%88%E3%83%95%E3%82%A9%E3%83%B3-MM%E3%82%AB%E3%83%BC%E3%83%88%E3%83%AA%E3%83%83%E3%82%B8-%E3%82%B9%E3%83%86%E3%83%AC%E3%82%AA-%E3%80%90%E5%9B%BD%E5%86%85%E6%AD%A3%E8%A6%8F%E5%93%81%E3%80%91/dp/B000WMCEKK/ref=sr_1_56?crid=2E5D17O346HHX&dib=eyJ2IjoiMSJ9.zQ3tKz8badUqb0lLIneUT3AOb0jUm0cbajuknGW93jE0e-g1Y1bsAOzBk__7xwfVA-wS13NVnnbm1BBuWA7_t9ku5UDKbJUTpZ1sZFsC3PE.ytaCS5eicfI5RVsFeVKK-fIAKuB5r1Bb9xIVZA_rsbU&dib_tag=se&keywords=%E3%82%AA%E3%83%AB%E3%83%88%E3%83%95%E3%82%A9%E3%83%B3+%E4%BA%A4%E6%8F%9B%E9%87%9D&qid=1784275270&refinements=p_85%3A8070706051%2Cp_n_condition-type%3A2249602051&rnid=2249601051&rps=1&sprefix=%E3%82%AA%E3%83%AB%E3%83%88%E3%83%95%E3%82%A9%E3%83%B3+%2Caps%2C329&sr=8-56&xpid=ow3nQIrXEF8aF#customerReviews","「おすすめ出品」の要件を満たす出品はありません","https://www.amazon.co.jp/gp/offer-listing/B000WMCEKK/ref=sr_1_56_olp?rnid=2249601051&keywords=%E3%82%AA%E3%83%AB%E3%83%88%E3%83%95%E3%82%A9%E3%83%B3+%E4%BA%A4%E6%8F%9B%E9%87%9D&crid=2E5D17O346HHX&sprefix=%E3%82%AA%E3%83%AB%E3%83%88%E3%83%95%E3%82%A9%E3%83%B3+%2Caps%2C329&rps=1&dib_tag=se&xpid=ow3nQIrXEF8aF&dib=eyJ2IjoiMSJ9.zQ3tKz8badUqb0lLIneUT3AOb0jUm0cbajuknGW93jE0e-g1Y1bsAOzBk__7xwfVA-wS13NVnnbm1BBuWA7_t9ku5UDKbJUTpZ1sZFsC3PE.ytaCS5eicfI5RVsFeVKK-fIAKuB5r1Bb9xIVZA_rsbU&qid=1784275270&refinements=p_85%3A8070706051%2Cp_n_condition-type%3A2249602051&sr=8-56","","","","","￥18,700","https://www.amazon.co.jp/ortofon-%E3%82%AA%E3%83%AB%E3%83%88%E3%83%95%E3%82%A9%E3%83%B3-MM%E3%82%AB%E3%83%BC%E3%83%88%E3%83%AA%E3%83%83%E3%82%B8-%E3%82%B9%E3%83%86%E3%83%AC%E3%82%AA-%E3%80%90%E5%9B%BD%E5%86%85%E6%AD%A3%E8%A6%8F%E5%93%81%E3%80%91/dp/B000WMCEKK/ref=sr_1_56_so_SOUND_AND_RECORDING_EQUIPMENT?crid=2E5D17O346HHX&dib=eyJ2IjoiMSJ9.zQ3tKz8badUqb0lLIneUT3AOb0jUm0cbajuknGW93jE0e-g1Y1bsAOzBk__7xwfVA-wS13NVnnbm1BBuWA7_t9ku5UDKbJUTpZ1sZFsC3PE.ytaCS5eicfI5RVsFeVKK-fIAKuB5r1Bb9xIVZA_rsbU&dib_tag=se&keywords=%E3%82%AA%E3%83%AB%E3%83%88%E3%83%95%E3%82%A9%E3%83%B3+%E4%BA%A4%E6%8F%9B%E9%87%9D&qid=1784275270&refinements=p_85%3A8070706051%2Cp_n_condition-type%3A2249602051&rnid=2249601051&rps=1&sprefix=%E3%82%AA%E3%83%AB%E3%83%88%E3%83%95%E3%82%A9%E3%83%B3+%2Caps%2C329&sr=8-56&xpid=ow3nQIrXEF8aF"
"https://www.amazon.co.jp/Ortofon-VNL-II-%E4%BA%A4%E6%8F%9B%E7%94%A8%E3%82%B9%E3%82%BF%E3%82%A4%E3%83%A9%E3%82%B9-%E3%83%96%E3%83%A9%E3%83%83%E3%82%AF/dp/B095DPBQB9/ref=sr_1_57?crid=2E5D17O346HHX&dib=eyJ2IjoiMSJ9.zQ3tKz8badUqb0lLIneUT3AOb0jUm0cbajuknGW93jE0e-g1Y1bsAOzBk__7xwfVA-wS13NVnnbm1BBuWA7_t9ku5UDKbJUTpZ1sZFsC3PE.ytaCS5eicfI5RVsFeVKK-fIAKuB5r1Bb9xIVZA_rsbU&dib_tag=se&keywords=%E3%82%AA%E3%83%AB%E3%83%88%E3%83%95%E3%82%A9%E3%83%B3+%E4%BA%A4%E6%8F%9B%E9%87%9D&qid=1784275270&refinements=p_85%3A8070706051%2Cp_n_condition-type%3A2249602051&rnid=2249601051&rps=1&sprefix=%E3%82%AA%E3%83%AB%E3%83%88%E3%83%95%E3%82%A9%E3%83%B3+%2Caps%2C329&sr=8-57&xpid=ow3nQIrXEF8aF","https://m.media-amazon.com/images/I/616yP5O3oYL._AC_UL320_.jpg","https://www.amazon.co.jp/Ortofon-VNL-II-%E4%BA%A4%E6%8F%9B%E7%94%A8%E3%82%B9%E3%82%BF%E3%82%A4%E3%83%A9%E3%82%B9-%E3%83%96%E3%83%A9%E3%83%83%E3%82%AF/dp/B095DPBQB9/ref=sr_1_57?crid=2E5D17O346HHX&dib=eyJ2IjoiMSJ9.zQ3tKz8badUqb0lLIneUT3AOb0jUm0cbajuknGW93jE0e-g1Y1bsAOzBk__7xwfVA-wS13NVnnbm1BBuWA7_t9ku5UDKbJUTpZ1sZFsC3PE.ytaCS5eicfI5RVsFeVKK-fIAKuB5r1Bb9xIVZA_rsbU&dib_tag=se&keywords=%E3%82%AA%E3%83%AB%E3%83%88%E3%83%95%E3%82%A9%E3%83%B3+%E4%BA%A4%E6%8F%9B%E9%87%9D&qid=1784275270&refinements=p_85%3A8070706051%2Cp_n_condition-type%3A2249602051&rnid=2249601051&rps=1&sprefix=%E3%82%AA%E3%83%AB%E3%83%88%E3%83%95%E3%82%A9%E3%83%B3+%2Caps%2C329&sr=8-57&xpid=ow3nQIrXEF8aF","ortofon Stylus VNLⅡ オルトフォン VNL用 Stylus VNL 2 交換針","javascript:void(0)","5つ星のうち4.7","https://www.amazon.co.jp/Ortofon-VNL-II-%E4%BA%A4%E6%8F%9B%E7%94%A8%E3%82%B9%E3%82%BF%E3%82%A4%E3%83%A9%E3%82%B9-%E3%83%96%E3%83%A9%E3%83%83%E3%82%AF/dp/B095DPBQB9/ref=sr_1_57?crid=2E5D17O346HHX&dib=eyJ2IjoiMSJ9.zQ3tKz8badUqb0lLIneUT3AOb0jUm0cbajuknGW93jE0e-g1Y1bsAOzBk__7xwfVA-wS13NVnnbm1BBuWA7_t9ku5UDKbJUTpZ1sZFsC3PE.ytaCS5eicfI5RVsFeVKK-fIAKuB5r1Bb9xIVZA_rsbU&dib_tag=se&keywords=%E3%82%AA%E3%83%AB%E3%83%88%E3%83%95%E3%82%A9%E3%83%B3+%E4%BA%A4%E6%8F%9B%E9%87%9D&qid=1784275270&refinements=p_85%3A8070706051%2Cp_n_condition-type%3A2249602051&rnid=2249601051&rps=1&sprefix=%E3%82%AA%E3%83%AB%E3%83%88%E3%83%95%E3%82%A9%E3%83%B3+%2Caps%2C329&sr=8-57&xpid=ow3nQIrXEF8aF#customerReviews","「おすすめ出品」の要件を満たす出品はありません","https://www.amazon.co.jp/gp/offer-listing/B095DPBQB9/ref=sr_1_57_olp?rnid=2249601051&keywords=%E3%82%AA%E3%83%AB%E3%83%88%E3%83%95%E3%82%A9%E3%83%B3+%E4%BA%A4%E6%8F%9B%E9%87%9D&crid=2E5D17O346HHX&sprefix=%E3%82%AA%E3%83%AB%E3%83%88%E3%83%95%E3%82%A9%E3%83%B3+%2Caps%2C329&rps=1&dib_tag=se&xpid=ow3nQIrXEF8aF&dib=eyJ2IjoiMSJ9.zQ3tKz8badUqb0lLIneUT3AOb0jUm0cbajuknGW93jE0e-g1Y1bsAOzBk__7xwfVA-wS13NVnnbm1BBuWA7_t9ku5UDKbJUTpZ1sZFsC3PE.ytaCS5eicfI5RVsFeVKK-fIAKuB5r1Bb9xIVZA_rsbU&qid=1784275270&refinements=p_85%3A8070706051%2Cp_n_condition-type%3A2249602051&sr=8-57","","","","","￥7,150","https://www.amazon.co.jp/Ortofon-VNL-II-%E4%BA%A4%E6%8F%9B%E7%94%A8%E3%82%B9%E3%82%BF%E3%82%A4%E3%83%A9%E3%82%B9-%E3%83%96%E3%83%A9%E3%83%83%E3%82%AF/dp/B095DPBQB9/ref=sr_1_57_so_TURNTABLE?crid=2E5D17O346HHX&dib=eyJ2IjoiMSJ9.zQ3tKz8badUqb0lLIneUT3AOb0jUm0cbajuknGW93jE0e-g1Y1bsAOzBk__7xwfVA-wS13NVnnbm1BBuWA7_t9ku5UDKbJUTpZ1sZFsC3PE.ytaCS5eicfI5RVsFeVKK-fIAKuB5r1Bb9xIVZA_rsbU&dib_tag=se&keywords=%E3%82%AA%E3%83%AB%E3%83%88%E3%83%95%E3%82%A9%E3%83%B3+%E4%BA%A4%E6%8F%9B%E9%87%9D&qid=1784275270&refinements=p_85%3A8070706051%2Cp_n_condition-type%3A2249602051&rnid=2249601051&rps=1&sprefix=%E3%82%AA%E3%83%AB%E3%83%88%E3%83%95%E3%82%A9%E3%83%B3+%2Caps%2C329&sr=8-57&xpid=ow3nQIrXEF8aF"
"https://www.amazon.co.jp/Concorde-Music-Red-MM%E3%82%AB%E3%83%BC%E3%83%88%E3%83%AA%E3%83%83%E3%82%B8-%E3%83%98%E3%83%83%E3%83%89%E3%82%B7%E3%82%A7%E3%83%AB%E4%B8%80%E4%BD%93%E5%9E%8B/dp/B0D2LVF7YT/ref=sr_1_58?crid=2E5D17O346HHX&dib=eyJ2IjoiMSJ9.zQ3tKz8badUqb0lLIneUT3AOb0jUm0cbajuknGW93jE0e-g1Y1bsAOzBk__7xwfVA-wS13NVnnbm1BBuWA7_t9ku5UDKbJUTpZ1sZFsC3PE.ytaCS5eicfI5RVsFeVKK-fIAKuB5r1Bb9xIVZA_rsbU&dib_tag=se&keywords=%E3%82%AA%E3%83%AB%E3%83%88%E3%83%95%E3%82%A9%E3%83%B3+%E4%BA%A4%E6%8F%9B%E9%87%9D&qid=1784275270&refinements=p_85%3A8070706051%2Cp_n_condition-type%3A2249602051&rnid=2249601051&rps=1&sprefix=%E3%82%AA%E3%83%AB%E3%83%88%E3%83%95%E3%82%A9%E3%83%B3+%2Caps%2C329&sr=8-58&xpid=ow3nQIrXEF8aF","https://m.media-amazon.com/images/I/51V72dfDFcL._AC_UL320_.jpg","https://www.amazon.co.jp/Concorde-Music-Red-MM%E3%82%AB%E3%83%BC%E3%83%88%E3%83%AA%E3%83%83%E3%82%B8-%E3%83%98%E3%83%83%E3%83%89%E3%82%B7%E3%82%A7%E3%83%AB%E4%B8%80%E4%BD%93%E5%9E%8B/dp/B0D2LVF7YT/ref=sr_1_58?crid=2E5D17O346HHX&dib=eyJ2IjoiMSJ9.zQ3tKz8badUqb0lLIneUT3AOb0jUm0cbajuknGW93jE0e-g1Y1bsAOzBk__7xwfVA-wS13NVnnbm1BBuWA7_t9ku5UDKbJUTpZ1sZFsC3PE.ytaCS5eicfI5RVsFeVKK-fIAKuB5r1Bb9xIVZA_rsbU&dib_tag=se&keywords=%E3%82%AA%E3%83%AB%E3%83%88%E3%83%95%E3%82%A9%E3%83%B3+%E4%BA%A4%E6%8F%9B%E9%87%9D&qid=1784275270&refinements=p_85%3A8070706051%2Cp_n_condition-type%3A2249602051&rnid=2249601051&rps=1&sprefix=%E3%82%AA%E3%83%AB%E3%83%88%E3%83%95%E3%82%A9%E3%83%B3+%2Caps%2C329&sr=8-58&xpid=ow3nQIrXEF8aF","ortofon Concorde Music Red オルトフォン MMカートリッジ ステレオ ヘッドシェル一体型 楕円針 リスニング専用","javascript:void(0)","5つ星のうち4.7","https://www.amazon.co.jp/Concorde-Music-Red-MM%E3%82%AB%E3%83%BC%E3%83%88%E3%83%AA%E3%83%83%E3%82%B8-%E3%83%98%E3%83%83%E3%83%89%E3%82%B7%E3%82%A7%E3%83%AB%E4%B8%80%E4%BD%93%E5%9E%8B/dp/B0D2LVF7YT/ref=sr_1_58?crid=2E5D17O346HHX&dib=eyJ2IjoiMSJ9.zQ3tKz8badUqb0lLIneUT3AOb0jUm0cbajuknGW93jE0e-g1Y1bsAOzBk__7xwfVA-wS13NVnnbm1BBuWA7_t9ku5UDKbJUTpZ1sZFsC3PE.ytaCS5eicfI5RVsFeVKK-fIAKuB5r1Bb9xIVZA_rsbU&dib_tag=se&keywords=%E3%82%AA%E3%83%AB%E3%83%88%E3%83%95%E3%82%A9%E3%83%B3+%E4%BA%A4%E6%8F%9B%E9%87%9D&qid=1784275270&refinements=p_85%3A8070706051%2Cp_n_condition-type%3A2249602051&rnid=2249601051&rps=1&sprefix=%E3%82%AA%E3%83%AB%E3%83%88%E3%83%95%E3%82%A9%E3%83%B3+%2Caps%2C329&sr=8-58&xpid=ow3nQIrXEF8aF#customerReviews","「おすすめ出品」の要件を満たす出品はありません","https://www.amazon.co.jp/gp/offer-listing/B0D2LVF7YT/ref=sr_1_58_olp?rnid=2249601051&keywords=%E3%82%AA%E3%83%AB%E3%83%88%E3%83%95%E3%82%A9%E3%83%B3+%E4%BA%A4%E6%8F%9B%E9%87%9D&crid=2E5D17O346HHX&sprefix=%E3%82%AA%E3%83%AB%E3%83%88%E3%83%95%E3%82%A9%E3%83%B3+%2Caps%2C329&rps=1&dib_tag=se&xpid=ow3nQIrXEF8aF&dib=eyJ2IjoiMSJ9.zQ3tKz8badUqb0lLIneUT3AOb0jUm0cbajuknGW93jE0e-g1Y1bsAOzBk__7xwfVA-wS13NVnnbm1BBuWA7_t9ku5UDKbJUTpZ1sZFsC3PE.ytaCS5eicfI5RVsFeVKK-fIAKuB5r1Bb9xIVZA_rsbU&qid=1784275270&refinements=p_85%3A8070706051%2Cp_n_condition-type%3A2249602051&sr=8-58","","","","","￥28,600","https://www.amazon.co.jp/Concorde-Music-Red-MM%E3%82%AB%E3%83%BC%E3%83%88%E3%83%AA%E3%83%83%E3%82%B8-%E3%83%98%E3%83%83%E3%83%89%E3%82%B7%E3%82%A7%E3%83%AB%E4%B8%80%E4%BD%93%E5%9E%8B/dp/B0D2LVF7YT/ref=sr_1_58_so_TURNTABLE?crid=2E5D17O346HHX&dib=eyJ2IjoiMSJ9.zQ3tKz8badUqb0lLIneUT3AOb0jUm0cbajuknGW93jE0e-g1Y1bsAOzBk__7xwfVA-wS13NVnnbm1BBuWA7_t9ku5UDKbJUTpZ1sZFsC3PE.ytaCS5eicfI5RVsFeVKK-fIAKuB5r1Bb9xIVZA_rsbU&dib_tag=se&keywords=%E3%82%AA%E3%83%AB%E3%83%88%E3%83%95%E3%82%A9%E3%83%B3+%E4%BA%A4%E6%8F%9B%E9%87%9D&qid=1784275270&refinements=p_85%3A8070706051%2Cp_n_condition-type%3A2249602051&rnid=2249601051&rps=1&sprefix=%E3%82%AA%E3%83%AB%E3%83%88%E3%83%95%E3%82%A9%E3%83%B3+%2Caps%2C329&sr=8-58&xpid=ow3nQIrXEF8aF"
"https://www.amazon.co.jp/ortofon-Stylus-Concorde-Nightclub-Nightclub%E7%94%A8/dp/B0002JL3AA/ref=sr_1_49?crid=2E5D17O346HHX&dib=eyJ2IjoiMSJ9.4UM2ZRXej86fqSeNyF69_07ep34TNm2SLXtD97FwMsH_ES1nXFEfn5clqz0IcN6KTh_D4XjI67OQYG-73vKqIZoZZYxQ5LIqSYitgL8VsYhhKc0lngZAg2lPMGf123ByOi9pL4ykStViRQwl0s2eTmzzUXz6YDbP7-Mrdktlg3t510UDVtJqrdL10ufrqHRs5rEmxFL6h78buH-OpOD9Ser4COfqE6AH-iPvPh3A-IwdH0ADbidx18LKcSDfjJXGkKRebYUfEFT9QSlWhQhz7BveF7eFaQ53YW4gXQXIvHg.NpuwY6j532PfUdw7kQtljIeySk49q4f0Qc__p9a27d4&dib_tag=se&keywords=%E3%82%AA%E3%83%AB%E3%83%88%E3%83%95%E3%82%A9%E3%83%B3+%E4%BA%A4%E6%8F%9B%E9%87%9D&qid=1784275270&refinements=p_85%3A8070706051%2Cp_n_condition-type%3A2249602051&rnid=2249601051&rps=1&sprefix=%E3%82%AA%E3%83%AB%E3%83%88%E3%83%95%E3%82%A9%E3%83%B3+%2Caps%2C329&sr=8-49&xpid=ow3nQIrXEF8aF","https://m.media-amazon.com/images/I/51f9Wnwpx2L._AC_UL320_.jpg","https://www.amazon.co.jp/ortofon-Stylus-Concorde-Nightclub-Nightclub%E7%94%A8/dp/B0002JL3AA/ref=sr_1_49?crid=2E5D17O346HHX&dib=eyJ2IjoiMSJ9.4UM2ZRXej86fqSeNyF69_07ep34TNm2SLXtD97FwMsH_ES1nXFEfn5clqz0IcN6KTh_D4XjI67OQYG-73vKqIZoZZYxQ5LIqSYitgL8VsYhhKc0lngZAg2lPMGf123ByOi9pL4ykStViRQwl0s2eTmzzUXz6YDbP7-Mrdktlg3t510UDVtJqrdL10ufrqHRs5rEmxFL6h78buH-OpOD9Ser4COfqE6AH-iPvPh3A-IwdH0ADbidx18LKcSDfjJXGkKRebYUfEFT9QSlWhQhz7BveF7eFaQ53YW4gXQXIvHg.NpuwY6j532PfUdw7kQtljIeySk49q4f0Qc__p9a27d4&dib_tag=se&keywords=%E3%82%AA%E3%83%AB%E3%83%88%E3%83%95%E3%82%A9%E3%83%B3+%E4%BA%A4%E6%8F%9B%E9%87%9D&qid=1784275270&refinements=p_85%3A8070706051%2Cp_n_condition-type%3A2249602051&rnid=2249601051&rps=1&sprefix=%E3%82%AA%E3%83%AB%E3%83%88%E3%83%95%E3%82%A9%E3%83%B3+%2Caps%2C329&sr=8-49&xpid=ow3nQIrXEF8aF","ortofon Stylus Night Club S オルトフォン Concorde Nightclub/OM Nightclub用 交換針","javascript:void(0)","5つ星のうち4.8","https://www.amazon.co.jp/ortofon-Stylus-Concorde-Nightclub-Nightclub%E7%94%A8/dp/B0002JL3AA/ref=sr_1_49?crid=2E5D17O346HHX&dib=eyJ2IjoiMSJ9.4UM2ZRXej86fqSeNyF69_07ep34TNm2SLXtD97FwMsH_ES1nXFEfn5clqz0IcN6KTh_D4XjI67OQYG-73vKqIZoZZYxQ5LIqSYitgL8VsYhhKc0lngZAg2lPMGf123ByOi9pL4ykStViRQwl0s2eTmzzUXz6YDbP7-Mrdktlg3t510UDVtJqrdL10ufrqHRs5rEmxFL6h78buH-OpOD9Ser4COfqE6AH-iPvPh3A-IwdH0ADbidx18LKcSDfjJXGkKRebYUfEFT9QSlWhQhz7BveF7eFaQ53YW4gXQXIvHg.NpuwY6j532PfUdw7kQtljIeySk49q4f0Qc__p9a27d4&dib_tag=se&keywords=%E3%82%AA%E3%83%AB%E3%83%88%E3%83%95%E3%82%A9%E3%83%B3+%E4%BA%A4%E6%8F%9B%E9%87%9D&qid=1784275270&refinements=p_85%3A8070706051%2Cp_n_condition-type%3A2249602051&rnid=2249601051&rps=1&sprefix=%E3%82%AA%E3%83%AB%E3%83%88%E3%83%95%E3%82%A9%E3%83%B3+%2Caps%2C329&sr=8-49&xpid=ow3nQIrXEF8aF#customerReviews","「おすすめ出品」の要件を満たす出品はありません","https://www.amazon.co.jp/gp/offer-listing/B0002JL3AA/ref=sr_1_49_olp?rnid=2249601051&keywords=%E3%82%AA%E3%83%AB%E3%83%88%E3%83%95%E3%82%A9%E3%83%B3+%E4%BA%A4%E6%8F%9B%E9%87%9D&crid=2E5D17O346HHX&sprefix=%E3%82%AA%E3%83%AB%E3%83%88%E3%83%95%E3%82%A9%E3%83%B3+%2Caps%2C329&rps=1&dib_tag=se&xpid=ow3nQIrXEF8aF&dib=eyJ2IjoiMSJ9.4UM2ZRXej86fqSeNyF69_07ep34TNm2SLXtD97FwMsH_ES1nXFEfn5clqz0IcN6KTh_D4XjI67OQYG-73vKqIZoZZYxQ5LIqSYitgL8VsYhhKc0lngZAg2lPMGf123ByOi9pL4ykStViRQwl0s2eTmzzUXz6YDbP7-Mrdktlg3t510UDVtJqrdL10ufrqHRs5rEmxFL6h78buH-OpOD9Ser4COfqE6AH-iPvPh3A-IwdH0ADbidx18LKcSDfjJXGkKRebYUfEFT9QSlWhQhz7BveF7eFaQ53YW4gXQXIvHg.NpuwY6j532PfUdw7kQtljIeySk49q4f0Qc__p9a27d4&qid=1784275270&refinements=p_85%3A8070706051%2Cp_n_condition-type%3A2249602051&sr=8-49","","","","","￥12,760","https://www.amazon.co.jp/ortofon-Stylus-Concorde-Nightclub-Nightclub%E7%94%A8/dp/B0002JL3AA/ref=sr_1_49_so_SOUND_AND_RECORDING_EQUIPMENT?crid=2E5D17O346HHX&dib=eyJ2IjoiMSJ9.4UM2ZRXej86fqSeNyF69_07ep34TNm2SLXtD97FwMsH_ES1nXFEfn5clqz0IcN6KTh_D4XjI67OQYG-73vKqIZoZZYxQ5LIqSYitgL8VsYhhKc0lngZAg2lPMGf123ByOi9pL4ykStViRQwl0s2eTmzzUXz6YDbP7-Mrdktlg3t510UDVtJqrdL10ufrqHRs5rEmxFL6h78buH-OpOD9Ser4COfqE6AH-iPvPh3A-IwdH0ADbidx18LKcSDfjJXGkKRebYUfEFT9QSlWhQhz7BveF7eFaQ53YW4gXQXIvHg.NpuwY6j532PfUdw7kQtljIeySk49q4f0Qc__p9a27d4&dib_tag=se&keywords=%E3%82%AA%E3%83%AB%E3%83%88%E3%83%95%E3%82%A9%E3%83%B3+%E4%BA%A4%E6%8F%9B%E9%87%9D&qid=1784275270&refinements=p_85%3A8070706051%2Cp_n_condition-type%3A2249602051&rnid=2249601051&rps=1&sprefix=%E3%82%AA%E3%83%AB%E3%83%88%E3%83%95%E3%82%A9%E3%83%B3+%2Caps%2C329&sr=8-49&xpid=ow3nQIrXEF8aF"
"https://www.amazon.co.jp/ortofon-Stylus-VNL-TRIX-%E3%82%AA%E3%83%AB%E3%83%88%E3%83%95%E3%82%A9%E3%83%B3/dp/B0FV1YDR55/ref=sr_1_50?crid=2E5D17O346HHX&dib=eyJ2IjoiMSJ9.4UM2ZRXej86fqSeNyF69_07ep34TNm2SLXtD97FwMsH_ES1nXFEfn5clqz0IcN6KTh_D4XjI67OQYG-73vKqIZoZZYxQ5LIqSYitgL8VsYhhKc0lngZAg2lPMGf123ByOi9pL4ykStViRQwl0s2eTmzzUXz6YDbP7-Mrdktlg3t510UDVtJqrdL10ufrqHRs5rEmxFL6h78buH-OpOD9Ser4COfqE6AH-iPvPh3A-IwdH0ADbidx18LKcSDfjJXGkKRebYUfEFT9QSlWhQhz7BveF7eFaQ53YW4gXQXIvHg.NpuwY6j532PfUdw7kQtljIeySk49q4f0Qc__p9a27d4&dib_tag=se&keywords=%E3%82%AA%E3%83%AB%E3%83%88%E3%83%95%E3%82%A9%E3%83%B3+%E4%BA%A4%E6%8F%9B%E9%87%9D&qid=1784275270&refinements=p_85%3A8070706051%2Cp_n_condition-type%3A2249602051&rnid=2249601051&rps=1&sprefix=%E3%82%AA%E3%83%AB%E3%83%88%E3%83%95%E3%82%A9%E3%83%B3+%2Caps%2C329&sr=8-50&xpid=ow3nQIrXEF8aF","https://m.media-amazon.com/images/I/51DSUXDY0+L._AC_UL320_.jpg","https://www.amazon.co.jp/ortofon-Stylus-VNL-TRIX-%E3%82%AA%E3%83%AB%E3%83%88%E3%83%95%E3%82%A9%E3%83%B3/dp/B0FV1YDR55/ref=sr_1_50?crid=2E5D17O346HHX&dib=eyJ2IjoiMSJ9.4UM2ZRXej86fqSeNyF69_07ep34TNm2SLXtD97FwMsH_ES1nXFEfn5clqz0IcN6KTh_D4XjI67OQYG-73vKqIZoZZYxQ5LIqSYitgL8VsYhhKc0lngZAg2lPMGf123ByOi9pL4ykStViRQwl0s2eTmzzUXz6YDbP7-Mrdktlg3t510UDVtJqrdL10ufrqHRs5rEmxFL6h78buH-OpOD9Ser4COfqE6AH-iPvPh3A-IwdH0ADbidx18LKcSDfjJXGkKRebYUfEFT9QSlWhQhz7BveF7eFaQ53YW4gXQXIvHg.NpuwY6j532PfUdw7kQtljIeySk49q4f0Qc__p9a27d4&dib_tag=se&keywords=%E3%82%AA%E3%83%AB%E3%83%88%E3%83%95%E3%82%A9%E3%83%B3+%E4%BA%A4%E6%8F%9B%E9%87%9D&qid=1784275270&refinements=p_85%3A8070706051%2Cp_n_condition-type%3A2249602051&rnid=2249601051&rps=1&sprefix=%E3%82%AA%E3%83%AB%E3%83%88%E3%83%95%E3%82%A9%E3%83%B3+%2Caps%2C329&sr=8-50&xpid=ow3nQIrXEF8aF","ortofon Stylus VNL TRIX オルトフォン VNL TRIX用 交換針","","","https://www.amazon.co.jp/gp/offer-listing/B0FV1YDR55/ref=sr_1_50_olp?rnid=2249601051&keywords=%E3%82%AA%E3%83%AB%E3%83%88%E3%83%95%E3%82%A9%E3%83%B3+%E4%BA%A4%E6%8F%9B%E9%87%9D&crid=2E5D17O346HHX&sprefix=%E3%82%AA%E3%83%AB%E3%83%88%E3%83%95%E3%82%A9%E3%83%B3+%2Caps%2C329&rps=1&dib_tag=se&xpid=ow3nQIrXEF8aF&dib=eyJ2IjoiMSJ9.4UM2ZRXej86fqSeNyF69_07ep34TNm2SLXtD97FwMsH_ES1nXFEfn5clqz0IcN6KTh_D4XjI67OQYG-73vKqIZoZZYxQ5LIqSYitgL8VsYhhKc0lngZAg2lPMGf123ByOi9pL4ykStViRQwl0s2eTmzzUXz6YDbP7-Mrdktlg3t510UDVtJqrdL10ufrqHRs5rEmxFL6h78buH-OpOD9Ser4COfqE6AH-iPvPh3A-IwdH0ADbidx18LKcSDfjJXGkKRebYUfEFT9QSlWhQhz7BveF7eFaQ53YW4gXQXIvHg.NpuwY6j532PfUdw7kQtljIeySk49q4f0Qc__p9a27d4&qid=1784275270&refinements=p_85%3A8070706051%2Cp_n_condition-type%3A2249602051&sr=8-50","「おすすめ出品」の要件を満たす出品はありません","","","","","","￥9,460","https://www.amazon.co.jp/ortofon-Stylus-VNL-TRIX-%E3%82%AA%E3%83%AB%E3%83%88%E3%83%95%E3%82%A9%E3%83%B3/dp/B0FV1YDR55/ref=sr_1_50_so_TURNTABLE?crid=2E5D17O346HHX&dib=eyJ2IjoiMSJ9.4UM2ZRXej86fqSeNyF69_07ep34TNm2SLXtD97FwMsH_ES1nXFEfn5clqz0IcN6KTh_D4XjI67OQYG-73vKqIZoZZYxQ5LIqSYitgL8VsYhhKc0lngZAg2lPMGf123ByOi9pL4ykStViRQwl0s2eTmzzUXz6YDbP7-Mrdktlg3t510UDVtJqrdL10ufrqHRs5rEmxFL6h78buH-OpOD9Ser4COfqE6AH-iPvPh3A-IwdH0ADbidx18LKcSDfjJXGkKRebYUfEFT9QSlWhQhz7BveF7eFaQ53YW4gXQXIvHg.NpuwY6j532PfUdw7kQtljIeySk49q4f0Qc__p9a27d4&dib_tag=se&keywords=%E3%82%AA%E3%83%AB%E3%83%88%E3%83%95%E3%82%A9%E3%83%B3+%E4%BA%A4%E6%8F%9B%E9%87%9D&qid=1784275270&refinements=p_85%3A8070706051%2Cp_n_condition-type%3A2249602051&rnid=2249601051&rps=1&sprefix=%E3%82%AA%E3%83%AB%E3%83%88%E3%83%95%E3%82%A9%E3%83%B3+%2Caps%2C329&sr=8-50&xpid=ow3nQIrXEF8aF"
"https://www.amazon.co.jp/Stylus-Concorde-Music-Red-Music%E3%82%B7%E3%83%AA%E3%83%BC%E3%82%BA%E5%85%A8%E3%83%A2%E3%83%87%E3%83%AB%E3%81%A8%E6%9C%AC%E4%BD%93%E4%BA%92%E6%8F%9B%E3%81%82%E3%82%8A/dp/B0D2Y9D4VS/ref=sr_1_51?crid=2E5D17O346HHX&dib=eyJ2IjoiMSJ9.4UM2ZRXej86fqSeNyF69_07ep34TNm2SLXtD97FwMsH_ES1nXFEfn5clqz0IcN6KTh_D4XjI67OQYG-73vKqIZoZZYxQ5LIqSYitgL8VsYhhKc0lngZAg2lPMGf123ByOi9pL4ykStViRQwl0s2eTmzzUXz6YDbP7-Mrdktlg3t510UDVtJqrdL10ufrqHRs5rEmxFL6h78buH-OpOD9Ser4COfqE6AH-iPvPh3A-IwdH0ADbidx18LKcSDfjJXGkKRebYUfEFT9QSlWhQhz7BveF7eFaQ53YW4gXQXIvHg.NpuwY6j532PfUdw7kQtljIeySk49q4f0Qc__p9a27d4&dib_tag=se&keywords=%E3%82%AA%E3%83%AB%E3%83%88%E3%83%95%E3%82%A9%E3%83%B3+%E4%BA%A4%E6%8F%9B%E9%87%9D&qid=1784275270&refinements=p_85%3A8070706051%2Cp_n_condition-type%3A2249602051&rnid=2249601051&rps=1&sprefix=%E3%82%AA%E3%83%AB%E3%83%88%E3%83%95%E3%82%A9%E3%83%B3+%2Caps%2C329&sr=8-51&xpid=ow3nQIrXEF8aF","https://m.media-amazon.com/images/I/61xyYgK0SXL._AC_UL320_.jpg","https://www.amazon.co.jp/Stylus-Concorde-Music-Red-Music%E3%82%B7%E3%83%AA%E3%83%BC%E3%82%BA%E5%85%A8%E3%83%A2%E3%83%87%E3%83%AB%E3%81%A8%E6%9C%AC%E4%BD%93%E4%BA%92%E6%8F%9B%E3%81%82%E3%82%8A/dp/B0D2Y9D4VS/ref=sr_1_51?crid=2E5D17O346HHX&dib=eyJ2IjoiMSJ9.4UM2ZRXej86fqSeNyF69_07ep34TNm2SLXtD97FwMsH_ES1nXFEfn5clqz0IcN6KTh_D4XjI67OQYG-73vKqIZoZZYxQ5LIqSYitgL8VsYhhKc0lngZAg2lPMGf123ByOi9pL4ykStViRQwl0s2eTmzzUXz6YDbP7-Mrdktlg3t510UDVtJqrdL10ufrqHRs5rEmxFL6h78buH-OpOD9Ser4COfqE6AH-iPvPh3A-IwdH0ADbidx18LKcSDfjJXGkKRebYUfEFT9QSlWhQhz7BveF7eFaQ53YW4gXQXIvHg.NpuwY6j532PfUdw7kQtljIeySk49q4f0Qc__p9a27d4&dib_tag=se&keywords=%E3%82%AA%E3%83%AB%E3%83%88%E3%83%95%E3%82%A9%E3%83%B3+%E4%BA%A4%E6%8F%9B%E9%87%9D&qid=1784275270&refinements=p_85%3A8070706051%2Cp_n_condition-type%3A2249602051&rnid=2249601051&rps=1&sprefix=%E3%82%AA%E3%83%AB%E3%83%88%E3%83%95%E3%82%A9%E3%83%B3+%2Caps%2C329&sr=8-51&xpid=ow3nQIrXEF8aF","ortofon Stylus Concorde Music Red オルトフォン Concorde Music Red用 交換針 Concorde Musicシリーズ全モデルと本体互換あり","javascript:void(0)","5つ星のうち4.4","https://www.amazon.co.jp/Stylus-Concorde-Music-Red-Music%E3%82%B7%E3%83%AA%E3%83%BC%E3%82%BA%E5%85%A8%E3%83%A2%E3%83%87%E3%83%AB%E3%81%A8%E6%9C%AC%E4%BD%93%E4%BA%92%E6%8F%9B%E3%81%82%E3%82%8A/dp/B0D2Y9D4VS/ref=sr_1_51?crid=2E5D17O346HHX&dib=eyJ2IjoiMSJ9.4UM2ZRXej86fqSeNyF69_07ep34TNm2SLXtD97FwMsH_ES1nXFEfn5clqz0IcN6KTh_D4XjI67OQYG-73vKqIZoZZYxQ5LIqSYitgL8VsYhhKc0lngZAg2lPMGf123ByOi9pL4ykStViRQwl0s2eTmzzUXz6YDbP7-Mrdktlg3t510UDVtJqrdL10ufrqHRs5rEmxFL6h78buH-OpOD9Ser4COfqE6AH-iPvPh3A-IwdH0ADbidx18LKcSDfjJXGkKRebYUfEFT9QSlWhQhz7BveF7eFaQ53YW4gXQXIvHg.NpuwY6j532PfUdw7kQtljIeySk49q4f0Qc__p9a27d4&dib_tag=se&keywords=%E3%82%AA%E3%83%AB%E3%83%88%E3%83%95%E3%82%A9%E3%83%B3+%E4%BA%A4%E6%8F%9B%E9%87%9D&qid=1784275270&refinements=p_85%3A8070706051%2Cp_n_condition-type%3A2249602051&rnid=2249601051&rps=1&sprefix=%E3%82%AA%E3%83%AB%E3%83%88%E3%83%95%E3%82%A9%E3%83%B3+%2Caps%2C329&sr=8-51&xpid=ow3nQIrXEF8aF#customerReviews","「おすすめ出品」の要件を満たす出品はありません","https://www.amazon.co.jp/gp/offer-listing/B0D2Y9D4VS/ref=sr_1_51_olp?rnid=2249601051&keywords=%E3%82%AA%E3%83%AB%E3%83%88%E3%83%95%E3%82%A9%E3%83%B3+%E4%BA%A4%E6%8F%9B%E9%87%9D&crid=2E5D17O346HHX&sprefix=%E3%82%AA%E3%83%AB%E3%83%88%E3%83%95%E3%82%A9%E3%83%B3+%2Caps%2C329&rps=1&dib_tag=se&xpid=ow3nQIrXEF8aF&dib=eyJ2IjoiMSJ9.4UM2ZRXej86fqSeNyF69_07ep34TNm2SLXtD97FwMsH_ES1nXFEfn5clqz0IcN6KTh_D4XjI67OQYG-73vKqIZoZZYxQ5LIqSYitgL8VsYhhKc0lngZAg2lPMGf123ByOi9pL4ykStViRQwl0s2eTmzzUXz6YDbP7-Mrdktlg3t510UDVtJqrdL10ufrqHRs5rEmxFL6h78buH-OpOD9Ser4COfqE6AH-iPvPh3A-IwdH0ADbidx18LKcSDfjJXGkKRebYUfEFT9QSlWhQhz7BveF7eFaQ53YW4gXQXIvHg.NpuwY6j532PfUdw7kQtljIeySk49q4f0Qc__p9a27d4&qid=1784275270&refinements=p_85%3A8070706051%2Cp_n_condition-type%3A2249602051&sr=8-51","","","","","￥13,200","https://www.amazon.co.jp/Stylus-Concorde-Music-Red-Music%E3%82%B7%E3%83%AA%E3%83%BC%E3%82%BA%E5%85%A8%E3%83%A2%E3%83%87%E3%83%AB%E3%81%A8%E6%9C%AC%E4%BD%93%E4%BA%92%E6%8F%9B%E3%81%82%E3%82%8A/dp/B0D2Y9D4VS/ref=sr_1_51_so_TURNTABLE?crid=2E5D17O346HHX&dib=eyJ2IjoiMSJ9.4UM2ZRXej86fqSeNyF69_07ep34TNm2SLXtD97FwMsH_ES1nXFEfn5clqz0IcN6KTh_D4XjI67OQYG-73vKqIZoZZYxQ5LIqSYitgL8VsYhhKc0lngZAg2lPMGf123ByOi9pL4ykStViRQwl0s2eTmzzUXz6YDbP7-Mrdktlg3t510UDVtJqrdL10ufrqHRs5rEmxFL6h78buH-OpOD9Ser4COfqE6AH-iPvPh3A-IwdH0ADbidx18LKcSDfjJXGkKRebYUfEFT9QSlWhQhz7BveF7eFaQ53YW4gXQXIvHg.NpuwY6j532PfUdw7kQtljIeySk49q4f0Qc__p9a27d4&dib_tag=se&keywords=%E3%82%AA%E3%83%AB%E3%83%88%E3%83%95%E3%82%A9%E3%83%B3+%E4%BA%A4%E6%8F%9B%E9%87%9D&qid=1784275270&refinements=p_85%3A8070706051%2Cp_n_condition-type%3A2249602051&rnid=2249601051&rps=1&sprefix=%E3%82%AA%E3%83%AB%E3%83%88%E3%83%95%E3%82%A9%E3%83%B3+%2Caps%2C329&sr=8-51&xpid=ow3nQIrXEF8aF"
"https://www.amazon.co.jp/4%E5%80%8B-LP-%E3%83%AC%E3%82%B3%E3%83%BC%E3%83%89%E9%87%9D-%E4%BA%A4%E6%8F%9B%E9%87%9D-%E3%83%AC%E3%82%B3%E3%83%BC%E3%83%89%E3%83%97%E3%83%AC%E3%83%BC%E3%83%A4%E3%83%BC%E9%87%9D%E3%82%BF%E3%83%BC%E3%83%B3%E3%83%86%E3%83%BC%E3%83%96%E3%83%AB%E3%82%B9%E3%82%BF%E3%82%A4%E3%83%A9%E3%82%B9%E4%BA%A4%E6%8F%9B%E3%82%BF%E3%83%BC%E3%83%B3%E3%83%86%E3%83%BC%E3%83%96%E3%83%ABLP%E3%83%97%E3%83%AC%E3%83%BC%E3%83%A4%E3%83%BC%E8%93%84%E9%9F%B3%E6%A9%9F/dp/B07Y7R45M5/ref=sr_1_52?crid=2E5D17O346HHX&dib=eyJ2IjoiMSJ9.4UM2ZRXej86fqSeNyF69_07ep34TNm2SLXtD97FwMsH_ES1nXFEfn5clqz0IcN6KTh_D4XjI67OQYG-73vKqIZoZZYxQ5LIqSYitgL8VsYhhKc0lngZAg2lPMGf123ByOi9pL4ykStViRQwl0s2eTmzzUXz6YDbP7-Mrdktlg3t510UDVtJqrdL10ufrqHRs5rEmxFL6h78buH-OpOD9Ser4COfqE6AH-iPvPh3A-IwdH0ADbidx18LKcSDfjJXGkKRebYUfEFT9QSlWhQhz7BveF7eFaQ53YW4gXQXIvHg.NpuwY6j532PfUdw7kQtljIeySk49q4f0Qc__p9a27d4&dib_tag=se&keywords=%E3%82%AA%E3%83%AB%E3%83%88%E3%83%95%E3%82%A9%E3%83%B3+%E4%BA%A4%E6%8F%9B%E9%87%9D&qid=1784275270&refinements=p_85%3A8070706051%2Cp_n_condition-type%3A2249602051&rnid=2249601051&rps=1&sprefix=%E3%82%AA%E3%83%AB%E3%83%88%E3%83%95%E3%82%A9%E3%83%B3+%2Caps%2C329&sr=8-52&ufe=app_do%3Aamzn1.fos.35785624-70c4-44ae-a5c3-3f044f475d63&xpid=ow3nQIrXEF8aF","https://m.media-amazon.com/images/I/71iZuwyA6zL._AC_UL320_.jpg","https://www.amazon.co.jp/4%E5%80%8B-LP-%E3%83%AC%E3%82%B3%E3%83%BC%E3%83%89%E9%87%9D-%E4%BA%A4%E6%8F%9B%E9%87%9D-%E3%83%AC%E3%82%B3%E3%83%BC%E3%83%89%E3%83%97%E3%83%AC%E3%83%BC%E3%83%A4%E3%83%BC%E9%87%9D%E3%82%BF%E3%83%BC%E3%83%B3%E3%83%86%E3%83%BC%E3%83%96%E3%83%AB%E3%82%B9%E3%82%BF%E3%82%A4%E3%83%A9%E3%82%B9%E4%BA%A4%E6%8F%9B%E3%82%BF%E3%83%BC%E3%83%B3%E3%83%86%E3%83%BC%E3%83%96%E3%83%ABLP%E3%83%97%E3%83%AC%E3%83%BC%E3%83%A4%E3%83%BC%E8%93%84%E9%9F%B3%E6%A9%9F/dp/B07Y7R45M5/ref=sr_1_52?crid=2E5D17O346HHX&dib=eyJ2IjoiMSJ9.4UM2ZRXej86fqSeNyF69_07ep34TNm2SLXtD97FwMsH_ES1nXFEfn5clqz0IcN6KTh_D4XjI67OQYG-73vKqIZoZZYxQ5LIqSYitgL8VsYhhKc0lngZAg2lPMGf123ByOi9pL4ykStViRQwl0s2eTmzzUXz6YDbP7-Mrdktlg3t510UDVtJqrdL10ufrqHRs5rEmxFL6h78buH-OpOD9Ser4COfqE6AH-iPvPh3A-IwdH0ADbidx18LKcSDfjJXGkKRebYUfEFT9QSlWhQhz7BveF7eFaQ53YW4gXQXIvHg.NpuwY6j532PfUdw7kQtljIeySk49q4f0Qc__p9a27d4&dib_tag=se&keywords=%E3%82%AA%E3%83%AB%E3%83%88%E3%83%95%E3%82%A9%E3%83%B3+%E4%BA%A4%E6%8F%9B%E9%87%9D&qid=1784275270&refinements=p_85%3A8070706051%2Cp_n_condition-type%3A2249602051&rnid=2249601051&rps=1&sprefix=%E3%82%AA%E3%83%AB%E3%83%88%E3%83%95%E3%82%A9%E3%83%B3+%2Caps%2C329&sr=8-52&ufe=app_do%3Aamzn1.fos.35785624-70c4-44ae-a5c3-3f044f475d63&xpid=ow3nQIrXEF8aF","4個 LP レコード針 交換針 レコードプレーヤー針ターンテーブルスタイラス交換ターンテーブルLPプレーヤー蓄音機 (赤)","javascript:void(0)","5つ星のうち4.0","https://www.amazon.co.jp/4%E5%80%8B-LP-%E3%83%AC%E3%82%B3%E3%83%BC%E3%83%89%E9%87%9D-%E4%BA%A4%E6%8F%9B%E9%87%9D-%E3%83%AC%E3%82%B3%E3%83%BC%E3%83%89%E3%83%97%E3%83%AC%E3%83%BC%E3%83%A4%E3%83%BC%E9%87%9D%E3%82%BF%E3%83%BC%E3%83%B3%E3%83%86%E3%83%BC%E3%83%96%E3%83%AB%E3%82%B9%E3%82%BF%E3%82%A4%E3%83%A9%E3%82%B9%E4%BA%A4%E6%8F%9B%E3%82%BF%E3%83%BC%E3%83%B3%E3%83%86%E3%83%BC%E3%83%96%E3%83%ABLP%E3%83%97%E3%83%AC%E3%83%BC%E3%83%A4%E3%83%BC%E8%93%84%E9%9F%B3%E6%A9%9F/dp/B07Y7R45M5/ref=sr_1_52?crid=2E5D17O346HHX&dib=eyJ2IjoiMSJ9.4UM2ZRXej86fqSeNyF69_07ep34TNm2SLXtD97FwMsH_ES1nXFEfn5clqz0IcN6KTh_D4XjI67OQYG-73vKqIZoZZYxQ5LIqSYitgL8VsYhhKc0lngZAg2lPMGf123ByOi9pL4ykStViRQwl0s2eTmzzUXz6YDbP7-Mrdktlg3t510UDVtJqrdL10ufrqHRs5rEmxFL6h78buH-OpOD9Ser4COfqE6AH-iPvPh3A-IwdH0ADbidx18LKcSDfjJXGkKRebYUfEFT9QSlWhQhz7BveF7eFaQ53YW4gXQXIvHg.NpuwY6j532PfUdw7kQtljIeySk49q4f0Qc__p9a27d4&dib_tag=se&keywords=%E3%82%AA%E3%83%AB%E3%83%88%E3%83%95%E3%82%A9%E3%83%B3+%E4%BA%A4%E6%8F%9B%E9%87%9D&qid=1784275270&refinements=p_85%3A8070706051%2Cp_n_condition-type%3A2249602051&rnid=2249601051&rps=1&sprefix=%E3%82%AA%E3%83%AB%E3%83%88%E3%83%95%E3%82%A9%E3%83%B3+%2Caps%2C329&sr=8-52&ufe=app_do%3Aamzn1.fos.35785624-70c4-44ae-a5c3-3f044f475d63&xpid=ow3nQIrXEF8aF#customerReviews","過去1か月で100点以上購入されました","https://www.amazon.co.jp/gp/bestsellers/electronics/2225502051/ref=top_seller_insight_3","https://www.amazon.co.jp/4%E5%80%8B-LP-%E3%83%AC%E3%82%B3%E3%83%BC%E3%83%89%E9%87%9D-%E4%BA%A4%E6%8F%9B%E9%87%9D-%E3%83%AC%E3%82%B3%E3%83%BC%E3%83%89%E3%83%97%E3%83%AC%E3%83%BC%E3%83%A4%E3%83%BC%E9%87%9D%E3%82%BF%E3%83%BC%E3%83%B3%E3%83%86%E3%83%BC%E3%83%96%E3%83%AB%E3%82%B9%E3%82%BF%E3%82%A4%E3%83%A9%E3%82%B9%E4%BA%A4%E6%8F%9B%E3%82%BF%E3%83%BC%E3%83%B3%E3%83%86%E3%83%BC%E3%83%96%E3%83%ABLP%E3%83%97%E3%83%AC%E3%83%BC%E3%83%A4%E3%83%BC%E8%93%84%E9%9F%B3%E6%A9%9F/dp/B07Y7R45M5/ref=sr_1_52?crid=2E5D17O346HHX&dib=eyJ2IjoiMSJ9.4UM2ZRXej86fqSeNyF69_07ep34TNm2SLXtD97FwMsH_ES1nXFEfn5clqz0IcN6KTh_D4XjI67OQYG-73vKqIZoZZYxQ5LIqSYitgL8VsYhhKc0lngZAg2lPMGf123ByOi9pL4ykStViRQwl0s2eTmzzUXz6YDbP7-Mrdktlg3t510UDVtJqrdL10ufrqHRs5rEmxFL6h78buH-OpOD9Ser4COfqE6AH-iPvPh3A-IwdH0ADbidx18LKcSDfjJXGkKRebYUfEFT9QSlWhQhz7BveF7eFaQ53YW4gXQXIvHg.NpuwY6j532PfUdw7kQtljIeySk49q4f0Qc__p9a27d4&dib_tag=se&keywords=%E3%82%AA%E3%83%AB%E3%83%88%E3%83%95%E3%82%A9%E3%83%B3+%E4%BA%A4%E6%8F%9B%E9%87%9D&qid=1784275270&refinements=p_85%3A8070706051%2Cp_n_condition-type%3A2249602051&rnid=2249601051&rps=1&sprefix=%E3%82%AA%E3%83%AB%E3%83%88%E3%83%95%E3%82%A9%E3%83%B3+%2Caps%2C329&sr=8-52&ufe=app_do%3Aamzn1.fos.35785624-70c4-44ae-a5c3-3f044f475d63&xpid=ow3nQIrXEF8aF","￥999","￥","999","",""
"https://www.amazon.co.jp/DJ%E5%90%91%E3%81%91MM%E3%82%AB%E3%83%BC%E3%83%88%E3%83%AA%E3%83%83%E3%82%B8-%E3%82%B3%E3%83%B3%E3%82%B3%E3%83%AB%E3%83%89%E3%83%BB%E3%83%87%E3%82%B8%E3%82%BF%E3%83%AB-ortofon-Concorde-Digital/dp/B0799ZZNFF/ref=sr_1_53?crid=2E5D17O346HHX&dib=eyJ2IjoiMSJ9.4UM2ZRXej86fqSeNyF69_07ep34TNm2SLXtD97FwMsH_ES1nXFEfn5clqz0IcN6KTh_D4XjI67OQYG-73vKqIZoZZYxQ5LIqSYitgL8VsYhhKc0lngZAg2lPMGf123ByOi9pL4ykStViRQwl0s2eTmzzUXz6YDbP7-Mrdktlg3t510UDVtJqrdL10ufrqHRs5rEmxFL6h78buH-OpOD9Ser4COfqE6AH-iPvPh3A-IwdH0ADbidx18LKcSDfjJXGkKRebYUfEFT9QSlWhQhz7BveF7eFaQ53YW4gXQXIvHg.NpuwY6j532PfUdw7kQtljIeySk49q4f0Qc__p9a27d4&dib_tag=se&keywords=%E3%82%AA%E3%83%AB%E3%83%88%E3%83%95%E3%82%A9%E3%83%B3+%E4%BA%A4%E6%8F%9B%E9%87%9D&qid=1784275270&refinements=p_85%3A8070706051%2Cp_n_condition-type%3A2249602051&rnid=2249601051&rps=1&sprefix=%E3%82%AA%E3%83%AB%E3%83%88%E3%83%95%E3%82%A9%E3%83%B3+%2Caps%2C329&sr=8-53&xpid=ow3nQIrXEF8aF","https://m.media-amazon.com/images/I/71ptvpwp+aL._AC_UL320_.jpg","https://www.amazon.co.jp/DJ%E5%90%91%E3%81%91MM%E3%82%AB%E3%83%BC%E3%83%88%E3%83%AA%E3%83%83%E3%82%B8-%E3%82%B3%E3%83%B3%E3%82%B3%E3%83%AB%E3%83%89%E3%83%BB%E3%83%87%E3%82%B8%E3%82%BF%E3%83%AB-ortofon-Concorde-Digital/dp/B0799ZZNFF/ref=sr_1_53?crid=2E5D17O346HHX&dib=eyJ2IjoiMSJ9.4UM2ZRXej86fqSeNyF69_07ep34TNm2SLXtD97FwMsH_ES1nXFEfn5clqz0IcN6KTh_D4XjI67OQYG-73vKqIZoZZYxQ5LIqSYitgL8VsYhhKc0lngZAg2lPMGf123ByOi9pL4ykStViRQwl0s2eTmzzUXz6YDbP7-Mrdktlg3t510UDVtJqrdL10ufrqHRs5rEmxFL6h78buH-OpOD9Ser4COfqE6AH-iPvPh3A-IwdH0ADbidx18LKcSDfjJXGkKRebYUfEFT9QSlWhQhz7BveF7eFaQ53YW4gXQXIvHg.NpuwY6j532PfUdw7kQtljIeySk49q4f0Qc__p9a27d4&dib_tag=se&keywords=%E3%82%AA%E3%83%AB%E3%83%88%E3%83%95%E3%82%A9%E3%83%B3+%E4%BA%A4%E6%8F%9B%E9%87%9D&qid=1784275270&refinements=p_85%3A8070706051%2Cp_n_condition-type%3A2249602051&rnid=2249601051&rps=1&sprefix=%E3%82%AA%E3%83%AB%E3%83%88%E3%83%95%E3%82%A9%E3%83%B3+%2Caps%2C329&sr=8-53&xpid=ow3nQIrXEF8aF","ortofon Concorde MKII Digital オルトフォン DJカートリッジ ヘッドシェル一体型 丸針 DJプレイ/リスニング兼用","javascript:void(0)","5つ星のうち4.8","https://www.amazon.co.jp/DJ%E5%90%91%E3%81%91MM%E3%82%AB%E3%83%BC%E3%83%88%E3%83%AA%E3%83%83%E3%82%B8-%E3%82%B3%E3%83%B3%E3%82%B3%E3%83%AB%E3%83%89%E3%83%BB%E3%83%87%E3%82%B8%E3%82%BF%E3%83%AB-ortofon-Concorde-Digital/dp/B0799ZZNFF/ref=sr_1_53?crid=2E5D17O346HHX&dib=eyJ2IjoiMSJ9.4UM2ZRXej86fqSeNyF69_07ep34TNm2SLXtD97FwMsH_ES1nXFEfn5clqz0IcN6KTh_D4XjI67OQYG-73vKqIZoZZYxQ5LIqSYitgL8VsYhhKc0lngZAg2lPMGf123ByOi9pL4ykStViRQwl0s2eTmzzUXz6YDbP7-Mrdktlg3t510UDVtJqrdL10ufrqHRs5rEmxFL6h78buH-OpOD9Ser4COfqE6AH-iPvPh3A-IwdH0ADbidx18LKcSDfjJXGkKRebYUfEFT9QSlWhQhz7BveF7eFaQ53YW4gXQXIvHg.NpuwY6j532PfUdw7kQtljIeySk49q4f0Qc__p9a27d4&dib_tag=se&keywords=%E3%82%AA%E3%83%AB%E3%83%88%E3%83%95%E3%82%A9%E3%83%B3+%E4%BA%A4%E6%8F%9B%E9%87%9D&qid=1784275270&refinements=p_85%3A8070706051%2Cp_n_condition-type%3A2249602051&rnid=2249601051&rps=1&sprefix=%E3%82%AA%E3%83%AB%E3%83%88%E3%83%95%E3%82%A9%E3%83%B3+%2Caps%2C329&sr=8-53&xpid=ow3nQIrXEF8aF#customerReviews","「おすすめ出品」の要件を満たす出品はありません","https://www.amazon.co.jp/gp/offer-listing/B0799ZZNFF/ref=sr_1_53_olp?rnid=2249601051&keywords=%E3%82%AA%E3%83%AB%E3%83%88%E3%83%95%E3%82%A9%E3%83%B3+%E4%BA%A4%E6%8F%9B%E9%87%9D&crid=2E5D17O346HHX&sprefix=%E3%82%AA%E3%83%AB%E3%83%88%E3%83%95%E3%82%A9%E3%83%B3+%2Caps%2C329&rps=1&dib_tag=se&xpid=ow3nQIrXEF8aF&dib=eyJ2IjoiMSJ9.4UM2ZRXej86fqSeNyF69_07ep34TNm2SLXtD97FwMsH_ES1nXFEfn5clqz0IcN6KTh_D4XjI67OQYG-73vKqIZoZZYxQ5LIqSYitgL8VsYhhKc0lngZAg2lPMGf123ByOi9pL4ykStViRQwl0s2eTmzzUXz6YDbP7-Mrdktlg3t510UDVtJqrdL10ufrqHRs5rEmxFL6h78buH-OpOD9Ser4COfqE6AH-iPvPh3A-IwdH0ADbidx18LKcSDfjJXGkKRebYUfEFT9QSlWhQhz7BveF7eFaQ53YW4gXQXIvHg.NpuwY6j532PfUdw7kQtljIeySk49q4f0Qc__p9a27d4&qid=1784275270&refinements=p_85%3A8070706051%2Cp_n_condition-type%3A2249602051&sr=8-53","","","","","￥27,500","https://www.amazon.co.jp/DJ%E5%90%91%E3%81%91MM%E3%82%AB%E3%83%BC%E3%83%88%E3%83%AA%E3%83%83%E3%82%B8-%E3%82%B3%E3%83%B3%E3%82%B3%E3%83%AB%E3%83%89%E3%83%BB%E3%83%87%E3%82%B8%E3%82%BF%E3%83%AB-ortofon-Concorde-Digital/dp/B0799ZZNFF/ref=sr_1_53_so_TURNTABLE?crid=2E5D17O346HHX&dib=eyJ2IjoiMSJ9.4UM2ZRXej86fqSeNyF69_07ep34TNm2SLXtD97FwMsH_ES1nXFEfn5clqz0IcN6KTh_D4XjI67OQYG-73vKqIZoZZYxQ5LIqSYitgL8VsYhhKc0lngZAg2lPMGf123ByOi9pL4ykStViRQwl0s2eTmzzUXz6YDbP7-Mrdktlg3t510UDVtJqrdL10ufrqHRs5rEmxFL6h78buH-OpOD9Ser4COfqE6AH-iPvPh3A-IwdH0ADbidx18LKcSDfjJXGkKRebYUfEFT9QSlWhQhz7BveF7eFaQ53YW4gXQXIvHg.NpuwY6j532PfUdw7kQtljIeySk49q4f0Qc__p9a27d4&dib_tag=se&keywords=%E3%82%AA%E3%83%AB%E3%83%88%E3%83%95%E3%82%A9%E3%83%B3+%E4%BA%A4%E6%8F%9B%E9%87%9D&qid=1784275270&refinements=p_85%3A8070706051%2Cp_n_condition-type%3A2249602051&rnid=2249601051&rps=1&sprefix=%E3%82%AA%E3%83%AB%E3%83%88%E3%83%95%E3%82%A9%E3%83%B3+%2Caps%2C329&sr=8-53&xpid=ow3nQIrXEF8aF"
"https://www.amazon.co.jp/Audio-Technica-%E3%82%AA%E3%83%BC%E3%83%87%E3%82%A3%E3%82%AA%E3%83%86%E3%82%AF%E3%83%8B%E3%82%AB-AT-VM95C-%E3%83%98%E3%83%83%E3%83%89%E3%82%B7%E3%82%A7%E3%83%AB%E4%BB%98%E3%81%8DVM%E5%9E%8B%E3%82%B9%E3%83%86%E3%83%AC%E3%82%AA%E3%82%AB%E3%83%BC%E3%83%88%E3%83%AA%E3%83%83%E3%82%B8%EF%BC%88MM%E5%9E%8B%E3%81%A8%E5%90%8C%E7%AD%89%EF%BC%89audio-technica/dp/B07JLXZ58X/ref=sr_1_54?crid=2E5D17O346HHX&dib=eyJ2IjoiMSJ9.4UM2ZRXej86fqSeNyF69_07ep34TNm2SLXtD97FwMsH_ES1nXFEfn5clqz0IcN6KTh_D4XjI67OQYG-73vKqIZoZZYxQ5LIqSYitgL8VsYhhKc0lngZAg2lPMGf123ByOi9pL4ykStViRQwl0s2eTmzzUXz6YDbP7-Mrdktlg3t510UDVtJqrdL10ufrqHRs5rEmxFL6h78buH-OpOD9Ser4COfqE6AH-iPvPh3A-IwdH0ADbidx18LKcSDfjJXGkKRebYUfEFT9QSlWhQhz7BveF7eFaQ53YW4gXQXIvHg.NpuwY6j532PfUdw7kQtljIeySk49q4f0Qc__p9a27d4&dib_tag=se&keywords=%E3%82%AA%E3%83%AB%E3%83%88%E3%83%95%E3%82%A9%E3%83%B3+%E4%BA%A4%E6%8F%9B%E9%87%9D&qid=1784275270&refinements=p_85%3A8070706051%2Cp_n_condition-type%3A2249602051&rnid=2249601051&rps=1&sprefix=%E3%82%AA%E3%83%AB%E3%83%88%E3%83%95%E3%82%A9%E3%83%B3+%2Caps%2C329&sr=8-54&ufe=app_do%3Aamzn1.fos.35785624-70c4-44ae-a5c3-3f044f475d63&xpid=ow3nQIrXEF8aF","https://m.media-amazon.com/images/I/61PPNsKzZ-L._AC_UL320_.jpg","https://www.amazon.co.jp/Audio-Technica-%E3%82%AA%E3%83%BC%E3%83%87%E3%82%A3%E3%82%AA%E3%83%86%E3%82%AF%E3%83%8B%E3%82%AB-AT-VM95C-%E3%83%98%E3%83%83%E3%83%89%E3%82%B7%E3%82%A7%E3%83%AB%E4%BB%98%E3%81%8DVM%E5%9E%8B%E3%82%B9%E3%83%86%E3%83%AC%E3%82%AA%E3%82%AB%E3%83%BC%E3%83%88%E3%83%AA%E3%83%83%E3%82%B8%EF%BC%88MM%E5%9E%8B%E3%81%A8%E5%90%8C%E7%AD%89%EF%BC%89audio-technica/dp/B07JLXZ58X/ref=sr_1_54?crid=2E5D17O346HHX&dib=eyJ2IjoiMSJ9.4UM2ZRXej86fqSeNyF69_07ep34TNm2SLXtD97FwMsH_ES1nXFEfn5clqz0IcN6KTh_D4XjI67OQYG-73vKqIZoZZYxQ5LIqSYitgL8VsYhhKc0lngZAg2lPMGf123ByOi9pL4ykStViRQwl0s2eTmzzUXz6YDbP7-Mrdktlg3t510UDVtJqrdL10ufrqHRs5rEmxFL6h78buH-OpOD9Ser4COfqE6AH-iPvPh3A-IwdH0ADbidx18LKcSDfjJXGkKRebYUfEFT9QSlWhQhz7BveF7eFaQ53YW4gXQXIvHg.NpuwY6j532PfUdw7kQtljIeySk49q4f0Qc__p9a27d4&dib_tag=se&keywords=%E3%82%AA%E3%83%AB%E3%83%88%E3%83%95%E3%82%A9%E3%83%B3+%E4%BA%A4%E6%8F%9B%E9%87%9D&qid=1784275270&refinements=p_85%3A8070706051%2Cp_n_condition-type%3A2249602051&rnid=2249601051&rps=1&sprefix=%E3%82%AA%E3%83%AB%E3%83%88%E3%83%95%E3%82%A9%E3%83%B3+%2Caps%2C329&sr=8-54&ufe=app_do%3Aamzn1.fos.35785624-70c4-44ae-a5c3-3f044f475d63&xpid=ow3nQIrXEF8aF","オーディオテクニカ AT-VM95C/H VM型 ステレオカートリッジ ヘッドシェル付 丸針 AT-VM95シリーズ レコード針 カートリッジ レコードプレーヤー","javascript:void(0)","5つ星のうち4.2","https://www.amazon.co.jp/Audio-Technica-%E3%82%AA%E3%83%BC%E3%83%87%E3%82%A3%E3%82%AA%E3%83%86%E3%82%AF%E3%83%8B%E3%82%AB-AT-VM95C-%E3%83%98%E3%83%83%E3%83%89%E3%82%B7%E3%82%A7%E3%83%AB%E4%BB%98%E3%81%8DVM%E5%9E%8B%E3%82%B9%E3%83%86%E3%83%AC%E3%82%AA%E3%82%AB%E3%83%BC%E3%83%88%E3%83%AA%E3%83%83%E3%82%B8%EF%BC%88MM%E5%9E%8B%E3%81%A8%E5%90%8C%E7%AD%89%EF%BC%89audio-technica/dp/B07JLXZ58X/ref=sr_1_54?crid=2E5D17O346HHX&dib=eyJ2IjoiMSJ9.4UM2ZRXej86fqSeNyF69_07ep34TNm2SLXtD97FwMsH_ES1nXFEfn5clqz0IcN6KTh_D4XjI67OQYG-73vKqIZoZZYxQ5LIqSYitgL8VsYhhKc0lngZAg2lPMGf123ByOi9pL4ykStViRQwl0s2eTmzzUXz6YDbP7-Mrdktlg3t510UDVtJqrdL10ufrqHRs5rEmxFL6h78buH-OpOD9Ser4COfqE6AH-iPvPh3A-IwdH0ADbidx18LKcSDfjJXGkKRebYUfEFT9QSlWhQhz7BveF7eFaQ53YW4gXQXIvHg.NpuwY6j532PfUdw7kQtljIeySk49q4f0Qc__p9a27d4&dib_tag=se&keywords=%E3%82%AA%E3%83%AB%E3%83%88%E3%83%95%E3%82%A9%E3%83%B3+%E4%BA%A4%E6%8F%9B%E9%87%9D&qid=1784275270&refinements=p_85%3A8070706051%2Cp_n_condition-type%3A2249602051&rnid=2249601051&rps=1&sprefix=%E3%82%AA%E3%83%AB%E3%83%88%E3%83%95%E3%82%A9%E3%83%B3+%2Caps%2C329&sr=8-54&ufe=app_do%3Aamzn1.fos.35785624-70c4-44ae-a5c3-3f044f475d63&xpid=ow3nQIrXEF8aF#customerReviews","こちらからもご購入いただけます","https://www.amazon.co.jp/gp/offer-listing/B07JLXZ58X/ref=sr_1_54_olp?rnid=2249601051&keywords=%E3%82%AA%E3%83%AB%E3%83%88%E3%83%95%E3%82%A9%E3%83%B3+%E4%BA%A4%E6%8F%9B%E9%87%9D&crid=2E5D17O346HHX&sprefix=%E3%82%AA%E3%83%AB%E3%83%88%E3%83%95%E3%82%A9%E3%83%B3+%2Caps%2C329&rps=1&dib_tag=se&xpid=ow3nQIrXEF8aF&dib=eyJ2IjoiMSJ9.4UM2ZRXej86fqSeNyF69_07ep34TNm2SLXtD97FwMsH_ES1nXFEfn5clqz0IcN6KTh_D4XjI67OQYG-73vKqIZoZZYxQ5LIqSYitgL8VsYhhKc0lngZAg2lPMGf123ByOi9pL4ykStViRQwl0s2eTmzzUXz6YDbP7-Mrdktlg3t510UDVtJqrdL10ufrqHRs5rEmxFL6h78buH-OpOD9Ser4COfqE6AH-iPvPh3A-IwdH0ADbidx18LKcSDfjJXGkKRebYUfEFT9QSlWhQhz7BveF7eFaQ53YW4gXQXIvHg.NpuwY6j532PfUdw7kQtljIeySk49q4f0Qc__p9a27d4&qid=1784275270&refinements=p_85%3A8070706051%2Cp_n_condition-type%3A2249602051&sr=8-54","https://www.amazon.co.jp/gp/bestsellers/electronics/2225501051/ref=top_seller_insight_3","￥9,009","￥","9,009","￥8,919",""
"https://www.amazon.co.jp/Ortofon-Stylus-%E7%90%83%E7%8A%B6%E3%83%80%E3%82%A4%E3%83%A4%E3%83%A2%E3%83%B3%E3%83%89-%E3%82%B9%E3%82%BF%E3%82%A4%E3%83%A9%E3%82%B9-%E3%83%96%E3%83%A9%E3%83%83%E3%82%AF/dp/B07TBPRRC3/ref=sr_1_55?crid=2E5D17O346HHX&dib=eyJ2IjoiMSJ9.4UM2ZRXej86fqSeNyF69_07ep34TNm2SLXtD97FwMsH_ES1nXFEfn5clqz0IcN6KTh_D4XjI67OQYG-73vKqIZoZZYxQ5LIqSYitgL8VsYhhKc0lngZAg2lPMGf123ByOi9pL4ykStViRQwl0s2eTmzzUXz6YDbP7-Mrdktlg3t510UDVtJqrdL10ufrqHRs5rEmxFL6h78buH-OpOD9Ser4COfqE6AH-iPvPh3A-IwdH0ADbidx18LKcSDfjJXGkKRebYUfEFT9QSlWhQhz7BveF7eFaQ53YW4gXQXIvHg.NpuwY6j532PfUdw7kQtljIeySk49q4f0Qc__p9a27d4&dib_tag=se&keywords=%E3%82%AA%E3%83%AB%E3%83%88%E3%83%95%E3%82%A9%E3%83%B3+%E4%BA%A4%E6%8F%9B%E9%87%9D&qid=1784275270&refinements=p_85%3A8070706051%2Cp_n_condition-type%3A2249602051&rnid=2249601051&rps=1&sprefix=%E3%82%AA%E3%83%AB%E3%83%88%E3%83%95%E3%82%A9%E3%83%B3+%2Caps%2C329&sr=8-55&xpid=ow3nQIrXEF8aF","https://m.media-amazon.com/images/I/610aG7jxYVL._AC_UL320_.jpg","https://www.amazon.co.jp/Ortofon-Stylus-%E7%90%83%E7%8A%B6%E3%83%80%E3%82%A4%E3%83%A4%E3%83%A2%E3%83%B3%E3%83%89-%E3%82%B9%E3%82%BF%E3%82%A4%E3%83%A9%E3%82%B9-%E3%83%96%E3%83%A9%E3%83%83%E3%82%AF/dp/B07TBPRRC3/ref=sr_1_55?crid=2E5D17O346HHX&dib=eyJ2IjoiMSJ9.4UM2ZRXej86fqSeNyF69_07ep34TNm2SLXtD97FwMsH_ES1nXFEfn5clqz0IcN6KTh_D4XjI67OQYG-73vKqIZoZZYxQ5LIqSYitgL8VsYhhKc0lngZAg2lPMGf123ByOi9pL4ykStViRQwl0s2eTmzzUXz6YDbP7-Mrdktlg3t510UDVtJqrdL10ufrqHRs5rEmxFL6h78buH-OpOD9Ser4COfqE6AH-iPvPh3A-IwdH0ADbidx18LKcSDfjJXGkKRebYUfEFT9QSlWhQhz7BveF7eFaQ53YW4gXQXIvHg.NpuwY6j532PfUdw7kQtljIeySk49q4f0Qc__p9a27d4&dib_tag=se&keywords=%E3%82%AA%E3%83%AB%E3%83%88%E3%83%95%E3%82%A9%E3%83%B3+%E4%BA%A4%E6%8F%9B%E9%87%9D&qid=1784275270&refinements=p_85%3A8070706051%2Cp_n_condition-type%3A2249602051&rnid=2249601051&rps=1&sprefix=%E3%82%AA%E3%83%AB%E3%83%88%E3%83%95%E3%82%A9%E3%83%B3+%2Caps%2C329&sr=8-55&xpid=ow3nQIrXEF8aF","ortofon Stylus 5S オルトフォン OM 5S用 交換針","javascript:void(0)","5つ星のうち4.7","https://www.amazon.co.jp/Ortofon-Stylus-%E7%90%83%E7%8A%B6%E3%83%80%E3%82%A4%E3%83%A4%E3%83%A2%E3%83%B3%E3%83%89-%E3%82%B9%E3%82%BF%E3%82%A4%E3%83%A9%E3%82%B9-%E3%83%96%E3%83%A9%E3%83%83%E3%82%AF/dp/B07TBPRRC3/ref=sr_1_55?crid=2E5D17O346HHX&dib=eyJ2IjoiMSJ9.4UM2ZRXej86fqSeNyF69_07ep34TNm2SLXtD97FwMsH_ES1nXFEfn5clqz0IcN6KTh_D4XjI67OQYG-73vKqIZoZZYxQ5LIqSYitgL8VsYhhKc0lngZAg2lPMGf123ByOi9pL4ykStViRQwl0s2eTmzzUXz6YDbP7-Mrdktlg3t510UDVtJqrdL10ufrqHRs5rEmxFL6h78buH-OpOD9Ser4COfqE6AH-iPvPh3A-IwdH0ADbidx18LKcSDfjJXGkKRebYUfEFT9QSlWhQhz7BveF7eFaQ53YW4gXQXIvHg.NpuwY6j532PfUdw7kQtljIeySk49q4f0Qc__p9a27d4&dib_tag=se&keywords=%E3%82%AA%E3%83%AB%E3%83%88%E3%83%95%E3%82%A9%E3%83%B3+%E4%BA%A4%E6%8F%9B%E9%87%9D&qid=1784275270&refinements=p_85%3A8070706051%2Cp_n_condition-type%3A2249602051&rnid=2249601051&rps=1&sprefix=%E3%82%AA%E3%83%AB%E3%83%88%E3%83%95%E3%82%A9%E3%83%B3+%2Caps%2C329&sr=8-55&xpid=ow3nQIrXEF8aF#customerReviews","","","https://www.amazon.co.jp/gp/offer-listing/B07TBPRRC3/ref=sr_1_55_olp?rnid=2249601051&keywords=%E3%82%AA%E3%83%AB%E3%83%88%E3%83%95%E3%82%A9%E3%83%B3+%E4%BA%A4%E6%8F%9B%E9%87%9D&crid=2E5D17O346HHX&sprefix=%E3%82%AA%E3%83%AB%E3%83%88%E3%83%95%E3%82%A9%E3%83%B3+%2Caps%2C329&rps=1&dib_tag=se&xpid=ow3nQIrXEF8aF&dib=eyJ2IjoiMSJ9.4UM2ZRXej86fqSeNyF69_07ep34TNm2SLXtD97FwMsH_ES1nXFEfn5clqz0IcN6KTh_D4XjI67OQYG-73vKqIZoZZYxQ5LIqSYitgL8VsYhhKc0lngZAg2lPMGf123ByOi9pL4ykStViRQwl0s2eTmzzUXz6YDbP7-Mrdktlg3t510UDVtJqrdL10ufrqHRs5rEmxFL6h78buH-OpOD9Ser4COfqE6AH-iPvPh3A-IwdH0ADbidx18LKcSDfjJXGkKRebYUfEFT9QSlWhQhz7BveF7eFaQ53YW4gXQXIvHg.NpuwY6j532PfUdw7kQtljIeySk49q4f0Qc__p9a27d4&qid=1784275270&refinements=p_85%3A8070706051%2Cp_n_condition-type%3A2249602051&sr=8-55","","","","￥7,920","https://www.amazon.co.jp/Ortofon-Stylus-%E7%90%83%E7%8A%B6%E3%83%80%E3%82%A4%E3%83%A4%E3%83%A2%E3%83%B3%E3%83%89-%E3%82%B9%E3%82%BF%E3%82%A4%E3%83%A9%E3%82%B9-%E3%83%96%E3%83%A9%E3%83%83%E3%82%AF/dp/B07TBPRRC3/ref=sr_1_55_so_TURNTABLE?crid=2E5D17O346HHX&dib=eyJ2IjoiMSJ9.4UM2ZRXej86fqSeNyF69_07ep34TNm2SLXtD97FwMsH_ES1nXFEfn5clqz0IcN6KTh_D4XjI67OQYG-73vKqIZoZZYxQ5LIqSYitgL8VsYhhKc0lngZAg2lPMGf123ByOi9pL4ykStViRQwl0s2eTmzzUXz6YDbP7-Mrdktlg3t510UDVtJqrdL10ufrqHRs5rEmxFL6h78buH-OpOD9Ser4COfqE6AH-iPvPh3A-IwdH0ADbidx18LKcSDfjJXGkKRebYUfEFT9QSlWhQhz7BveF7eFaQ53YW4gXQXIvHg.NpuwY6j532PfUdw7kQtljIeySk49q4f0Qc__p9a27d4&dib_tag=se&keywords=%E3%82%AA%E3%83%AB%E3%83%88%E3%83%95%E3%82%A9%E3%83%B3+%E4%BA%A4%E6%8F%9B%E9%87%9D&qid=1784275270&refinements=p_85%3A8070706051%2Cp_n_condition-type%3A2249602051&rnid=2249601051&rps=1&sprefix=%E3%82%AA%E3%83%AB%E3%83%88%E3%83%95%E3%82%A9%E3%83%B3+%2Caps%2C329&sr=8-55&xpid=ow3nQIrXEF8aF"
"https://www.amazon.co.jp/%E3%82%AA%E3%83%BC%E3%83%87%E3%82%A3%E3%82%AA%E3%83%86%E3%82%AF%E3%83%8B%E3%82%AB-AT-VMN20xEB-AT-VM520xEB%E6%A8%99%E6%BA%96-%E4%BA%A4%E6%8F%9B%E7%94%A8%E3%83%AC%E3%82%B3%E3%83%BC%E3%83%89%E9%87%9D-%E3%82%A2%E3%83%AB%E3%83%9F%E3%83%8B%E3%82%A6%E3%83%A0%E3%83%91%E3%82%A4%E3%83%97%E3%82%AB%E3%83%B3%E3%83%81%E3%83%AC%E3%83%90%E3%83%BC/dp/B0F6YQ5WFS/ref=sr_1_56?crid=2E5D17O346HHX&dib=eyJ2IjoiMSJ9.4UM2ZRXej86fqSeNyF69_07ep34TNm2SLXtD97FwMsH_ES1nXFEfn5clqz0IcN6KTh_D4XjI67OQYG-73vKqIZoZZYxQ5LIqSYitgL8VsYhhKc0lngZAg2lPMGf123ByOi9pL4ykStViRQwl0s2eTmzzUXz6YDbP7-Mrdktlg3t510UDVtJqrdL10ufrqHRs5rEmxFL6h78buH-OpOD9Ser4COfqE6AH-iPvPh3A-IwdH0ADbidx18LKcSDfjJXGkKRebYUfEFT9QSlWhQhz7BveF7eFaQ53YW4gXQXIvHg.NpuwY6j532PfUdw7kQtljIeySk49q4f0Qc__p9a27d4&dib_tag=se&keywords=%E3%82%AA%E3%83%AB%E3%83%88%E3%83%95%E3%82%A9%E3%83%B3+%E4%BA%A4%E6%8F%9B%E9%87%9D&qid=1784275270&refinements=p_85%3A8070706051%2Cp_n_condition-type%3A2249602051&rnid=2249601051&rps=1&sprefix=%E3%82%AA%E3%83%AB%E3%83%88%E3%83%95%E3%82%A9%E3%83%B3+%2Caps%2C329&sr=8-56&ufe=app_do%3Aamzn1.fos.35785624-70c4-44ae-a5c3-3f044f475d63&xpid=ow3nQIrXEF8aF","https://m.media-amazon.com/images/I/61K+uBIJdqL._AC_UL320_.jpg","https://www.amazon.co.jp/%E3%82%AA%E3%83%BC%E3%83%87%E3%82%A3%E3%82%AA%E3%83%86%E3%82%AF%E3%83%8B%E3%82%AB-AT-VMN20xEB-AT-VM520xEB%E6%A8%99%E6%BA%96-%E4%BA%A4%E6%8F%9B%E7%94%A8%E3%83%AC%E3%82%B3%E3%83%BC%E3%83%89%E9%87%9D-%E3%82%A2%E3%83%AB%E3%83%9F%E3%83%8B%E3%82%A6%E3%83%A0%E3%83%91%E3%82%A4%E3%83%97%E3%82%AB%E3%83%B3%E3%83%81%E3%83%AC%E3%83%90%E3%83%BC/dp/B0F6YQ5WFS/ref=sr_1_56?crid=2E5D17O346HHX&dib=eyJ2IjoiMSJ9.4UM2ZRXej86fqSeNyF69_07ep34TNm2SLXtD97FwMsH_ES1nXFEfn5clqz0IcN6KTh_D4XjI67OQYG-73vKqIZoZZYxQ5LIqSYitgL8VsYhhKc0lngZAg2lPMGf123ByOi9pL4ykStViRQwl0s2eTmzzUXz6YDbP7-Mrdktlg3t510UDVtJqrdL10ufrqHRs5rEmxFL6h78buH-OpOD9Ser4COfqE6AH-iPvPh3A-IwdH0ADbidx18LKcSDfjJXGkKRebYUfEFT9QSlWhQhz7BveF7eFaQ53YW4gXQXIvHg.NpuwY6j532PfUdw7kQtljIeySk49q4f0Qc__p9a27d4&dib_tag=se&keywords=%E3%82%AA%E3%83%AB%E3%83%88%E3%83%95%E3%82%A9%E3%83%B3+%E4%BA%A4%E6%8F%9B%E9%87%9D&qid=1784275270&refinements=p_85%3A8070706051%2Cp_n_condition-type%3A2249602051&rnid=2249601051&rps=1&sprefix=%E3%82%AA%E3%83%AB%E3%83%88%E3%83%95%E3%82%A9%E3%83%B3+%2Caps%2C329&sr=8-56&ufe=app_do%3Aamzn1.fos.35785624-70c4-44ae-a5c3-3f044f475d63&xpid=ow3nQIrXEF8aF","オーディオテクニカ AT-VMN20xEB VM型 交換針 AT-VM520xEB標準 交換用レコード針 接合楕円針 アルミニウムパイプカンチレバー","javascript:void(0)","5つ星のうち4.4","https://www.amazon.co.jp/%E3%82%AA%E3%83%BC%E3%83%87%E3%82%A3%E3%82%AA%E3%83%86%E3%82%AF%E3%83%8B%E3%82%AB-AT-VMN20xEB-AT-VM520xEB%E6%A8%99%E6%BA%96-%E4%BA%A4%E6%8F%9B%E7%94%A8%E3%83%AC%E3%82%B3%E3%83%BC%E3%83%89%E9%87%9D-%E3%82%A2%E3%83%AB%E3%83%9F%E3%83%8B%E3%82%A6%E3%83%A0%E3%83%91%E3%82%A4%E3%83%97%E3%82%AB%E3%83%B3%E3%83%81%E3%83%AC%E3%83%90%E3%83%BC/dp/B0F6YQ5WFS/ref=sr_1_56?crid=2E5D17O346HHX&dib=eyJ2IjoiMSJ9.4UM2ZRXej86fqSeNyF69_07ep34TNm2SLXtD97FwMsH_ES1nXFEfn5clqz0IcN6KTh_D4XjI67OQYG-73vKqIZoZZYxQ5LIqSYitgL8VsYhhKc0lngZAg2lPMGf123ByOi9pL4ykStViRQwl0s2eTmzzUXz6YDbP7-Mrdktlg3t510UDVtJqrdL10ufrqHRs5rEmxFL6h78buH-OpOD9Ser4COfqE6AH-iPvPh3A-IwdH0ADbidx18LKcSDfjJXGkKRebYUfEFT9QSlWhQhz7BveF7eFaQ53YW4gXQXIvHg.NpuwY6j532PfUdw7kQtljIeySk49q4f0Qc__p9a27d4&dib_tag=se&keywords=%E3%82%AA%E3%83%AB%E3%83%88%E3%83%95%E3%82%A9%E3%83%B3+%E4%BA%A4%E6%8F%9B%E9%87%9D&qid=1784275270&refinements=p_85%3A8070706051%2Cp_n_condition-type%3A2249602051&rnid=2249601051&rps=1&sprefix=%E3%82%AA%E3%83%AB%E3%83%88%E3%83%95%E3%82%A9%E3%83%B3+%2Caps%2C329&sr=8-56&ufe=app_do%3Aamzn1.fos.35785624-70c4-44ae-a5c3-3f044f475d63&xpid=ow3nQIrXEF8aF#customerReviews","こちらからもご購入いただけます","https://www.amazon.co.jp/gp/offer-listing/B0F6YQ5WFS/ref=sr_1_56_olp?rnid=2249601051&keywords=%E3%82%AA%E3%83%AB%E3%83%88%E3%83%95%E3%82%A9%E3%83%B3+%E4%BA%A4%E6%8F%9B%E9%87%9D&crid=2E5D17O346HHX&sprefix=%E3%82%AA%E3%83%AB%E3%83%88%E3%83%95%E3%82%A9%E3%83%B3+%2Caps%2C329&rps=1&dib_tag=se&xpid=ow3nQIrXEF8aF&dib=eyJ2IjoiMSJ9.4UM2ZRXej86fqSeNyF69_07ep34TNm2SLXtD97FwMsH_ES1nXFEfn5clqz0IcN6KTh_D4XjI67OQYG-73vKqIZoZZYxQ5LIqSYitgL8VsYhhKc0lngZAg2lPMGf123ByOi9pL4ykStViRQwl0s2eTmzzUXz6YDbP7-Mrdktlg3t510UDVtJqrdL10ufrqHRs5rEmxFL6h78buH-OpOD9Ser4COfqE6AH-iPvPh3A-IwdH0ADbidx18LKcSDfjJXGkKRebYUfEFT9QSlWhQhz7BveF7eFaQ53YW4gXQXIvHg.NpuwY6j532PfUdw7kQtljIeySk49q4f0Qc__p9a27d4&qid=1784275270&refinements=p_85%3A8070706051%2Cp_n_condition-type%3A2249602051&sr=8-56","https://www.amazon.co.jp/%E3%82%AA%E3%83%BC%E3%83%87%E3%82%A3%E3%82%AA%E3%83%86%E3%82%AF%E3%83%8B%E3%82%AB-AT-VMN20xEB-AT-VM520xEB%E6%A8%99%E6%BA%96-%E4%BA%A4%E6%8F%9B%E7%94%A8%E3%83%AC%E3%82%B3%E3%83%BC%E3%83%89%E9%87%9D-%E3%82%A2%E3%83%AB%E3%83%9F%E3%83%8B%E3%82%A6%E3%83%A0%E3%83%91%E3%82%A4%E3%83%97%E3%82%AB%E3%83%B3%E3%83%81%E3%83%AC%E3%83%90%E3%83%BC/dp/B0F6YQ5WFS/ref=sr_1_56?crid=2E5D17O346HHX&dib=eyJ2IjoiMSJ9.4UM2ZRXej86fqSeNyF69_07ep34TNm2SLXtD97FwMsH_ES1nXFEfn5clqz0IcN6KTh_D4XjI67OQYG-73vKqIZoZZYxQ5LIqSYitgL8VsYhhKc0lngZAg2lPMGf123ByOi9pL4ykStViRQwl0s2eTmzzUXz6YDbP7-Mrdktlg3t510UDVtJqrdL10ufrqHRs5rEmxFL6h78buH-OpOD9Ser4COfqE6AH-iPvPh3A-IwdH0ADbidx18LKcSDfjJXGkKRebYUfEFT9QSlWhQhz7BveF7eFaQ53YW4gXQXIvHg.NpuwY6j532PfUdw7kQtljIeySk49q4f0Qc__p9a27d4&dib_tag=se&keywords=%E3%82%AA%E3%83%AB%E3%83%88%E3%83%95%E3%82%A9%E3%83%B3+%E4%BA%A4%E6%8F%9B%E9%87%9D&qid=1784275270&refinements=p_85%3A8070706051%2Cp_n_condition-type%3A2249602051&rnid=2249601051&rps=1&sprefix=%E3%82%AA%E3%83%AB%E3%83%88%E3%83%95%E3%82%A9%E3%83%B3+%2Caps%2C329&sr=8-56&ufe=app_do%3Aamzn1.fos.35785624-70c4-44ae-a5c3-3f044f475d63&xpid=ow3nQIrXEF8aF","￥12,100","￥","12,100","￥11,400",""
"https://www.amazon.co.jp/%E3%82%AA%E3%83%BC%E3%83%87%E3%82%A3%E3%82%AA%E3%83%86%E3%82%AF%E3%83%8B%E3%82%AB-AT95E%E7%94%A8-%E4%BA%A4%E6%8F%9B%E9%87%9D-ATN95E-%E3%82%B0%E3%83%AA%E3%83%BC%E3%83%B3/dp/B001IEPNN6/ref=sr_1_57?crid=2E5D17O346HHX&dib=eyJ2IjoiMSJ9.4UM2ZRXej86fqSeNyF69_07ep34TNm2SLXtD97FwMsH_ES1nXFEfn5clqz0IcN6KTh_D4XjI67OQYG-73vKqIZoZZYxQ5LIqSYitgL8VsYhhKc0lngZAg2lPMGf123ByOi9pL4ykStViRQwl0s2eTmzzUXz6YDbP7-Mrdktlg3t510UDVtJqrdL10ufrqHRs5rEmxFL6h78buH-OpOD9Ser4COfqE6AH-iPvPh3A-IwdH0ADbidx18LKcSDfjJXGkKRebYUfEFT9QSlWhQhz7BveF7eFaQ53YW4gXQXIvHg.NpuwY6j532PfUdw7kQtljIeySk49q4f0Qc__p9a27d4&dib_tag=se&keywords=%E3%82%AA%E3%83%AB%E3%83%88%E3%83%95%E3%82%A9%E3%83%B3+%E4%BA%A4%E6%8F%9B%E9%87%9D&qid=1784275270&refinements=p_85%3A8070706051%2Cp_n_condition-type%3A2249602051&rnid=2249601051&rps=1&sprefix=%E3%82%AA%E3%83%AB%E3%83%88%E3%83%95%E3%82%A9%E3%83%B3+%2Caps%2C329&sr=8-57&ufe=app_do%3Aamzn1.fos.35785624-70c4-44ae-a5c3-3f044f475d63&xpid=ow3nQIrXEF8aF","https://m.media-amazon.com/images/I/51M-sMJv2ML._AC_UL320_.jpg","https://www.amazon.co.jp/%E3%82%AA%E3%83%BC%E3%83%87%E3%82%A3%E3%82%AA%E3%83%86%E3%82%AF%E3%83%8B%E3%82%AB-AT95E%E7%94%A8-%E4%BA%A4%E6%8F%9B%E9%87%9D-ATN95E-%E3%82%B0%E3%83%AA%E3%83%BC%E3%83%B3/dp/B001IEPNN6/ref=sr_1_57?crid=2E5D17O346HHX&dib=eyJ2IjoiMSJ9.4UM2ZRXej86fqSeNyF69_07ep34TNm2SLXtD97FwMsH_ES1nXFEfn5clqz0IcN6KTh_D4XjI67OQYG-73vKqIZoZZYxQ5LIqSYitgL8VsYhhKc0lngZAg2lPMGf123ByOi9pL4ykStViRQwl0s2eTmzzUXz6YDbP7-Mrdktlg3t510UDVtJqrdL10ufrqHRs5rEmxFL6h78buH-OpOD9Ser4COfqE6AH-iPvPh3A-IwdH0ADbidx18LKcSDfjJXGkKRebYUfEFT9QSlWhQhz7BveF7eFaQ53YW4gXQXIvHg.NpuwY6j532PfUdw7kQtljIeySk49q4f0Qc__p9a27d4&dib_tag=se&keywords=%E3%82%AA%E3%83%AB%E3%83%88%E3%83%95%E3%82%A9%E3%83%B3+%E4%BA%A4%E6%8F%9B%E9%87%9D&qid=1784275270&refinements=p_85%3A8070706051%2Cp_n_condition-type%3A2249602051&rnid=2249601051&rps=1&sprefix=%E3%82%AA%E3%83%AB%E3%83%88%E3%83%95%E3%82%A9%E3%83%B3+%2Caps%2C329&sr=8-57&ufe=app_do%3Aamzn1.fos.35785624-70c4-44ae-a5c3-3f044f475d63&xpid=ow3nQIrXEF8aF","オーディオテクニカ AT95E用 交換針 ATN95E グリーン","javascript:void(0)","5つ星のうち4.7","https://www.amazon.co.jp/%E3%82%AA%E3%83%BC%E3%83%87%E3%82%A3%E3%82%AA%E3%83%86%E3%82%AF%E3%83%8B%E3%82%AB-AT95E%E7%94%A8-%E4%BA%A4%E6%8F%9B%E9%87%9D-ATN95E-%E3%82%B0%E3%83%AA%E3%83%BC%E3%83%B3/dp/B001IEPNN6/ref=sr_1_57?crid=2E5D17O346HHX&dib=eyJ2IjoiMSJ9.4UM2ZRXej86fqSeNyF69_07ep34TNm2SLXtD97FwMsH_ES1nXFEfn5clqz0IcN6KTh_D4XjI67OQYG-73vKqIZoZZYxQ5LIqSYitgL8VsYhhKc0lngZAg2lPMGf123ByOi9pL4ykStViRQwl0s2eTmzzUXz6YDbP7-Mrdktlg3t510UDVtJqrdL10ufrqHRs5rEmxFL6h78buH-OpOD9Ser4COfqE6AH-iPvPh3A-IwdH0ADbidx18LKcSDfjJXGkKRebYUfEFT9QSlWhQhz7BveF7eFaQ53YW4gXQXIvHg.NpuwY6j532PfUdw7kQtljIeySk49q4f0Qc__p9a27d4&dib_tag=se&keywords=%E3%82%AA%E3%83%AB%E3%83%88%E3%83%95%E3%82%A9%E3%83%B3+%E4%BA%A4%E6%8F%9B%E9%87%9D&qid=1784275270&refinements=p_85%3A8070706051%2Cp_n_condition-type%3A2249602051&rnid=2249601051&rps=1&sprefix=%E3%82%AA%E3%83%AB%E3%83%88%E3%83%95%E3%82%A9%E3%83%B3+%2Caps%2C329&sr=8-57&ufe=app_do%3Aamzn1.fos.35785624-70c4-44ae-a5c3-3f044f475d63&xpid=ow3nQIrXEF8aF#customerReviews","こちらからもご購入いただけます","https://www.amazon.co.jp/gp/offer-listing/B001IEPNN6/ref=sr_1_57_olp?rnid=2249601051&keywords=%E3%82%AA%E3%83%AB%E3%83%88%E3%83%95%E3%82%A9%E3%83%B3+%E4%BA%A4%E6%8F%9B%E9%87%9D&crid=2E5D17O346HHX&sprefix=%E3%82%AA%E3%83%AB%E3%83%88%E3%83%95%E3%82%A9%E3%83%B3+%2Caps%2C329&rps=1&dib_tag=se&xpid=ow3nQIrXEF8aF&dib=eyJ2IjoiMSJ9.4UM2ZRXej86fqSeNyF69_07ep34TNm2SLXtD97FwMsH_ES1nXFEfn5clqz0IcN6KTh_D4XjI67OQYG-73vKqIZoZZYxQ5LIqSYitgL8VsYhhKc0lngZAg2lPMGf123ByOi9pL4ykStViRQwl0s2eTmzzUXz6YDbP7-Mrdktlg3t510UDVtJqrdL10ufrqHRs5rEmxFL6h78buH-OpOD9Ser4COfqE6AH-iPvPh3A-IwdH0ADbidx18LKcSDfjJXGkKRebYUfEFT9QSlWhQhz7BveF7eFaQ53YW4gXQXIvHg.NpuwY6j532PfUdw7kQtljIeySk49q4f0Qc__p9a27d4&qid=1784275270&refinements=p_85%3A8070706051%2Cp_n_condition-type%3A2249602051&sr=8-57","https://www.amazon.co.jp/%E3%82%AA%E3%83%BC%E3%83%87%E3%82%A3%E3%82%AA%E3%83%86%E3%82%AF%E3%83%8B%E3%82%AB-AT95E%E7%94%A8-%E4%BA%A4%E6%8F%9B%E9%87%9D-ATN95E-%E3%82%B0%E3%83%AA%E3%83%BC%E3%83%B3/dp/B001IEPNN6/ref=sr_1_57?crid=2E5D17O346HHX&dib=eyJ2IjoiMSJ9.4UM2ZRXej86fqSeNyF69_07ep34TNm2SLXtD97FwMsH_ES1nXFEfn5clqz0IcN6KTh_D4XjI67OQYG-73vKqIZoZZYxQ5LIqSYitgL8VsYhhKc0lngZAg2lPMGf123ByOi9pL4ykStViRQwl0s2eTmzzUXz6YDbP7-Mrdktlg3t510UDVtJqrdL10ufrqHRs5rEmxFL6h78buH-OpOD9Ser4COfqE6AH-iPvPh3A-IwdH0ADbidx18LKcSDfjJXGkKRebYUfEFT9QSlWhQhz7BveF7eFaQ53YW4gXQXIvHg.NpuwY6j532PfUdw7kQtljIeySk49q4f0Qc__p9a27d4&dib_tag=se&keywords=%E3%82%AA%E3%83%AB%E3%83%88%E3%83%95%E3%82%A9%E3%83%B3+%E4%BA%A4%E6%8F%9B%E9%87%9D&qid=1784275270&refinements=p_85%3A8070706051%2Cp_n_condition-type%3A2249602051&rnid=2249601051&rps=1&sprefix=%E3%82%AA%E3%83%AB%E3%83%88%E3%83%95%E3%82%A9%E3%83%B3+%2Caps%2C329&sr=8-57&ufe=app_do%3Aamzn1.fos.35785624-70c4-44ae-a5c3-3f044f475d63&xpid=ow3nQIrXEF8aF","￥4,273","￥","4,273","￥4,230",""
"https://www.amazon.co.jp/%E3%82%AA%E3%83%BC%E3%83%87%E3%82%A3%E3%82%AA%E3%83%86%E3%82%AF%E3%83%8B%E3%82%AB-AT-VM95EBK-%E3%82%B9%E3%83%86%E3%83%AC%E3%82%AA%E3%82%AB%E3%83%BC%E3%83%88%E3%83%AA%E3%83%83%E3%82%B8-AT-VM95%E3%82%B7%E3%83%AA%E3%83%BC%E3%82%BA-%E3%83%AC%E3%82%B3%E3%83%BC%E3%83%89%E3%83%97%E3%83%AC%E3%83%BC%E3%83%A4%E3%83%BC/dp/B0GFTWKT2K/ref=sr_1_58?crid=2E5D17O346HHX&dib=eyJ2IjoiMSJ9.4UM2ZRXej86fqSeNyF69_07ep34TNm2SLXtD97FwMsH_ES1nXFEfn5clqz0IcN6KTh_D4XjI67OQYG-73vKqIZoZZYxQ5LIqSYitgL8VsYhhKc0lngZAg2lPMGf123ByOi9pL4ykStViRQwl0s2eTmzzUXz6YDbP7-Mrdktlg3t510UDVtJqrdL10ufrqHRs5rEmxFL6h78buH-OpOD9Ser4COfqE6AH-iPvPh3A-IwdH0ADbidx18LKcSDfjJXGkKRebYUfEFT9QSlWhQhz7BveF7eFaQ53YW4gXQXIvHg.NpuwY6j532PfUdw7kQtljIeySk49q4f0Qc__p9a27d4&dib_tag=se&keywords=%E3%82%AA%E3%83%AB%E3%83%88%E3%83%95%E3%82%A9%E3%83%B3+%E4%BA%A4%E6%8F%9B%E9%87%9D&qid=1784275270&refinements=p_85%3A8070706051%2Cp_n_condition-type%3A2249602051&rnid=2249601051&rps=1&sprefix=%E3%82%AA%E3%83%AB%E3%83%88%E3%83%95%E3%82%A9%E3%83%B3+%2Caps%2C329&sr=8-58&ufe=app_do%3Aamzn1.fos.35785624-70c4-44ae-a5c3-3f044f475d63&xpid=ow3nQIrXEF8aF","https://m.media-amazon.com/images/I/61vj-8t2Z-L._AC_UL320_.jpg","https://www.amazon.co.jp/%E3%82%AA%E3%83%BC%E3%83%87%E3%82%A3%E3%82%AA%E3%83%86%E3%82%AF%E3%83%8B%E3%82%AB-AT-VM95EBK-%E3%82%B9%E3%83%86%E3%83%AC%E3%82%AA%E3%82%AB%E3%83%BC%E3%83%88%E3%83%AA%E3%83%83%E3%82%B8-AT-VM95%E3%82%B7%E3%83%AA%E3%83%BC%E3%82%BA-%E3%83%AC%E3%82%B3%E3%83%BC%E3%83%89%E3%83%97%E3%83%AC%E3%83%BC%E3%83%A4%E3%83%BC/dp/B0GFTWKT2K/ref=sr_1_58?crid=2E5D17O346HHX&dib=eyJ2IjoiMSJ9.4UM2ZRXej86fqSeNyF69_07ep34TNm2SLXtD97FwMsH_ES1nXFEfn5clqz0IcN6KTh_D4XjI67OQYG-73vKqIZoZZYxQ5LIqSYitgL8VsYhhKc0lngZAg2lPMGf123ByOi9pL4ykStViRQwl0s2eTmzzUXz6YDbP7-Mrdktlg3t510UDVtJqrdL10ufrqHRs5rEmxFL6h78buH-OpOD9Ser4COfqE6AH-iPvPh3A-IwdH0ADbidx18LKcSDfjJXGkKRebYUfEFT9QSlWhQhz7BveF7eFaQ53YW4gXQXIvHg.NpuwY6j532PfUdw7kQtljIeySk49q4f0Qc__p9a27d4&dib_tag=se&keywords=%E3%82%AA%E3%83%AB%E3%83%88%E3%83%95%E3%82%A9%E3%83%B3+%E4%BA%A4%E6%8F%9B%E9%87%9D&qid=1784275270&refinements=p_85%3A8070706051%2Cp_n_condition-type%3A2249602051&rnid=2249601051&rps=1&sprefix=%E3%82%AA%E3%83%AB%E3%83%88%E3%83%95%E3%82%A9%E3%83%B3+%2Caps%2C329&sr=8-58&ufe=app_do%3Aamzn1.fos.35785624-70c4-44ae-a5c3-3f044f475d63&xpid=ow3nQIrXEF8aF","オーディオテクニカ AT-VM95EBK/H VM型 ステレオカートリッジ ヘッドシェル付き 楕円針 AT-VM95シリーズ レコード針 カートリッジ レコードプレーヤー ブラック","javascript:void(0)","5つ星のうち4.2","https://www.amazon.co.jp/%E3%82%AA%E3%83%BC%E3%83%87%E3%82%A3%E3%82%AA%E3%83%86%E3%82%AF%E3%83%8B%E3%82%AB-AT-VM95EBK-%E3%82%B9%E3%83%86%E3%83%AC%E3%82%AA%E3%82%AB%E3%83%BC%E3%83%88%E3%83%AA%E3%83%83%E3%82%B8-AT-VM95%E3%82%B7%E3%83%AA%E3%83%BC%E3%82%BA-%E3%83%AC%E3%82%B3%E3%83%BC%E3%83%89%E3%83%97%E3%83%AC%E3%83%BC%E3%83%A4%E3%83%BC/dp/B0GFTWKT2K/ref=sr_1_58?crid=2E5D17O346HHX&dib=eyJ2IjoiMSJ9.4UM2ZRXej86fqSeNyF69_07ep34TNm2SLXtD97FwMsH_ES1nXFEfn5clqz0IcN6KTh_D4XjI67OQYG-73vKqIZoZZYxQ5LIqSYitgL8VsYhhKc0lngZAg2lPMGf123ByOi9pL4ykStViRQwl0s2eTmzzUXz6YDbP7-Mrdktlg3t510UDVtJqrdL10ufrqHRs5rEmxFL6h78buH-OpOD9Ser4COfqE6AH-iPvPh3A-IwdH0ADbidx18LKcSDfjJXGkKRebYUfEFT9QSlWhQhz7BveF7eFaQ53YW4gXQXIvHg.NpuwY6j532PfUdw7kQtljIeySk49q4f0Qc__p9a27d4&dib_tag=se&keywords=%E3%82%AA%E3%83%AB%E3%83%88%E3%83%95%E3%82%A9%E3%83%B3+%E4%BA%A4%E6%8F%9B%E9%87%9D&qid=1784275270&refinements=p_85%3A8070706051%2Cp_n_condition-type%3A2249602051&rnid=2249601051&rps=1&sprefix=%E3%82%AA%E3%83%AB%E3%83%88%E3%83%95%E3%82%A9%E3%83%B3+%2Caps%2C329&sr=8-58&ufe=app_do%3Aamzn1.fos.35785624-70c4-44ae-a5c3-3f044f475d63&xpid=ow3nQIrXEF8aF#customerReviews","過去1か月で50点以上購入されました","https://www.amazon.co.jp/gp/bestsellers/electronics/2225501051/ref=top_seller_insight_4","https://www.amazon.co.jp/%E3%82%AA%E3%83%BC%E3%83%87%E3%82%A3%E3%82%AA%E3%83%86%E3%82%AF%E3%83%8B%E3%82%AB-AT-VM95EBK-%E3%82%B9%E3%83%86%E3%83%AC%E3%82%AA%E3%82%AB%E3%83%BC%E3%83%88%E3%83%AA%E3%83%83%E3%82%B8-AT-VM95%E3%82%B7%E3%83%AA%E3%83%BC%E3%82%BA-%E3%83%AC%E3%82%B3%E3%83%BC%E3%83%89%E3%83%97%E3%83%AC%E3%83%BC%E3%83%A4%E3%83%BC/dp/B0GFTWKT2K/ref=sr_1_58?crid=2E5D17O346HHX&dib=eyJ2IjoiMSJ9.4UM2ZRXej86fqSeNyF69_07ep34TNm2SLXtD97FwMsH_ES1nXFEfn5clqz0IcN6KTh_D4XjI67OQYG-73vKqIZoZZYxQ5LIqSYitgL8VsYhhKc0lngZAg2lPMGf123ByOi9pL4ykStViRQwl0s2eTmzzUXz6YDbP7-Mrdktlg3t510UDVtJqrdL10ufrqHRs5rEmxFL6h78buH-OpOD9Ser4COfqE6AH-iPvPh3A-IwdH0ADbidx18LKcSDfjJXGkKRebYUfEFT9QSlWhQhz7BveF7eFaQ53YW4gXQXIvHg.NpuwY6j532PfUdw7kQtljIeySk49q4f0Qc__p9a27d4&dib_tag=se&keywords=%E3%82%AA%E3%83%AB%E3%83%88%E3%83%95%E3%82%A9%E3%83%B3+%E4%BA%A4%E6%8F%9B%E9%87%9D&qid=1784275270&refinements=p_85%3A8070706051%2Cp_n_condition-type%3A2249602051&rnid=2249601051&rps=1&sprefix=%E3%82%AA%E3%83%AB%E3%83%88%E3%83%95%E3%82%A9%E3%83%B3+%2Caps%2C329&sr=8-58&ufe=app_do%3Aamzn1.fos.35785624-70c4-44ae-a5c3-3f044f475d63&xpid=ow3nQIrXEF8aF","￥10,718","￥","10,718","",""
"https://www.amazon.co.jp/%E3%82%AA%E3%83%BC%E3%83%87%E3%82%A3%E3%82%AA%E3%83%86%E3%82%AF%E3%83%8B%E3%82%AB-AT-VMN10xCB-AT-VM510xCB-AT-VM610xMONO%E6%A8%99%E6%BA%96-%E3%82%A2%E3%83%AB%E3%83%9F%E3%83%8B%E3%82%A6%E3%83%A0%E3%83%91%E3%82%A4%E3%83%97%E3%82%AB%E3%83%B3%E3%83%81%E3%83%AC%E3%83%90%E3%83%BC/dp/B0F6YN9L8G/ref=sr_1_59?crid=2E5D17O346HHX&dib=eyJ2IjoiMSJ9.4UM2ZRXej86fqSeNyF69_07ep34TNm2SLXtD97FwMsH_ES1nXFEfn5clqz0IcN6KTh_D4XjI67OQYG-73vKqIZoZZYxQ5LIqSYitgL8VsYhhKc0lngZAg2lPMGf123ByOi9pL4ykStViRQwl0s2eTmzzUXz6YDbP7-Mrdktlg3t510UDVtJqrdL10ufrqHRs5rEmxFL6h78buH-OpOD9Ser4COfqE6AH-iPvPh3A-IwdH0ADbidx18LKcSDfjJXGkKRebYUfEFT9QSlWhQhz7BveF7eFaQ53YW4gXQXIvHg.NpuwY6j532PfUdw7kQtljIeySk49q4f0Qc__p9a27d4&dib_tag=se&keywords=%E3%82%AA%E3%83%AB%E3%83%88%E3%83%95%E3%82%A9%E3%83%B3+%E4%BA%A4%E6%8F%9B%E9%87%9D&qid=1784275270&refinements=p_85%3A8070706051%2Cp_n_condition-type%3A2249602051&rnid=2249601051&rps=1&sprefix=%E3%82%AA%E3%83%AB%E3%83%88%E3%83%95%E3%82%A9%E3%83%B3+%2Caps%2C329&sr=8-59&ufe=app_do%3Aamzn1.fos.35785624-70c4-44ae-a5c3-3f044f475d63&xpid=ow3nQIrXEF8aF","https://m.media-amazon.com/images/I/61jFSaaxJqL._AC_UL320_.jpg","https://www.amazon.co.jp/%E3%82%AA%E3%83%BC%E3%83%87%E3%82%A3%E3%82%AA%E3%83%86%E3%82%AF%E3%83%8B%E3%82%AB-AT-VMN10xCB-AT-VM510xCB-AT-VM610xMONO%E6%A8%99%E6%BA%96-%E3%82%A2%E3%83%AB%E3%83%9F%E3%83%8B%E3%82%A6%E3%83%A0%E3%83%91%E3%82%A4%E3%83%97%E3%82%AB%E3%83%B3%E3%83%81%E3%83%AC%E3%83%90%E3%83%BC/dp/B0F6YN9L8G/ref=sr_1_59?crid=2E5D17O346HHX&dib=eyJ2IjoiMSJ9.4UM2ZRXej86fqSeNyF69_07ep34TNm2SLXtD97FwMsH_ES1nXFEfn5clqz0IcN6KTh_D4XjI67OQYG-73vKqIZoZZYxQ5LIqSYitgL8VsYhhKc0lngZAg2lPMGf123ByOi9pL4ykStViRQwl0s2eTmzzUXz6YDbP7-Mrdktlg3t510UDVtJqrdL10ufrqHRs5rEmxFL6h78buH-OpOD9Ser4COfqE6AH-iPvPh3A-IwdH0ADbidx18LKcSDfjJXGkKRebYUfEFT9QSlWhQhz7BveF7eFaQ53YW4gXQXIvHg.NpuwY6j532PfUdw7kQtljIeySk49q4f0Qc__p9a27d4&dib_tag=se&keywords=%E3%82%AA%E3%83%AB%E3%83%88%E3%83%95%E3%82%A9%E3%83%B3+%E4%BA%A4%E6%8F%9B%E9%87%9D&qid=1784275270&refinements=p_85%3A8070706051%2Cp_n_condition-type%3A2249602051&rnid=2249601051&rps=1&sprefix=%E3%82%AA%E3%83%AB%E3%83%88%E3%83%95%E3%82%A9%E3%83%B3+%2Caps%2C329&sr=8-59&ufe=app_do%3Aamzn1.fos.35785624-70c4-44ae-a5c3-3f044f475d63&xpid=ow3nQIrXEF8aF","オーディオテクニカ AT-VMN10xCB VM型 交換針 AT-VM510xCB AT-VM610xMONO標準 交換用レコード針 接合丸針 アルミニウムパイプカンチレバー","javascript:void(0)","5つ星のうち4.6","https://www.amazon.co.jp/%E3%82%AA%E3%83%BC%E3%83%87%E3%82%A3%E3%82%AA%E3%83%86%E3%82%AF%E3%83%8B%E3%82%AB-AT-VMN10xCB-AT-VM510xCB-AT-VM610xMONO%E6%A8%99%E6%BA%96-%E3%82%A2%E3%83%AB%E3%83%9F%E3%83%8B%E3%82%A6%E3%83%A0%E3%83%91%E3%82%A4%E3%83%97%E3%82%AB%E3%83%B3%E3%83%81%E3%83%AC%E3%83%90%E3%83%BC/dp/B0F6YN9L8G/ref=sr_1_59?crid=2E5D17O346HHX&dib=eyJ2IjoiMSJ9.4UM2ZRXej86fqSeNyF69_07ep34TNm2SLXtD97FwMsH_ES1nXFEfn5clqz0IcN6KTh_D4XjI67OQYG-73vKqIZoZZYxQ5LIqSYitgL8VsYhhKc0lngZAg2lPMGf123ByOi9pL4ykStViRQwl0s2eTmzzUXz6YDbP7-Mrdktlg3t510UDVtJqrdL10ufrqHRs5rEmxFL6h78buH-OpOD9Ser4COfqE6AH-iPvPh3A-IwdH0ADbidx18LKcSDfjJXGkKRebYUfEFT9QSlWhQhz7BveF7eFaQ53YW4gXQXIvHg.NpuwY6j532PfUdw7kQtljIeySk49q4f0Qc__p9a27d4&dib_tag=se&keywords=%E3%82%AA%E3%83%AB%E3%83%88%E3%83%95%E3%82%A9%E3%83%B3+%E4%BA%A4%E6%8F%9B%E9%87%9D&qid=1784275270&refinements=p_85%3A8070706051%2Cp_n_condition-type%3A2249602051&rnid=2249601051&rps=1&sprefix=%E3%82%AA%E3%83%AB%E3%83%88%E3%83%95%E3%82%A9%E3%83%B3+%2Caps%2C329&sr=8-59&ufe=app_do%3Aamzn1.fos.35785624-70c4-44ae-a5c3-3f044f475d63&xpid=ow3nQIrXEF8aF#customerReviews","990ポイント(10%)","https://www.amazon.co.jp/%E3%82%AA%E3%83%BC%E3%83%87%E3%82%A3%E3%82%AA%E3%83%86%E3%82%AF%E3%83%8B%E3%82%AB-AT-VMN10xCB-AT-VM510xCB-AT-VM610xMONO%E6%A8%99%E6%BA%96-%E3%82%A2%E3%83%AB%E3%83%9F%E3%83%8B%E3%82%A6%E3%83%A0%E3%83%91%E3%82%A4%E3%83%97%E3%82%AB%E3%83%B3%E3%83%81%E3%83%AC%E3%83%90%E3%83%BC/dp/B0F6YN9L8G/ref=sr_1_59?crid=2E5D17O346HHX&dib=eyJ2IjoiMSJ9.4UM2ZRXej86fqSeNyF69_07ep34TNm2SLXtD97FwMsH_ES1nXFEfn5clqz0IcN6KTh_D4XjI67OQYG-73vKqIZoZZYxQ5LIqSYitgL8VsYhhKc0lngZAg2lPMGf123ByOi9pL4ykStViRQwl0s2eTmzzUXz6YDbP7-Mrdktlg3t510UDVtJqrdL10ufrqHRs5rEmxFL6h78buH-OpOD9Ser4COfqE6AH-iPvPh3A-IwdH0ADbidx18LKcSDfjJXGkKRebYUfEFT9QSlWhQhz7BveF7eFaQ53YW4gXQXIvHg.NpuwY6j532PfUdw7kQtljIeySk49q4f0Qc__p9a27d4&dib_tag=se&keywords=%E3%82%AA%E3%83%AB%E3%83%88%E3%83%95%E3%82%A9%E3%83%B3+%E4%BA%A4%E6%8F%9B%E9%87%9D&qid=1784275270&refinements=p_85%3A8070706051%2Cp_n_condition-type%3A2249602051&rnid=2249601051&rps=1&sprefix=%E3%82%AA%E3%83%AB%E3%83%88%E3%83%95%E3%82%A9%E3%83%B3+%2Caps%2C329&sr=8-59&ufe=app_do%3Aamzn1.fos.35785624-70c4-44ae-a5c3-3f044f475d63&xpid=ow3nQIrXEF8aF","","￥9,900","￥","9,900","",""
"https://www.amazon.co.jp/FUGSHIYI-%E3%83%AC%E3%82%B3%E3%83%BC%E3%83%89%E9%87%9D-%E3%83%AC%E3%82%B3%E3%83%BC%E3%83%89%E3%83%97%E3%83%AC%E3%83%BC%E3%83%A4%E3%83%BC-%E3%82%B9%E3%83%94%E3%83%BC%E3%82%AB%E3%83%BC%E3%82%BB%E3%83%83%E3%83%88-%E4%BA%A4%E6%8F%9B%E7%94%A8%E3%83%AC%E3%82%B3%E3%83%BC%E3%83%89%E9%87%9D/dp/B0FJYLTZX7/ref=sr_1_60?crid=2E5D17O346HHX&dib=eyJ2IjoiMSJ9.4UM2ZRXej86fqSeNyF69_07ep34TNm2SLXtD97FwMsH_ES1nXFEfn5clqz0IcN6KTh_D4XjI67OQYG-73vKqIZoZZYxQ5LIqSYitgL8VsYhhKc0lngZAg2lPMGf123ByOi9pL4ykStViRQwl0s2eTmzzUXz6YDbP7-Mrdktlg3t510UDVtJqrdL10ufrqHRs5rEmxFL6h78buH-OpOD9Ser4COfqE6AH-iPvPh3A-IwdH0ADbidx18LKcSDfjJXGkKRebYUfEFT9QSlWhQhz7BveF7eFaQ53YW4gXQXIvHg.NpuwY6j532PfUdw7kQtljIeySk49q4f0Qc__p9a27d4&dib_tag=se&keywords=%E3%82%AA%E3%83%AB%E3%83%88%E3%83%95%E3%82%A9%E3%83%B3+%E4%BA%A4%E6%8F%9B%E9%87%9D&qid=1784275270&refinements=p_85%3A8070706051%2Cp_n_condition-type%3A2249602051&rnid=2249601051&rps=1&sprefix=%E3%82%AA%E3%83%AB%E3%83%88%E3%83%95%E3%82%A9%E3%83%B3+%2Caps%2C329&sr=8-60&ufe=app_do%3Aamzn1.fos.5a18048f-6552-4a07-bd23-1b8dab0d2e4f&xpid=ow3nQIrXEF8aF","https://m.media-amazon.com/images/I/51R-Tb0u6kL._AC_UL320_.jpg","https://www.amazon.co.jp/FUGSHIYI-%E3%83%AC%E3%82%B3%E3%83%BC%E3%83%89%E9%87%9D-%E3%83%AC%E3%82%B3%E3%83%BC%E3%83%89%E3%83%97%E3%83%AC%E3%83%BC%E3%83%A4%E3%83%BC-%E3%82%B9%E3%83%94%E3%83%BC%E3%82%AB%E3%83%BC%E3%82%BB%E3%83%83%E3%83%88-%E4%BA%A4%E6%8F%9B%E7%94%A8%E3%83%AC%E3%82%B3%E3%83%BC%E3%83%89%E9%87%9D/dp/B0FJYLTZX7/ref=sr_1_60?crid=2E5D17O346HHX&dib=eyJ2IjoiMSJ9.4UM2ZRXej86fqSeNyF69_07ep34TNm2SLXtD97FwMsH_ES1nXFEfn5clqz0IcN6KTh_D4XjI67OQYG-73vKqIZoZZYxQ5LIqSYitgL8VsYhhKc0lngZAg2lPMGf123ByOi9pL4ykStViRQwl0s2eTmzzUXz6YDbP7-Mrdktlg3t510UDVtJqrdL10ufrqHRs5rEmxFL6h78buH-OpOD9Ser4COfqE6AH-iPvPh3A-IwdH0ADbidx18LKcSDfjJXGkKRebYUfEFT9QSlWhQhz7BveF7eFaQ53YW4gXQXIvHg.NpuwY6j532PfUdw7kQtljIeySk49q4f0Qc__p9a27d4&dib_tag=se&keywords=%E3%82%AA%E3%83%AB%E3%83%88%E3%83%95%E3%82%A9%E3%83%B3+%E4%BA%A4%E6%8F%9B%E9%87%9D&qid=1784275270&refinements=p_85%3A8070706051%2Cp_n_condition-type%3A2249602051&rnid=2249601051&rps=1&sprefix=%E3%82%AA%E3%83%AB%E3%83%88%E3%83%95%E3%82%A9%E3%83%B3+%2Caps%2C329&sr=8-60&ufe=app_do%3Aamzn1.fos.5a18048f-6552-4a07-bd23-1b8dab0d2e4f&xpid=ow3nQIrXEF8aF","レコード針 レコード 針 レコードプレーヤー スピーカーセット 3個セット 交換針 交換用レコード針 丸針","javascript:void(0)","5つ星のうち3.5","https://www.amazon.co.jp/FUGSHIYI-%E3%83%AC%E3%82%B3%E3%83%BC%E3%83%89%E9%87%9D-%E3%83%AC%E3%82%B3%E3%83%BC%E3%83%89%E3%83%97%E3%83%AC%E3%83%BC%E3%83%A4%E3%83%BC-%E3%82%B9%E3%83%94%E3%83%BC%E3%82%AB%E3%83%BC%E3%82%BB%E3%83%83%E3%83%88-%E4%BA%A4%E6%8F%9B%E7%94%A8%E3%83%AC%E3%82%B3%E3%83%BC%E3%83%89%E9%87%9D/dp/B0FJYLTZX7/ref=sr_1_60?crid=2E5D17O346HHX&dib=eyJ2IjoiMSJ9.4UM2ZRXej86fqSeNyF69_07ep34TNm2SLXtD97FwMsH_ES1nXFEfn5clqz0IcN6KTh_D4XjI67OQYG-73vKqIZoZZYxQ5LIqSYitgL8VsYhhKc0lngZAg2lPMGf123ByOi9pL4ykStViRQwl0s2eTmzzUXz6YDbP7-Mrdktlg3t510UDVtJqrdL10ufrqHRs5rEmxFL6h78buH-OpOD9Ser4COfqE6AH-iPvPh3A-IwdH0ADbidx18LKcSDfjJXGkKRebYUfEFT9QSlWhQhz7BveF7eFaQ53YW4gXQXIvHg.NpuwY6j532PfUdw7kQtljIeySk49q4f0Qc__p9a27d4&dib_tag=se&keywords=%E3%82%AA%E3%83%AB%E3%83%88%E3%83%95%E3%82%A9%E3%83%B3+%E4%BA%A4%E6%8F%9B%E9%87%9D&qid=1784275270&refinements=p_85%3A8070706051%2Cp_n_condition-type%3A2249602051&rnid=2249601051&rps=1&sprefix=%E3%82%AA%E3%83%AB%E3%83%88%E3%83%95%E3%82%A9%E3%83%B3+%2Caps%2C329&sr=8-60&ufe=app_do%3Aamzn1.fos.5a18048f-6552-4a07-bd23-1b8dab0d2e4f&xpid=ow3nQIrXEF8aF#customerReviews","6ポイント(1%)","https://www.amazon.co.jp/FUGSHIYI-%E3%83%AC%E3%82%B3%E3%83%BC%E3%83%89%E9%87%9D-%E3%83%AC%E3%82%B3%E3%83%BC%E3%83%89%E3%83%97%E3%83%AC%E3%83%BC%E3%83%A4%E3%83%BC-%E3%82%B9%E3%83%94%E3%83%BC%E3%82%AB%E3%83%BC%E3%82%BB%E3%83%83%E3%83%88-%E4%BA%A4%E6%8F%9B%E7%94%A8%E3%83%AC%E3%82%B3%E3%83%BC%E3%83%89%E9%87%9D/dp/B0FJYLTZX7/ref=sr_1_60?crid=2E5D17O346HHX&dib=eyJ2IjoiMSJ9.4UM2ZRXej86fqSeNyF69_07ep34TNm2SLXtD97FwMsH_ES1nXFEfn5clqz0IcN6KTh_D4XjI67OQYG-73vKqIZoZZYxQ5LIqSYitgL8VsYhhKc0lngZAg2lPMGf123ByOi9pL4ykStViRQwl0s2eTmzzUXz6YDbP7-Mrdktlg3t510UDVtJqrdL10ufrqHRs5rEmxFL6h78buH-OpOD9Ser4COfqE6AH-iPvPh3A-IwdH0ADbidx18LKcSDfjJXGkKRebYUfEFT9QSlWhQhz7BveF7eFaQ53YW4gXQXIvHg.NpuwY6j532PfUdw7kQtljIeySk49q4f0Qc__p9a27d4&dib_tag=se&keywords=%E3%82%AA%E3%83%AB%E3%83%88%E3%83%95%E3%82%A9%E3%83%B3+%E4%BA%A4%E6%8F%9B%E9%87%9D&qid=1784275270&refinements=p_85%3A8070706051%2Cp_n_condition-type%3A2249602051&rnid=2249601051&rps=1&sprefix=%E3%82%AA%E3%83%AB%E3%83%88%E3%83%95%E3%82%A9%E3%83%B3+%2Caps%2C329&sr=8-60&ufe=app_do%3Aamzn1.fos.5a18048f-6552-4a07-bd23-1b8dab0d2e4f&xpid=ow3nQIrXEF8aF","","￥599","￥","599","",""
"https://www.amazon.co.jp/SHURE-VN-35%E7%94%A8-shure-35-V-15-TYPE3/dp/B08W253TC8/ref=sr_1_61?crid=2E5D17O346HHX&dib=eyJ2IjoiMSJ9.4UM2ZRXej86fqSeNyF69_07ep34TNm2SLXtD97FwMsH_ES1nXFEfn5clqz0IcN6KTh_D4XjI67OQYG-73vKqIZoZZYxQ5LIqSYitgL8VsYhhKc0lngZAg2lPMGf123ByOi9pL4ykStViRQwl0s2eTmzzUXz6YDbP7-Mrdktlg3t510UDVtJqrdL10ufrqHRs5rEmxFL6h78buH-OpOD9Ser4COfqE6AH-iPvPh3A-IwdH0ADbidx18LKcSDfjJXGkKRebYUfEFT9QSlWhQhz7BveF7eFaQ53YW4gXQXIvHg.NpuwY6j532PfUdw7kQtljIeySk49q4f0Qc__p9a27d4&dib_tag=se&keywords=%E3%82%AA%E3%83%AB%E3%83%88%E3%83%95%E3%82%A9%E3%83%B3+%E4%BA%A4%E6%8F%9B%E9%87%9D&qid=1784275270&refinements=p_85%3A8070706051%2Cp_n_condition-type%3A2249602051&rnid=2249601051&rps=1&sprefix=%E3%82%AA%E3%83%AB%E3%83%88%E3%83%95%E3%82%A9%E3%83%B3+%2Caps%2C329&sr=8-61&ufe=app_do%3Aamzn1.fos.35785624-70c4-44ae-a5c3-3f044f475d63&xpid=ow3nQIrXEF8aF","https://m.media-amazon.com/images/I/21l254ZvqtS._AC_UL320_.jpg","https://www.amazon.co.jp/SHURE-VN-35%E7%94%A8-shure-35-V-15-TYPE3/dp/B08W253TC8/ref=sr_1_61?crid=2E5D17O346HHX&dib=eyJ2IjoiMSJ9.4UM2ZRXej86fqSeNyF69_07ep34TNm2SLXtD97FwMsH_ES1nXFEfn5clqz0IcN6KTh_D4XjI67OQYG-73vKqIZoZZYxQ5LIqSYitgL8VsYhhKc0lngZAg2lPMGf123ByOi9pL4ykStViRQwl0s2eTmzzUXz6YDbP7-Mrdktlg3t510UDVtJqrdL10ufrqHRs5rEmxFL6h78buH-OpOD9Ser4COfqE6AH-iPvPh3A-IwdH0ADbidx18LKcSDfjJXGkKRebYUfEFT9QSlWhQhz7BveF7eFaQ53YW4gXQXIvHg.NpuwY6j532PfUdw7kQtljIeySk49q4f0Qc__p9a27d4&dib_tag=se&keywords=%E3%82%AA%E3%83%AB%E3%83%88%E3%83%95%E3%82%A9%E3%83%B3+%E4%BA%A4%E6%8F%9B%E9%87%9D&qid=1784275270&refinements=p_85%3A8070706051%2Cp_n_condition-type%3A2249602051&rnid=2249601051&rps=1&sprefix=%E3%82%AA%E3%83%AB%E3%83%88%E3%83%95%E3%82%A9%E3%83%B3+%2Caps%2C329&sr=8-61&ufe=app_do%3Aamzn1.fos.35785624-70c4-44ae-a5c3-3f044f475d63&xpid=ow3nQIrXEF8aF","SHURE 35 交換針 VN-35用 互換 シュア shure-35 V-15 TYPE3 国産・日本製","javascript:void(0)","5つ星のうち3.6","https://www.amazon.co.jp/SHURE-VN-35%E7%94%A8-shure-35-V-15-TYPE3/dp/B08W253TC8/ref=sr_1_61?crid=2E5D17O346HHX&dib=eyJ2IjoiMSJ9.4UM2ZRXej86fqSeNyF69_07ep34TNm2SLXtD97FwMsH_ES1nXFEfn5clqz0IcN6KTh_D4XjI67OQYG-73vKqIZoZZYxQ5LIqSYitgL8VsYhhKc0lngZAg2lPMGf123ByOi9pL4ykStViRQwl0s2eTmzzUXz6YDbP7-Mrdktlg3t510UDVtJqrdL10ufrqHRs5rEmxFL6h78buH-OpOD9Ser4COfqE6AH-iPvPh3A-IwdH0ADbidx18LKcSDfjJXGkKRebYUfEFT9QSlWhQhz7BveF7eFaQ53YW4gXQXIvHg.NpuwY6j532PfUdw7kQtljIeySk49q4f0Qc__p9a27d4&dib_tag=se&keywords=%E3%82%AA%E3%83%AB%E3%83%88%E3%83%95%E3%82%A9%E3%83%B3+%E4%BA%A4%E6%8F%9B%E9%87%9D&qid=1784275270&refinements=p_85%3A8070706051%2Cp_n_condition-type%3A2249602051&rnid=2249601051&rps=1&sprefix=%E3%82%AA%E3%83%AB%E3%83%88%E3%83%95%E3%82%A9%E3%83%B3+%2Caps%2C329&sr=8-61&ufe=app_do%3Aamzn1.fos.35785624-70c4-44ae-a5c3-3f044f475d63&xpid=ow3nQIrXEF8aF#customerReviews","44ポイント(1%)","https://www.amazon.co.jp/SHURE-VN-35%E7%94%A8-shure-35-V-15-TYPE3/dp/B08W253TC8/ref=sr_1_61?crid=2E5D17O346HHX&dib=eyJ2IjoiMSJ9.4UM2ZRXej86fqSeNyF69_07ep34TNm2SLXtD97FwMsH_ES1nXFEfn5clqz0IcN6KTh_D4XjI67OQYG-73vKqIZoZZYxQ5LIqSYitgL8VsYhhKc0lngZAg2lPMGf123ByOi9pL4ykStViRQwl0s2eTmzzUXz6YDbP7-Mrdktlg3t510UDVtJqrdL10ufrqHRs5rEmxFL6h78buH-OpOD9Ser4COfqE6AH-iPvPh3A-IwdH0ADbidx18LKcSDfjJXGkKRebYUfEFT9QSlWhQhz7BveF7eFaQ53YW4gXQXIvHg.NpuwY6j532PfUdw7kQtljIeySk49q4f0Qc__p9a27d4&dib_tag=se&keywords=%E3%82%AA%E3%83%AB%E3%83%88%E3%83%95%E3%82%A9%E3%83%B3+%E4%BA%A4%E6%8F%9B%E9%87%9D&qid=1784275270&refinements=p_85%3A8070706051%2Cp_n_condition-type%3A2249602051&rnid=2249601051&rps=1&sprefix=%E3%82%AA%E3%83%AB%E3%83%88%E3%83%95%E3%82%A9%E3%83%B3+%2Caps%2C329&sr=8-61&ufe=app_do%3Aamzn1.fos.35785624-70c4-44ae-a5c3-3f044f475d63&xpid=ow3nQIrXEF8aF","","￥4,400","￥","4,400","",""
"https://www.amazon.co.jp/Stylus-Concorde-Music-Bronze-Music%E3%82%B7%E3%83%AA%E3%83%BC%E3%82%BA%E5%85%A8%E3%83%A2%E3%83%87%E3%83%AB%E3%81%A8%E6%9C%AC%E4%BD%93%E4%BA%92%E6%8F%9B%E3%81%82%E3%82%8A/dp/B0D2Y6HTTV/ref=sr_1_62?crid=2E5D17O346HHX&dib=eyJ2IjoiMSJ9.4UM2ZRXej86fqSeNyF69_07ep34TNm2SLXtD97FwMsH_ES1nXFEfn5clqz0IcN6KTh_D4XjI67OQYG-73vKqIZoZZYxQ5LIqSYitgL8VsYhhKc0lngZAg2lPMGf123ByOi9pL4ykStViRQwl0s2eTmzzUXz6YDbP7-Mrdktlg3t510UDVtJqrdL10ufrqHRs5rEmxFL6h78buH-OpOD9Ser4COfqE6AH-iPvPh3A-IwdH0ADbidx18LKcSDfjJXGkKRebYUfEFT9QSlWhQhz7BveF7eFaQ53YW4gXQXIvHg.NpuwY6j532PfUdw7kQtljIeySk49q4f0Qc__p9a27d4&dib_tag=se&keywords=%E3%82%AA%E3%83%AB%E3%83%88%E3%83%95%E3%82%A9%E3%83%B3+%E4%BA%A4%E6%8F%9B%E9%87%9D&qid=1784275270&refinements=p_85%3A8070706051%2Cp_n_condition-type%3A2249602051&rnid=2249601051&rps=1&sprefix=%E3%82%AA%E3%83%AB%E3%83%88%E3%83%95%E3%82%A9%E3%83%B3+%2Caps%2C329&sr=8-62&ufe=app_do%3Aamzn1.fos.35785624-70c4-44ae-a5c3-3f044f475d63&xpid=ow3nQIrXEF8aF","https://m.media-amazon.com/images/I/61gmkyBAoxL._AC_UL320_.jpg","https://www.amazon.co.jp/Stylus-Concorde-Music-Bronze-Music%E3%82%B7%E3%83%AA%E3%83%BC%E3%82%BA%E5%85%A8%E3%83%A2%E3%83%87%E3%83%AB%E3%81%A8%E6%9C%AC%E4%BD%93%E4%BA%92%E6%8F%9B%E3%81%82%E3%82%8A/dp/B0D2Y6HTTV/ref=sr_1_62?crid=2E5D17O346HHX&dib=eyJ2IjoiMSJ9.4UM2ZRXej86fqSeNyF69_07ep34TNm2SLXtD97FwMsH_ES1nXFEfn5clqz0IcN6KTh_D4XjI67OQYG-73vKqIZoZZYxQ5LIqSYitgL8VsYhhKc0lngZAg2lPMGf123ByOi9pL4ykStViRQwl0s2eTmzzUXz6YDbP7-Mrdktlg3t510UDVtJqrdL10ufrqHRs5rEmxFL6h78buH-OpOD9Ser4COfqE6AH-iPvPh3A-IwdH0ADbidx18LKcSDfjJXGkKRebYUfEFT9QSlWhQhz7BveF7eFaQ53YW4gXQXIvHg.NpuwY6j532PfUdw7kQtljIeySk49q4f0Qc__p9a27d4&dib_tag=se&keywords=%E3%82%AA%E3%83%AB%E3%83%88%E3%83%95%E3%82%A9%E3%83%B3+%E4%BA%A4%E6%8F%9B%E9%87%9D&qid=1784275270&refinements=p_85%3A8070706051%2Cp_n_condition-type%3A2249602051&rnid=2249601051&rps=1&sprefix=%E3%82%AA%E3%83%AB%E3%83%88%E3%83%95%E3%82%A9%E3%83%B3+%2Caps%2C329&sr=8-62&ufe=app_do%3Aamzn1.fos.35785624-70c4-44ae-a5c3-3f044f475d63&xpid=ow3nQIrXEF8aF","ortofon Stylus Concorde Music Bronze オルトフォン Concorde Music Bronze用 交換針 Concorde Musicシリーズ全モデルと本体互換あり","javascript:void(0)","5つ星のうち4.9","https://www.amazon.co.jp/Stylus-Concorde-Music-Bronze-Music%E3%82%B7%E3%83%AA%E3%83%BC%E3%82%BA%E5%85%A8%E3%83%A2%E3%83%87%E3%83%AB%E3%81%A8%E6%9C%AC%E4%BD%93%E4%BA%92%E6%8F%9B%E3%81%82%E3%82%8A/dp/B0D2Y6HTTV/ref=sr_1_62?crid=2E5D17O346HHX&dib=eyJ2IjoiMSJ9.4UM2ZRXej86fqSeNyF69_07ep34TNm2SLXtD97FwMsH_ES1nXFEfn5clqz0IcN6KTh_D4XjI67OQYG-73vKqIZoZZYxQ5LIqSYitgL8VsYhhKc0lngZAg2lPMGf123ByOi9pL4ykStViRQwl0s2eTmzzUXz6YDbP7-Mrdktlg3t510UDVtJqrdL10ufrqHRs5rEmxFL6h78buH-OpOD9Ser4COfqE6AH-iPvPh3A-IwdH0ADbidx18LKcSDfjJXGkKRebYUfEFT9QSlWhQhz7BveF7eFaQ53YW4gXQXIvHg.NpuwY6j532PfUdw7kQtljIeySk49q4f0Qc__p9a27d4&dib_tag=se&keywords=%E3%82%AA%E3%83%AB%E3%83%88%E3%83%95%E3%82%A9%E3%83%B3+%E4%BA%A4%E6%8F%9B%E9%87%9D&qid=1784275270&refinements=p_85%3A8070706051%2Cp_n_condition-type%3A2249602051&rnid=2249601051&rps=1&sprefix=%E3%82%AA%E3%83%AB%E3%83%88%E3%83%95%E3%82%A9%E3%83%B3+%2Caps%2C329&sr=8-62&ufe=app_do%3Aamzn1.fos.35785624-70c4-44ae-a5c3-3f044f475d63&xpid=ow3nQIrXEF8aF#customerReviews","残り2点 ご注文はお早めに","https://www.amazon.co.jp/Stylus-Concorde-Music-Bronze-Music%E3%82%B7%E3%83%AA%E3%83%BC%E3%82%BA%E5%85%A8%E3%83%A2%E3%83%87%E3%83%AB%E3%81%A8%E6%9C%AC%E4%BD%93%E4%BA%92%E6%8F%9B%E3%81%82%E3%82%8A/dp/B0D2Y6HTTV/ref=sr_1_62?crid=2E5D17O346HHX&dib=eyJ2IjoiMSJ9.4UM2ZRXej86fqSeNyF69_07ep34TNm2SLXtD97FwMsH_ES1nXFEfn5clqz0IcN6KTh_D4XjI67OQYG-73vKqIZoZZYxQ5LIqSYitgL8VsYhhKc0lngZAg2lPMGf123ByOi9pL4ykStViRQwl0s2eTmzzUXz6YDbP7-Mrdktlg3t510UDVtJqrdL10ufrqHRs5rEmxFL6h78buH-OpOD9Ser4COfqE6AH-iPvPh3A-IwdH0ADbidx18LKcSDfjJXGkKRebYUfEFT9QSlWhQhz7BveF7eFaQ53YW4gXQXIvHg.NpuwY6j532PfUdw7kQtljIeySk49q4f0Qc__p9a27d4&dib_tag=se&keywords=%E3%82%AA%E3%83%AB%E3%83%88%E3%83%95%E3%82%A9%E3%83%B3+%E4%BA%A4%E6%8F%9B%E9%87%9D&qid=1784275270&refinements=p_85%3A8070706051%2Cp_n_condition-type%3A2249602051&rnid=2249601051&rps=1&sprefix=%E3%82%AA%E3%83%AB%E3%83%88%E3%83%95%E3%82%A9%E3%83%B3+%2Caps%2C329&sr=8-62&ufe=app_do%3Aamzn1.fos.35785624-70c4-44ae-a5c3-3f044f475d63&xpid=ow3nQIrXEF8aF","","￥57,770","￥","57,770","",""
"https://www.amazon.co.jp/Audio-Technica-%E3%82%AA%E3%83%BC%E3%83%87%E3%82%A3%E3%82%AA%E3%83%86%E3%82%AF%E3%83%8B%E3%82%AB-AT91R-%E3%82%B9%E3%83%86%E3%83%AC%E3%82%AA%E3%82%AB%E3%83%BC%E3%83%88%E3%83%AA%E3%83%83%E3%82%B8%E4%BA%A4%E6%8F%9B%E9%87%9D/dp/B06XHVR5PJ/ref=sr_1_63?crid=2E5D17O346HHX&dib=eyJ2IjoiMSJ9.4UM2ZRXej86fqSeNyF69_07ep34TNm2SLXtD97FwMsH_ES1nXFEfn5clqz0IcN6KTh_D4XjI67OQYG-73vKqIZoZZYxQ5LIqSYitgL8VsYhhKc0lngZAg2lPMGf123ByOi9pL4ykStViRQwl0s2eTmzzUXz6YDbP7-Mrdktlg3t510UDVtJqrdL10ufrqHRs5rEmxFL6h78buH-OpOD9Ser4COfqE6AH-iPvPh3A-IwdH0ADbidx18LKcSDfjJXGkKRebYUfEFT9QSlWhQhz7BveF7eFaQ53YW4gXQXIvHg.NpuwY6j532PfUdw7kQtljIeySk49q4f0Qc__p9a27d4&dib_tag=se&keywords=%E3%82%AA%E3%83%AB%E3%83%88%E3%83%95%E3%82%A9%E3%83%B3+%E4%BA%A4%E6%8F%9B%E9%87%9D&qid=1784275270&refinements=p_85%3A8070706051%2Cp_n_condition-type%3A2249602051&rnid=2249601051&rps=1&sprefix=%E3%82%AA%E3%83%AB%E3%83%88%E3%83%95%E3%82%A9%E3%83%B3+%2Caps%2C329&sr=8-63&ufe=app_do%3Aamzn1.fos.35785624-70c4-44ae-a5c3-3f044f475d63&xpid=ow3nQIrXEF8aF","https://m.media-amazon.com/images/I/51dks6r5uIL._AC_UL320_.jpg","https://www.amazon.co.jp/Audio-Technica-%E3%82%AA%E3%83%BC%E3%83%87%E3%82%A3%E3%82%AA%E3%83%86%E3%82%AF%E3%83%8B%E3%82%AB-AT91R-%E3%82%B9%E3%83%86%E3%83%AC%E3%82%AA%E3%82%AB%E3%83%BC%E3%83%88%E3%83%AA%E3%83%83%E3%82%B8%E4%BA%A4%E6%8F%9B%E9%87%9D/dp/B06XHVR5PJ/ref=sr_1_63?crid=2E5D17O346HHX&dib=eyJ2IjoiMSJ9.4UM2ZRXej86fqSeNyF69_07ep34TNm2SLXtD97FwMsH_ES1nXFEfn5clqz0IcN6KTh_D4XjI67OQYG-73vKqIZoZZYxQ5LIqSYitgL8VsYhhKc0lngZAg2lPMGf123ByOi9pL4ykStViRQwl0s2eTmzzUXz6YDbP7-Mrdktlg3t510UDVtJqrdL10ufrqHRs5rEmxFL6h78buH-OpOD9Ser4COfqE6AH-iPvPh3A-IwdH0ADbidx18LKcSDfjJXGkKRebYUfEFT9QSlWhQhz7BveF7eFaQ53YW4gXQXIvHg.NpuwY6j532PfUdw7kQtljIeySk49q4f0Qc__p9a27d4&dib_tag=se&keywords=%E3%82%AA%E3%83%AB%E3%83%88%E3%83%95%E3%82%A9%E3%83%B3+%E4%BA%A4%E6%8F%9B%E9%87%9D&qid=1784275270&refinements=p_85%3A8070706051%2Cp_n_condition-type%3A2249602051&rnid=2249601051&rps=1&sprefix=%E3%82%AA%E3%83%AB%E3%83%88%E3%83%95%E3%82%A9%E3%83%B3+%2Caps%2C329&sr=8-63&ufe=app_do%3Aamzn1.fos.35785624-70c4-44ae-a5c3-3f044f475d63&xpid=ow3nQIrXEF8aF","オーディオテクニカ ATN91R VM型 ステレオカートリッジ交換針","javascript:void(0)","5つ星のうち4.6","https://www.amazon.co.jp/Audio-Technica-%E3%82%AA%E3%83%BC%E3%83%87%E3%82%A3%E3%82%AA%E3%83%86%E3%82%AF%E3%83%8B%E3%82%AB-AT91R-%E3%82%B9%E3%83%86%E3%83%AC%E3%82%AA%E3%82%AB%E3%83%BC%E3%83%88%E3%83%AA%E3%83%83%E3%82%B8%E4%BA%A4%E6%8F%9B%E9%87%9D/dp/B06XHVR5PJ/ref=sr_1_63?crid=2E5D17O346HHX&dib=eyJ2IjoiMSJ9.4UM2ZRXej86fqSeNyF69_07ep34TNm2SLXtD97FwMsH_ES1nXFEfn5clqz0IcN6KTh_D4XjI67OQYG-73vKqIZoZZYxQ5LIqSYitgL8VsYhhKc0lngZAg2lPMGf123ByOi9pL4ykStViRQwl0s2eTmzzUXz6YDbP7-Mrdktlg3t510UDVtJqrdL10ufrqHRs5rEmxFL6h78buH-OpOD9Ser4COfqE6AH-iPvPh3A-IwdH0ADbidx18LKcSDfjJXGkKRebYUfEFT9QSlWhQhz7BveF7eFaQ53YW4gXQXIvHg.NpuwY6j532PfUdw7kQtljIeySk49q4f0Qc__p9a27d4&dib_tag=se&keywords=%E3%82%AA%E3%83%AB%E3%83%88%E3%83%95%E3%82%A9%E3%83%B3+%E4%BA%A4%E6%8F%9B%E9%87%9D&qid=1784275270&refinements=p_85%3A8070706051%2Cp_n_condition-type%3A2249602051&rnid=2249601051&rps=1&sprefix=%E3%82%AA%E3%83%AB%E3%83%88%E3%83%95%E3%82%A9%E3%83%B3+%2Caps%2C329&sr=8-63&ufe=app_do%3Aamzn1.fos.35785624-70c4-44ae-a5c3-3f044f475d63&xpid=ow3nQIrXEF8aF#customerReviews","36ポイント(1%)","https://www.amazon.co.jp/Audio-Technica-%E3%82%AA%E3%83%BC%E3%83%87%E3%82%A3%E3%82%AA%E3%83%86%E3%82%AF%E3%83%8B%E3%82%AB-AT91R-%E3%82%B9%E3%83%86%E3%83%AC%E3%82%AA%E3%82%AB%E3%83%BC%E3%83%88%E3%83%AA%E3%83%83%E3%82%B8%E4%BA%A4%E6%8F%9B%E9%87%9D/dp/B06XHVR5PJ/ref=sr_1_63?crid=2E5D17O346HHX&dib=eyJ2IjoiMSJ9.4UM2ZRXej86fqSeNyF69_07ep34TNm2SLXtD97FwMsH_ES1nXFEfn5clqz0IcN6KTh_D4XjI67OQYG-73vKqIZoZZYxQ5LIqSYitgL8VsYhhKc0lngZAg2lPMGf123ByOi9pL4ykStViRQwl0s2eTmzzUXz6YDbP7-Mrdktlg3t510UDVtJqrdL10ufrqHRs5rEmxFL6h78buH-OpOD9Ser4COfqE6AH-iPvPh3A-IwdH0ADbidx18LKcSDfjJXGkKRebYUfEFT9QSlWhQhz7BveF7eFaQ53YW4gXQXIvHg.NpuwY6j532PfUdw7kQtljIeySk49q4f0Qc__p9a27d4&dib_tag=se&keywords=%E3%82%AA%E3%83%AB%E3%83%88%E3%83%95%E3%82%A9%E3%83%B3+%E4%BA%A4%E6%8F%9B%E9%87%9D&qid=1784275270&refinements=p_85%3A8070706051%2Cp_n_condition-type%3A2249602051&rnid=2249601051&rps=1&sprefix=%E3%82%AA%E3%83%AB%E3%83%88%E3%83%95%E3%82%A9%E3%83%B3+%2Caps%2C329&sr=8-63&ufe=app_do%3Aamzn1.fos.35785624-70c4-44ae-a5c3-3f044f475d63&xpid=ow3nQIrXEF8aF","https://www.amazon.co.jp/gp/offer-listing/B06XHVR5PJ/ref=sr_1_63_olp?rnid=2249601051&keywords=%E3%82%AA%E3%83%AB%E3%83%88%E3%83%95%E3%82%A9%E3%83%B3+%E4%BA%A4%E6%8F%9B%E9%87%9D&crid=2E5D17O346HHX&sprefix=%E3%82%AA%E3%83%AB%E3%83%88%E3%83%95%E3%82%A9%E3%83%B3+%2Caps%2C329&rps=1&dib_tag=se&xpid=ow3nQIrXEF8aF&dib=eyJ2IjoiMSJ9.4UM2ZRXej86fqSeNyF69_07ep34TNm2SLXtD97FwMsH_ES1nXFEfn5clqz0IcN6KTh_D4XjI67OQYG-73vKqIZoZZYxQ5LIqSYitgL8VsYhhKc0lngZAg2lPMGf123ByOi9pL4ykStViRQwl0s2eTmzzUXz6YDbP7-Mrdktlg3t510UDVtJqrdL10ufrqHRs5rEmxFL6h78buH-OpOD9Ser4COfqE6AH-iPvPh3A-IwdH0ADbidx18LKcSDfjJXGkKRebYUfEFT9QSlWhQhz7BveF7eFaQ53YW4gXQXIvHg.NpuwY6j532PfUdw7kQtljIeySk49q4f0Qc__p9a27d4&qid=1784275270&refinements=p_85%3A8070706051%2Cp_n_condition-type%3A2249602051&sr=8-63","￥3,645","￥","3,645","￥3,609",""
"https://www.amazon.co.jp/ortofon-VNL-DANCE-MM%E3%82%AB%E3%83%BC%E3%83%88%E3%83%AA%E3%83%83%E3%82%B8-%E8%9B%8D%E5%85%89%E3%82%B9%E3%82%BF%E3%82%A4%E3%83%A9%E3%82%B9/dp/B0FV2M9MZV/ref=sr_1_64?crid=2E5D17O346HHX&dib=eyJ2IjoiMSJ9.4UM2ZRXej86fqSeNyF69_07ep34TNm2SLXtD97FwMsH_ES1nXFEfn5clqz0IcN6KTh_D4XjI67OQYG-73vKqIZoZZYxQ5LIqSYitgL8VsYhhKc0lngZAg2lPMGf123ByOi9pL4ykStViRQwl0s2eTmzzUXz6YDbP7-Mrdktlg3t510UDVtJqrdL10ufrqHRs5rEmxFL6h78buH-OpOD9Ser4COfqE6AH-iPvPh3A-IwdH0ADbidx18LKcSDfjJXGkKRebYUfEFT9QSlWhQhz7BveF7eFaQ53YW4gXQXIvHg.NpuwY6j532PfUdw7kQtljIeySk49q4f0Qc__p9a27d4&dib_tag=se&keywords=%E3%82%AA%E3%83%AB%E3%83%88%E3%83%95%E3%82%A9%E3%83%B3+%E4%BA%A4%E6%8F%9B%E9%87%9D&qid=1784275270&refinements=p_85%3A8070706051%2Cp_n_condition-type%3A2249602051&rnid=2249601051&rps=1&sprefix=%E3%82%AA%E3%83%AB%E3%83%88%E3%83%95%E3%82%A9%E3%83%B3+%2Caps%2C329&sr=8-64&xpid=ow3nQIrXEF8aF","https://m.media-amazon.com/images/I/610gsWn7lzL._AC_UL320_.jpg","https://www.amazon.co.jp/ortofon-VNL-DANCE-MM%E3%82%AB%E3%83%BC%E3%83%88%E3%83%AA%E3%83%83%E3%82%B8-%E8%9B%8D%E5%85%89%E3%82%B9%E3%82%BF%E3%82%A4%E3%83%A9%E3%82%B9/dp/B0FV2M9MZV/ref=sr_1_64?crid=2E5D17O346HHX&dib=eyJ2IjoiMSJ9.4UM2ZRXej86fqSeNyF69_07ep34TNm2SLXtD97FwMsH_ES1nXFEfn5clqz0IcN6KTh_D4XjI67OQYG-73vKqIZoZZYxQ5LIqSYitgL8VsYhhKc0lngZAg2lPMGf123ByOi9pL4ykStViRQwl0s2eTmzzUXz6YDbP7-Mrdktlg3t510UDVtJqrdL10ufrqHRs5rEmxFL6h78buH-OpOD9Ser4COfqE6AH-iPvPh3A-IwdH0ADbidx18LKcSDfjJXGkKRebYUfEFT9QSlWhQhz7BveF7eFaQ53YW4gXQXIvHg.NpuwY6j532PfUdw7kQtljIeySk49q4f0Qc__p9a27d4&dib_tag=se&keywords=%E3%82%AA%E3%83%AB%E3%83%88%E3%83%95%E3%82%A9%E3%83%B3+%E4%BA%A4%E6%8F%9B%E9%87%9D&qid=1784275270&refinements=p_85%3A8070706051%2Cp_n_condition-type%3A2249602051&rnid=2249601051&rps=1&sprefix=%E3%82%AA%E3%83%AB%E3%83%88%E3%83%95%E3%82%A9%E3%83%B3+%2Caps%2C329&sr=8-64&xpid=ow3nQIrXEF8aF","ortofon VNL DANCE オルトフォン MMカートリッジ ステレオ 高出力 10mV 蛍光スタイラス 楕円針 DJプレイ/リスニング兼用","javascript:void(0)","5つ星のうち5.0","https://www.amazon.co.jp/ortofon-VNL-DANCE-MM%E3%82%AB%E3%83%BC%E3%83%88%E3%83%AA%E3%83%83%E3%82%B8-%E8%9B%8D%E5%85%89%E3%82%B9%E3%82%BF%E3%82%A4%E3%83%A9%E3%82%B9/dp/B0FV2M9MZV/ref=sr_1_64?crid=2E5D17O346HHX&dib=eyJ2IjoiMSJ9.4UM2ZRXej86fqSeNyF69_07ep34TNm2SLXtD97FwMsH_ES1nXFEfn5clqz0IcN6KTh_D4XjI67OQYG-73vKqIZoZZYxQ5LIqSYitgL8VsYhhKc0lngZAg2lPMGf123ByOi9pL4ykStViRQwl0s2eTmzzUXz6YDbP7-Mrdktlg3t510UDVtJqrdL10ufrqHRs5rEmxFL6h78buH-OpOD9Ser4COfqE6AH-iPvPh3A-IwdH0ADbidx18LKcSDfjJXGkKRebYUfEFT9QSlWhQhz7BveF7eFaQ53YW4gXQXIvHg.NpuwY6j532PfUdw7kQtljIeySk49q4f0Qc__p9a27d4&dib_tag=se&keywords=%E3%82%AA%E3%83%AB%E3%83%88%E3%83%95%E3%82%A9%E3%83%B3+%E4%BA%A4%E6%8F%9B%E9%87%9D&qid=1784275270&refinements=p_85%3A8070706051%2Cp_n_condition-type%3A2249602051&rnid=2249601051&rps=1&sprefix=%E3%82%AA%E3%83%AB%E3%83%88%E3%83%95%E3%82%A9%E3%83%B3+%2Caps%2C329&sr=8-64&xpid=ow3nQIrXEF8aF#customerReviews","「おすすめ出品」の要件を満たす出品はありません","https://www.amazon.co.jp/gp/offer-listing/B0FV2M9MZV/ref=sr_1_64_olp?rnid=2249601051&keywords=%E3%82%AA%E3%83%AB%E3%83%88%E3%83%95%E3%82%A9%E3%83%B3+%E4%BA%A4%E6%8F%9B%E9%87%9D&crid=2E5D17O346HHX&sprefix=%E3%82%AA%E3%83%AB%E3%83%88%E3%83%95%E3%82%A9%E3%83%B3+%2Caps%2C329&rps=1&dib_tag=se&xpid=ow3nQIrXEF8aF&dib=eyJ2IjoiMSJ9.4UM2ZRXej86fqSeNyF69_07ep34TNm2SLXtD97FwMsH_ES1nXFEfn5clqz0IcN6KTh_D4XjI67OQYG-73vKqIZoZZYxQ5LIqSYitgL8VsYhhKc0lngZAg2lPMGf123ByOi9pL4ykStViRQwl0s2eTmzzUXz6YDbP7-Mrdktlg3t510UDVtJqrdL10ufrqHRs5rEmxFL6h78buH-OpOD9Ser4COfqE6AH-iPvPh3A-IwdH0ADbidx18LKcSDfjJXGkKRebYUfEFT9QSlWhQhz7BveF7eFaQ53YW4gXQXIvHg.NpuwY6j532PfUdw7kQtljIeySk49q4f0Qc__p9a27d4&qid=1784275270&refinements=p_85%3A8070706051%2Cp_n_condition-type%3A2249602051&sr=8-64","","","","","￥22,990","https://www.amazon.co.jp/ortofon-VNL-DANCE-MM%E3%82%AB%E3%83%BC%E3%83%88%E3%83%AA%E3%83%83%E3%82%B8-%E8%9B%8D%E5%85%89%E3%82%B9%E3%82%BF%E3%82%A4%E3%83%A9%E3%82%B9/dp/B0FV2M9MZV/ref=sr_1_64_so_TURNTABLE?crid=2E5D17O346HHX&dib=eyJ2IjoiMSJ9.4UM2ZRXej86fqSeNyF69_07ep34TNm2SLXtD97FwMsH_ES1nXFEfn5clqz0IcN6KTh_D4XjI67OQYG-73vKqIZoZZYxQ5LIqSYitgL8VsYhhKc0lngZAg2lPMGf123ByOi9pL4ykStViRQwl0s2eTmzzUXz6YDbP7-Mrdktlg3t510UDVtJqrdL10ufrqHRs5rEmxFL6h78buH-OpOD9Ser4COfqE6AH-iPvPh3A-IwdH0ADbidx18LKcSDfjJXGkKRebYUfEFT9QSlWhQhz7BveF7eFaQ53YW4gXQXIvHg.NpuwY6j532PfUdw7kQtljIeySk49q4f0Qc__p9a27d4&dib_tag=se&keywords=%E3%82%AA%E3%83%AB%E3%83%88%E3%83%95%E3%82%A9%E3%83%B3+%E4%BA%A4%E6%8F%9B%E9%87%9D&qid=1784275270&refinements=p_85%3A8070706051%2Cp_n_condition-type%3A2249602051&rnid=2249601051&rps=1&sprefix=%E3%82%AA%E3%83%AB%E3%83%88%E3%83%95%E3%82%A9%E3%83%B3+%2Caps%2C329&sr=8-64&xpid=ow3nQIrXEF8aF"
"https://www.amazon.co.jp/LOYELEY-%E3%83%AC%E3%82%B3%E3%83%BC%E3%83%89%E9%87%9D-%E3%83%AC%E3%82%B3%E3%83%BC%E3%83%89%E3%83%97%E3%83%AC%E3%83%BC%E3%83%A4%E3%83%BC%E9%87%9D-6%E5%80%8B%E3%82%BB%E3%83%83%E3%83%88-%E4%BA%A4%E6%8F%9B%E7%94%A8%E3%83%AC%E3%82%B3%E3%83%BC%E3%83%89%E9%87%9D/dp/B0DT31BWRH/ref=sr_1_65?crid=2E5D17O346HHX&dib=eyJ2IjoiMSJ9.4UM2ZRXej86fqSeNyF69_07ep34TNm2SLXtD97FwMsH_ES1nXFEfn5clqz0IcN6KTh_D4XjI67OQYG-73vKqIZoZZYxQ5LIqSYitgL8VsYhhKc0lngZAg2lPMGf123ByOi9pL4ykStViRQwl0s2eTmzzUXz6YDbP7-Mrdktlg3t510UDVtJqrdL10ufrqHRs5rEmxFL6h78buH-OpOD9Ser4COfqE6AH-iPvPh3A-IwdH0ADbidx18LKcSDfjJXGkKRebYUfEFT9QSlWhQhz7BveF7eFaQ53YW4gXQXIvHg.NpuwY6j532PfUdw7kQtljIeySk49q4f0Qc__p9a27d4&dib_tag=se&keywords=%E3%82%AA%E3%83%AB%E3%83%88%E3%83%95%E3%82%A9%E3%83%B3+%E4%BA%A4%E6%8F%9B%E9%87%9D&qid=1784275270&refinements=p_85%3A8070706051%2Cp_n_condition-type%3A2249602051&rnid=2249601051&rps=1&sprefix=%E3%82%AA%E3%83%AB%E3%83%88%E3%83%95%E3%82%A9%E3%83%B3+%2Caps%2C329&sr=8-65&ufe=app_do%3Aamzn1.fos.35785624-70c4-44ae-a5c3-3f044f475d63&xpid=ow3nQIrXEF8aF","https://m.media-amazon.com/images/I/61tmMTxS7wL._AC_UL320_.jpg","https://www.amazon.co.jp/LOYELEY-%E3%83%AC%E3%82%B3%E3%83%BC%E3%83%89%E9%87%9D-%E3%83%AC%E3%82%B3%E3%83%BC%E3%83%89%E3%83%97%E3%83%AC%E3%83%BC%E3%83%A4%E3%83%BC%E9%87%9D-6%E5%80%8B%E3%82%BB%E3%83%83%E3%83%88-%E4%BA%A4%E6%8F%9B%E7%94%A8%E3%83%AC%E3%82%B3%E3%83%BC%E3%83%89%E9%87%9D/dp/B0DT31BWRH/ref=sr_1_65?crid=2E5D17O346HHX&dib=eyJ2IjoiMSJ9.4UM2ZRXej86fqSeNyF69_07ep34TNm2SLXtD97FwMsH_ES1nXFEfn5clqz0IcN6KTh_D4XjI67OQYG-73vKqIZoZZYxQ5LIqSYitgL8VsYhhKc0lngZAg2lPMGf123ByOi9pL4ykStViRQwl0s2eTmzzUXz6YDbP7-Mrdktlg3t510UDVtJqrdL10ufrqHRs5rEmxFL6h78buH-OpOD9Ser4COfqE6AH-iPvPh3A-IwdH0ADbidx18LKcSDfjJXGkKRebYUfEFT9QSlWhQhz7BveF7eFaQ53YW4gXQXIvHg.NpuwY6j532PfUdw7kQtljIeySk49q4f0Qc__p9a27d4&dib_tag=se&keywords=%E3%82%AA%E3%83%AB%E3%83%88%E3%83%95%E3%82%A9%E3%83%B3+%E4%BA%A4%E6%8F%9B%E9%87%9D&qid=1784275270&refinements=p_85%3A8070706051%2Cp_n_condition-type%3A2249602051&rnid=2249601051&rps=1&sprefix=%E3%82%AA%E3%83%AB%E3%83%88%E3%83%95%E3%82%A9%E3%83%B3+%2Caps%2C329&sr=8-65&ufe=app_do%3Aamzn1.fos.35785624-70c4-44ae-a5c3-3f044f475d63&xpid=ow3nQIrXEF8aF","LOYELEY LP レコード針 交換針 レコードプレーヤー針 6個セット 錐形 蓄音機 交換部品 レコード針 交換用レコード針 丸針 (赤)","javascript:void(0)","5つ星のうち4.3","https://www.amazon.co.jp/LOYELEY-%E3%83%AC%E3%82%B3%E3%83%BC%E3%83%89%E9%87%9D-%E3%83%AC%E3%82%B3%E3%83%BC%E3%83%89%E3%83%97%E3%83%AC%E3%83%BC%E3%83%A4%E3%83%BC%E9%87%9D-6%E5%80%8B%E3%82%BB%E3%83%83%E3%83%88-%E4%BA%A4%E6%8F%9B%E7%94%A8%E3%83%AC%E3%82%B3%E3%83%BC%E3%83%89%E9%87%9D/dp/B0DT31BWRH/ref=sr_1_65?crid=2E5D17O346HHX&dib=eyJ2IjoiMSJ9.4UM2ZRXej86fqSeNyF69_07ep34TNm2SLXtD97FwMsH_ES1nXFEfn5clqz0IcN6KTh_D4XjI67OQYG-73vKqIZoZZYxQ5LIqSYitgL8VsYhhKc0lngZAg2lPMGf123ByOi9pL4ykStViRQwl0s2eTmzzUXz6YDbP7-Mrdktlg3t510UDVtJqrdL10ufrqHRs5rEmxFL6h78buH-OpOD9Ser4COfqE6AH-iPvPh3A-IwdH0ADbidx18LKcSDfjJXGkKRebYUfEFT9QSlWhQhz7BveF7eFaQ53YW4gXQXIvHg.NpuwY6j532PfUdw7kQtljIeySk49q4f0Qc__p9a27d4&dib_tag=se&keywords=%E3%82%AA%E3%83%AB%E3%83%88%E3%83%95%E3%82%A9%E3%83%B3+%E4%BA%A4%E6%8F%9B%E9%87%9D&qid=1784275270&refinements=p_85%3A8070706051%2Cp_n_condition-type%3A2249602051&rnid=2249601051&rps=1&sprefix=%E3%82%AA%E3%83%AB%E3%83%88%E3%83%95%E3%82%A9%E3%83%B3+%2Caps%2C329&sr=8-65&ufe=app_do%3Aamzn1.fos.35785624-70c4-44ae-a5c3-3f044f475d63&xpid=ow3nQIrXEF8aF#customerReviews","残り7点 ご注文はお早めに","https://www.amazon.co.jp/LOYELEY-%E3%83%AC%E3%82%B3%E3%83%BC%E3%83%89%E9%87%9D-%E3%83%AC%E3%82%B3%E3%83%BC%E3%83%89%E3%83%97%E3%83%AC%E3%83%BC%E3%83%A4%E3%83%BC%E9%87%9D-6%E5%80%8B%E3%82%BB%E3%83%83%E3%83%88-%E4%BA%A4%E6%8F%9B%E7%94%A8%E3%83%AC%E3%82%B3%E3%83%BC%E3%83%89%E9%87%9D/dp/B0DT31BWRH/ref=sr_1_65?crid=2E5D17O346HHX&dib=eyJ2IjoiMSJ9.4UM2ZRXej86fqSeNyF69_07ep34TNm2SLXtD97FwMsH_ES1nXFEfn5clqz0IcN6KTh_D4XjI67OQYG-73vKqIZoZZYxQ5LIqSYitgL8VsYhhKc0lngZAg2lPMGf123ByOi9pL4ykStViRQwl0s2eTmzzUXz6YDbP7-Mrdktlg3t510UDVtJqrdL10ufrqHRs5rEmxFL6h78buH-OpOD9Ser4COfqE6AH-iPvPh3A-IwdH0ADbidx18LKcSDfjJXGkKRebYUfEFT9QSlWhQhz7BveF7eFaQ53YW4gXQXIvHg.NpuwY6j532PfUdw7kQtljIeySk49q4f0Qc__p9a27d4&dib_tag=se&keywords=%E3%82%AA%E3%83%AB%E3%83%88%E3%83%95%E3%82%A9%E3%83%B3+%E4%BA%A4%E6%8F%9B%E9%87%9D&qid=1784275270&refinements=p_85%3A8070706051%2Cp_n_condition-type%3A2249602051&rnid=2249601051&rps=1&sprefix=%E3%82%AA%E3%83%AB%E3%83%88%E3%83%95%E3%82%A9%E3%83%B3+%2Caps%2C329&sr=8-65&ufe=app_do%3Aamzn1.fos.35785624-70c4-44ae-a5c3-3f044f475d63&xpid=ow3nQIrXEF8aF","","￥848","￥","848","",""
"https://www.amazon.co.jp/Audio-Technica-%E3%82%AA%E3%83%BC%E3%83%87%E3%82%A3%E3%82%AA%E3%83%86%E3%82%AF%E3%83%8B%E3%82%AB-AT-VM95ML-%E3%82%AA%E3%83%BC%E3%83%87%E3%82%A3%E3%82%AA%E3%83%86%E3%82%AF%E3%83%8B%E3%82%ABVM95ML%E3%83%95%E3%82%A9%E3%83%8E%E3%82%BB%E3%83%AB/dp/B07JLYHFR9/ref=sr_1_66?crid=2E5D17O346HHX&dib=eyJ2IjoiMSJ9.4UM2ZRXej86fqSeNyF69_07ep34TNm2SLXtD97FwMsH_ES1nXFEfn5clqz0IcN6KTh_D4XjI67OQYG-73vKqIZoZZYxQ5LIqSYitgL8VsYhhKc0lngZAg2lPMGf123ByOi9pL4ykStViRQwl0s2eTmzzUXz6YDbP7-Mrdktlg3t510UDVtJqrdL10ufrqHRs5rEmxFL6h78buH-OpOD9Ser4COfqE6AH-iPvPh3A-IwdH0ADbidx18LKcSDfjJXGkKRebYUfEFT9QSlWhQhz7BveF7eFaQ53YW4gXQXIvHg.NpuwY6j532PfUdw7kQtljIeySk49q4f0Qc__p9a27d4&dib_tag=se&keywords=%E3%82%AA%E3%83%AB%E3%83%88%E3%83%95%E3%82%A9%E3%83%B3+%E4%BA%A4%E6%8F%9B%E9%87%9D&qid=1784275270&refinements=p_85%3A8070706051%2Cp_n_condition-type%3A2249602051&rnid=2249601051&rps=1&sprefix=%E3%82%AA%E3%83%AB%E3%83%88%E3%83%95%E3%82%A9%E3%83%B3+%2Caps%2C329&sr=8-66&ufe=app_do%3Aamzn1.fos.35785624-70c4-44ae-a5c3-3f044f475d63&xpid=ow3nQIrXEF8aF","https://m.media-amazon.com/images/I/71elZdy3p6L._AC_UL320_.jpg","https://www.amazon.co.jp/Audio-Technica-%E3%82%AA%E3%83%BC%E3%83%87%E3%82%A3%E3%82%AA%E3%83%86%E3%82%AF%E3%83%8B%E3%82%AB-AT-VM95ML-%E3%82%AA%E3%83%BC%E3%83%87%E3%82%A3%E3%82%AA%E3%83%86%E3%82%AF%E3%83%8B%E3%82%ABVM95ML%E3%83%95%E3%82%A9%E3%83%8E%E3%82%BB%E3%83%AB/dp/B07JLYHFR9/ref=sr_1_66?crid=2E5D17O346HHX&dib=eyJ2IjoiMSJ9.4UM2ZRXej86fqSeNyF69_07ep34TNm2SLXtD97FwMsH_ES1nXFEfn5clqz0IcN6KTh_D4XjI67OQYG-73vKqIZoZZYxQ5LIqSYitgL8VsYhhKc0lngZAg2lPMGf123ByOi9pL4ykStViRQwl0s2eTmzzUXz6YDbP7-Mrdktlg3t510UDVtJqrdL10ufrqHRs5rEmxFL6h78buH-OpOD9Ser4COfqE6AH-iPvPh3A-IwdH0ADbidx18LKcSDfjJXGkKRebYUfEFT9QSlWhQhz7BveF7eFaQ53YW4gXQXIvHg.NpuwY6j532PfUdw7kQtljIeySk49q4f0Qc__p9a27d4&dib_tag=se&keywords=%E3%82%AA%E3%83%AB%E3%83%88%E3%83%95%E3%82%A9%E3%83%B3+%E4%BA%A4%E6%8F%9B%E9%87%9D&qid=1784275270&refinements=p_85%3A8070706051%2Cp_n_condition-type%3A2249602051&rnid=2249601051&rps=1&sprefix=%E3%82%AA%E3%83%AB%E3%83%88%E3%83%95%E3%82%A9%E3%83%B3+%2Caps%2C329&sr=8-66&ufe=app_do%3Aamzn1.fos.35785624-70c4-44ae-a5c3-3f044f475d63&xpid=ow3nQIrXEF8aF","オーディオテクニカ AT-VM95ML VM型 ステレオカートリッジ マイクロリニア針 AT-VM95シリーズ レコード針 カートリッジ レコードプレーヤー","javascript:void(0)","5つ星のうち4.7","https://www.amazon.co.jp/Audio-Technica-%E3%82%AA%E3%83%BC%E3%83%87%E3%82%A3%E3%82%AA%E3%83%86%E3%82%AF%E3%83%8B%E3%82%AB-AT-VM95ML-%E3%82%AA%E3%83%BC%E3%83%87%E3%82%A3%E3%82%AA%E3%83%86%E3%82%AF%E3%83%8B%E3%82%ABVM95ML%E3%83%95%E3%82%A9%E3%83%8E%E3%82%BB%E3%83%AB/dp/B07JLYHFR9/ref=sr_1_66?crid=2E5D17O346HHX&dib=eyJ2IjoiMSJ9.4UM2ZRXej86fqSeNyF69_07ep34TNm2SLXtD97FwMsH_ES1nXFEfn5clqz0IcN6KTh_D4XjI67OQYG-73vKqIZoZZYxQ5LIqSYitgL8VsYhhKc0lngZAg2lPMGf123ByOi9pL4ykStViRQwl0s2eTmzzUXz6YDbP7-Mrdktlg3t510UDVtJqrdL10ufrqHRs5rEmxFL6h78buH-OpOD9Ser4COfqE6AH-iPvPh3A-IwdH0ADbidx18LKcSDfjJXGkKRebYUfEFT9QSlWhQhz7BveF7eFaQ53YW4gXQXIvHg.NpuwY6j532PfUdw7kQtljIeySk49q4f0Qc__p9a27d4&dib_tag=se&keywords=%E3%82%AA%E3%83%AB%E3%83%88%E3%83%95%E3%82%A9%E3%83%B3+%E4%BA%A4%E6%8F%9B%E9%87%9D&qid=1784275270&refinements=p_85%3A8070706051%2Cp_n_condition-type%3A2249602051&rnid=2249601051&rps=1&sprefix=%E3%82%AA%E3%83%AB%E3%83%88%E3%83%95%E3%82%A9%E3%83%B3+%2Caps%2C329&sr=8-66&ufe=app_do%3Aamzn1.fos.35785624-70c4-44ae-a5c3-3f044f475d63&xpid=ow3nQIrXEF8aF#customerReviews","ベストセラー5位","https://www.amazon.co.jp/gp/bestsellers/electronics/2225501051/ref=top_seller_insight_5","https://www.amazon.co.jp/Audio-Technica-%E3%82%AA%E3%83%BC%E3%83%87%E3%82%A3%E3%82%AA%E3%83%86%E3%82%AF%E3%83%8B%E3%82%AB-AT-VM95ML-%E3%82%AA%E3%83%BC%E3%83%87%E3%82%A3%E3%82%AA%E3%83%86%E3%82%AF%E3%83%8B%E3%82%ABVM95ML%E3%83%95%E3%82%A9%E3%83%8E%E3%82%BB%E3%83%AB/dp/B07JLYHFR9/ref=sr_1_66?crid=2E5D17O346HHX&dib=eyJ2IjoiMSJ9.4UM2ZRXej86fqSeNyF69_07ep34TNm2SLXtD97FwMsH_ES1nXFEfn5clqz0IcN6KTh_D4XjI67OQYG-73vKqIZoZZYxQ5LIqSYitgL8VsYhhKc0lngZAg2lPMGf123ByOi9pL4ykStViRQwl0s2eTmzzUXz6YDbP7-Mrdktlg3t510UDVtJqrdL10ufrqHRs5rEmxFL6h78buH-OpOD9Ser4COfqE6AH-iPvPh3A-IwdH0ADbidx18LKcSDfjJXGkKRebYUfEFT9QSlWhQhz7BveF7eFaQ53YW4gXQXIvHg.NpuwY6j532PfUdw7kQtljIeySk49q4f0Qc__p9a27d4&dib_tag=se&keywords=%E3%82%AA%E3%83%AB%E3%83%88%E3%83%95%E3%82%A9%E3%83%B3+%E4%BA%A4%E6%8F%9B%E9%87%9D&qid=1784275270&refinements=p_85%3A8070706051%2Cp_n_condition-type%3A2249602051&rnid=2249601051&rps=1&sprefix=%E3%82%AA%E3%83%AB%E3%83%88%E3%83%95%E3%82%A9%E3%83%B3+%2Caps%2C329&sr=8-66&ufe=app_do%3Aamzn1.fos.35785624-70c4-44ae-a5c3-3f044f475d63&xpid=ow3nQIrXEF8aF","￥22,770","￥","22,770","",""
"https://www.amazon.co.jp/ortofon-Fingerlift-BLACK-MKII%E3%82%B7%E3%83%AA%E3%83%BC%E3%82%BA%E7%94%A8%E3%83%95%E3%82%A3%E3%83%B3%E3%82%AC%E3%83%BC-%E3%82%AA%E3%83%AB%E3%83%88%E3%83%95%E3%82%A9%E3%83%B3/dp/B079ZVPSKS/ref=sr_1_67?crid=2E5D17O346HHX&dib=eyJ2IjoiMSJ9.4UM2ZRXej86fqSeNyF69_07ep34TNm2SLXtD97FwMsH_ES1nXFEfn5clqz0IcN6KTh_D4XjI67OQYG-73vKqIZoZZYxQ5LIqSYitgL8VsYhhKc0lngZAg2lPMGf123ByOi9pL4ykStViRQwl0s2eTmzzUXz6YDbP7-Mrdktlg3t510UDVtJqrdL10ufrqHRs5rEmxFL6h78buH-OpOD9Ser4COfqE6AH-iPvPh3A-IwdH0ADbidx18LKcSDfjJXGkKRebYUfEFT9QSlWhQhz7BveF7eFaQ53YW4gXQXIvHg.NpuwY6j532PfUdw7kQtljIeySk49q4f0Qc__p9a27d4&dib_tag=se&keywords=%E3%82%AA%E3%83%AB%E3%83%88%E3%83%95%E3%82%A9%E3%83%B3+%E4%BA%A4%E6%8F%9B%E9%87%9D&qid=1784275270&refinements=p_85%3A8070706051%2Cp_n_condition-type%3A2249602051&rnid=2249601051&rps=1&sprefix=%E3%82%AA%E3%83%AB%E3%83%88%E3%83%95%E3%82%A9%E3%83%B3+%2Caps%2C329&sr=8-67&ufe=app_do%3Aamzn1.fos.35785624-70c4-44ae-a5c3-3f044f475d63&xpid=ow3nQIrXEF8aF","https://m.media-amazon.com/images/I/51vEk+sq8XL._AC_UL320_.jpg","https://www.amazon.co.jp/ortofon-Fingerlift-BLACK-MKII%E3%82%B7%E3%83%AA%E3%83%BC%E3%82%BA%E7%94%A8%E3%83%95%E3%82%A3%E3%83%B3%E3%82%AC%E3%83%BC-%E3%82%AA%E3%83%AB%E3%83%88%E3%83%95%E3%82%A9%E3%83%B3/dp/B079ZVPSKS/ref=sr_1_67?crid=2E5D17O346HHX&dib=eyJ2IjoiMSJ9.4UM2ZRXej86fqSeNyF69_07ep34TNm2SLXtD97FwMsH_ES1nXFEfn5clqz0IcN6KTh_D4XjI67OQYG-73vKqIZoZZYxQ5LIqSYitgL8VsYhhKc0lngZAg2lPMGf123ByOi9pL4ykStViRQwl0s2eTmzzUXz6YDbP7-Mrdktlg3t510UDVtJqrdL10ufrqHRs5rEmxFL6h78buH-OpOD9Ser4COfqE6AH-iPvPh3A-IwdH0ADbidx18LKcSDfjJXGkKRebYUfEFT9QSlWhQhz7BveF7eFaQ53YW4gXQXIvHg.NpuwY6j532PfUdw7kQtljIeySk49q4f0Qc__p9a27d4&dib_tag=se&keywords=%E3%82%AA%E3%83%AB%E3%83%88%E3%83%95%E3%82%A9%E3%83%B3+%E4%BA%A4%E6%8F%9B%E9%87%9D&qid=1784275270&refinements=p_85%3A8070706051%2Cp_n_condition-type%3A2249602051&rnid=2249601051&rps=1&sprefix=%E3%82%AA%E3%83%AB%E3%83%88%E3%83%95%E3%82%A9%E3%83%B3+%2Caps%2C329&sr=8-67&ufe=app_do%3Aamzn1.fos.35785624-70c4-44ae-a5c3-3f044f475d63&xpid=ow3nQIrXEF8aF","ortofon Finger Lift オルトフォン Concorde MK2シリーズ専用 フィンガーリフト (ブラック)","javascript:void(0)","5つ星のうち4.4","https://www.amazon.co.jp/ortofon-Fingerlift-BLACK-MKII%E3%82%B7%E3%83%AA%E3%83%BC%E3%82%BA%E7%94%A8%E3%83%95%E3%82%A3%E3%83%B3%E3%82%AC%E3%83%BC-%E3%82%AA%E3%83%AB%E3%83%88%E3%83%95%E3%82%A9%E3%83%B3/dp/B079ZVPSKS/ref=sr_1_67?crid=2E5D17O346HHX&dib=eyJ2IjoiMSJ9.4UM2ZRXej86fqSeNyF69_07ep34TNm2SLXtD97FwMsH_ES1nXFEfn5clqz0IcN6KTh_D4XjI67OQYG-73vKqIZoZZYxQ5LIqSYitgL8VsYhhKc0lngZAg2lPMGf123ByOi9pL4ykStViRQwl0s2eTmzzUXz6YDbP7-Mrdktlg3t510UDVtJqrdL10ufrqHRs5rEmxFL6h78buH-OpOD9Ser4COfqE6AH-iPvPh3A-IwdH0ADbidx18LKcSDfjJXGkKRebYUfEFT9QSlWhQhz7BveF7eFaQ53YW4gXQXIvHg.NpuwY6j532PfUdw7kQtljIeySk49q4f0Qc__p9a27d4&dib_tag=se&keywords=%E3%82%AA%E3%83%AB%E3%83%88%E3%83%95%E3%82%A9%E3%83%B3+%E4%BA%A4%E6%8F%9B%E9%87%9D&qid=1784275270&refinements=p_85%3A8070706051%2Cp_n_condition-type%3A2249602051&rnid=2249601051&rps=1&sprefix=%E3%82%AA%E3%83%AB%E3%83%88%E3%83%95%E3%82%A9%E3%83%B3+%2Caps%2C329&sr=8-67&ufe=app_do%3Aamzn1.fos.35785624-70c4-44ae-a5c3-3f044f475d63&xpid=ow3nQIrXEF8aF#customerReviews","残り11点 ご注文はお早めに","https://www.amazon.co.jp/ortofon-Fingerlift-BLACK-MKII%E3%82%B7%E3%83%AA%E3%83%BC%E3%82%BA%E7%94%A8%E3%83%95%E3%82%A3%E3%83%B3%E3%82%AC%E3%83%BC-%E3%82%AA%E3%83%AB%E3%83%88%E3%83%95%E3%82%A9%E3%83%B3/dp/B079ZVPSKS/ref=sr_1_67?crid=2E5D17O346HHX&dib=eyJ2IjoiMSJ9.4UM2ZRXej86fqSeNyF69_07ep34TNm2SLXtD97FwMsH_ES1nXFEfn5clqz0IcN6KTh_D4XjI67OQYG-73vKqIZoZZYxQ5LIqSYitgL8VsYhhKc0lngZAg2lPMGf123ByOi9pL4ykStViRQwl0s2eTmzzUXz6YDbP7-Mrdktlg3t510UDVtJqrdL10ufrqHRs5rEmxFL6h78buH-OpOD9Ser4COfqE6AH-iPvPh3A-IwdH0ADbidx18LKcSDfjJXGkKRebYUfEFT9QSlWhQhz7BveF7eFaQ53YW4gXQXIvHg.NpuwY6j532PfUdw7kQtljIeySk49q4f0Qc__p9a27d4&dib_tag=se&keywords=%E3%82%AA%E3%83%AB%E3%83%88%E3%83%95%E3%82%A9%E3%83%B3+%E4%BA%A4%E6%8F%9B%E9%87%9D&qid=1784275270&refinements=p_85%3A8070706051%2Cp_n_condition-type%3A2249602051&rnid=2249601051&rps=1&sprefix=%E3%82%AA%E3%83%AB%E3%83%88%E3%83%95%E3%82%A9%E3%83%B3+%2Caps%2C329&sr=8-67&ufe=app_do%3Aamzn1.fos.35785624-70c4-44ae-a5c3-3f044f475d63&xpid=ow3nQIrXEF8aF","","￥1,870","￥","1,870","",""
"https://www.amazon.co.jp/ortofon-OM-5E-MM%E3%82%AB%E3%83%BC%E3%83%88%E3%83%AA%E3%83%83%E3%82%B8-%E3%80%90%E5%9B%BD%E5%86%85%E6%AD%A3%E8%A6%8F%E5%93%81%E3%80%91/dp/B000A0C0U8/ref=sr_1_68?crid=2E5D17O346HHX&dib=eyJ2IjoiMSJ9.4UM2ZRXej86fqSeNyF69_07ep34TNm2SLXtD97FwMsH_ES1nXFEfn5clqz0IcN6KTh_D4XjI67OQYG-73vKqIZoZZYxQ5LIqSYitgL8VsYhhKc0lngZAg2lPMGf123ByOi9pL4ykStViRQwl0s2eTmzzUXz6YDbP7-Mrdktlg3t510UDVtJqrdL10ufrqHRs5rEmxFL6h78buH-OpOD9Ser4COfqE6AH-iPvPh3A-IwdH0ADbidx18LKcSDfjJXGkKRebYUfEFT9QSlWhQhz7BveF7eFaQ53YW4gXQXIvHg.NpuwY6j532PfUdw7kQtljIeySk49q4f0Qc__p9a27d4&dib_tag=se&keywords=%E3%82%AA%E3%83%AB%E3%83%88%E3%83%95%E3%82%A9%E3%83%B3+%E4%BA%A4%E6%8F%9B%E9%87%9D&qid=1784275270&refinements=p_85%3A8070706051%2Cp_n_condition-type%3A2249602051&rnid=2249601051&rps=1&sprefix=%E3%82%AA%E3%83%AB%E3%83%88%E3%83%95%E3%82%A9%E3%83%B3+%2Caps%2C329&sr=8-68&xpid=ow3nQIrXEF8aF","https://m.media-amazon.com/images/I/61H2Hfe2+8L._AC_UL320_.jpg","https://www.amazon.co.jp/ortofon-OM-5E-MM%E3%82%AB%E3%83%BC%E3%83%88%E3%83%AA%E3%83%83%E3%82%B8-%E3%80%90%E5%9B%BD%E5%86%85%E6%AD%A3%E8%A6%8F%E5%93%81%E3%80%91/dp/B000A0C0U8/ref=sr_1_68?crid=2E5D17O346HHX&dib=eyJ2IjoiMSJ9.4UM2ZRXej86fqSeNyF69_07ep34TNm2SLXtD97FwMsH_ES1nXFEfn5clqz0IcN6KTh_D4XjI67OQYG-73vKqIZoZZYxQ5LIqSYitgL8VsYhhKc0lngZAg2lPMGf123ByOi9pL4ykStViRQwl0s2eTmzzUXz6YDbP7-Mrdktlg3t510UDVtJqrdL10ufrqHRs5rEmxFL6h78buH-OpOD9Ser4COfqE6AH-iPvPh3A-IwdH0ADbidx18LKcSDfjJXGkKRebYUfEFT9QSlWhQhz7BveF7eFaQ53YW4gXQXIvHg.NpuwY6j532PfUdw7kQtljIeySk49q4f0Qc__p9a27d4&dib_tag=se&keywords=%E3%82%AA%E3%83%AB%E3%83%88%E3%83%95%E3%82%A9%E3%83%B3+%E4%BA%A4%E6%8F%9B%E9%87%9D&qid=1784275270&refinements=p_85%3A8070706051%2Cp_n_condition-type%3A2249602051&rnid=2249601051&rps=1&sprefix=%E3%82%AA%E3%83%AB%E3%83%88%E3%83%95%E3%82%A9%E3%83%B3+%2Caps%2C329&sr=8-68&xpid=ow3nQIrXEF8aF","ortofon OM 5E オルトフォン MMカートリッジ ステレオ 楕円針 リスニング専用","javascript:void(0)","5つ星のうち4.7","https://www.amazon.co.jp/ortofon-OM-5E-MM%E3%82%AB%E3%83%BC%E3%83%88%E3%83%AA%E3%83%83%E3%82%B8-%E3%80%90%E5%9B%BD%E5%86%85%E6%AD%A3%E8%A6%8F%E5%93%81%E3%80%91/dp/B000A0C0U8/ref=sr_1_68?crid=2E5D17O346HHX&dib=eyJ2IjoiMSJ9.4UM2ZRXej86fqSeNyF69_07ep34TNm2SLXtD97FwMsH_ES1nXFEfn5clqz0IcN6KTh_D4XjI67OQYG-73vKqIZoZZYxQ5LIqSYitgL8VsYhhKc0lngZAg2lPMGf123ByOi9pL4ykStViRQwl0s2eTmzzUXz6YDbP7-Mrdktlg3t510UDVtJqrdL10ufrqHRs5rEmxFL6h78buH-OpOD9Ser4COfqE6AH-iPvPh3A-IwdH0ADbidx18LKcSDfjJXGkKRebYUfEFT9QSlWhQhz7BveF7eFaQ53YW4gXQXIvHg.NpuwY6j532PfUdw7kQtljIeySk49q4f0Qc__p9a27d4&dib_tag=se&keywords=%E3%82%AA%E3%83%AB%E3%83%88%E3%83%95%E3%82%A9%E3%83%B3+%E4%BA%A4%E6%8F%9B%E9%87%9D&qid=1784275270&refinements=p_85%3A8070706051%2Cp_n_condition-type%3A2249602051&rnid=2249601051&rps=1&sprefix=%E3%82%AA%E3%83%AB%E3%83%88%E3%83%95%E3%82%A9%E3%83%B3+%2Caps%2C329&sr=8-68&xpid=ow3nQIrXEF8aF#customerReviews","「おすすめ出品」の要件を満たす出品はありません","https://www.amazon.co.jp/gp/offer-listing/B000A0C0U8/ref=sr_1_68_olp?rnid=2249601051&keywords=%E3%82%AA%E3%83%AB%E3%83%88%E3%83%95%E3%82%A9%E3%83%B3+%E4%BA%A4%E6%8F%9B%E9%87%9D&crid=2E5D17O346HHX&sprefix=%E3%82%AA%E3%83%AB%E3%83%88%E3%83%95%E3%82%A9%E3%83%B3+%2Caps%2C329&rps=1&dib_tag=se&xpid=ow3nQIrXEF8aF&dib=eyJ2IjoiMSJ9.4UM2ZRXej86fqSeNyF69_07ep34TNm2SLXtD97FwMsH_ES1nXFEfn5clqz0IcN6KTh_D4XjI67OQYG-73vKqIZoZZYxQ5LIqSYitgL8VsYhhKc0lngZAg2lPMGf123ByOi9pL4ykStViRQwl0s2eTmzzUXz6YDbP7-Mrdktlg3t510UDVtJqrdL10ufrqHRs5rEmxFL6h78buH-OpOD9Ser4COfqE6AH-iPvPh3A-IwdH0ADbidx18LKcSDfjJXGkKRebYUfEFT9QSlWhQhz7BveF7eFaQ53YW4gXQXIvHg.NpuwY6j532PfUdw7kQtljIeySk49q4f0Qc__p9a27d4&qid=1784275270&refinements=p_85%3A8070706051%2Cp_n_condition-type%3A2249602051&sr=8-68","","","","","￥11,000","https://www.amazon.co.jp/ortofon-OM-5E-MM%E3%82%AB%E3%83%BC%E3%83%88%E3%83%AA%E3%83%83%E3%82%B8-%E3%80%90%E5%9B%BD%E5%86%85%E6%AD%A3%E8%A6%8F%E5%93%81%E3%80%91/dp/B000A0C0U8/ref=sr_1_68_so_SOUND_AND_RECORDING_EQUIPMENT?crid=2E5D17O346HHX&dib=eyJ2IjoiMSJ9.4UM2ZRXej86fqSeNyF69_07ep34TNm2SLXtD97FwMsH_ES1nXFEfn5clqz0IcN6KTh_D4XjI67OQYG-73vKqIZoZZYxQ5LIqSYitgL8VsYhhKc0lngZAg2lPMGf123ByOi9pL4ykStViRQwl0s2eTmzzUXz6YDbP7-Mrdktlg3t510UDVtJqrdL10ufrqHRs5rEmxFL6h78buH-OpOD9Ser4COfqE6AH-iPvPh3A-IwdH0ADbidx18LKcSDfjJXGkKRebYUfEFT9QSlWhQhz7BveF7eFaQ53YW4gXQXIvHg.NpuwY6j532PfUdw7kQtljIeySk49q4f0Qc__p9a27d4&dib_tag=se&keywords=%E3%82%AA%E3%83%AB%E3%83%88%E3%83%95%E3%82%A9%E3%83%B3+%E4%BA%A4%E6%8F%9B%E9%87%9D&qid=1784275270&refinements=p_85%3A8070706051%2Cp_n_condition-type%3A2249602051&rnid=2249601051&rps=1&sprefix=%E3%82%AA%E3%83%AB%E3%83%88%E3%83%95%E3%82%A9%E3%83%B3+%2Caps%2C329&sr=8-68&xpid=ow3nQIrXEF8aF"
"https://www.amazon.co.jp/%E3%82%AA%E3%83%AB%E3%83%88%E3%83%95%E3%82%A9%E3%83%B3-2MBRONZE%E7%94%A8%E4%BA%A4%E6%8F%9B%E9%87%9D-STYLUS-2M-BRONZE/dp/B001OU0MV2/ref=sr_1_69?crid=2E5D17O346HHX&dib=eyJ2IjoiMSJ9.4UM2ZRXej86fqSeNyF69_07ep34TNm2SLXtD97FwMsH_ES1nXFEfn5clqz0IcN6KTh_D4XjI67OQYG-73vKqIZoZZYxQ5LIqSYitgL8VsYhhKc0lngZAg2lPMGf123ByOi9pL4ykStViRQwl0s2eTmzzUXz6YDbP7-Mrdktlg3t510UDVtJqrdL10ufrqHRs5rEmxFL6h78buH-OpOD9Ser4COfqE6AH-iPvPh3A-IwdH0ADbidx18LKcSDfjJXGkKRebYUfEFT9QSlWhQhz7BveF7eFaQ53YW4gXQXIvHg.NpuwY6j532PfUdw7kQtljIeySk49q4f0Qc__p9a27d4&dib_tag=se&keywords=%E3%82%AA%E3%83%AB%E3%83%88%E3%83%95%E3%82%A9%E3%83%B3+%E4%BA%A4%E6%8F%9B%E9%87%9D&qid=1784275270&refinements=p_85%3A8070706051%2Cp_n_condition-type%3A2249602051&rnid=2249601051&rps=1&sprefix=%E3%82%AA%E3%83%AB%E3%83%88%E3%83%95%E3%82%A9%E3%83%B3+%2Caps%2C329&sr=8-69&xpid=ow3nQIrXEF8aF","https://m.media-amazon.com/images/I/619gb5JjOAL._AC_UL320_.jpg","https://www.amazon.co.jp/%E3%82%AA%E3%83%AB%E3%83%88%E3%83%95%E3%82%A9%E3%83%B3-2MBRONZE%E7%94%A8%E4%BA%A4%E6%8F%9B%E9%87%9D-STYLUS-2M-BRONZE/dp/B001OU0MV2/ref=sr_1_69?crid=2E5D17O346HHX&dib=eyJ2IjoiMSJ9.4UM2ZRXej86fqSeNyF69_07ep34TNm2SLXtD97FwMsH_ES1nXFEfn5clqz0IcN6KTh_D4XjI67OQYG-73vKqIZoZZYxQ5LIqSYitgL8VsYhhKc0lngZAg2lPMGf123ByOi9pL4ykStViRQwl0s2eTmzzUXz6YDbP7-Mrdktlg3t510UDVtJqrdL10ufrqHRs5rEmxFL6h78buH-OpOD9Ser4COfqE6AH-iPvPh3A-IwdH0ADbidx18LKcSDfjJXGkKRebYUfEFT9QSlWhQhz7BveF7eFaQ53YW4gXQXIvHg.NpuwY6j532PfUdw7kQtljIeySk49q4f0Qc__p9a27d4&dib_tag=se&keywords=%E3%82%AA%E3%83%AB%E3%83%88%E3%83%95%E3%82%A9%E3%83%B3+%E4%BA%A4%E6%8F%9B%E9%87%9D&qid=1784275270&refinements=p_85%3A8070706051%2Cp_n_condition-type%3A2249602051&rnid=2249601051&rps=1&sprefix=%E3%82%AA%E3%83%AB%E3%83%88%E3%83%95%E3%82%A9%E3%83%B3+%2Caps%2C329&sr=8-69&xpid=ow3nQIrXEF8aF","ortofon Stylus 2M Bronze オルトフォン 2M Bronze用 交換針 2M Black/2M Black LVB 250と本体互換あり","javascript:void(0)","5つ星のうち4.7","https://www.amazon.co.jp/%E3%82%AA%E3%83%AB%E3%83%88%E3%83%95%E3%82%A9%E3%83%B3-2MBRONZE%E7%94%A8%E4%BA%A4%E6%8F%9B%E9%87%9D-STYLUS-2M-BRONZE/dp/B001OU0MV2/ref=sr_1_69?crid=2E5D17O346HHX&dib=eyJ2IjoiMSJ9.4UM2ZRXej86fqSeNyF69_07ep34TNm2SLXtD97FwMsH_ES1nXFEfn5clqz0IcN6KTh_D4XjI67OQYG-73vKqIZoZZYxQ5LIqSYitgL8VsYhhKc0lngZAg2lPMGf123ByOi9pL4ykStViRQwl0s2eTmzzUXz6YDbP7-Mrdktlg3t510UDVtJqrdL10ufrqHRs5rEmxFL6h78buH-OpOD9Ser4COfqE6AH-iPvPh3A-IwdH0ADbidx18LKcSDfjJXGkKRebYUfEFT9QSlWhQhz7BveF7eFaQ53YW4gXQXIvHg.NpuwY6j532PfUdw7kQtljIeySk49q4f0Qc__p9a27d4&dib_tag=se&keywords=%E3%82%AA%E3%83%AB%E3%83%88%E3%83%95%E3%82%A9%E3%83%B3+%E4%BA%A4%E6%8F%9B%E9%87%9D&qid=1784275270&refinements=p_85%3A8070706051%2Cp_n_condition-type%3A2249602051&rnid=2249601051&rps=1&sprefix=%E3%82%AA%E3%83%AB%E3%83%88%E3%83%95%E3%82%A9%E3%83%B3+%2Caps%2C329&sr=8-69&xpid=ow3nQIrXEF8aF#customerReviews","「おすすめ出品」の要件を満たす出品はありません","https://www.amazon.co.jp/gp/offer-listing/B001OU0MV2/ref=sr_1_69_olp?rnid=2249601051&keywords=%E3%82%AA%E3%83%AB%E3%83%88%E3%83%95%E3%82%A9%E3%83%B3+%E4%BA%A4%E6%8F%9B%E9%87%9D&crid=2E5D17O346HHX&sprefix=%E3%82%AA%E3%83%AB%E3%83%88%E3%83%95%E3%82%A9%E3%83%B3+%2Caps%2C329&rps=1&dib_tag=se&xpid=ow3nQIrXEF8aF&dib=eyJ2IjoiMSJ9.4UM2ZRXej86fqSeNyF69_07ep34TNm2SLXtD97FwMsH_ES1nXFEfn5clqz0IcN6KTh_D4XjI67OQYG-73vKqIZoZZYxQ5LIqSYitgL8VsYhhKc0lngZAg2lPMGf123ByOi9pL4ykStViRQwl0s2eTmzzUXz6YDbP7-Mrdktlg3t510UDVtJqrdL10ufrqHRs5rEmxFL6h78buH-OpOD9Ser4COfqE6AH-iPvPh3A-IwdH0ADbidx18LKcSDfjJXGkKRebYUfEFT9QSlWhQhz7BveF7eFaQ53YW4gXQXIvHg.NpuwY6j532PfUdw7kQtljIeySk49q4f0Qc__p9a27d4&qid=1784275270&refinements=p_85%3A8070706051%2Cp_n_condition-type%3A2249602051&sr=8-69","","","","","￥55,330","https://www.amazon.co.jp/%E3%82%AA%E3%83%AB%E3%83%88%E3%83%95%E3%82%A9%E3%83%B3-2MBRONZE%E7%94%A8%E4%BA%A4%E6%8F%9B%E9%87%9D-STYLUS-2M-BRONZE/dp/B001OU0MV2/ref=sr_1_69_so_TURNTABLE?crid=2E5D17O346HHX&dib=eyJ2IjoiMSJ9.4UM2ZRXej86fqSeNyF69_07ep34TNm2SLXtD97FwMsH_ES1nXFEfn5clqz0IcN6KTh_D4XjI67OQYG-73vKqIZoZZYxQ5LIqSYitgL8VsYhhKc0lngZAg2lPMGf123ByOi9pL4ykStViRQwl0s2eTmzzUXz6YDbP7-Mrdktlg3t510UDVtJqrdL10ufrqHRs5rEmxFL6h78buH-OpOD9Ser4COfqE6AH-iPvPh3A-IwdH0ADbidx18LKcSDfjJXGkKRebYUfEFT9QSlWhQhz7BveF7eFaQ53YW4gXQXIvHg.NpuwY6j532PfUdw7kQtljIeySk49q4f0Qc__p9a27d4&dib_tag=se&keywords=%E3%82%AA%E3%83%AB%E3%83%88%E3%83%95%E3%82%A9%E3%83%B3+%E4%BA%A4%E6%8F%9B%E9%87%9D&qid=1784275270&refinements=p_85%3A8070706051%2Cp_n_condition-type%3A2249602051&rnid=2249601051&rps=1&sprefix=%E3%82%AA%E3%83%AB%E3%83%88%E3%83%95%E3%82%A9%E3%83%B3+%2Caps%2C329&sr=8-69&xpid=ow3nQIrXEF8aF"
"https://www.amazon.co.jp/%E3%82%AA%E3%83%BC%E3%83%87%E3%82%A3%E3%82%AA%E3%83%86%E3%82%AF%E3%83%8B%E3%82%AB-AT-VM510xCB-%E3%82%B9%E3%83%86%E3%83%AC%E3%82%AA%E3%82%AB%E3%83%BC%E3%83%88%E3%83%AA%E3%83%83%E3%82%B8-%E3%82%A2%E3%83%AB%E3%83%9F%E3%83%8B%E3%82%A6%E3%83%A0%E3%83%91%E3%82%A4%E3%83%97%E3%82%AB%E3%83%B3%E3%83%81%E3%83%AC%E3%83%90%E3%83%BC-%E3%83%AC%E3%82%B3%E3%83%BC%E3%83%89%E3%83%97%E3%83%AC%E3%83%BC%E3%83%A4%E3%83%BC/dp/B0F6YQ7QM5/ref=sr_1_70?crid=2E5D17O346HHX&dib=eyJ2IjoiMSJ9.4UM2ZRXej86fqSeNyF69_07ep34TNm2SLXtD97FwMsH_ES1nXFEfn5clqz0IcN6KTh_D4XjI67OQYG-73vKqIZoZZYxQ5LIqSYitgL8VsYhhKc0lngZAg2lPMGf123ByOi9pL4ykStViRQwl0s2eTmzzUXz6YDbP7-Mrdktlg3t510UDVtJqrdL10ufrqHRs5rEmxFL6h78buH-OpOD9Ser4COfqE6AH-iPvPh3A-IwdH0ADbidx18LKcSDfjJXGkKRebYUfEFT9QSlWhQhz7BveF7eFaQ53YW4gXQXIvHg.NpuwY6j532PfUdw7kQtljIeySk49q4f0Qc__p9a27d4&dib_tag=se&keywords=%E3%82%AA%E3%83%AB%E3%83%88%E3%83%95%E3%82%A9%E3%83%B3+%E4%BA%A4%E6%8F%9B%E9%87%9D&qid=1784275270&refinements=p_85%3A8070706051%2Cp_n_condition-type%3A2249602051&rnid=2249601051&rps=1&sprefix=%E3%82%AA%E3%83%AB%E3%83%88%E3%83%95%E3%82%A9%E3%83%B3+%2Caps%2C329&sr=8-70&ufe=app_do%3Aamzn1.fos.35785624-70c4-44ae-a5c3-3f044f475d63&xpid=ow3nQIrXEF8aF","https://m.media-amazon.com/images/I/61kDm64gydL._AC_UL320_.jpg","https://www.amazon.co.jp/%E3%82%AA%E3%83%BC%E3%83%87%E3%82%A3%E3%82%AA%E3%83%86%E3%82%AF%E3%83%8B%E3%82%AB-AT-VM510xCB-%E3%82%B9%E3%83%86%E3%83%AC%E3%82%AA%E3%82%AB%E3%83%BC%E3%83%88%E3%83%AA%E3%83%83%E3%82%B8-%E3%82%A2%E3%83%AB%E3%83%9F%E3%83%8B%E3%82%A6%E3%83%A0%E3%83%91%E3%82%A4%E3%83%97%E3%82%AB%E3%83%B3%E3%83%81%E3%83%AC%E3%83%90%E3%83%BC-%E3%83%AC%E3%82%B3%E3%83%BC%E3%83%89%E3%83%97%E3%83%AC%E3%83%BC%E3%83%A4%E3%83%BC/dp/B0F6YQ7QM5/ref=sr_1_70?crid=2E5D17O346HHX&dib=eyJ2IjoiMSJ9.4UM2ZRXej86fqSeNyF69_07ep34TNm2SLXtD97FwMsH_ES1nXFEfn5clqz0IcN6KTh_D4XjI67OQYG-73vKqIZoZZYxQ5LIqSYitgL8VsYhhKc0lngZAg2lPMGf123ByOi9pL4ykStViRQwl0s2eTmzzUXz6YDbP7-Mrdktlg3t510UDVtJqrdL10ufrqHRs5rEmxFL6h78buH-OpOD9Ser4COfqE6AH-iPvPh3A-IwdH0ADbidx18LKcSDfjJXGkKRebYUfEFT9QSlWhQhz7BveF7eFaQ53YW4gXQXIvHg.NpuwY6j532PfUdw7kQtljIeySk49q4f0Qc__p9a27d4&dib_tag=se&keywords=%E3%82%AA%E3%83%AB%E3%83%88%E3%83%95%E3%82%A9%E3%83%B3+%E4%BA%A4%E6%8F%9B%E9%87%9D&qid=1784275270&refinements=p_85%3A8070706051%2Cp_n_condition-type%3A2249602051&rnid=2249601051&rps=1&sprefix=%E3%82%AA%E3%83%AB%E3%83%88%E3%83%95%E3%82%A9%E3%83%B3+%2Caps%2C329&sr=8-70&ufe=app_do%3Aamzn1.fos.35785624-70c4-44ae-a5c3-3f044f475d63&xpid=ow3nQIrXEF8aF","オーディオテクニカ AT-VM510xCB VM型 ステレオカートリッジ AEX 2026 受賞 レコード針 接合丸針 アルミニウムパイプカンチレバー カートリッジ レコードプレーヤー","javascript:void(0)","5つ星のうち5.0","https://www.amazon.co.jp/%E3%82%AA%E3%83%BC%E3%83%87%E3%82%A3%E3%82%AA%E3%83%86%E3%82%AF%E3%83%8B%E3%82%AB-AT-VM510xCB-%E3%82%B9%E3%83%86%E3%83%AC%E3%82%AA%E3%82%AB%E3%83%BC%E3%83%88%E3%83%AA%E3%83%83%E3%82%B8-%E3%82%A2%E3%83%AB%E3%83%9F%E3%83%8B%E3%82%A6%E3%83%A0%E3%83%91%E3%82%A4%E3%83%97%E3%82%AB%E3%83%B3%E3%83%81%E3%83%AC%E3%83%90%E3%83%BC-%E3%83%AC%E3%82%B3%E3%83%BC%E3%83%89%E3%83%97%E3%83%AC%E3%83%BC%E3%83%A4%E3%83%BC/dp/B0F6YQ7QM5/ref=sr_1_70?crid=2E5D17O346HHX&dib=eyJ2IjoiMSJ9.4UM2ZRXej86fqSeNyF69_07ep34TNm2SLXtD97FwMsH_ES1nXFEfn5clqz0IcN6KTh_D4XjI67OQYG-73vKqIZoZZYxQ5LIqSYitgL8VsYhhKc0lngZAg2lPMGf123ByOi9pL4ykStViRQwl0s2eTmzzUXz6YDbP7-Mrdktlg3t510UDVtJqrdL10ufrqHRs5rEmxFL6h78buH-OpOD9Ser4COfqE6AH-iPvPh3A-IwdH0ADbidx18LKcSDfjJXGkKRebYUfEFT9QSlWhQhz7BveF7eFaQ53YW4gXQXIvHg.NpuwY6j532PfUdw7kQtljIeySk49q4f0Qc__p9a27d4&dib_tag=se&keywords=%E3%82%AA%E3%83%AB%E3%83%88%E3%83%95%E3%82%A9%E3%83%B3+%E4%BA%A4%E6%8F%9B%E9%87%9D&qid=1784275270&refinements=p_85%3A8070706051%2Cp_n_condition-type%3A2249602051&rnid=2249601051&rps=1&sprefix=%E3%82%AA%E3%83%AB%E3%83%88%E3%83%95%E3%82%A9%E3%83%B3+%2Caps%2C329&sr=8-70&ufe=app_do%3Aamzn1.fos.35785624-70c4-44ae-a5c3-3f044f475d63&xpid=ow3nQIrXEF8aF#customerReviews","1540ポイント(10%)","https://www.amazon.co.jp/%E3%82%AA%E3%83%BC%E3%83%87%E3%82%A3%E3%82%AA%E3%83%86%E3%82%AF%E3%83%8B%E3%82%AB-AT-VM510xCB-%E3%82%B9%E3%83%86%E3%83%AC%E3%82%AA%E3%82%AB%E3%83%BC%E3%83%88%E3%83%AA%E3%83%83%E3%82%B8-%E3%82%A2%E3%83%AB%E3%83%9F%E3%83%8B%E3%82%A6%E3%83%A0%E3%83%91%E3%82%A4%E3%83%97%E3%82%AB%E3%83%B3%E3%83%81%E3%83%AC%E3%83%90%E3%83%BC-%E3%83%AC%E3%82%B3%E3%83%BC%E3%83%89%E3%83%97%E3%83%AC%E3%83%BC%E3%83%A4%E3%83%BC/dp/B0F6YQ7QM5/ref=sr_1_70?crid=2E5D17O346HHX&dib=eyJ2IjoiMSJ9.4UM2ZRXej86fqSeNyF69_07ep34TNm2SLXtD97FwMsH_ES1nXFEfn5clqz0IcN6KTh_D4XjI67OQYG-73vKqIZoZZYxQ5LIqSYitgL8VsYhhKc0lngZAg2lPMGf123ByOi9pL4ykStViRQwl0s2eTmzzUXz6YDbP7-Mrdktlg3t510UDVtJqrdL10ufrqHRs5rEmxFL6h78buH-OpOD9Ser4COfqE6AH-iPvPh3A-IwdH0ADbidx18LKcSDfjJXGkKRebYUfEFT9QSlWhQhz7BveF7eFaQ53YW4gXQXIvHg.NpuwY6j532PfUdw7kQtljIeySk49q4f0Qc__p9a27d4&dib_tag=se&keywords=%E3%82%AA%E3%83%AB%E3%83%88%E3%83%95%E3%82%A9%E3%83%B3+%E4%BA%A4%E6%8F%9B%E9%87%9D&qid=1784275270&refinements=p_85%3A8070706051%2Cp_n_condition-type%3A2249602051&rnid=2249601051&rps=1&sprefix=%E3%82%AA%E3%83%AB%E3%83%88%E3%83%95%E3%82%A9%E3%83%B3+%2Caps%2C329&sr=8-70&ufe=app_do%3Aamzn1.fos.35785624-70c4-44ae-a5c3-3f044f475d63&xpid=ow3nQIrXEF8aF","","￥15,400","￥","15,400","",""
"https://www.amazon.co.jp/%E3%82%AA%E3%83%BC%E3%83%87%E3%82%A3%E3%82%AA%E3%83%86%E3%82%AF%E3%83%8B%E3%82%AB-AT-VM520xEB-%E3%82%B9%E3%83%86%E3%83%AC%E3%82%AA%E3%82%AB%E3%83%BC%E3%83%88%E3%83%AA%E3%83%83%E3%82%B8-%E3%82%A2%E3%83%AB%E3%83%9F%E3%83%8B%E3%82%A6%E3%83%A0%E3%83%91%E3%82%A4%E3%83%97%E3%82%AB%E3%83%B3%E3%83%81%E3%83%AC%E3%83%90%E3%83%BC-%E3%83%AC%E3%82%B3%E3%83%BC%E3%83%89%E3%83%97%E3%83%AC%E3%83%BC%E3%83%A4%E3%83%BC/dp/B0F6YWHSBC/ref=sr_1_71?crid=2E5D17O346HHX&dib=eyJ2IjoiMSJ9.4UM2ZRXej86fqSeNyF69_07ep34TNm2SLXtD97FwMsH_ES1nXFEfn5clqz0IcN6KTh_D4XjI67OQYG-73vKqIZoZZYxQ5LIqSYitgL8VsYhhKc0lngZAg2lPMGf123ByOi9pL4ykStViRQwl0s2eTmzzUXz6YDbP7-Mrdktlg3t510UDVtJqrdL10ufrqHRs5rEmxFL6h78buH-OpOD9Ser4COfqE6AH-iPvPh3A-IwdH0ADbidx18LKcSDfjJXGkKRebYUfEFT9QSlWhQhz7BveF7eFaQ53YW4gXQXIvHg.NpuwY6j532PfUdw7kQtljIeySk49q4f0Qc__p9a27d4&dib_tag=se&keywords=%E3%82%AA%E3%83%AB%E3%83%88%E3%83%95%E3%82%A9%E3%83%B3+%E4%BA%A4%E6%8F%9B%E9%87%9D&qid=1784275270&refinements=p_85%3A8070706051%2Cp_n_condition-type%3A2249602051&rnid=2249601051&rps=1&sprefix=%E3%82%AA%E3%83%AB%E3%83%88%E3%83%95%E3%82%A9%E3%83%B3+%2Caps%2C329&sr=8-71&ufe=app_do%3Aamzn1.fos.35785624-70c4-44ae-a5c3-3f044f475d63&xpid=ow3nQIrXEF8aF","https://m.media-amazon.com/images/I/612rRDvUNZL._AC_UL320_.jpg","https://www.amazon.co.jp/%E3%82%AA%E3%83%BC%E3%83%87%E3%82%A3%E3%82%AA%E3%83%86%E3%82%AF%E3%83%8B%E3%82%AB-AT-VM520xEB-%E3%82%B9%E3%83%86%E3%83%AC%E3%82%AA%E3%82%AB%E3%83%BC%E3%83%88%E3%83%AA%E3%83%83%E3%82%B8-%E3%82%A2%E3%83%AB%E3%83%9F%E3%83%8B%E3%82%A6%E3%83%A0%E3%83%91%E3%82%A4%E3%83%97%E3%82%AB%E3%83%B3%E3%83%81%E3%83%AC%E3%83%90%E3%83%BC-%E3%83%AC%E3%82%B3%E3%83%BC%E3%83%89%E3%83%97%E3%83%AC%E3%83%BC%E3%83%A4%E3%83%BC/dp/B0F6YWHSBC/ref=sr_1_71?crid=2E5D17O346HHX&dib=eyJ2IjoiMSJ9.4UM2ZRXej86fqSeNyF69_07ep34TNm2SLXtD97FwMsH_ES1nXFEfn5clqz0IcN6KTh_D4XjI67OQYG-73vKqIZoZZYxQ5LIqSYitgL8VsYhhKc0lngZAg2lPMGf123ByOi9pL4ykStViRQwl0s2eTmzzUXz6YDbP7-Mrdktlg3t510UDVtJqrdL10ufrqHRs5rEmxFL6h78buH-OpOD9Ser4COfqE6AH-iPvPh3A-IwdH0ADbidx18LKcSDfjJXGkKRebYUfEFT9QSlWhQhz7BveF7eFaQ53YW4gXQXIvHg.NpuwY6j532PfUdw7kQtljIeySk49q4f0Qc__p9a27d4&dib_tag=se&keywords=%E3%82%AA%E3%83%AB%E3%83%88%E3%83%95%E3%82%A9%E3%83%B3+%E4%BA%A4%E6%8F%9B%E9%87%9D&qid=1784275270&refinements=p_85%3A8070706051%2Cp_n_condition-type%3A2249602051&rnid=2249601051&rps=1&sprefix=%E3%82%AA%E3%83%AB%E3%83%88%E3%83%95%E3%82%A9%E3%83%B3+%2Caps%2C329&sr=8-71&ufe=app_do%3Aamzn1.fos.35785624-70c4-44ae-a5c3-3f044f475d63&xpid=ow3nQIrXEF8aF","オーディオテクニカ AT-VM520xEB VM型 ステレオカートリッジ AEX 2026 受賞 レコード針 接合楕円針 アルミニウムパイプカンチレバー カートリッジ レコードプレーヤー","javascript:void(0)","5つ星のうち4.6","https://www.amazon.co.jp/%E3%82%AA%E3%83%BC%E3%83%87%E3%82%A3%E3%82%AA%E3%83%86%E3%82%AF%E3%83%8B%E3%82%AB-AT-VM520xEB-%E3%82%B9%E3%83%86%E3%83%AC%E3%82%AA%E3%82%AB%E3%83%BC%E3%83%88%E3%83%AA%E3%83%83%E3%82%B8-%E3%82%A2%E3%83%AB%E3%83%9F%E3%83%8B%E3%82%A6%E3%83%A0%E3%83%91%E3%82%A4%E3%83%97%E3%82%AB%E3%83%B3%E3%83%81%E3%83%AC%E3%83%90%E3%83%BC-%E3%83%AC%E3%82%B3%E3%83%BC%E3%83%89%E3%83%97%E3%83%AC%E3%83%BC%E3%83%A4%E3%83%BC/dp/B0F6YWHSBC/ref=sr_1_71?crid=2E5D17O346HHX&dib=eyJ2IjoiMSJ9.4UM2ZRXej86fqSeNyF69_07ep34TNm2SLXtD97FwMsH_ES1nXFEfn5clqz0IcN6KTh_D4XjI67OQYG-73vKqIZoZZYxQ5LIqSYitgL8VsYhhKc0lngZAg2lPMGf123ByOi9pL4ykStViRQwl0s2eTmzzUXz6YDbP7-Mrdktlg3t510UDVtJqrdL10ufrqHRs5rEmxFL6h78buH-OpOD9Ser4COfqE6AH-iPvPh3A-IwdH0ADbidx18LKcSDfjJXGkKRebYUfEFT9QSlWhQhz7BveF7eFaQ53YW4gXQXIvHg.NpuwY6j532PfUdw7kQtljIeySk49q4f0Qc__p9a27d4&dib_tag=se&keywords=%E3%82%AA%E3%83%AB%E3%83%88%E3%83%95%E3%82%A9%E3%83%B3+%E4%BA%A4%E6%8F%9B%E9%87%9D&qid=1784275270&refinements=p_85%3A8070706051%2Cp_n_condition-type%3A2249602051&rnid=2249601051&rps=1&sprefix=%E3%82%AA%E3%83%AB%E3%83%88%E3%83%95%E3%82%A9%E3%83%B3+%2Caps%2C329&sr=8-71&ufe=app_do%3Aamzn1.fos.35785624-70c4-44ae-a5c3-3f044f475d63&xpid=ow3nQIrXEF8aF#customerReviews","1760ポイント(10%)","https://www.amazon.co.jp/%E3%82%AA%E3%83%BC%E3%83%87%E3%82%A3%E3%82%AA%E3%83%86%E3%82%AF%E3%83%8B%E3%82%AB-AT-VM520xEB-%E3%82%B9%E3%83%86%E3%83%AC%E3%82%AA%E3%82%AB%E3%83%BC%E3%83%88%E3%83%AA%E3%83%83%E3%82%B8-%E3%82%A2%E3%83%AB%E3%83%9F%E3%83%8B%E3%82%A6%E3%83%A0%E3%83%91%E3%82%A4%E3%83%97%E3%82%AB%E3%83%B3%E3%83%81%E3%83%AC%E3%83%90%E3%83%BC-%E3%83%AC%E3%82%B3%E3%83%BC%E3%83%89%E3%83%97%E3%83%AC%E3%83%BC%E3%83%A4%E3%83%BC/dp/B0F6YWHSBC/ref=sr_1_71?crid=2E5D17O346HHX&dib=eyJ2IjoiMSJ9.4UM2ZRXej86fqSeNyF69_07ep34TNm2SLXtD97FwMsH_ES1nXFEfn5clqz0IcN6KTh_D4XjI67OQYG-73vKqIZoZZYxQ5LIqSYitgL8VsYhhKc0lngZAg2lPMGf123ByOi9pL4ykStViRQwl0s2eTmzzUXz6YDbP7-Mrdktlg3t510UDVtJqrdL10ufrqHRs5rEmxFL6h78buH-OpOD9Ser4COfqE6AH-iPvPh3A-IwdH0ADbidx18LKcSDfjJXGkKRebYUfEFT9QSlWhQhz7BveF7eFaQ53YW4gXQXIvHg.NpuwY6j532PfUdw7kQtljIeySk49q4f0Qc__p9a27d4&dib_tag=se&keywords=%E3%82%AA%E3%83%AB%E3%83%88%E3%83%95%E3%82%A9%E3%83%B3+%E4%BA%A4%E6%8F%9B%E9%87%9D&qid=1784275270&refinements=p_85%3A8070706051%2Cp_n_condition-type%3A2249602051&rnid=2249601051&rps=1&sprefix=%E3%82%AA%E3%83%AB%E3%83%88%E3%83%95%E3%82%A9%E3%83%B3+%2Caps%2C329&sr=8-71&ufe=app_do%3Aamzn1.fos.35785624-70c4-44ae-a5c3-3f044f475d63&xpid=ow3nQIrXEF8aF","","￥17,600","￥","17,600","",""
"https://www.amazon.co.jp/%E3%82%AA%E3%83%AB%E3%83%88%E3%83%95%E3%82%A9%E3%83%B3-LW6N-%E3%82%B7%E3%82%A7%E3%83%AB%E3%83%AA%E3%83%BC%E3%83%89%E7%B7%9A-4%E6%9C%AC%E5%85%A5%E3%82%8Aortofon-LW-6N/dp/B003NNZDE4/ref=sr_1_72?crid=2E5D17O346HHX&dib=eyJ2IjoiMSJ9.4UM2ZRXej86fqSeNyF69_07ep34TNm2SLXtD97FwMsH_ES1nXFEfn5clqz0IcN6KTh_D4XjI67OQYG-73vKqIZoZZYxQ5LIqSYitgL8VsYhhKc0lngZAg2lPMGf123ByOi9pL4ykStViRQwl0s2eTmzzUXz6YDbP7-Mrdktlg3t510UDVtJqrdL10ufrqHRs5rEmxFL6h78buH-OpOD9Ser4COfqE6AH-iPvPh3A-IwdH0ADbidx18LKcSDfjJXGkKRebYUfEFT9QSlWhQhz7BveF7eFaQ53YW4gXQXIvHg.NpuwY6j532PfUdw7kQtljIeySk49q4f0Qc__p9a27d4&dib_tag=se&keywords=%E3%82%AA%E3%83%AB%E3%83%88%E3%83%95%E3%82%A9%E3%83%B3+%E4%BA%A4%E6%8F%9B%E9%87%9D&qid=1784275270&refinements=p_85%3A8070706051%2Cp_n_condition-type%3A2249602051&rnid=2249601051&rps=1&sprefix=%E3%82%AA%E3%83%AB%E3%83%88%E3%83%95%E3%82%A9%E3%83%B3+%2Caps%2C329&sr=8-72&xpid=ow3nQIrXEF8aF","https://m.media-amazon.com/images/I/513d4Ta4R+L._AC_UL320_.jpg","https://www.amazon.co.jp/%E3%82%AA%E3%83%AB%E3%83%88%E3%83%95%E3%82%A9%E3%83%B3-LW6N-%E3%82%B7%E3%82%A7%E3%83%AB%E3%83%AA%E3%83%BC%E3%83%89%E7%B7%9A-4%E6%9C%AC%E5%85%A5%E3%82%8Aortofon-LW-6N/dp/B003NNZDE4/ref=sr_1_72?crid=2E5D17O346HHX&dib=eyJ2IjoiMSJ9.4UM2ZRXej86fqSeNyF69_07ep34TNm2SLXtD97FwMsH_ES1nXFEfn5clqz0IcN6KTh_D4XjI67OQYG-73vKqIZoZZYxQ5LIqSYitgL8VsYhhKc0lngZAg2lPMGf123ByOi9pL4ykStViRQwl0s2eTmzzUXz6YDbP7-Mrdktlg3t510UDVtJqrdL10ufrqHRs5rEmxFL6h78buH-OpOD9Ser4COfqE6AH-iPvPh3A-IwdH0ADbidx18LKcSDfjJXGkKRebYUfEFT9QSlWhQhz7BveF7eFaQ53YW4gXQXIvHg.NpuwY6j532PfUdw7kQtljIeySk49q4f0Qc__p9a27d4&dib_tag=se&keywords=%E3%82%AA%E3%83%AB%E3%83%88%E3%83%95%E3%82%A9%E3%83%B3+%E4%BA%A4%E6%8F%9B%E9%87%9D&qid=1784275270&refinements=p_85%3A8070706051%2Cp_n_condition-type%3A2249602051&rnid=2249601051&rps=1&sprefix=%E3%82%AA%E3%83%AB%E3%83%88%E3%83%95%E3%82%A9%E3%83%B3+%2Caps%2C329&sr=8-72&xpid=ow3nQIrXEF8aF","ortofon LW-6N オルトフォン リード線 リードワイヤー ハイブリッド高純度無酸素銅線 金メッキ端子 【国内正規品】","javascript:void(0)","5つ星のうち4.0","https://www.amazon.co.jp/%E3%82%AA%E3%83%AB%E3%83%88%E3%83%95%E3%82%A9%E3%83%B3-LW6N-%E3%82%B7%E3%82%A7%E3%83%AB%E3%83%AA%E3%83%BC%E3%83%89%E7%B7%9A-4%E6%9C%AC%E5%85%A5%E3%82%8Aortofon-LW-6N/dp/B003NNZDE4/ref=sr_1_72?crid=2E5D17O346HHX&dib=eyJ2IjoiMSJ9.4UM2ZRXej86fqSeNyF69_07ep34TNm2SLXtD97FwMsH_ES1nXFEfn5clqz0IcN6KTh_D4XjI67OQYG-73vKqIZoZZYxQ5LIqSYitgL8VsYhhKc0lngZAg2lPMGf123ByOi9pL4ykStViRQwl0s2eTmzzUXz6YDbP7-Mrdktlg3t510UDVtJqrdL10ufrqHRs5rEmxFL6h78buH-OpOD9Ser4COfqE6AH-iPvPh3A-IwdH0ADbidx18LKcSDfjJXGkKRebYUfEFT9QSlWhQhz7BveF7eFaQ53YW4gXQXIvHg.NpuwY6j532PfUdw7kQtljIeySk49q4f0Qc__p9a27d4&dib_tag=se&keywords=%E3%82%AA%E3%83%AB%E3%83%88%E3%83%95%E3%82%A9%E3%83%B3+%E4%BA%A4%E6%8F%9B%E9%87%9D&qid=1784275270&refinements=p_85%3A8070706051%2Cp_n_condition-type%3A2249602051&rnid=2249601051&rps=1&sprefix=%E3%82%AA%E3%83%AB%E3%83%88%E3%83%95%E3%82%A9%E3%83%B3+%2Caps%2C329&sr=8-72&xpid=ow3nQIrXEF8aF#customerReviews","「おすすめ出品」の要件を満たす出品はありません","https://www.amazon.co.jp/gp/offer-listing/B003NNZDE4/ref=sr_1_72_olp?rnid=2249601051&keywords=%E3%82%AA%E3%83%AB%E3%83%88%E3%83%95%E3%82%A9%E3%83%B3+%E4%BA%A4%E6%8F%9B%E9%87%9D&crid=2E5D17O346HHX&sprefix=%E3%82%AA%E3%83%AB%E3%83%88%E3%83%95%E3%82%A9%E3%83%B3+%2Caps%2C329&rps=1&dib_tag=se&xpid=ow3nQIrXEF8aF&dib=eyJ2IjoiMSJ9.4UM2ZRXej86fqSeNyF69_07ep34TNm2SLXtD97FwMsH_ES1nXFEfn5clqz0IcN6KTh_D4XjI67OQYG-73vKqIZoZZYxQ5LIqSYitgL8VsYhhKc0lngZAg2lPMGf123ByOi9pL4ykStViRQwl0s2eTmzzUXz6YDbP7-Mrdktlg3t510UDVtJqrdL10ufrqHRs5rEmxFL6h78buH-OpOD9Ser4COfqE6AH-iPvPh3A-IwdH0ADbidx18LKcSDfjJXGkKRebYUfEFT9QSlWhQhz7BveF7eFaQ53YW4gXQXIvHg.NpuwY6j532PfUdw7kQtljIeySk49q4f0Qc__p9a27d4&qid=1784275270&refinements=p_85%3A8070706051%2Cp_n_condition-type%3A2249602051&sr=8-72","","","","","￥3,960","https://www.amazon.co.jp/%E3%82%AA%E3%83%AB%E3%83%88%E3%83%95%E3%82%A9%E3%83%B3-LW6N-%E3%82%B7%E3%82%A7%E3%83%AB%E3%83%AA%E3%83%BC%E3%83%89%E7%B7%9A-4%E6%9C%AC%E5%85%A5%E3%82%8Aortofon-LW-6N/dp/B003NNZDE4/ref=sr_1_72_so_ELECTRONIC_CABLE?crid=2E5D17O346HHX&dib=eyJ2IjoiMSJ9.4UM2ZRXej86fqSeNyF69_07ep34TNm2SLXtD97FwMsH_ES1nXFEfn5clqz0IcN6KTh_D4XjI67OQYG-73vKqIZoZZYxQ5LIqSYitgL8VsYhhKc0lngZAg2lPMGf123ByOi9pL4ykStViRQwl0s2eTmzzUXz6YDbP7-Mrdktlg3t510UDVtJqrdL10ufrqHRs5rEmxFL6h78buH-OpOD9Ser4COfqE6AH-iPvPh3A-IwdH0ADbidx18LKcSDfjJXGkKRebYUfEFT9QSlWhQhz7BveF7eFaQ53YW4gXQXIvHg.NpuwY6j532PfUdw7kQtljIeySk49q4f0Qc__p9a27d4&dib_tag=se&keywords=%E3%82%AA%E3%83%AB%E3%83%88%E3%83%95%E3%82%A9%E3%83%B3+%E4%BA%A4%E6%8F%9B%E9%87%9D&qid=1784275270&refinements=p_85%3A8070706051%2Cp_n_condition-type%3A2249602051&rnid=2249601051&rps=1&sprefix=%E3%82%AA%E3%83%AB%E3%83%88%E3%83%95%E3%82%A9%E3%83%B3+%2Caps%2C329&sr=8-72&xpid=ow3nQIrXEF8aF"
"https://www.amazon.co.jp/%E3%82%AA%E3%83%AB%E3%83%88%E3%83%95%E3%82%A9%E3%83%B3-DJ%E5%90%91%E3%81%91MM%E3%82%AB%E3%83%BC%E3%83%88%E3%83%AA%E3%83%83%E3%82%B8-%E3%82%B3%E3%83%B3%E3%82%B3%E3%83%AB%E3%83%89%E3%83%BB%E3%82%AF%E3%83%A9%E3%83%96-ortofon-Concorde/dp/B0799NYT1Y/ref=sr_1_73?crid=2E5D17O346HHX&dib=eyJ2IjoiMSJ9.4UM2ZRXej86fqSeNyF69_07ep34TNm2SLXtD97FwMsH_ES1nXFEfn5clqz0IcN6KTh_D4XjI67OQYG-73vKqIZoZZYxQ5LIqSYitgL8VsYhhKc0lngZAg2lPMGf123ByOi9pL4ykStViRQwl0s2eTmzzUXz6YDbP7-Mrdktlg3t510UDVtJqrdL10ufrqHRs5rEmxFL6h78buH-OpOD9Ser4COfqE6AH-iPvPh3A-IwdH0ADbidx18LKcSDfjJXGkKRebYUfEFT9QSlWhQhz7BveF7eFaQ53YW4gXQXIvHg.NpuwY6j532PfUdw7kQtljIeySk49q4f0Qc__p9a27d4&dib_tag=se&keywords=%E3%82%AA%E3%83%AB%E3%83%88%E3%83%95%E3%82%A9%E3%83%B3+%E4%BA%A4%E6%8F%9B%E9%87%9D&qid=1784275270&refinements=p_85%3A8070706051%2Cp_n_condition-type%3A2249602051&rnid=2249601051&rps=1&sprefix=%E3%82%AA%E3%83%AB%E3%83%88%E3%83%95%E3%82%A9%E3%83%B3+%2Caps%2C329&sr=8-73&xpid=ow3nQIrXEF8aF","https://m.media-amazon.com/images/I/61ific06lnL._AC_UL320_.jpg","https://www.amazon.co.jp/%E3%82%AA%E3%83%AB%E3%83%88%E3%83%95%E3%82%A9%E3%83%B3-DJ%E5%90%91%E3%81%91MM%E3%82%AB%E3%83%BC%E3%83%88%E3%83%AA%E3%83%83%E3%82%B8-%E3%82%B3%E3%83%B3%E3%82%B3%E3%83%AB%E3%83%89%E3%83%BB%E3%82%AF%E3%83%A9%E3%83%96-ortofon-Concorde/dp/B0799NYT1Y/ref=sr_1_73?crid=2E5D17O346HHX&dib=eyJ2IjoiMSJ9.4UM2ZRXej86fqSeNyF69_07ep34TNm2SLXtD97FwMsH_ES1nXFEfn5clqz0IcN6KTh_D4XjI67OQYG-73vKqIZoZZYxQ5LIqSYitgL8VsYhhKc0lngZAg2lPMGf123ByOi9pL4ykStViRQwl0s2eTmzzUXz6YDbP7-Mrdktlg3t510UDVtJqrdL10ufrqHRs5rEmxFL6h78buH-OpOD9Ser4COfqE6AH-iPvPh3A-IwdH0ADbidx18LKcSDfjJXGkKRebYUfEFT9QSlWhQhz7BveF7eFaQ53YW4gXQXIvHg.NpuwY6j532PfUdw7kQtljIeySk49q4f0Qc__p9a27d4&dib_tag=se&keywords=%E3%82%AA%E3%83%AB%E3%83%88%E3%83%95%E3%82%A9%E3%83%B3+%E4%BA%A4%E6%8F%9B%E9%87%9D&qid=1784275270&refinements=p_85%3A8070706051%2Cp_n_condition-type%3A2249602051&rnid=2249601051&rps=1&sprefix=%E3%82%AA%E3%83%AB%E3%83%88%E3%83%95%E3%82%A9%E3%83%B3+%2Caps%2C329&sr=8-73&xpid=ow3nQIrXEF8aF","ortofon Concorde MKII Twin Club オルトフォン DJカートリッジ ヘッドシェル一体型 2本セット 特殊楕円針 フライトケース付き DJプレイ/リスニング兼用","javascript:void(0)","5つ星のうち4.5","https://www.amazon.co.jp/%E3%82%AA%E3%83%AB%E3%83%88%E3%83%95%E3%82%A9%E3%83%B3-DJ%E5%90%91%E3%81%91MM%E3%82%AB%E3%83%BC%E3%83%88%E3%83%AA%E3%83%83%E3%82%B8-%E3%82%B3%E3%83%B3%E3%82%B3%E3%83%AB%E3%83%89%E3%83%BB%E3%82%AF%E3%83%A9%E3%83%96-ortofon-Concorde/dp/B0799NYT1Y/ref=sr_1_73?crid=2E5D17O346HHX&dib=eyJ2IjoiMSJ9.4UM2ZRXej86fqSeNyF69_07ep34TNm2SLXtD97FwMsH_ES1nXFEfn5clqz0IcN6KTh_D4XjI67OQYG-73vKqIZoZZYxQ5LIqSYitgL8VsYhhKc0lngZAg2lPMGf123ByOi9pL4ykStViRQwl0s2eTmzzUXz6YDbP7-Mrdktlg3t510UDVtJqrdL10ufrqHRs5rEmxFL6h78buH-OpOD9Ser4COfqE6AH-iPvPh3A-IwdH0ADbidx18LKcSDfjJXGkKRebYUfEFT9QSlWhQhz7BveF7eFaQ53YW4gXQXIvHg.NpuwY6j532PfUdw7kQtljIeySk49q4f0Qc__p9a27d4&dib_tag=se&keywords=%E3%82%AA%E3%83%AB%E3%83%88%E3%83%95%E3%82%A9%E3%83%B3+%E4%BA%A4%E6%8F%9B%E9%87%9D&qid=1784275270&refinements=p_85%3A8070706051%2Cp_n_condition-type%3A2249602051&rnid=2249601051&rps=1&sprefix=%E3%82%AA%E3%83%AB%E3%83%88%E3%83%95%E3%82%A9%E3%83%B3+%2Caps%2C329&sr=8-73&xpid=ow3nQIrXEF8aF#customerReviews","「おすすめ出品」の要件を満たす出品はありません","https://www.amazon.co.jp/gp/offer-listing/B0799NYT1Y/ref=sr_1_73_olp?rnid=2249601051&keywords=%E3%82%AA%E3%83%AB%E3%83%88%E3%83%95%E3%82%A9%E3%83%B3+%E4%BA%A4%E6%8F%9B%E9%87%9D&crid=2E5D17O346HHX&sprefix=%E3%82%AA%E3%83%AB%E3%83%88%E3%83%95%E3%82%A9%E3%83%B3+%2Caps%2C329&rps=1&dib_tag=se&xpid=ow3nQIrXEF8aF&dib=eyJ2IjoiMSJ9.4UM2ZRXej86fqSeNyF69_07ep34TNm2SLXtD97FwMsH_ES1nXFEfn5clqz0IcN6KTh_D4XjI67OQYG-73vKqIZoZZYxQ5LIqSYitgL8VsYhhKc0lngZAg2lPMGf123ByOi9pL4ykStViRQwl0s2eTmzzUXz6YDbP7-Mrdktlg3t510UDVtJqrdL10ufrqHRs5rEmxFL6h78buH-OpOD9Ser4COfqE6AH-iPvPh3A-IwdH0ADbidx18LKcSDfjJXGkKRebYUfEFT9QSlWhQhz7BveF7eFaQ53YW4gXQXIvHg.NpuwY6j532PfUdw7kQtljIeySk49q4f0Qc__p9a27d4&qid=1784275270&refinements=p_85%3A8070706051%2Cp_n_condition-type%3A2249602051&sr=8-73","","","","","￥62,000","https://www.amazon.co.jp/%E3%82%AA%E3%83%AB%E3%83%88%E3%83%95%E3%82%A9%E3%83%B3-DJ%E5%90%91%E3%81%91MM%E3%82%AB%E3%83%BC%E3%83%88%E3%83%AA%E3%83%83%E3%82%B8-%E3%82%B3%E3%83%B3%E3%82%B3%E3%83%AB%E3%83%89%E3%83%BB%E3%82%AF%E3%83%A9%E3%83%96-ortofon-Concorde/dp/B0799NYT1Y/ref=sr_1_73_so_TURNTABLE?crid=2E5D17O346HHX&dib=eyJ2IjoiMSJ9.4UM2ZRXej86fqSeNyF69_07ep34TNm2SLXtD97FwMsH_ES1nXFEfn5clqz0IcN6KTh_D4XjI67OQYG-73vKqIZoZZYxQ5LIqSYitgL8VsYhhKc0lngZAg2lPMGf123ByOi9pL4ykStViRQwl0s2eTmzzUXz6YDbP7-Mrdktlg3t510UDVtJqrdL10ufrqHRs5rEmxFL6h78buH-OpOD9Ser4COfqE6AH-iPvPh3A-IwdH0ADbidx18LKcSDfjJXGkKRebYUfEFT9QSlWhQhz7BveF7eFaQ53YW4gXQXIvHg.NpuwY6j532PfUdw7kQtljIeySk49q4f0Qc__p9a27d4&dib_tag=se&keywords=%E3%82%AA%E3%83%AB%E3%83%88%E3%83%95%E3%82%A9%E3%83%B3+%E4%BA%A4%E6%8F%9B%E9%87%9D&qid=1784275270&refinements=p_85%3A8070706051%2Cp_n_condition-type%3A2249602051&rnid=2249601051&rps=1&sprefix=%E3%82%AA%E3%83%AB%E3%83%88%E3%83%95%E3%82%A9%E3%83%B3+%2Caps%2C329&sr=8-73&xpid=ow3nQIrXEF8aF"
"https://www.amazon.co.jp/ortofon-eartip%EF%BC%8810%E5%80%8B%E5%85%A5%E3%82%8A%EF%BC%89%E3%82%AA%E3%83%AB%E3%83%88%E3%83%95%E3%82%A9%E3%83%B3-%E3%82%A4%E3%83%A4%E3%83%BC%E3%83%81%E3%83%83%E3%83%97-%E3%82%A4%E3%83%A4%E3%83%BC%E3%83%94%E3%83%BC%E3%82%B9-%E3%82%B7%E3%83%AA%E3%82%B3%E3%83%B3/dp/B0DJNNBPL8/ref=sr_1_74?crid=2E5D17O346HHX&dib=eyJ2IjoiMSJ9.4UM2ZRXej86fqSeNyF69_07ep34TNm2SLXtD97FwMsH_ES1nXFEfn5clqz0IcN6KTh_D4XjI67OQYG-73vKqIZoZZYxQ5LIqSYitgL8VsYhhKc0lngZAg2lPMGf123ByOi9pL4ykStViRQwl0s2eTmzzUXz6YDbP7-Mrdktlg3t510UDVtJqrdL10ufrqHRs5rEmxFL6h78buH-OpOD9Ser4COfqE6AH-iPvPh3A-IwdH0ADbidx18LKcSDfjJXGkKRebYUfEFT9QSlWhQhz7BveF7eFaQ53YW4gXQXIvHg.NpuwY6j532PfUdw7kQtljIeySk49q4f0Qc__p9a27d4&dib_tag=se&keywords=%E3%82%AA%E3%83%AB%E3%83%88%E3%83%95%E3%82%A9%E3%83%B3+%E4%BA%A4%E6%8F%9B%E9%87%9D&qid=1784275270&refinements=p_85%3A8070706051%2Cp_n_condition-type%3A2249602051&rnid=2249601051&rps=1&sprefix=%E3%82%AA%E3%83%AB%E3%83%88%E3%83%95%E3%82%A9%E3%83%B3+%2Caps%2C329&sr=8-74&xpid=ow3nQIrXEF8aF","https://m.media-amazon.com/images/I/71Y8XzxLwTL._AC_UL320_.jpg","https://www.amazon.co.jp/ortofon-eartip%EF%BC%8810%E5%80%8B%E5%85%A5%E3%82%8A%EF%BC%89%E3%82%AA%E3%83%AB%E3%83%88%E3%83%95%E3%82%A9%E3%83%B3-%E3%82%A4%E3%83%A4%E3%83%BC%E3%83%81%E3%83%83%E3%83%97-%E3%82%A4%E3%83%A4%E3%83%BC%E3%83%94%E3%83%BC%E3%82%B9-%E3%82%B7%E3%83%AA%E3%82%B3%E3%83%B3/dp/B0DJNNBPL8/ref=sr_1_74?crid=2E5D17O346HHX&dib=eyJ2IjoiMSJ9.4UM2ZRXej86fqSeNyF69_07ep34TNm2SLXtD97FwMsH_ES1nXFEfn5clqz0IcN6KTh_D4XjI67OQYG-73vKqIZoZZYxQ5LIqSYitgL8VsYhhKc0lngZAg2lPMGf123ByOi9pL4ykStViRQwl0s2eTmzzUXz6YDbP7-Mrdktlg3t510UDVtJqrdL10ufrqHRs5rEmxFL6h78buH-OpOD9Ser4COfqE6AH-iPvPh3A-IwdH0ADbidx18LKcSDfjJXGkKRebYUfEFT9QSlWhQhz7BveF7eFaQ53YW4gXQXIvHg.NpuwY6j532PfUdw7kQtljIeySk49q4f0Qc__p9a27d4&dib_tag=se&keywords=%E3%82%AA%E3%83%AB%E3%83%88%E3%83%95%E3%82%A9%E3%83%B3+%E4%BA%A4%E6%8F%9B%E9%87%9D&qid=1784275270&refinements=p_85%3A8070706051%2Cp_n_condition-type%3A2249602051&rnid=2249601051&rps=1&sprefix=%E3%82%AA%E3%83%AB%E3%83%88%E3%83%95%E3%82%A9%E3%83%B3+%2Caps%2C329&sr=8-74&xpid=ow3nQIrXEF8aF","ortofon eartip（10個入り）オルトフォン イヤーチップ イヤーピース シリコン (L)","","","https://www.amazon.co.jp/gp/offer-listing/B0DJNNBPL8/ref=sr_1_74_olp?rnid=2249601051&keywords=%E3%82%AA%E3%83%AB%E3%83%88%E3%83%95%E3%82%A9%E3%83%B3+%E4%BA%A4%E6%8F%9B%E9%87%9D&crid=2E5D17O346HHX&sprefix=%E3%82%AA%E3%83%AB%E3%83%88%E3%83%95%E3%82%A9%E3%83%B3+%2Caps%2C329&rps=1&dib_tag=se&xpid=ow3nQIrXEF8aF&dib=eyJ2IjoiMSJ9.4UM2ZRXej86fqSeNyF69_07ep34TNm2SLXtD97FwMsH_ES1nXFEfn5clqz0IcN6KTh_D4XjI67OQYG-73vKqIZoZZYxQ5LIqSYitgL8VsYhhKc0lngZAg2lPMGf123ByOi9pL4ykStViRQwl0s2eTmzzUXz6YDbP7-Mrdktlg3t510UDVtJqrdL10ufrqHRs5rEmxFL6h78buH-OpOD9Ser4COfqE6AH-iPvPh3A-IwdH0ADbidx18LKcSDfjJXGkKRebYUfEFT9QSlWhQhz7BveF7eFaQ53YW4gXQXIvHg.NpuwY6j532PfUdw7kQtljIeySk49q4f0Qc__p9a27d4&qid=1784275270&refinements=p_85%3A8070706051%2Cp_n_condition-type%3A2249602051&sr=8-74","「おすすめ出品」の要件を満たす出品はありません","","","","","","￥2,420","https://www.amazon.co.jp/ortofon-eartip%EF%BC%8810%E5%80%8B%E5%85%A5%E3%82%8A%EF%BC%89%E3%82%AA%E3%83%AB%E3%83%88%E3%83%95%E3%82%A9%E3%83%B3-%E3%82%A4%E3%83%A4%E3%83%BC%E3%83%81%E3%83%83%E3%83%97-%E3%82%A4%E3%83%A4%E3%83%BC%E3%83%94%E3%83%BC%E3%82%B9-%E3%82%B7%E3%83%AA%E3%82%B3%E3%83%B3/dp/B0DJNNBPL8/ref=sr_1_74_so_CONSUMER_ELECTRONICS?crid=2E5D17O346HHX&dib=eyJ2IjoiMSJ9.4UM2ZRXej86fqSeNyF69_07ep34TNm2SLXtD97FwMsH_ES1nXFEfn5clqz0IcN6KTh_D4XjI67OQYG-73vKqIZoZZYxQ5LIqSYitgL8VsYhhKc0lngZAg2lPMGf123ByOi9pL4ykStViRQwl0s2eTmzzUXz6YDbP7-Mrdktlg3t510UDVtJqrdL10ufrqHRs5rEmxFL6h78buH-OpOD9Ser4COfqE6AH-iPvPh3A-IwdH0ADbidx18LKcSDfjJXGkKRebYUfEFT9QSlWhQhz7BveF7eFaQ53YW4gXQXIvHg.NpuwY6j532PfUdw7kQtljIeySk49q4f0Qc__p9a27d4&dib_tag=se&keywords=%E3%82%AA%E3%83%AB%E3%83%88%E3%83%95%E3%82%A9%E3%83%B3+%E4%BA%A4%E6%8F%9B%E9%87%9D&qid=1784275270&refinements=p_85%3A8070706051%2Cp_n_condition-type%3A2249602051&rnid=2249601051&rps=1&sprefix=%E3%82%AA%E3%83%AB%E3%83%88%E3%83%95%E3%82%A9%E3%83%B3+%2Caps%2C329&sr=8-74&xpid=ow3nQIrXEF8aF"
"https://www.amazon.co.jp/ortofon-LW-800S-%E3%83%AA%E3%83%BC%E3%83%89%E3%83%AF%E3%82%A4%E3%83%A4%E3%83%BC-%E3%83%8F%E3%82%A4%E3%83%96%E3%83%AA%E3%83%83%E3%83%89%E9%AB%98%E7%B4%94%E5%BA%A6%E9%8A%80%E7%B7%9A-%E3%83%AD%E3%82%B8%E3%82%A6%E3%83%A0%E3%83%A1%E3%83%83%E3%82%AD%E7%AB%AF%E5%AD%90/dp/B003NO39JY/ref=sr_1_75?crid=2E5D17O346HHX&dib=eyJ2IjoiMSJ9.4UM2ZRXej86fqSeNyF69_07ep34TNm2SLXtD97FwMsH_ES1nXFEfn5clqz0IcN6KTh_D4XjI67OQYG-73vKqIZoZZYxQ5LIqSYitgL8VsYhhKc0lngZAg2lPMGf123ByOi9pL4ykStViRQwl0s2eTmzzUXz6YDbP7-Mrdktlg3t510UDVtJqrdL10ufrqHRs5rEmxFL6h78buH-OpOD9Ser4COfqE6AH-iPvPh3A-IwdH0ADbidx18LKcSDfjJXGkKRebYUfEFT9QSlWhQhz7BveF7eFaQ53YW4gXQXIvHg.NpuwY6j532PfUdw7kQtljIeySk49q4f0Qc__p9a27d4&dib_tag=se&keywords=%E3%82%AA%E3%83%AB%E3%83%88%E3%83%95%E3%82%A9%E3%83%B3+%E4%BA%A4%E6%8F%9B%E9%87%9D&qid=1784275270&refinements=p_85%3A8070706051%2Cp_n_condition-type%3A2249602051&rnid=2249601051&rps=1&sprefix=%E3%82%AA%E3%83%AB%E3%83%88%E3%83%95%E3%82%A9%E3%83%B3+%2Caps%2C329&sr=8-75&xpid=ow3nQIrXEF8aF","https://m.media-amazon.com/images/I/51FFa2jLgZL._AC_UL320_.jpg","https://www.amazon.co.jp/ortofon-LW-800S-%E3%83%AA%E3%83%BC%E3%83%89%E3%83%AF%E3%82%A4%E3%83%A4%E3%83%BC-%E3%83%8F%E3%82%A4%E3%83%96%E3%83%AA%E3%83%83%E3%83%89%E9%AB%98%E7%B4%94%E5%BA%A6%E9%8A%80%E7%B7%9A-%E3%83%AD%E3%82%B8%E3%82%A6%E3%83%A0%E3%83%A1%E3%83%83%E3%82%AD%E7%AB%AF%E5%AD%90/dp/B003NO39JY/ref=sr_1_75?crid=2E5D17O346HHX&dib=eyJ2IjoiMSJ9.4UM2ZRXej86fqSeNyF69_07ep34TNm2SLXtD97FwMsH_ES1nXFEfn5clqz0IcN6KTh_D4XjI67OQYG-73vKqIZoZZYxQ5LIqSYitgL8VsYhhKc0lngZAg2lPMGf123ByOi9pL4ykStViRQwl0s2eTmzzUXz6YDbP7-Mrdktlg3t510UDVtJqrdL10ufrqHRs5rEmxFL6h78buH-OpOD9Ser4COfqE6AH-iPvPh3A-IwdH0ADbidx18LKcSDfjJXGkKRebYUfEFT9QSlWhQhz7BveF7eFaQ53YW4gXQXIvHg.NpuwY6j532PfUdw7kQtljIeySk49q4f0Qc__p9a27d4&dib_tag=se&keywords=%E3%82%AA%E3%83%AB%E3%83%88%E3%83%95%E3%82%A9%E3%83%B3+%E4%BA%A4%E6%8F%9B%E9%87%9D&qid=1784275270&refinements=p_85%3A8070706051%2Cp_n_condition-type%3A2249602051&rnid=2249601051&rps=1&sprefix=%E3%82%AA%E3%83%AB%E3%83%88%E3%83%95%E3%82%A9%E3%83%B3+%2Caps%2C329&sr=8-75&xpid=ow3nQIrXEF8aF","ortofon LW-800S オルトフォン リード線 リードワイヤー ハイブリッド高純度銀線 ロジウムメッキ端子 【国内正規品】","javascript:void(0)","5つ星のうち3.9","https://www.amazon.co.jp/ortofon-LW-800S-%E3%83%AA%E3%83%BC%E3%83%89%E3%83%AF%E3%82%A4%E3%83%A4%E3%83%BC-%E3%83%8F%E3%82%A4%E3%83%96%E3%83%AA%E3%83%83%E3%83%89%E9%AB%98%E7%B4%94%E5%BA%A6%E9%8A%80%E7%B7%9A-%E3%83%AD%E3%82%B8%E3%82%A6%E3%83%A0%E3%83%A1%E3%83%83%E3%82%AD%E7%AB%AF%E5%AD%90/dp/B003NO39JY/ref=sr_1_75?crid=2E5D17O346HHX&dib=eyJ2IjoiMSJ9.4UM2ZRXej86fqSeNyF69_07ep34TNm2SLXtD97FwMsH_ES1nXFEfn5clqz0IcN6KTh_D4XjI67OQYG-73vKqIZoZZYxQ5LIqSYitgL8VsYhhKc0lngZAg2lPMGf123ByOi9pL4ykStViRQwl0s2eTmzzUXz6YDbP7-Mrdktlg3t510UDVtJqrdL10ufrqHRs5rEmxFL6h78buH-OpOD9Ser4COfqE6AH-iPvPh3A-IwdH0ADbidx18LKcSDfjJXGkKRebYUfEFT9QSlWhQhz7BveF7eFaQ53YW4gXQXIvHg.NpuwY6j532PfUdw7kQtljIeySk49q4f0Qc__p9a27d4&dib_tag=se&keywords=%E3%82%AA%E3%83%AB%E3%83%88%E3%83%95%E3%82%A9%E3%83%B3+%E4%BA%A4%E6%8F%9B%E9%87%9D&qid=1784275270&refinements=p_85%3A8070706051%2Cp_n_condition-type%3A2249602051&rnid=2249601051&rps=1&sprefix=%E3%82%AA%E3%83%AB%E3%83%88%E3%83%95%E3%82%A9%E3%83%B3+%2Caps%2C329&sr=8-75&xpid=ow3nQIrXEF8aF#customerReviews","「おすすめ出品」の要件を満たす出品はありません","https://www.amazon.co.jp/gp/offer-listing/B003NO39JY/ref=sr_1_75_olp?rnid=2249601051&keywords=%E3%82%AA%E3%83%AB%E3%83%88%E3%83%95%E3%82%A9%E3%83%B3+%E4%BA%A4%E6%8F%9B%E9%87%9D&crid=2E5D17O346HHX&sprefix=%E3%82%AA%E3%83%AB%E3%83%88%E3%83%95%E3%82%A9%E3%83%B3+%2Caps%2C329&rps=1&dib_tag=se&xpid=ow3nQIrXEF8aF&dib=eyJ2IjoiMSJ9.4UM2ZRXej86fqSeNyF69_07ep34TNm2SLXtD97FwMsH_ES1nXFEfn5clqz0IcN6KTh_D4XjI67OQYG-73vKqIZoZZYxQ5LIqSYitgL8VsYhhKc0lngZAg2lPMGf123ByOi9pL4ykStViRQwl0s2eTmzzUXz6YDbP7-Mrdktlg3t510UDVtJqrdL10ufrqHRs5rEmxFL6h78buH-OpOD9Ser4COfqE6AH-iPvPh3A-IwdH0ADbidx18LKcSDfjJXGkKRebYUfEFT9QSlWhQhz7BveF7eFaQ53YW4gXQXIvHg.NpuwY6j532PfUdw7kQtljIeySk49q4f0Qc__p9a27d4&qid=1784275270&refinements=p_85%3A8070706051%2Cp_n_condition-type%3A2249602051&sr=8-75","","","","","￥9,020","https://www.amazon.co.jp/ortofon-LW-800S-%E3%83%AA%E3%83%BC%E3%83%89%E3%83%AF%E3%82%A4%E3%83%A4%E3%83%BC-%E3%83%8F%E3%82%A4%E3%83%96%E3%83%AA%E3%83%83%E3%83%89%E9%AB%98%E7%B4%94%E5%BA%A6%E9%8A%80%E7%B7%9A-%E3%83%AD%E3%82%B8%E3%82%A6%E3%83%A0%E3%83%A1%E3%83%83%E3%82%AD%E7%AB%AF%E5%AD%90/dp/B003NO39JY/ref=sr_1_75_so_ELECTRONIC_CABLE?crid=2E5D17O346HHX&dib=eyJ2IjoiMSJ9.4UM2ZRXej86fqSeNyF69_07ep34TNm2SLXtD97FwMsH_ES1nXFEfn5clqz0IcN6KTh_D4XjI67OQYG-73vKqIZoZZYxQ5LIqSYitgL8VsYhhKc0lngZAg2lPMGf123ByOi9pL4ykStViRQwl0s2eTmzzUXz6YDbP7-Mrdktlg3t510UDVtJqrdL10ufrqHRs5rEmxFL6h78buH-OpOD9Ser4COfqE6AH-iPvPh3A-IwdH0ADbidx18LKcSDfjJXGkKRebYUfEFT9QSlWhQhz7BveF7eFaQ53YW4gXQXIvHg.NpuwY6j532PfUdw7kQtljIeySk49q4f0Qc__p9a27d4&dib_tag=se&keywords=%E3%82%AA%E3%83%AB%E3%83%88%E3%83%95%E3%82%A9%E3%83%B3+%E4%BA%A4%E6%8F%9B%E9%87%9D&qid=1784275270&refinements=p_85%3A8070706051%2Cp_n_condition-type%3A2249602051&rnid=2249601051&rps=1&sprefix=%E3%82%AA%E3%83%AB%E3%83%88%E3%83%95%E3%82%A9%E3%83%B3+%2Caps%2C329&sr=8-75&xpid=ow3nQIrXEF8aF"
"https://www.amazon.co.jp/ortofon-SH-2-BLACK-%E3%82%AA%E3%83%AB%E3%83%88%E3%83%95%E3%82%A9%E3%83%B3-%E7%89%B9%E6%AE%8A%E3%83%95%E3%82%A1%E3%82%A4%E3%83%90%E3%83%BC%E9%85%8D%E5%90%88%E6%A8%B9%E8%84%82%E8%A3%BD/dp/B0FTZ57H2K/ref=sr_1_76?crid=2E5D17O346HHX&dib=eyJ2IjoiMSJ9.4UM2ZRXej86fqSeNyF69_07ep34TNm2SLXtD97FwMsH_ES1nXFEfn5clqz0IcN6KTh_D4XjI67OQYG-73vKqIZoZZYxQ5LIqSYitgL8VsYhhKc0lngZAg2lPMGf123ByOi9pL4ykStViRQwl0s2eTmzzUXz6YDbP7-Mrdktlg3t510UDVtJqrdL10ufrqHRs5rEmxFL6h78buH-OpOD9Ser4COfqE6AH-iPvPh3A-IwdH0ADbidx18LKcSDfjJXGkKRebYUfEFT9QSlWhQhz7BveF7eFaQ53YW4gXQXIvHg.NpuwY6j532PfUdw7kQtljIeySk49q4f0Qc__p9a27d4&dib_tag=se&keywords=%E3%82%AA%E3%83%AB%E3%83%88%E3%83%95%E3%82%A9%E3%83%B3+%E4%BA%A4%E6%8F%9B%E9%87%9D&qid=1784275270&refinements=p_85%3A8070706051%2Cp_n_condition-type%3A2249602051&rnid=2249601051&rps=1&sprefix=%E3%82%AA%E3%83%AB%E3%83%88%E3%83%95%E3%82%A9%E3%83%B3+%2Caps%2C329&sr=8-76&xpid=ow3nQIrXEF8aF","https://m.media-amazon.com/images/I/61tlu3Sbb-L._AC_UL320_.jpg","https://www.amazon.co.jp/ortofon-SH-2-BLACK-%E3%82%AA%E3%83%AB%E3%83%88%E3%83%95%E3%82%A9%E3%83%B3-%E7%89%B9%E6%AE%8A%E3%83%95%E3%82%A1%E3%82%A4%E3%83%90%E3%83%BC%E9%85%8D%E5%90%88%E6%A8%B9%E8%84%82%E8%A3%BD/dp/B0FTZ57H2K/ref=sr_1_76?crid=2E5D17O346HHX&dib=eyJ2IjoiMSJ9.4UM2ZRXej86fqSeNyF69_07ep34TNm2SLXtD97FwMsH_ES1nXFEfn5clqz0IcN6KTh_D4XjI67OQYG-73vKqIZoZZYxQ5LIqSYitgL8VsYhhKc0lngZAg2lPMGf123ByOi9pL4ykStViRQwl0s2eTmzzUXz6YDbP7-Mrdktlg3t510UDVtJqrdL10ufrqHRs5rEmxFL6h78buH-OpOD9Ser4COfqE6AH-iPvPh3A-IwdH0ADbidx18LKcSDfjJXGkKRebYUfEFT9QSlWhQhz7BveF7eFaQ53YW4gXQXIvHg.NpuwY6j532PfUdw7kQtljIeySk49q4f0Qc__p9a27d4&dib_tag=se&keywords=%E3%82%AA%E3%83%AB%E3%83%88%E3%83%95%E3%82%A9%E3%83%B3+%E4%BA%A4%E6%8F%9B%E9%87%9D&qid=1784275270&refinements=p_85%3A8070706051%2Cp_n_condition-type%3A2249602051&rnid=2249601051&rps=1&sprefix=%E3%82%AA%E3%83%AB%E3%83%88%E3%83%95%E3%82%A9%E3%83%B3+%2Caps%2C329&sr=8-76&xpid=ow3nQIrXEF8aF","ortofon SH-2 BLACK オルトフォン ヘッドシェル 特殊ファイバー配合樹脂製 金メッキ端子 9.3g(目安値,取付ネジ除く)","javascript:void(0)","5つ星のうち1.6","https://www.amazon.co.jp/ortofon-SH-2-BLACK-%E3%82%AA%E3%83%AB%E3%83%88%E3%83%95%E3%82%A9%E3%83%B3-%E7%89%B9%E6%AE%8A%E3%83%95%E3%82%A1%E3%82%A4%E3%83%90%E3%83%BC%E9%85%8D%E5%90%88%E6%A8%B9%E8%84%82%E8%A3%BD/dp/B0FTZ57H2K/ref=sr_1_76?crid=2E5D17O346HHX&dib=eyJ2IjoiMSJ9.4UM2ZRXej86fqSeNyF69_07ep34TNm2SLXtD97FwMsH_ES1nXFEfn5clqz0IcN6KTh_D4XjI67OQYG-73vKqIZoZZYxQ5LIqSYitgL8VsYhhKc0lngZAg2lPMGf123ByOi9pL4ykStViRQwl0s2eTmzzUXz6YDbP7-Mrdktlg3t510UDVtJqrdL10ufrqHRs5rEmxFL6h78buH-OpOD9Ser4COfqE6AH-iPvPh3A-IwdH0ADbidx18LKcSDfjJXGkKRebYUfEFT9QSlWhQhz7BveF7eFaQ53YW4gXQXIvHg.NpuwY6j532PfUdw7kQtljIeySk49q4f0Qc__p9a27d4&dib_tag=se&keywords=%E3%82%AA%E3%83%AB%E3%83%88%E3%83%95%E3%82%A9%E3%83%B3+%E4%BA%A4%E6%8F%9B%E9%87%9D&qid=1784275270&refinements=p_85%3A8070706051%2Cp_n_condition-type%3A2249602051&rnid=2249601051&rps=1&sprefix=%E3%82%AA%E3%83%AB%E3%83%88%E3%83%95%E3%82%A9%E3%83%B3+%2Caps%2C329&sr=8-76&xpid=ow3nQIrXEF8aF#customerReviews","「おすすめ出品」の要件を満たす出品はありません","https://www.amazon.co.jp/gp/offer-listing/B0FTZ57H2K/ref=sr_1_76_olp?rnid=2249601051&keywords=%E3%82%AA%E3%83%AB%E3%83%88%E3%83%95%E3%82%A9%E3%83%B3+%E4%BA%A4%E6%8F%9B%E9%87%9D&crid=2E5D17O346HHX&sprefix=%E3%82%AA%E3%83%AB%E3%83%88%E3%83%95%E3%82%A9%E3%83%B3+%2Caps%2C329&rps=1&dib_tag=se&xpid=ow3nQIrXEF8aF&dib=eyJ2IjoiMSJ9.4UM2ZRXej86fqSeNyF69_07ep34TNm2SLXtD97FwMsH_ES1nXFEfn5clqz0IcN6KTh_D4XjI67OQYG-73vKqIZoZZYxQ5LIqSYitgL8VsYhhKc0lngZAg2lPMGf123ByOi9pL4ykStViRQwl0s2eTmzzUXz6YDbP7-Mrdktlg3t510UDVtJqrdL10ufrqHRs5rEmxFL6h78buH-OpOD9Ser4COfqE6AH-iPvPh3A-IwdH0ADbidx18LKcSDfjJXGkKRebYUfEFT9QSlWhQhz7BveF7eFaQ53YW4gXQXIvHg.NpuwY6j532PfUdw7kQtljIeySk49q4f0Qc__p9a27d4&qid=1784275270&refinements=p_85%3A8070706051%2Cp_n_condition-type%3A2249602051&sr=8-76","","","","","￥4,840","https://www.amazon.co.jp/ortofon-SH-2-BLACK-%E3%82%AA%E3%83%AB%E3%83%88%E3%83%95%E3%82%A9%E3%83%B3-%E7%89%B9%E6%AE%8A%E3%83%95%E3%82%A1%E3%82%A4%E3%83%90%E3%83%BC%E9%85%8D%E5%90%88%E6%A8%B9%E8%84%82%E8%A3%BD/dp/B0FTZ57H2K/ref=sr_1_76_so_TURNTABLE?crid=2E5D17O346HHX&dib=eyJ2IjoiMSJ9.4UM2ZRXej86fqSeNyF69_07ep34TNm2SLXtD97FwMsH_ES1nXFEfn5clqz0IcN6KTh_D4XjI67OQYG-73vKqIZoZZYxQ5LIqSYitgL8VsYhhKc0lngZAg2lPMGf123ByOi9pL4ykStViRQwl0s2eTmzzUXz6YDbP7-Mrdktlg3t510UDVtJqrdL10ufrqHRs5rEmxFL6h78buH-OpOD9Ser4COfqE6AH-iPvPh3A-IwdH0ADbidx18LKcSDfjJXGkKRebYUfEFT9QSlWhQhz7BveF7eFaQ53YW4gXQXIvHg.NpuwY6j532PfUdw7kQtljIeySk49q4f0Qc__p9a27d4&dib_tag=se&keywords=%E3%82%AA%E3%83%AB%E3%83%88%E3%83%95%E3%82%A9%E3%83%B3+%E4%BA%A4%E6%8F%9B%E9%87%9D&qid=1784275270&refinements=p_85%3A8070706051%2Cp_n_condition-type%3A2249602051&rnid=2249601051&rps=1&sprefix=%E3%82%AA%E3%83%AB%E3%83%88%E3%83%95%E3%82%A9%E3%83%B3+%2Caps%2C329&sr=8-76&xpid=ow3nQIrXEF8aF"
"https://www.amazon.co.jp/ortofon-STYLUS-2M-MON-%E4%BA%A4%E6%8F%9B%E9%87%9D%EF%BC%882M-MON%E7%94%A8%EF%BC%89-%E3%82%AA%E3%83%AB%E3%83%88%E3%83%95%E3%82%A9%E3%83%B3/dp/B008BOZC64/ref=sr_1_77?crid=2E5D17O346HHX&dib=eyJ2IjoiMSJ9.4UM2ZRXej86fqSeNyF69_07ep34TNm2SLXtD97FwMsH_ES1nXFEfn5clqz0IcN6KTh_D4XjI67OQYG-73vKqIZoZZYxQ5LIqSYitgL8VsYhhKc0lngZAg2lPMGf123ByOi9pL4ykStViRQwl0s2eTmzzUXz6YDbP7-Mrdktlg3t510UDVtJqrdL10ufrqHRs5rEmxFL6h78buH-OpOD9Ser4COfqE6AH-iPvPh3A-IwdH0ADbidx18LKcSDfjJXGkKRebYUfEFT9QSlWhQhz7BveF7eFaQ53YW4gXQXIvHg.NpuwY6j532PfUdw7kQtljIeySk49q4f0Qc__p9a27d4&dib_tag=se&keywords=%E3%82%AA%E3%83%AB%E3%83%88%E3%83%95%E3%82%A9%E3%83%B3+%E4%BA%A4%E6%8F%9B%E9%87%9D&qid=1784275270&refinements=p_85%3A8070706051%2Cp_n_condition-type%3A2249602051&rnid=2249601051&rps=1&sprefix=%E3%82%AA%E3%83%AB%E3%83%88%E3%83%95%E3%82%A9%E3%83%B3+%2Caps%2C329&sr=8-77&xpid=ow3nQIrXEF8aF","https://m.media-amazon.com/images/I/516PlEra51L._AC_UL320_.jpg","https://www.amazon.co.jp/ortofon-STYLUS-2M-MON-%E4%BA%A4%E6%8F%9B%E9%87%9D%EF%BC%882M-MON%E7%94%A8%EF%BC%89-%E3%82%AA%E3%83%AB%E3%83%88%E3%83%95%E3%82%A9%E3%83%B3/dp/B008BOZC64/ref=sr_1_77?crid=2E5D17O346HHX&dib=eyJ2IjoiMSJ9.4UM2ZRXej86fqSeNyF69_07ep34TNm2SLXtD97FwMsH_ES1nXFEfn5clqz0IcN6KTh_D4XjI67OQYG-73vKqIZoZZYxQ5LIqSYitgL8VsYhhKc0lngZAg2lPMGf123ByOi9pL4ykStViRQwl0s2eTmzzUXz6YDbP7-Mrdktlg3t510UDVtJqrdL10ufrqHRs5rEmxFL6h78buH-OpOD9Ser4COfqE6AH-iPvPh3A-IwdH0ADbidx18LKcSDfjJXGkKRebYUfEFT9QSlWhQhz7BveF7eFaQ53YW4gXQXIvHg.NpuwY6j532PfUdw7kQtljIeySk49q4f0Qc__p9a27d4&dib_tag=se&keywords=%E3%82%AA%E3%83%AB%E3%83%88%E3%83%95%E3%82%A9%E3%83%B3+%E4%BA%A4%E6%8F%9B%E9%87%9D&qid=1784275270&refinements=p_85%3A8070706051%2Cp_n_condition-type%3A2249602051&rnid=2249601051&rps=1&sprefix=%E3%82%AA%E3%83%AB%E3%83%88%E3%83%95%E3%82%A9%E3%83%B3+%2Caps%2C329&sr=8-77&xpid=ow3nQIrXEF8aF","ortofon Stylus 2M Mono オルトフォン 2M Mono用 交換針 2M 78と本体互換あり","javascript:void(0)","5つ星のうち5.0","https://www.amazon.co.jp/ortofon-STYLUS-2M-MON-%E4%BA%A4%E6%8F%9B%E9%87%9D%EF%BC%882M-MON%E7%94%A8%EF%BC%89-%E3%82%AA%E3%83%AB%E3%83%88%E3%83%95%E3%82%A9%E3%83%B3/dp/B008BOZC64/ref=sr_1_77?crid=2E5D17O346HHX&dib=eyJ2IjoiMSJ9.4UM2ZRXej86fqSeNyF69_07ep34TNm2SLXtD97FwMsH_ES1nXFEfn5clqz0IcN6KTh_D4XjI67OQYG-73vKqIZoZZYxQ5LIqSYitgL8VsYhhKc0lngZAg2lPMGf123ByOi9pL4ykStViRQwl0s2eTmzzUXz6YDbP7-Mrdktlg3t510UDVtJqrdL10ufrqHRs5rEmxFL6h78buH-OpOD9Ser4COfqE6AH-iPvPh3A-IwdH0ADbidx18LKcSDfjJXGkKRebYUfEFT9QSlWhQhz7BveF7eFaQ53YW4gXQXIvHg.NpuwY6j532PfUdw7kQtljIeySk49q4f0Qc__p9a27d4&dib_tag=se&keywords=%E3%82%AA%E3%83%AB%E3%83%88%E3%83%95%E3%82%A9%E3%83%B3+%E4%BA%A4%E6%8F%9B%E9%87%9D&qid=1784275270&refinements=p_85%3A8070706051%2Cp_n_condition-type%3A2249602051&rnid=2249601051&rps=1&sprefix=%E3%82%AA%E3%83%AB%E3%83%88%E3%83%95%E3%82%A9%E3%83%B3+%2Caps%2C329&sr=8-77&xpid=ow3nQIrXEF8aF#customerReviews","「おすすめ出品」の要件を満たす出品はありません","https://www.amazon.co.jp/gp/offer-listing/B008BOZC64/ref=sr_1_77_olp?rnid=2249601051&keywords=%E3%82%AA%E3%83%AB%E3%83%88%E3%83%95%E3%82%A9%E3%83%B3+%E4%BA%A4%E6%8F%9B%E9%87%9D&crid=2E5D17O346HHX&sprefix=%E3%82%AA%E3%83%AB%E3%83%88%E3%83%95%E3%82%A9%E3%83%B3+%2Caps%2C329&rps=1&dib_tag=se&xpid=ow3nQIrXEF8aF&dib=eyJ2IjoiMSJ9.4UM2ZRXej86fqSeNyF69_07ep34TNm2SLXtD97FwMsH_ES1nXFEfn5clqz0IcN6KTh_D4XjI67OQYG-73vKqIZoZZYxQ5LIqSYitgL8VsYhhKc0lngZAg2lPMGf123ByOi9pL4ykStViRQwl0s2eTmzzUXz6YDbP7-Mrdktlg3t510UDVtJqrdL10ufrqHRs5rEmxFL6h78buH-OpOD9Ser4COfqE6AH-iPvPh3A-IwdH0ADbidx18LKcSDfjJXGkKRebYUfEFT9QSlWhQhz7BveF7eFaQ53YW4gXQXIvHg.NpuwY6j532PfUdw7kQtljIeySk49q4f0Qc__p9a27d4&qid=1784275270&refinements=p_85%3A8070706051%2Cp_n_condition-type%3A2249602051&sr=8-77","","","","","￥63,800","https://www.amazon.co.jp/ortofon-STYLUS-2M-MON-%E4%BA%A4%E6%8F%9B%E9%87%9D%EF%BC%882M-MON%E7%94%A8%EF%BC%89-%E3%82%AA%E3%83%AB%E3%83%88%E3%83%95%E3%82%A9%E3%83%B3/dp/B008BOZC64/ref=sr_1_77_so_TURNTABLE?crid=2E5D17O346HHX&dib=eyJ2IjoiMSJ9.4UM2ZRXej86fqSeNyF69_07ep34TNm2SLXtD97FwMsH_ES1nXFEfn5clqz0IcN6KTh_D4XjI67OQYG-73vKqIZoZZYxQ5LIqSYitgL8VsYhhKc0lngZAg2lPMGf123ByOi9pL4ykStViRQwl0s2eTmzzUXz6YDbP7-Mrdktlg3t510UDVtJqrdL10ufrqHRs5rEmxFL6h78buH-OpOD9Ser4COfqE6AH-iPvPh3A-IwdH0ADbidx18LKcSDfjJXGkKRebYUfEFT9QSlWhQhz7BveF7eFaQ53YW4gXQXIvHg.NpuwY6j532PfUdw7kQtljIeySk49q4f0Qc__p9a27d4&dib_tag=se&keywords=%E3%82%AA%E3%83%AB%E3%83%88%E3%83%95%E3%82%A9%E3%83%B3+%E4%BA%A4%E6%8F%9B%E9%87%9D&qid=1784275270&refinements=p_85%3A8070706051%2Cp_n_condition-type%3A2249602051&rnid=2249601051&rps=1&sprefix=%E3%82%AA%E3%83%AB%E3%83%88%E3%83%95%E3%82%A9%E3%83%B3+%2Caps%2C329&sr=8-77&xpid=ow3nQIrXEF8aF"
"https://www.amazon.co.jp/ORTOFON-Elite-Stylus-Concorde-%E4%BA%A4%E6%8F%9B%E7%94%A8%E3%82%B9%E3%82%BF%E3%82%A4%E3%83%A9%E3%82%B9/dp/B0B5B9XQMP/ref=sr_1_78?crid=2E5D17O346HHX&dib=eyJ2IjoiMSJ9.4UM2ZRXej86fqSeNyF69_07ep34TNm2SLXtD97FwMsH_ES1nXFEfn5clqz0IcN6KTh_D4XjI67OQYG-73vKqIZoZZYxQ5LIqSYitgL8VsYhhKc0lngZAg2lPMGf123ByOi9pL4ykStViRQwl0s2eTmzzUXz6YDbP7-Mrdktlg3t510UDVtJqrdL10ufrqHRs5rEmxFL6h78buH-OpOD9Ser4COfqE6AH-iPvPh3A-IwdH0ADbidx18LKcSDfjJXGkKRebYUfEFT9QSlWhQhz7BveF7eFaQ53YW4gXQXIvHg.NpuwY6j532PfUdw7kQtljIeySk49q4f0Qc__p9a27d4&dib_tag=se&keywords=%E3%82%AA%E3%83%AB%E3%83%88%E3%83%95%E3%82%A9%E3%83%B3+%E4%BA%A4%E6%8F%9B%E9%87%9D&qid=1784275270&refinements=p_85%3A8070706051%2Cp_n_condition-type%3A2249602051&rnid=2249601051&rps=1&sprefix=%E3%82%AA%E3%83%AB%E3%83%88%E3%83%95%E3%82%A9%E3%83%B3+%2Caps%2C329&sr=8-78&xpid=ow3nQIrXEF8aF","https://m.media-amazon.com/images/I/41wRoByz+PL._AC_UL320_.jpg","https://www.amazon.co.jp/ORTOFON-Elite-Stylus-Concorde-%E4%BA%A4%E6%8F%9B%E7%94%A8%E3%82%B9%E3%82%BF%E3%82%A4%E3%83%A9%E3%82%B9/dp/B0B5B9XQMP/ref=sr_1_78?crid=2E5D17O346HHX&dib=eyJ2IjoiMSJ9.4UM2ZRXej86fqSeNyF69_07ep34TNm2SLXtD97FwMsH_ES1nXFEfn5clqz0IcN6KTh_D4XjI67OQYG-73vKqIZoZZYxQ5LIqSYitgL8VsYhhKc0lngZAg2lPMGf123ByOi9pL4ykStViRQwl0s2eTmzzUXz6YDbP7-Mrdktlg3t510UDVtJqrdL10ufrqHRs5rEmxFL6h78buH-OpOD9Ser4COfqE6AH-iPvPh3A-IwdH0ADbidx18LKcSDfjJXGkKRebYUfEFT9QSlWhQhz7BveF7eFaQ53YW4gXQXIvHg.NpuwY6j532PfUdw7kQtljIeySk49q4f0Qc__p9a27d4&dib_tag=se&keywords=%E3%82%AA%E3%83%AB%E3%83%88%E3%83%95%E3%82%A9%E3%83%B3+%E4%BA%A4%E6%8F%9B%E9%87%9D&qid=1784275270&refinements=p_85%3A8070706051%2Cp_n_condition-type%3A2249602051&rnid=2249601051&rps=1&sprefix=%E3%82%AA%E3%83%AB%E3%83%88%E3%83%95%E3%82%A9%E3%83%B3+%2Caps%2C329&sr=8-78&xpid=ow3nQIrXEF8aF","ortofon Stylus CC MKII Elite オルトフォン Concorde MKII Elite用 交換針","javascript:void(0)","5つ星のうち5.0","https://www.amazon.co.jp/ORTOFON-Elite-Stylus-Concorde-%E4%BA%A4%E6%8F%9B%E7%94%A8%E3%82%B9%E3%82%BF%E3%82%A4%E3%83%A9%E3%82%B9/dp/B0B5B9XQMP/ref=sr_1_78?crid=2E5D17O346HHX&dib=eyJ2IjoiMSJ9.4UM2ZRXej86fqSeNyF69_07ep34TNm2SLXtD97FwMsH_ES1nXFEfn5clqz0IcN6KTh_D4XjI67OQYG-73vKqIZoZZYxQ5LIqSYitgL8VsYhhKc0lngZAg2lPMGf123ByOi9pL4ykStViRQwl0s2eTmzzUXz6YDbP7-Mrdktlg3t510UDVtJqrdL10ufrqHRs5rEmxFL6h78buH-OpOD9Ser4COfqE6AH-iPvPh3A-IwdH0ADbidx18LKcSDfjJXGkKRebYUfEFT9QSlWhQhz7BveF7eFaQ53YW4gXQXIvHg.NpuwY6j532PfUdw7kQtljIeySk49q4f0Qc__p9a27d4&dib_tag=se&keywords=%E3%82%AA%E3%83%AB%E3%83%88%E3%83%95%E3%82%A9%E3%83%B3+%E4%BA%A4%E6%8F%9B%E9%87%9D&qid=1784275270&refinements=p_85%3A8070706051%2Cp_n_condition-type%3A2249602051&rnid=2249601051&rps=1&sprefix=%E3%82%AA%E3%83%AB%E3%83%88%E3%83%95%E3%82%A9%E3%83%B3+%2Caps%2C329&sr=8-78&xpid=ow3nQIrXEF8aF#customerReviews","「おすすめ出品」の要件を満たす出品はありません","https://www.amazon.co.jp/gp/offer-listing/B0B5B9XQMP/ref=sr_1_78_olp?rnid=2249601051&keywords=%E3%82%AA%E3%83%AB%E3%83%88%E3%83%95%E3%82%A9%E3%83%B3+%E4%BA%A4%E6%8F%9B%E9%87%9D&crid=2E5D17O346HHX&sprefix=%E3%82%AA%E3%83%AB%E3%83%88%E3%83%95%E3%82%A9%E3%83%B3+%2Caps%2C329&rps=1&dib_tag=se&xpid=ow3nQIrXEF8aF&dib=eyJ2IjoiMSJ9.4UM2ZRXej86fqSeNyF69_07ep34TNm2SLXtD97FwMsH_ES1nXFEfn5clqz0IcN6KTh_D4XjI67OQYG-73vKqIZoZZYxQ5LIqSYitgL8VsYhhKc0lngZAg2lPMGf123ByOi9pL4ykStViRQwl0s2eTmzzUXz6YDbP7-Mrdktlg3t510UDVtJqrdL10ufrqHRs5rEmxFL6h78buH-OpOD9Ser4COfqE6AH-iPvPh3A-IwdH0ADbidx18LKcSDfjJXGkKRebYUfEFT9QSlWhQhz7BveF7eFaQ53YW4gXQXIvHg.NpuwY6j532PfUdw7kQtljIeySk49q4f0Qc__p9a27d4&qid=1784275270&refinements=p_85%3A8070706051%2Cp_n_condition-type%3A2249602051&sr=8-78","","","","","￥55,220","https://www.amazon.co.jp/ORTOFON-Elite-Stylus-Concorde-%E4%BA%A4%E6%8F%9B%E7%94%A8%E3%82%B9%E3%82%BF%E3%82%A4%E3%83%A9%E3%82%B9/dp/B0B5B9XQMP/ref=sr_1_78_so_SOUND_AND_RECORDING_EQUIPMENT?crid=2E5D17O346HHX&dib=eyJ2IjoiMSJ9.4UM2ZRXej86fqSeNyF69_07ep34TNm2SLXtD97FwMsH_ES1nXFEfn5clqz0IcN6KTh_D4XjI67OQYG-73vKqIZoZZYxQ5LIqSYitgL8VsYhhKc0lngZAg2lPMGf123ByOi9pL4ykStViRQwl0s2eTmzzUXz6YDbP7-Mrdktlg3t510UDVtJqrdL10ufrqHRs5rEmxFL6h78buH-OpOD9Ser4COfqE6AH-iPvPh3A-IwdH0ADbidx18LKcSDfjJXGkKRebYUfEFT9QSlWhQhz7BveF7eFaQ53YW4gXQXIvHg.NpuwY6j532PfUdw7kQtljIeySk49q4f0Qc__p9a27d4&dib_tag=se&keywords=%E3%82%AA%E3%83%AB%E3%83%88%E3%83%95%E3%82%A9%E3%83%B3+%E4%BA%A4%E6%8F%9B%E9%87%9D&qid=1784275270&refinements=p_85%3A8070706051%2Cp_n_condition-type%3A2249602051&rnid=2249601051&rps=1&sprefix=%E3%82%AA%E3%83%AB%E3%83%88%E3%83%95%E3%82%A9%E3%83%B3+%2Caps%2C329&sr=8-78&xpid=ow3nQIrXEF8aF"
"https://www.amazon.co.jp/%E3%82%AA%E3%83%AB%E3%83%88%E3%83%95%E3%82%A9%E3%83%B3-LW7N-%E3%82%B7%E3%82%A7%E3%83%AB%E3%83%AA%E3%83%BC%E3%83%89%E7%B7%9A-4%E6%9C%AC%E5%85%A5%E3%82%8Aortofon-LW-7N/dp/B003NNZDDK/ref=sr_1_79?crid=2E5D17O346HHX&dib=eyJ2IjoiMSJ9.4UM2ZRXej86fqSeNyF69_07ep34TNm2SLXtD97FwMsH_ES1nXFEfn5clqz0IcN6KTh_D4XjI67OQYG-73vKqIZoZZYxQ5LIqSYitgL8VsYhhKc0lngZAg2lPMGf123ByOi9pL4ykStViRQwl0s2eTmzzUXz6YDbP7-Mrdktlg3t510UDVtJqrdL10ufrqHRs5rEmxFL6h78buH-OpOD9Ser4COfqE6AH-iPvPh3A-IwdH0ADbidx18LKcSDfjJXGkKRebYUfEFT9QSlWhQhz7BveF7eFaQ53YW4gXQXIvHg.NpuwY6j532PfUdw7kQtljIeySk49q4f0Qc__p9a27d4&dib_tag=se&keywords=%E3%82%AA%E3%83%AB%E3%83%88%E3%83%95%E3%82%A9%E3%83%B3+%E4%BA%A4%E6%8F%9B%E9%87%9D&qid=1784275270&refinements=p_85%3A8070706051%2Cp_n_condition-type%3A2249602051&rnid=2249601051&rps=1&sprefix=%E3%82%AA%E3%83%AB%E3%83%88%E3%83%95%E3%82%A9%E3%83%B3+%2Caps%2C329&sr=8-79&xpid=ow3nQIrXEF8aF","https://m.media-amazon.com/images/I/6162nfL22DL._AC_UL320_.jpg","https://www.amazon.co.jp/%E3%82%AA%E3%83%AB%E3%83%88%E3%83%95%E3%82%A9%E3%83%B3-LW7N-%E3%82%B7%E3%82%A7%E3%83%AB%E3%83%AA%E3%83%BC%E3%83%89%E7%B7%9A-4%E6%9C%AC%E5%85%A5%E3%82%8Aortofon-LW-7N/dp/B003NNZDDK/ref=sr_1_79?crid=2E5D17O346HHX&dib=eyJ2IjoiMSJ9.4UM2ZRXej86fqSeNyF69_07ep34TNm2SLXtD97FwMsH_ES1nXFEfn5clqz0IcN6KTh_D4XjI67OQYG-73vKqIZoZZYxQ5LIqSYitgL8VsYhhKc0lngZAg2lPMGf123ByOi9pL4ykStViRQwl0s2eTmzzUXz6YDbP7-Mrdktlg3t510UDVtJqrdL10ufrqHRs5rEmxFL6h78buH-OpOD9Ser4COfqE6AH-iPvPh3A-IwdH0ADbidx18LKcSDfjJXGkKRebYUfEFT9QSlWhQhz7BveF7eFaQ53YW4gXQXIvHg.NpuwY6j532PfUdw7kQtljIeySk49q4f0Qc__p9a27d4&dib_tag=se&keywords=%E3%82%AA%E3%83%AB%E3%83%88%E3%83%95%E3%82%A9%E3%83%B3+%E4%BA%A4%E6%8F%9B%E9%87%9D&qid=1784275270&refinements=p_85%3A8070706051%2Cp_n_condition-type%3A2249602051&rnid=2249601051&rps=1&sprefix=%E3%82%AA%E3%83%AB%E3%83%88%E3%83%95%E3%82%A9%E3%83%B3+%2Caps%2C329&sr=8-79&xpid=ow3nQIrXEF8aF","ortofon LW-7N オルトフォン リード線 リードワイヤー ハイブリッド高純度無酸素銅線 ロジウムメッキ端子 【国内正規品】","javascript:void(0)","5つ星のうち3.7","https://www.amazon.co.jp/%E3%82%AA%E3%83%AB%E3%83%88%E3%83%95%E3%82%A9%E3%83%B3-LW7N-%E3%82%B7%E3%82%A7%E3%83%AB%E3%83%AA%E3%83%BC%E3%83%89%E7%B7%9A-4%E6%9C%AC%E5%85%A5%E3%82%8Aortofon-LW-7N/dp/B003NNZDDK/ref=sr_1_79?crid=2E5D17O346HHX&dib=eyJ2IjoiMSJ9.4UM2ZRXej86fqSeNyF69_07ep34TNm2SLXtD97FwMsH_ES1nXFEfn5clqz0IcN6KTh_D4XjI67OQYG-73vKqIZoZZYxQ5LIqSYitgL8VsYhhKc0lngZAg2lPMGf123ByOi9pL4ykStViRQwl0s2eTmzzUXz6YDbP7-Mrdktlg3t510UDVtJqrdL10ufrqHRs5rEmxFL6h78buH-OpOD9Ser4COfqE6AH-iPvPh3A-IwdH0ADbidx18LKcSDfjJXGkKRebYUfEFT9QSlWhQhz7BveF7eFaQ53YW4gXQXIvHg.NpuwY6j532PfUdw7kQtljIeySk49q4f0Qc__p9a27d4&dib_tag=se&keywords=%E3%82%AA%E3%83%AB%E3%83%88%E3%83%95%E3%82%A9%E3%83%B3+%E4%BA%A4%E6%8F%9B%E9%87%9D&qid=1784275270&refinements=p_85%3A8070706051%2Cp_n_condition-type%3A2249602051&rnid=2249601051&rps=1&sprefix=%E3%82%AA%E3%83%AB%E3%83%88%E3%83%95%E3%82%A9%E3%83%B3+%2Caps%2C329&sr=8-79&xpid=ow3nQIrXEF8aF#customerReviews","「おすすめ出品」の要件を満たす出品はありません","https://www.amazon.co.jp/gp/offer-listing/B003NNZDDK/ref=sr_1_79_olp?rnid=2249601051&keywords=%E3%82%AA%E3%83%AB%E3%83%88%E3%83%95%E3%82%A9%E3%83%B3+%E4%BA%A4%E6%8F%9B%E9%87%9D&crid=2E5D17O346HHX&sprefix=%E3%82%AA%E3%83%AB%E3%83%88%E3%83%95%E3%82%A9%E3%83%B3+%2Caps%2C329&rps=1&dib_tag=se&xpid=ow3nQIrXEF8aF&dib=eyJ2IjoiMSJ9.4UM2ZRXej86fqSeNyF69_07ep34TNm2SLXtD97FwMsH_ES1nXFEfn5clqz0IcN6KTh_D4XjI67OQYG-73vKqIZoZZYxQ5LIqSYitgL8VsYhhKc0lngZAg2lPMGf123ByOi9pL4ykStViRQwl0s2eTmzzUXz6YDbP7-Mrdktlg3t510UDVtJqrdL10ufrqHRs5rEmxFL6h78buH-OpOD9Ser4COfqE6AH-iPvPh3A-IwdH0ADbidx18LKcSDfjJXGkKRebYUfEFT9QSlWhQhz7BveF7eFaQ53YW4gXQXIvHg.NpuwY6j532PfUdw7kQtljIeySk49q4f0Qc__p9a27d4&qid=1784275270&refinements=p_85%3A8070706051%2Cp_n_condition-type%3A2249602051&sr=8-79","","","","","￥5,720","https://www.amazon.co.jp/%E3%82%AA%E3%83%AB%E3%83%88%E3%83%95%E3%82%A9%E3%83%B3-LW7N-%E3%82%B7%E3%82%A7%E3%83%AB%E3%83%AA%E3%83%BC%E3%83%89%E7%B7%9A-4%E6%9C%AC%E5%85%A5%E3%82%8Aortofon-LW-7N/dp/B003NNZDDK/ref=sr_1_79_so_SOUND_AND_RECORDING_EQUIPMENT?crid=2E5D17O346HHX&dib=eyJ2IjoiMSJ9.4UM2ZRXej86fqSeNyF69_07ep34TNm2SLXtD97FwMsH_ES1nXFEfn5clqz0IcN6KTh_D4XjI67OQYG-73vKqIZoZZYxQ5LIqSYitgL8VsYhhKc0lngZAg2lPMGf123ByOi9pL4ykStViRQwl0s2eTmzzUXz6YDbP7-Mrdktlg3t510UDVtJqrdL10ufrqHRs5rEmxFL6h78buH-OpOD9Ser4COfqE6AH-iPvPh3A-IwdH0ADbidx18LKcSDfjJXGkKRebYUfEFT9QSlWhQhz7BveF7eFaQ53YW4gXQXIvHg.NpuwY6j532PfUdw7kQtljIeySk49q4f0Qc__p9a27d4&dib_tag=se&keywords=%E3%82%AA%E3%83%AB%E3%83%88%E3%83%95%E3%82%A9%E3%83%B3+%E4%BA%A4%E6%8F%9B%E9%87%9D&qid=1784275270&refinements=p_85%3A8070706051%2Cp_n_condition-type%3A2249602051&rnid=2249601051&rps=1&sprefix=%E3%82%AA%E3%83%AB%E3%83%88%E3%83%95%E3%82%A9%E3%83%B3+%2Caps%2C329&sr=8-79&xpid=ow3nQIrXEF8aF"
"https://www.amazon.co.jp/Ortofon-Concorde-Music-%E3%83%95%E3%82%A9%E3%83%8E%E3%82%AB%E3%83%BC%E3%83%88%E3%83%AA%E3%83%83%E3%82%B8-S%E5%AD%97%E3%83%88%E3%83%BC%E3%83%B3%E3%82%A2%E3%83%BC%E3%83%A0%E3%81%AB%E5%B7%A5%E5%85%B7%E4%B8%8D%E8%A6%81%E3%81%A7%E5%8F%96%E3%82%8A%E4%BB%98%E3%81%91/dp/B0D2WBBW7T/ref=sr_1_80?crid=2E5D17O346HHX&dib=eyJ2IjoiMSJ9.4UM2ZRXej86fqSeNyF69_07ep34TNm2SLXtD97FwMsH_ES1nXFEfn5clqz0IcN6KTh_D4XjI67OQYG-73vKqIZoZZYxQ5LIqSYitgL8VsYhhKc0lngZAg2lPMGf123ByOi9pL4ykStViRQwl0s2eTmzzUXz6YDbP7-Mrdktlg3t510UDVtJqrdL10ufrqHRs5rEmxFL6h78buH-OpOD9Ser4COfqE6AH-iPvPh3A-IwdH0ADbidx18LKcSDfjJXGkKRebYUfEFT9QSlWhQhz7BveF7eFaQ53YW4gXQXIvHg.NpuwY6j532PfUdw7kQtljIeySk49q4f0Qc__p9a27d4&dib_tag=se&keywords=%E3%82%AA%E3%83%AB%E3%83%88%E3%83%95%E3%82%A9%E3%83%B3+%E4%BA%A4%E6%8F%9B%E9%87%9D&qid=1784275270&refinements=p_85%3A8070706051%2Cp_n_condition-type%3A2249602051&rnid=2249601051&rps=1&sprefix=%E3%82%AA%E3%83%AB%E3%83%88%E3%83%95%E3%82%A9%E3%83%B3+%2Caps%2C329&sr=8-80&ufe=app_do%3Aamzn1.fos.35785624-70c4-44ae-a5c3-3f044f475d63&xpid=ow3nQIrXEF8aF","https://m.media-amazon.com/images/I/51p9Y3212UL._AC_UL320_.jpg","https://www.amazon.co.jp/Ortofon-Concorde-Music-%E3%83%95%E3%82%A9%E3%83%8E%E3%82%AB%E3%83%BC%E3%83%88%E3%83%AA%E3%83%83%E3%82%B8-S%E5%AD%97%E3%83%88%E3%83%BC%E3%83%B3%E3%82%A2%E3%83%BC%E3%83%A0%E3%81%AB%E5%B7%A5%E5%85%B7%E4%B8%8D%E8%A6%81%E3%81%A7%E5%8F%96%E3%82%8A%E4%BB%98%E3%81%91/dp/B0D2WBBW7T/ref=sr_1_80?crid=2E5D17O346HHX&dib=eyJ2IjoiMSJ9.4UM2ZRXej86fqSeNyF69_07ep34TNm2SLXtD97FwMsH_ES1nXFEfn5clqz0IcN6KTh_D4XjI67OQYG-73vKqIZoZZYxQ5LIqSYitgL8VsYhhKc0lngZAg2lPMGf123ByOi9pL4ykStViRQwl0s2eTmzzUXz6YDbP7-Mrdktlg3t510UDVtJqrdL10ufrqHRs5rEmxFL6h78buH-OpOD9Ser4COfqE6AH-iPvPh3A-IwdH0ADbidx18LKcSDfjJXGkKRebYUfEFT9QSlWhQhz7BveF7eFaQ53YW4gXQXIvHg.NpuwY6j532PfUdw7kQtljIeySk49q4f0Qc__p9a27d4&dib_tag=se&keywords=%E3%82%AA%E3%83%AB%E3%83%88%E3%83%95%E3%82%A9%E3%83%B3+%E4%BA%A4%E6%8F%9B%E9%87%9D&qid=1784275270&refinements=p_85%3A8070706051%2Cp_n_condition-type%3A2249602051&rnid=2249601051&rps=1&sprefix=%E3%82%AA%E3%83%AB%E3%83%88%E3%83%95%E3%82%A9%E3%83%B3+%2Caps%2C329&sr=8-80&ufe=app_do%3Aamzn1.fos.35785624-70c4-44ae-a5c3-3f044f475d63&xpid=ow3nQIrXEF8aF","Ortofon Concorde Music ブロンズ フォノカートリッジ 工具不要 S字トーンアームにインストール","javascript:void(0)","5つ星のうち4.6","https://www.amazon.co.jp/Ortofon-Concorde-Music-%E3%83%95%E3%82%A9%E3%83%8E%E3%82%AB%E3%83%BC%E3%83%88%E3%83%AA%E3%83%83%E3%82%B8-S%E5%AD%97%E3%83%88%E3%83%BC%E3%83%B3%E3%82%A2%E3%83%BC%E3%83%A0%E3%81%AB%E5%B7%A5%E5%85%B7%E4%B8%8D%E8%A6%81%E3%81%A7%E5%8F%96%E3%82%8A%E4%BB%98%E3%81%91/dp/B0D2WBBW7T/ref=sr_1_80?crid=2E5D17O346HHX&dib=eyJ2IjoiMSJ9.4UM2ZRXej86fqSeNyF69_07ep34TNm2SLXtD97FwMsH_ES1nXFEfn5clqz0IcN6KTh_D4XjI67OQYG-73vKqIZoZZYxQ5LIqSYitgL8VsYhhKc0lngZAg2lPMGf123ByOi9pL4ykStViRQwl0s2eTmzzUXz6YDbP7-Mrdktlg3t510UDVtJqrdL10ufrqHRs5rEmxFL6h78buH-OpOD9Ser4COfqE6AH-iPvPh3A-IwdH0ADbidx18LKcSDfjJXGkKRebYUfEFT9QSlWhQhz7BveF7eFaQ53YW4gXQXIvHg.NpuwY6j532PfUdw7kQtljIeySk49q4f0Qc__p9a27d4&dib_tag=se&keywords=%E3%82%AA%E3%83%AB%E3%83%88%E3%83%95%E3%82%A9%E3%83%B3+%E4%BA%A4%E6%8F%9B%E9%87%9D&qid=1784275270&refinements=p_85%3A8070706051%2Cp_n_condition-type%3A2249602051&rnid=2249601051&rps=1&sprefix=%E3%82%AA%E3%83%AB%E3%83%88%E3%83%95%E3%82%A9%E3%83%B3+%2Caps%2C329&sr=8-80&ufe=app_do%3Aamzn1.fos.35785624-70c4-44ae-a5c3-3f044f475d63&xpid=ow3nQIrXEF8aF#customerReviews","残り1点 ご注文はお早めに","https://www.amazon.co.jp/Ortofon-Concorde-Music-%E3%83%95%E3%82%A9%E3%83%8E%E3%82%AB%E3%83%BC%E3%83%88%E3%83%AA%E3%83%83%E3%82%B8-S%E5%AD%97%E3%83%88%E3%83%BC%E3%83%B3%E3%82%A2%E3%83%BC%E3%83%A0%E3%81%AB%E5%B7%A5%E5%85%B7%E4%B8%8D%E8%A6%81%E3%81%A7%E5%8F%96%E3%82%8A%E4%BB%98%E3%81%91/dp/B0D2WBBW7T/ref=sr_1_80?crid=2E5D17O346HHX&dib=eyJ2IjoiMSJ9.4UM2ZRXej86fqSeNyF69_07ep34TNm2SLXtD97FwMsH_ES1nXFEfn5clqz0IcN6KTh_D4XjI67OQYG-73vKqIZoZZYxQ5LIqSYitgL8VsYhhKc0lngZAg2lPMGf123ByOi9pL4ykStViRQwl0s2eTmzzUXz6YDbP7-Mrdktlg3t510UDVtJqrdL10ufrqHRs5rEmxFL6h78buH-OpOD9Ser4COfqE6AH-iPvPh3A-IwdH0ADbidx18LKcSDfjJXGkKRebYUfEFT9QSlWhQhz7BveF7eFaQ53YW4gXQXIvHg.NpuwY6j532PfUdw7kQtljIeySk49q4f0Qc__p9a27d4&dib_tag=se&keywords=%E3%82%AA%E3%83%AB%E3%83%88%E3%83%95%E3%82%A9%E3%83%B3+%E4%BA%A4%E6%8F%9B%E9%87%9D&qid=1784275270&refinements=p_85%3A8070706051%2Cp_n_condition-type%3A2249602051&rnid=2249601051&rps=1&sprefix=%E3%82%AA%E3%83%AB%E3%83%88%E3%83%95%E3%82%A9%E3%83%B3+%2Caps%2C329&sr=8-80&ufe=app_do%3Aamzn1.fos.35785624-70c4-44ae-a5c3-3f044f475d63&xpid=ow3nQIrXEF8aF","","￥76,300","￥","76,300","",""
"https://www.amazon.co.jp/IUM%C3%89-%E3%83%AC%E3%82%B3%E3%83%BC%E3%83%89%E3%83%97%E3%83%AC%E3%83%BC%E3%83%A4%E3%83%BC%E7%94%A8%E4%BA%A4%E6%8F%9B%E9%87%9D-6%E5%80%8B%E3%82%BB%E3%83%83%E3%83%88-%E3%83%AC%E3%82%B3%E3%83%BC%E3%83%89%E9%87%9D-%E4%BA%A4%E6%8F%9B%E7%94%A8%E3%83%AC%E3%82%B3%E3%83%BC%E3%83%89%E9%87%9D/dp/B097MVTZVY/ref=sr_1_81?crid=2E5D17O346HHX&dib=eyJ2IjoiMSJ9.4UM2ZRXej86fqSeNyF69_07ep34TNm2SLXtD97FwMsH_ES1nXFEfn5clqz0IcN6KTh_D4XjI67OQYG-73vKqIZoZZYxQ5LIqSYitgL8VsYhhKc0lngZAg2lPMGf123ByOi9pL4ykStViRQwl0s2eTmzzUXz6YDbP7-Mrdktlg3t510UDVtJqrdL10ufrqHRs5rEmxFL6h78buH-OpOD9Ser4COfqE6AH-iPvPh3A-IwdH0ADbidx18LKcSDfjJXGkKRebYUfEFT9QSlWhQhz7BveF7eFaQ53YW4gXQXIvHg.NpuwY6j532PfUdw7kQtljIeySk49q4f0Qc__p9a27d4&dib_tag=se&keywords=%E3%82%AA%E3%83%AB%E3%83%88%E3%83%95%E3%82%A9%E3%83%B3+%E4%BA%A4%E6%8F%9B%E9%87%9D&qid=1784275270&refinements=p_85%3A8070706051%2Cp_n_condition-type%3A2249602051&rnid=2249601051&rps=1&sprefix=%E3%82%AA%E3%83%AB%E3%83%88%E3%83%95%E3%82%A9%E3%83%B3+%2Caps%2C329&sr=8-81&ufe=app_do%3Aamzn1.fos.35785624-70c4-44ae-a5c3-3f044f475d63&xpid=ow3nQIrXEF8aF","https://m.media-amazon.com/images/I/51Y7lBSi-AL._AC_UL320_.jpg","https://www.amazon.co.jp/IUM%C3%89-%E3%83%AC%E3%82%B3%E3%83%BC%E3%83%89%E3%83%97%E3%83%AC%E3%83%BC%E3%83%A4%E3%83%BC%E7%94%A8%E4%BA%A4%E6%8F%9B%E9%87%9D-6%E5%80%8B%E3%82%BB%E3%83%83%E3%83%88-%E3%83%AC%E3%82%B3%E3%83%BC%E3%83%89%E9%87%9D-%E4%BA%A4%E6%8F%9B%E7%94%A8%E3%83%AC%E3%82%B3%E3%83%BC%E3%83%89%E9%87%9D/dp/B097MVTZVY/ref=sr_1_81?crid=2E5D17O346HHX&dib=eyJ2IjoiMSJ9.4UM2ZRXej86fqSeNyF69_07ep34TNm2SLXtD97FwMsH_ES1nXFEfn5clqz0IcN6KTh_D4XjI67OQYG-73vKqIZoZZYxQ5LIqSYitgL8VsYhhKc0lngZAg2lPMGf123ByOi9pL4ykStViRQwl0s2eTmzzUXz6YDbP7-Mrdktlg3t510UDVtJqrdL10ufrqHRs5rEmxFL6h78buH-OpOD9Ser4COfqE6AH-iPvPh3A-IwdH0ADbidx18LKcSDfjJXGkKRebYUfEFT9QSlWhQhz7BveF7eFaQ53YW4gXQXIvHg.NpuwY6j532PfUdw7kQtljIeySk49q4f0Qc__p9a27d4&dib_tag=se&keywords=%E3%82%AA%E3%83%AB%E3%83%88%E3%83%95%E3%82%A9%E3%83%B3+%E4%BA%A4%E6%8F%9B%E9%87%9D&qid=1784275270&refinements=p_85%3A8070706051%2Cp_n_condition-type%3A2249602051&rnid=2249601051&rps=1&sprefix=%E3%82%AA%E3%83%AB%E3%83%88%E3%83%95%E3%82%A9%E3%83%B3+%2Caps%2C329&sr=8-81&ufe=app_do%3Aamzn1.fos.35785624-70c4-44ae-a5c3-3f044f475d63&xpid=ow3nQIrXEF8aF","レコードプレーヤー用交換針 6個セット 交換針 レコード針 交換用レコード針 丸針","javascript:void(0)","5つ星のうち4.1","https://www.amazon.co.jp/IUM%C3%89-%E3%83%AC%E3%82%B3%E3%83%BC%E3%83%89%E3%83%97%E3%83%AC%E3%83%BC%E3%83%A4%E3%83%BC%E7%94%A8%E4%BA%A4%E6%8F%9B%E9%87%9D-6%E5%80%8B%E3%82%BB%E3%83%83%E3%83%88-%E3%83%AC%E3%82%B3%E3%83%BC%E3%83%89%E9%87%9D-%E4%BA%A4%E6%8F%9B%E7%94%A8%E3%83%AC%E3%82%B3%E3%83%BC%E3%83%89%E9%87%9D/dp/B097MVTZVY/ref=sr_1_81?crid=2E5D17O346HHX&dib=eyJ2IjoiMSJ9.4UM2ZRXej86fqSeNyF69_07ep34TNm2SLXtD97FwMsH_ES1nXFEfn5clqz0IcN6KTh_D4XjI67OQYG-73vKqIZoZZYxQ5LIqSYitgL8VsYhhKc0lngZAg2lPMGf123ByOi9pL4ykStViRQwl0s2eTmzzUXz6YDbP7-Mrdktlg3t510UDVtJqrdL10ufrqHRs5rEmxFL6h78buH-OpOD9Ser4COfqE6AH-iPvPh3A-IwdH0ADbidx18LKcSDfjJXGkKRebYUfEFT9QSlWhQhz7BveF7eFaQ53YW4gXQXIvHg.NpuwY6j532PfUdw7kQtljIeySk49q4f0Qc__p9a27d4&dib_tag=se&keywords=%E3%82%AA%E3%83%AB%E3%83%88%E3%83%95%E3%82%A9%E3%83%B3+%E4%BA%A4%E6%8F%9B%E9%87%9D&qid=1784275270&refinements=p_85%3A8070706051%2Cp_n_condition-type%3A2249602051&rnid=2249601051&rps=1&sprefix=%E3%82%AA%E3%83%AB%E3%83%88%E3%83%95%E3%82%A9%E3%83%B3+%2Caps%2C329&sr=8-81&ufe=app_do%3Aamzn1.fos.35785624-70c4-44ae-a5c3-3f044f475d63&xpid=ow3nQIrXEF8aF#customerReviews","10ポイント(1%)","https://www.amazon.co.jp/IUM%C3%89-%E3%83%AC%E3%82%B3%E3%83%BC%E3%83%89%E3%83%97%E3%83%AC%E3%83%BC%E3%83%A4%E3%83%BC%E7%94%A8%E4%BA%A4%E6%8F%9B%E9%87%9D-6%E5%80%8B%E3%82%BB%E3%83%83%E3%83%88-%E3%83%AC%E3%82%B3%E3%83%BC%E3%83%89%E9%87%9D-%E4%BA%A4%E6%8F%9B%E7%94%A8%E3%83%AC%E3%82%B3%E3%83%BC%E3%83%89%E9%87%9D/dp/B097MVTZVY/ref=sr_1_81?crid=2E5D17O346HHX&dib=eyJ2IjoiMSJ9.4UM2ZRXej86fqSeNyF69_07ep34TNm2SLXtD97FwMsH_ES1nXFEfn5clqz0IcN6KTh_D4XjI67OQYG-73vKqIZoZZYxQ5LIqSYitgL8VsYhhKc0lngZAg2lPMGf123ByOi9pL4ykStViRQwl0s2eTmzzUXz6YDbP7-Mrdktlg3t510UDVtJqrdL10ufrqHRs5rEmxFL6h78buH-OpOD9Ser4COfqE6AH-iPvPh3A-IwdH0ADbidx18LKcSDfjJXGkKRebYUfEFT9QSlWhQhz7BveF7eFaQ53YW4gXQXIvHg.NpuwY6j532PfUdw7kQtljIeySk49q4f0Qc__p9a27d4&dib_tag=se&keywords=%E3%82%AA%E3%83%AB%E3%83%88%E3%83%95%E3%82%A9%E3%83%B3+%E4%BA%A4%E6%8F%9B%E9%87%9D&qid=1784275270&refinements=p_85%3A8070706051%2Cp_n_condition-type%3A2249602051&rnid=2249601051&rps=1&sprefix=%E3%82%AA%E3%83%AB%E3%83%88%E3%83%95%E3%82%A9%E3%83%B3+%2Caps%2C329&sr=8-81&ufe=app_do%3Aamzn1.fos.35785624-70c4-44ae-a5c3-3f044f475d63&xpid=ow3nQIrXEF8aF","","￥997","￥","997","",""
"https://www.amazon.co.jp/%E3%82%AA%E3%83%AB%E3%83%88%E3%83%95%E3%82%A9%E3%83%B3-2M-BLACK%E7%94%A8%E4%BA%A4%E6%8F%9B%E9%87%9D-STYLUS-BLACK/dp/B001OU2MNI/ref=sr_1_82?crid=2E5D17O346HHX&dib=eyJ2IjoiMSJ9.4UM2ZRXej86fqSeNyF69_07ep34TNm2SLXtD97FwMsH_ES1nXFEfn5clqz0IcN6KTh_D4XjI67OQYG-73vKqIZoZZYxQ5LIqSYitgL8VsYhhKc0lngZAg2lPMGf123ByOi9pL4ykStViRQwl0s2eTmzzUXz6YDbP7-Mrdktlg3t510UDVtJqrdL10ufrqHRs5rEmxFL6h78buH-OpOD9Ser4COfqE6AH-iPvPh3A-IwdH0ADbidx18LKcSDfjJXGkKRebYUfEFT9QSlWhQhz7BveF7eFaQ53YW4gXQXIvHg.NpuwY6j532PfUdw7kQtljIeySk49q4f0Qc__p9a27d4&dib_tag=se&keywords=%E3%82%AA%E3%83%AB%E3%83%88%E3%83%95%E3%82%A9%E3%83%B3+%E4%BA%A4%E6%8F%9B%E9%87%9D&qid=1784275270&refinements=p_85%3A8070706051%2Cp_n_condition-type%3A2249602051&rnid=2249601051&rps=1&sprefix=%E3%82%AA%E3%83%AB%E3%83%88%E3%83%95%E3%82%A9%E3%83%B3+%2Caps%2C329&sr=8-82&xpid=ow3nQIrXEF8aF","https://m.media-amazon.com/images/I/61BV2fuzW3L._AC_UL320_.jpg","https://www.amazon.co.jp/%E3%82%AA%E3%83%AB%E3%83%88%E3%83%95%E3%82%A9%E3%83%B3-2M-BLACK%E7%94%A8%E4%BA%A4%E6%8F%9B%E9%87%9D-STYLUS-BLACK/dp/B001OU2MNI/ref=sr_1_82?crid=2E5D17O346HHX&dib=eyJ2IjoiMSJ9.4UM2ZRXej86fqSeNyF69_07ep34TNm2SLXtD97FwMsH_ES1nXFEfn5clqz0IcN6KTh_D4XjI67OQYG-73vKqIZoZZYxQ5LIqSYitgL8VsYhhKc0lngZAg2lPMGf123ByOi9pL4ykStViRQwl0s2eTmzzUXz6YDbP7-Mrdktlg3t510UDVtJqrdL10ufrqHRs5rEmxFL6h78buH-OpOD9Ser4COfqE6AH-iPvPh3A-IwdH0ADbidx18LKcSDfjJXGkKRebYUfEFT9QSlWhQhz7BveF7eFaQ53YW4gXQXIvHg.NpuwY6j532PfUdw7kQtljIeySk49q4f0Qc__p9a27d4&dib_tag=se&keywords=%E3%82%AA%E3%83%AB%E3%83%88%E3%83%95%E3%82%A9%E3%83%B3+%E4%BA%A4%E6%8F%9B%E9%87%9D&qid=1784275270&refinements=p_85%3A8070706051%2Cp_n_condition-type%3A2249602051&rnid=2249601051&rps=1&sprefix=%E3%82%AA%E3%83%AB%E3%83%88%E3%83%95%E3%82%A9%E3%83%B3+%2Caps%2C329&sr=8-82&xpid=ow3nQIrXEF8aF","ortofon Stylus 2M Black オルトフォン 2M Black用 交換針 2M Bronze/2M Black LVB 250と本体互換あり","javascript:void(0)","5つ星のうち4.7","https://www.amazon.co.jp/%E3%82%AA%E3%83%AB%E3%83%88%E3%83%95%E3%82%A9%E3%83%B3-2M-BLACK%E7%94%A8%E4%BA%A4%E6%8F%9B%E9%87%9D-STYLUS-BLACK/dp/B001OU2MNI/ref=sr_1_82?crid=2E5D17O346HHX&dib=eyJ2IjoiMSJ9.4UM2ZRXej86fqSeNyF69_07ep34TNm2SLXtD97FwMsH_ES1nXFEfn5clqz0IcN6KTh_D4XjI67OQYG-73vKqIZoZZYxQ5LIqSYitgL8VsYhhKc0lngZAg2lPMGf123ByOi9pL4ykStViRQwl0s2eTmzzUXz6YDbP7-Mrdktlg3t510UDVtJqrdL10ufrqHRs5rEmxFL6h78buH-OpOD9Ser4COfqE6AH-iPvPh3A-IwdH0ADbidx18LKcSDfjJXGkKRebYUfEFT9QSlWhQhz7BveF7eFaQ53YW4gXQXIvHg.NpuwY6j532PfUdw7kQtljIeySk49q4f0Qc__p9a27d4&dib_tag=se&keywords=%E3%82%AA%E3%83%AB%E3%83%88%E3%83%95%E3%82%A9%E3%83%B3+%E4%BA%A4%E6%8F%9B%E9%87%9D&qid=1784275270&refinements=p_85%3A8070706051%2Cp_n_condition-type%3A2249602051&rnid=2249601051&rps=1&sprefix=%E3%82%AA%E3%83%AB%E3%83%88%E3%83%95%E3%82%A9%E3%83%B3+%2Caps%2C329&sr=8-82&xpid=ow3nQIrXEF8aF#customerReviews","「おすすめ出品」の要件を満たす出品はありません","https://www.amazon.co.jp/gp/offer-listing/B001OU2MNI/ref=sr_1_82_olp?rnid=2249601051&keywords=%E3%82%AA%E3%83%AB%E3%83%88%E3%83%95%E3%82%A9%E3%83%B3+%E4%BA%A4%E6%8F%9B%E9%87%9D&crid=2E5D17O346HHX&sprefix=%E3%82%AA%E3%83%AB%E3%83%88%E3%83%95%E3%82%A9%E3%83%B3+%2Caps%2C329&rps=1&dib_tag=se&xpid=ow3nQIrXEF8aF&dib=eyJ2IjoiMSJ9.4UM2ZRXej86fqSeNyF69_07ep34TNm2SLXtD97FwMsH_ES1nXFEfn5clqz0IcN6KTh_D4XjI67OQYG-73vKqIZoZZYxQ5LIqSYitgL8VsYhhKc0lngZAg2lPMGf123ByOi9pL4ykStViRQwl0s2eTmzzUXz6YDbP7-Mrdktlg3t510UDVtJqrdL10ufrqHRs5rEmxFL6h78buH-OpOD9Ser4COfqE6AH-iPvPh3A-IwdH0ADbidx18LKcSDfjJXGkKRebYUfEFT9QSlWhQhz7BveF7eFaQ53YW4gXQXIvHg.NpuwY6j532PfUdw7kQtljIeySk49q4f0Qc__p9a27d4&qid=1784275270&refinements=p_85%3A8070706051%2Cp_n_condition-type%3A2249602051&sr=8-82","","","","","￥92,400","https://www.amazon.co.jp/%E3%82%AA%E3%83%AB%E3%83%88%E3%83%95%E3%82%A9%E3%83%B3-2M-BLACK%E7%94%A8%E4%BA%A4%E6%8F%9B%E9%87%9D-STYLUS-BLACK/dp/B001OU2MNI/ref=sr_1_82_so_INSTRUMENT_PARTS_AND_ACCESSORIES?crid=2E5D17O346HHX&dib=eyJ2IjoiMSJ9.4UM2ZRXej86fqSeNyF69_07ep34TNm2SLXtD97FwMsH_ES1nXFEfn5clqz0IcN6KTh_D4XjI67OQYG-73vKqIZoZZYxQ5LIqSYitgL8VsYhhKc0lngZAg2lPMGf123ByOi9pL4ykStViRQwl0s2eTmzzUXz6YDbP7-Mrdktlg3t510UDVtJqrdL10ufrqHRs5rEmxFL6h78buH-OpOD9Ser4COfqE6AH-iPvPh3A-IwdH0ADbidx18LKcSDfjJXGkKRebYUfEFT9QSlWhQhz7BveF7eFaQ53YW4gXQXIvHg.NpuwY6j532PfUdw7kQtljIeySk49q4f0Qc__p9a27d4&dib_tag=se&keywords=%E3%82%AA%E3%83%AB%E3%83%88%E3%83%95%E3%82%A9%E3%83%B3+%E4%BA%A4%E6%8F%9B%E9%87%9D&qid=1784275270&refinements=p_85%3A8070706051%2Cp_n_condition-type%3A2249602051&rnid=2249601051&rps=1&sprefix=%E3%82%AA%E3%83%AB%E3%83%88%E3%83%95%E3%82%A9%E3%83%B3+%2Caps%2C329&sr=8-82&xpid=ow3nQIrXEF8aF"
"https://www.amazon.co.jp/%E3%82%AA%E3%83%BC%E3%83%87%E3%82%A3%E3%82%AA%E3%83%86%E3%82%AF%E3%83%8B%E3%82%AB-AT-VM740xML-%E3%82%B9%E3%83%86%E3%83%AC%E3%82%AA%E3%82%AB%E3%83%BC%E3%83%88%E3%83%AA%E3%83%83%E3%82%B8-%E7%84%A1%E5%9E%A2%E3%83%9E%E3%82%A4%E3%82%AF%E3%83%AD%E3%83%AA%E3%83%8B%E3%82%A2%E9%87%9D-%E3%82%A2%E3%83%AB%E3%83%9F%E3%83%8B%E3%82%A6%E3%83%A0%E3%83%86%E3%83%BC%E3%83%91%E3%83%BC%E3%83%91%E3%82%A4%E3%83%97%E3%82%AB%E3%83%B3%E3%83%81%E3%83%AC%E3%83%90%E3%83%BC/dp/B0F6YP52TT/ref=sr_1_83?crid=2E5D17O346HHX&dib=eyJ2IjoiMSJ9.4UM2ZRXej86fqSeNyF69_07ep34TNm2SLXtD97FwMsH_ES1nXFEfn5clqz0IcN6KTh_D4XjI67OQYG-73vKqIZoZZYxQ5LIqSYitgL8VsYhhKc0lngZAg2lPMGf123ByOi9pL4ykStViRQwl0s2eTmzzUXz6YDbP7-Mrdktlg3t510UDVtJqrdL10ufrqHRs5rEmxFL6h78buH-OpOD9Ser4COfqE6AH-iPvPh3A-IwdH0ADbidx18LKcSDfjJXGkKRebYUfEFT9QSlWhQhz7BveF7eFaQ53YW4gXQXIvHg.NpuwY6j532PfUdw7kQtljIeySk49q4f0Qc__p9a27d4&dib_tag=se&keywords=%E3%82%AA%E3%83%AB%E3%83%88%E3%83%95%E3%82%A9%E3%83%B3+%E4%BA%A4%E6%8F%9B%E9%87%9D&qid=1784275270&refinements=p_85%3A8070706051%2Cp_n_condition-type%3A2249602051&rnid=2249601051&rps=1&sprefix=%E3%82%AA%E3%83%AB%E3%83%88%E3%83%95%E3%82%A9%E3%83%B3+%2Caps%2C329&sr=8-83&ufe=app_do%3Aamzn1.fos.35785624-70c4-44ae-a5c3-3f044f475d63&xpid=ow3nQIrXEF8aF","https://m.media-amazon.com/images/I/71d7NO7b6WL._AC_UL320_.jpg","https://www.amazon.co.jp/%E3%82%AA%E3%83%BC%E3%83%87%E3%82%A3%E3%82%AA%E3%83%86%E3%82%AF%E3%83%8B%E3%82%AB-AT-VM740xML-%E3%82%B9%E3%83%86%E3%83%AC%E3%82%AA%E3%82%AB%E3%83%BC%E3%83%88%E3%83%AA%E3%83%83%E3%82%B8-%E7%84%A1%E5%9E%A2%E3%83%9E%E3%82%A4%E3%82%AF%E3%83%AD%E3%83%AA%E3%83%8B%E3%82%A2%E9%87%9D-%E3%82%A2%E3%83%AB%E3%83%9F%E3%83%8B%E3%82%A6%E3%83%A0%E3%83%86%E3%83%BC%E3%83%91%E3%83%BC%E3%83%91%E3%82%A4%E3%83%97%E3%82%AB%E3%83%B3%E3%83%81%E3%83%AC%E3%83%90%E3%83%BC/dp/B0F6YP52TT/ref=sr_1_83?crid=2E5D17O346HHX&dib=eyJ2IjoiMSJ9.4UM2ZRXej86fqSeNyF69_07ep34TNm2SLXtD97FwMsH_ES1nXFEfn5clqz0IcN6KTh_D4XjI67OQYG-73vKqIZoZZYxQ5LIqSYitgL8VsYhhKc0lngZAg2lPMGf123ByOi9pL4ykStViRQwl0s2eTmzzUXz6YDbP7-Mrdktlg3t510UDVtJqrdL10ufrqHRs5rEmxFL6h78buH-OpOD9Ser4COfqE6AH-iPvPh3A-IwdH0ADbidx18LKcSDfjJXGkKRebYUfEFT9QSlWhQhz7BveF7eFaQ53YW4gXQXIvHg.NpuwY6j532PfUdw7kQtljIeySk49q4f0Qc__p9a27d4&dib_tag=se&keywords=%E3%82%AA%E3%83%AB%E3%83%88%E3%83%95%E3%82%A9%E3%83%B3+%E4%BA%A4%E6%8F%9B%E9%87%9D&qid=1784275270&refinements=p_85%3A8070706051%2Cp_n_condition-type%3A2249602051&rnid=2249601051&rps=1&sprefix=%E3%82%AA%E3%83%AB%E3%83%88%E3%83%95%E3%82%A9%E3%83%B3+%2Caps%2C329&sr=8-83&ufe=app_do%3Aamzn1.fos.35785624-70c4-44ae-a5c3-3f044f475d63&xpid=ow3nQIrXEF8aF","オーディオテクニカ AT-VM740xML VM型 ステレオカートリッジ AEX 2026 受賞 レコード針 無垢マイクロリニア針 アルミニウムテーパーパイプカンチレバー カートリッジ レコードプレーヤー","javascript:void(0)","5つ星のうち4.6","https://www.amazon.co.jp/%E3%82%AA%E3%83%BC%E3%83%87%E3%82%A3%E3%82%AA%E3%83%86%E3%82%AF%E3%83%8B%E3%82%AB-AT-VM740xML-%E3%82%B9%E3%83%86%E3%83%AC%E3%82%AA%E3%82%AB%E3%83%BC%E3%83%88%E3%83%AA%E3%83%83%E3%82%B8-%E7%84%A1%E5%9E%A2%E3%83%9E%E3%82%A4%E3%82%AF%E3%83%AD%E3%83%AA%E3%83%8B%E3%82%A2%E9%87%9D-%E3%82%A2%E3%83%AB%E3%83%9F%E3%83%8B%E3%82%A6%E3%83%A0%E3%83%86%E3%83%BC%E3%83%91%E3%83%BC%E3%83%91%E3%82%A4%E3%83%97%E3%82%AB%E3%83%B3%E3%83%81%E3%83%AC%E3%83%90%E3%83%BC/dp/B0F6YP52TT/ref=sr_1_83?crid=2E5D17O346HHX&dib=eyJ2IjoiMSJ9.4UM2ZRXej86fqSeNyF69_07ep34TNm2SLXtD97FwMsH_ES1nXFEfn5clqz0IcN6KTh_D4XjI67OQYG-73vKqIZoZZYxQ5LIqSYitgL8VsYhhKc0lngZAg2lPMGf123ByOi9pL4ykStViRQwl0s2eTmzzUXz6YDbP7-Mrdktlg3t510UDVtJqrdL10ufrqHRs5rEmxFL6h78buH-OpOD9Ser4COfqE6AH-iPvPh3A-IwdH0ADbidx18LKcSDfjJXGkKRebYUfEFT9QSlWhQhz7BveF7eFaQ53YW4gXQXIvHg.NpuwY6j532PfUdw7kQtljIeySk49q4f0Qc__p9a27d4&dib_tag=se&keywords=%E3%82%AA%E3%83%AB%E3%83%88%E3%83%95%E3%82%A9%E3%83%B3+%E4%BA%A4%E6%8F%9B%E9%87%9D&qid=1784275270&refinements=p_85%3A8070706051%2Cp_n_condition-type%3A2249602051&rnid=2249601051&rps=1&sprefix=%E3%82%AA%E3%83%AB%E3%83%88%E3%83%95%E3%82%A9%E3%83%B3+%2Caps%2C329&sr=8-83&ufe=app_do%3Aamzn1.fos.35785624-70c4-44ae-a5c3-3f044f475d63&xpid=ow3nQIrXEF8aF#customerReviews","3960ポイント(10%)","https://www.amazon.co.jp/%E3%82%AA%E3%83%BC%E3%83%87%E3%82%A3%E3%82%AA%E3%83%86%E3%82%AF%E3%83%8B%E3%82%AB-AT-VM740xML-%E3%82%B9%E3%83%86%E3%83%AC%E3%82%AA%E3%82%AB%E3%83%BC%E3%83%88%E3%83%AA%E3%83%83%E3%82%B8-%E7%84%A1%E5%9E%A2%E3%83%9E%E3%82%A4%E3%82%AF%E3%83%AD%E3%83%AA%E3%83%8B%E3%82%A2%E9%87%9D-%E3%82%A2%E3%83%AB%E3%83%9F%E3%83%8B%E3%82%A6%E3%83%A0%E3%83%86%E3%83%BC%E3%83%91%E3%83%BC%E3%83%91%E3%82%A4%E3%83%97%E3%82%AB%E3%83%B3%E3%83%81%E3%83%AC%E3%83%90%E3%83%BC/dp/B0F6YP52TT/ref=sr_1_83?crid=2E5D17O346HHX&dib=eyJ2IjoiMSJ9.4UM2ZRXej86fqSeNyF69_07ep34TNm2SLXtD97FwMsH_ES1nXFEfn5clqz0IcN6KTh_D4XjI67OQYG-73vKqIZoZZYxQ5LIqSYitgL8VsYhhKc0lngZAg2lPMGf123ByOi9pL4ykStViRQwl0s2eTmzzUXz6YDbP7-Mrdktlg3t510UDVtJqrdL10ufrqHRs5rEmxFL6h78buH-OpOD9Ser4COfqE6AH-iPvPh3A-IwdH0ADbidx18LKcSDfjJXGkKRebYUfEFT9QSlWhQhz7BveF7eFaQ53YW4gXQXIvHg.NpuwY6j532PfUdw7kQtljIeySk49q4f0Qc__p9a27d4&dib_tag=se&keywords=%E3%82%AA%E3%83%AB%E3%83%88%E3%83%95%E3%82%A9%E3%83%B3+%E4%BA%A4%E6%8F%9B%E9%87%9D&qid=1784275270&refinements=p_85%3A8070706051%2Cp_n_condition-type%3A2249602051&rnid=2249601051&rps=1&sprefix=%E3%82%AA%E3%83%AB%E3%83%88%E3%83%95%E3%82%A9%E3%83%B3+%2Caps%2C329&sr=8-83&ufe=app_do%3Aamzn1.fos.35785624-70c4-44ae-a5c3-3f044f475d63&xpid=ow3nQIrXEF8aF","","￥39,600","￥","39,600","",""
"https://www.amazon.co.jp/VNL-TRIX-Premounted-MM%E3%82%AB%E3%83%BC%E3%83%88%E3%83%AA%E3%83%83%E3%82%B8-%E3%83%98%E3%83%83%E3%83%89%E3%82%B7%E3%82%A7%E3%83%AB%E5%8F%96%E4%BB%98%E6%B8%88%E3%81%BF/dp/B0FTZ9P54M/ref=sr_1_84?crid=2E5D17O346HHX&dib=eyJ2IjoiMSJ9.4UM2ZRXej86fqSeNyF69_07ep34TNm2SLXtD97FwMsH_ES1nXFEfn5clqz0IcN6KTh_D4XjI67OQYG-73vKqIZoZZYxQ5LIqSYitgL8VsYhhKc0lngZAg2lPMGf123ByOi9pL4ykStViRQwl0s2eTmzzUXz6YDbP7-Mrdktlg3t510UDVtJqrdL10ufrqHRs5rEmxFL6h78buH-OpOD9Ser4COfqE6AH-iPvPh3A-IwdH0ADbidx18LKcSDfjJXGkKRebYUfEFT9QSlWhQhz7BveF7eFaQ53YW4gXQXIvHg.NpuwY6j532PfUdw7kQtljIeySk49q4f0Qc__p9a27d4&dib_tag=se&keywords=%E3%82%AA%E3%83%AB%E3%83%88%E3%83%95%E3%82%A9%E3%83%B3+%E4%BA%A4%E6%8F%9B%E9%87%9D&qid=1784275270&refinements=p_85%3A8070706051%2Cp_n_condition-type%3A2249602051&rnid=2249601051&rps=1&sprefix=%E3%82%AA%E3%83%AB%E3%83%88%E3%83%95%E3%82%A9%E3%83%B3+%2Caps%2C329&sr=8-84&xpid=ow3nQIrXEF8aF","https://m.media-amazon.com/images/I/614l0kzu4wL._AC_UL320_.jpg","https://www.amazon.co.jp/VNL-TRIX-Premounted-MM%E3%82%AB%E3%83%BC%E3%83%88%E3%83%AA%E3%83%83%E3%82%B8-%E3%83%98%E3%83%83%E3%83%89%E3%82%B7%E3%82%A7%E3%83%AB%E5%8F%96%E4%BB%98%E6%B8%88%E3%81%BF/dp/B0FTZ9P54M/ref=sr_1_84?crid=2E5D17O346HHX&dib=eyJ2IjoiMSJ9.4UM2ZRXej86fqSeNyF69_07ep34TNm2SLXtD97FwMsH_ES1nXFEfn5clqz0IcN6KTh_D4XjI67OQYG-73vKqIZoZZYxQ5LIqSYitgL8VsYhhKc0lngZAg2lPMGf123ByOi9pL4ykStViRQwl0s2eTmzzUXz6YDbP7-Mrdktlg3t510UDVtJqrdL10ufrqHRs5rEmxFL6h78buH-OpOD9Ser4COfqE6AH-iPvPh3A-IwdH0ADbidx18LKcSDfjJXGkKRebYUfEFT9QSlWhQhz7BveF7eFaQ53YW4gXQXIvHg.NpuwY6j532PfUdw7kQtljIeySk49q4f0Qc__p9a27d4&dib_tag=se&keywords=%E3%82%AA%E3%83%AB%E3%83%88%E3%83%95%E3%82%A9%E3%83%B3+%E4%BA%A4%E6%8F%9B%E9%87%9D&qid=1784275270&refinements=p_85%3A8070706051%2Cp_n_condition-type%3A2249602051&rnid=2249601051&rps=1&sprefix=%E3%82%AA%E3%83%AB%E3%83%88%E3%83%95%E3%82%A9%E3%83%B3+%2Caps%2C329&sr=8-84&xpid=ow3nQIrXEF8aF","ortofon VNL TRIX Premounted on SH-2 オルトフォン MMカートリッジ ステレオ 10mV 高出力 ヘッドシェル取付済み 丸針 DJプレイ/リスニング兼用","javascript:void(0)","5つ星のうち1.0","https://www.amazon.co.jp/VNL-TRIX-Premounted-MM%E3%82%AB%E3%83%BC%E3%83%88%E3%83%AA%E3%83%83%E3%82%B8-%E3%83%98%E3%83%83%E3%83%89%E3%82%B7%E3%82%A7%E3%83%AB%E5%8F%96%E4%BB%98%E6%B8%88%E3%81%BF/dp/B0FTZ9P54M/ref=sr_1_84?crid=2E5D17O346HHX&dib=eyJ2IjoiMSJ9.4UM2ZRXej86fqSeNyF69_07ep34TNm2SLXtD97FwMsH_ES1nXFEfn5clqz0IcN6KTh_D4XjI67OQYG-73vKqIZoZZYxQ5LIqSYitgL8VsYhhKc0lngZAg2lPMGf123ByOi9pL4ykStViRQwl0s2eTmzzUXz6YDbP7-Mrdktlg3t510UDVtJqrdL10ufrqHRs5rEmxFL6h78buH-OpOD9Ser4COfqE6AH-iPvPh3A-IwdH0ADbidx18LKcSDfjJXGkKRebYUfEFT9QSlWhQhz7BveF7eFaQ53YW4gXQXIvHg.NpuwY6j532PfUdw7kQtljIeySk49q4f0Qc__p9a27d4&dib_tag=se&keywords=%E3%82%AA%E3%83%AB%E3%83%88%E3%83%95%E3%82%A9%E3%83%B3+%E4%BA%A4%E6%8F%9B%E9%87%9D&qid=1784275270&refinements=p_85%3A8070706051%2Cp_n_condition-type%3A2249602051&rnid=2249601051&rps=1&sprefix=%E3%82%AA%E3%83%AB%E3%83%88%E3%83%95%E3%82%A9%E3%83%B3+%2Caps%2C329&sr=8-84&xpid=ow3nQIrXEF8aF#customerReviews","「おすすめ出品」の要件を満たす出品はありません","https://www.amazon.co.jp/gp/offer-listing/B0FTZ9P54M/ref=sr_1_84_olp?rnid=2249601051&keywords=%E3%82%AA%E3%83%AB%E3%83%88%E3%83%95%E3%82%A9%E3%83%B3+%E4%BA%A4%E6%8F%9B%E9%87%9D&crid=2E5D17O346HHX&sprefix=%E3%82%AA%E3%83%AB%E3%83%88%E3%83%95%E3%82%A9%E3%83%B3+%2Caps%2C329&rps=1&dib_tag=se&xpid=ow3nQIrXEF8aF&dib=eyJ2IjoiMSJ9.4UM2ZRXej86fqSeNyF69_07ep34TNm2SLXtD97FwMsH_ES1nXFEfn5clqz0IcN6KTh_D4XjI67OQYG-73vKqIZoZZYxQ5LIqSYitgL8VsYhhKc0lngZAg2lPMGf123ByOi9pL4ykStViRQwl0s2eTmzzUXz6YDbP7-Mrdktlg3t510UDVtJqrdL10ufrqHRs5rEmxFL6h78buH-OpOD9Ser4COfqE6AH-iPvPh3A-IwdH0ADbidx18LKcSDfjJXGkKRebYUfEFT9QSlWhQhz7BveF7eFaQ53YW4gXQXIvHg.NpuwY6j532PfUdw7kQtljIeySk49q4f0Qc__p9a27d4&qid=1784275270&refinements=p_85%3A8070706051%2Cp_n_condition-type%3A2249602051&sr=8-84","","","","","￥24,970","https://www.amazon.co.jp/VNL-TRIX-Premounted-MM%E3%82%AB%E3%83%BC%E3%83%88%E3%83%AA%E3%83%83%E3%82%B8-%E3%83%98%E3%83%83%E3%83%89%E3%82%B7%E3%82%A7%E3%83%AB%E5%8F%96%E4%BB%98%E6%B8%88%E3%81%BF/dp/B0FTZ9P54M/ref=sr_1_84_so_TURNTABLE?crid=2E5D17O346HHX&dib=eyJ2IjoiMSJ9.4UM2ZRXej86fqSeNyF69_07ep34TNm2SLXtD97FwMsH_ES1nXFEfn5clqz0IcN6KTh_D4XjI67OQYG-73vKqIZoZZYxQ5LIqSYitgL8VsYhhKc0lngZAg2lPMGf123ByOi9pL4ykStViRQwl0s2eTmzzUXz6YDbP7-Mrdktlg3t510UDVtJqrdL10ufrqHRs5rEmxFL6h78buH-OpOD9Ser4COfqE6AH-iPvPh3A-IwdH0ADbidx18LKcSDfjJXGkKRebYUfEFT9QSlWhQhz7BveF7eFaQ53YW4gXQXIvHg.NpuwY6j532PfUdw7kQtljIeySk49q4f0Qc__p9a27d4&dib_tag=se&keywords=%E3%82%AA%E3%83%AB%E3%83%88%E3%83%95%E3%82%A9%E3%83%B3+%E4%BA%A4%E6%8F%9B%E9%87%9D&qid=1784275270&refinements=p_85%3A8070706051%2Cp_n_condition-type%3A2249602051&rnid=2249601051&rps=1&sprefix=%E3%82%AA%E3%83%AB%E3%83%88%E3%83%95%E3%82%A9%E3%83%B3+%2Caps%2C329&sr=8-84&xpid=ow3nQIrXEF8aF"
"https://www.amazon.co.jp/DFsucces-%E3%83%AC%E3%82%B3%E3%83%BC%E3%83%89%E9%87%9D-4%E5%80%8B%E3%82%BB%E3%83%83%E3%83%88-%E3%83%AC%E3%82%B3%E3%83%BC%E3%83%89%E3%83%97%E3%83%AC%E3%83%BC%E3%83%A4%E3%83%BC%E9%87%9D-%E4%BA%A4%E6%8F%9B%E7%94%A8%E3%83%AC%E3%82%B3%E3%83%BC%E3%83%89%E9%87%9D/dp/B0FR4NNYS3/ref=sr_1_85?crid=2E5D17O346HHX&dib=eyJ2IjoiMSJ9.4UM2ZRXej86fqSeNyF69_07ep34TNm2SLXtD97FwMsH_ES1nXFEfn5clqz0IcN6KTh_D4XjI67OQYG-73vKqIZoZZYxQ5LIqSYitgL8VsYhhKc0lngZAg2lPMGf123ByOi9pL4ykStViRQwl0s2eTmzzUXz6YDbP7-Mrdktlg3t510UDVtJqrdL10ufrqHRs5rEmxFL6h78buH-OpOD9Ser4COfqE6AH-iPvPh3A-IwdH0ADbidx18LKcSDfjJXGkKRebYUfEFT9QSlWhQhz7BveF7eFaQ53YW4gXQXIvHg.NpuwY6j532PfUdw7kQtljIeySk49q4f0Qc__p9a27d4&dib_tag=se&keywords=%E3%82%AA%E3%83%AB%E3%83%88%E3%83%95%E3%82%A9%E3%83%B3+%E4%BA%A4%E6%8F%9B%E9%87%9D&qid=1784275270&refinements=p_85%3A8070706051%2Cp_n_condition-type%3A2249602051&rnid=2249601051&rps=1&sprefix=%E3%82%AA%E3%83%AB%E3%83%88%E3%83%95%E3%82%A9%E3%83%B3+%2Caps%2C329&sr=8-85&ufe=app_do%3Aamzn1.fos.35785624-70c4-44ae-a5c3-3f044f475d63&xpid=ow3nQIrXEF8aF","https://m.media-amazon.com/images/I/61g6k0KoE-L._AC_UL320_.jpg","https://www.amazon.co.jp/DFsucces-%E3%83%AC%E3%82%B3%E3%83%BC%E3%83%89%E9%87%9D-4%E5%80%8B%E3%82%BB%E3%83%83%E3%83%88-%E3%83%AC%E3%82%B3%E3%83%BC%E3%83%89%E3%83%97%E3%83%AC%E3%83%BC%E3%83%A4%E3%83%BC%E9%87%9D-%E4%BA%A4%E6%8F%9B%E7%94%A8%E3%83%AC%E3%82%B3%E3%83%BC%E3%83%89%E9%87%9D/dp/B0FR4NNYS3/ref=sr_1_85?crid=2E5D17O346HHX&dib=eyJ2IjoiMSJ9.4UM2ZRXej86fqSeNyF69_07ep34TNm2SLXtD97FwMsH_ES1nXFEfn5clqz0IcN6KTh_D4XjI67OQYG-73vKqIZoZZYxQ5LIqSYitgL8VsYhhKc0lngZAg2lPMGf123ByOi9pL4ykStViRQwl0s2eTmzzUXz6YDbP7-Mrdktlg3t510UDVtJqrdL10ufrqHRs5rEmxFL6h78buH-OpOD9Ser4COfqE6AH-iPvPh3A-IwdH0ADbidx18LKcSDfjJXGkKRebYUfEFT9QSlWhQhz7BveF7eFaQ53YW4gXQXIvHg.NpuwY6j532PfUdw7kQtljIeySk49q4f0Qc__p9a27d4&dib_tag=se&keywords=%E3%82%AA%E3%83%AB%E3%83%88%E3%83%95%E3%82%A9%E3%83%B3+%E4%BA%A4%E6%8F%9B%E9%87%9D&qid=1784275270&refinements=p_85%3A8070706051%2Cp_n_condition-type%3A2249602051&rnid=2249601051&rps=1&sprefix=%E3%82%AA%E3%83%AB%E3%83%88%E3%83%95%E3%82%A9%E3%83%B3+%2Caps%2C329&sr=8-85&ufe=app_do%3Aamzn1.fos.35785624-70c4-44ae-a5c3-3f044f475d63&xpid=ow3nQIrXEF8aF","DFsucces LP レコード針 4個セット 錐形 レコードプレーヤー針 蓄音機 交換用レコード針 交換部品 (赤)","javascript:void(0)","5つ星のうち4.5","https://www.amazon.co.jp/DFsucces-%E3%83%AC%E3%82%B3%E3%83%BC%E3%83%89%E9%87%9D-4%E5%80%8B%E3%82%BB%E3%83%83%E3%83%88-%E3%83%AC%E3%82%B3%E3%83%BC%E3%83%89%E3%83%97%E3%83%AC%E3%83%BC%E3%83%A4%E3%83%BC%E9%87%9D-%E4%BA%A4%E6%8F%9B%E7%94%A8%E3%83%AC%E3%82%B3%E3%83%BC%E3%83%89%E9%87%9D/dp/B0FR4NNYS3/ref=sr_1_85?crid=2E5D17O346HHX&dib=eyJ2IjoiMSJ9.4UM2ZRXej86fqSeNyF69_07ep34TNm2SLXtD97FwMsH_ES1nXFEfn5clqz0IcN6KTh_D4XjI67OQYG-73vKqIZoZZYxQ5LIqSYitgL8VsYhhKc0lngZAg2lPMGf123ByOi9pL4ykStViRQwl0s2eTmzzUXz6YDbP7-Mrdktlg3t510UDVtJqrdL10ufrqHRs5rEmxFL6h78buH-OpOD9Ser4COfqE6AH-iPvPh3A-IwdH0ADbidx18LKcSDfjJXGkKRebYUfEFT9QSlWhQhz7BveF7eFaQ53YW4gXQXIvHg.NpuwY6j532PfUdw7kQtljIeySk49q4f0Qc__p9a27d4&dib_tag=se&keywords=%E3%82%AA%E3%83%AB%E3%83%88%E3%83%95%E3%82%A9%E3%83%B3+%E4%BA%A4%E6%8F%9B%E9%87%9D&qid=1784275270&refinements=p_85%3A8070706051%2Cp_n_condition-type%3A2249602051&rnid=2249601051&rps=1&sprefix=%E3%82%AA%E3%83%AB%E3%83%88%E3%83%95%E3%82%A9%E3%83%B3+%2Caps%2C329&sr=8-85&ufe=app_do%3Aamzn1.fos.35785624-70c4-44ae-a5c3-3f044f475d63&xpid=ow3nQIrXEF8aF#customerReviews","残り2点 ご注文はお早めに","https://www.amazon.co.jp/DFsucces-%E3%83%AC%E3%82%B3%E3%83%BC%E3%83%89%E9%87%9D-4%E5%80%8B%E3%82%BB%E3%83%83%E3%83%88-%E3%83%AC%E3%82%B3%E3%83%BC%E3%83%89%E3%83%97%E3%83%AC%E3%83%BC%E3%83%A4%E3%83%BC%E9%87%9D-%E4%BA%A4%E6%8F%9B%E7%94%A8%E3%83%AC%E3%82%B3%E3%83%BC%E3%83%89%E9%87%9D/dp/B0FR4NNYS3/ref=sr_1_85?crid=2E5D17O346HHX&dib=eyJ2IjoiMSJ9.4UM2ZRXej86fqSeNyF69_07ep34TNm2SLXtD97FwMsH_ES1nXFEfn5clqz0IcN6KTh_D4XjI67OQYG-73vKqIZoZZYxQ5LIqSYitgL8VsYhhKc0lngZAg2lPMGf123ByOi9pL4ykStViRQwl0s2eTmzzUXz6YDbP7-Mrdktlg3t510UDVtJqrdL10ufrqHRs5rEmxFL6h78buH-OpOD9Ser4COfqE6AH-iPvPh3A-IwdH0ADbidx18LKcSDfjJXGkKRebYUfEFT9QSlWhQhz7BveF7eFaQ53YW4gXQXIvHg.NpuwY6j532PfUdw7kQtljIeySk49q4f0Qc__p9a27d4&dib_tag=se&keywords=%E3%82%AA%E3%83%AB%E3%83%88%E3%83%95%E3%82%A9%E3%83%B3+%E4%BA%A4%E6%8F%9B%E9%87%9D&qid=1784275270&refinements=p_85%3A8070706051%2Cp_n_condition-type%3A2249602051&rnid=2249601051&rps=1&sprefix=%E3%82%AA%E3%83%AB%E3%83%88%E3%83%95%E3%82%A9%E3%83%B3+%2Caps%2C329&sr=8-85&ufe=app_do%3Aamzn1.fos.35785624-70c4-44ae-a5c3-3f044f475d63&xpid=ow3nQIrXEF8aF","","￥660","￥","660","",""
"https://www.amazon.co.jp/2M-Bronze-Premounted-MM%E3%82%AB%E3%83%BC%E3%83%88%E3%83%AA%E3%83%83%E3%82%B8-SH-4Black%E3%83%98%E3%83%83%E3%83%89%E3%82%B7%E3%82%A7%E3%83%AB%E5%8F%96%E4%BB%98%E6%B8%88%E3%81%BF/dp/B0C44QP8XK/ref=sr_1_86?crid=2E5D17O346HHX&dib=eyJ2IjoiMSJ9.4UM2ZRXej86fqSeNyF69_07ep34TNm2SLXtD97FwMsH_ES1nXFEfn5clqz0IcN6KTh_D4XjI67OQYG-73vKqIZoZZYxQ5LIqSYitgL8VsYhhKc0lngZAg2lPMGf123ByOi9pL4ykStViRQwl0s2eTmzzUXz6YDbP7-Mrdktlg3t510UDVtJqrdL10ufrqHRs5rEmxFL6h78buH-OpOD9Ser4COfqE6AH-iPvPh3A-IwdH0ADbidx18LKcSDfjJXGkKRebYUfEFT9QSlWhQhz7BveF7eFaQ53YW4gXQXIvHg.NpuwY6j532PfUdw7kQtljIeySk49q4f0Qc__p9a27d4&dib_tag=se&keywords=%E3%82%AA%E3%83%AB%E3%83%88%E3%83%95%E3%82%A9%E3%83%B3+%E4%BA%A4%E6%8F%9B%E9%87%9D&qid=1784275270&refinements=p_85%3A8070706051%2Cp_n_condition-type%3A2249602051&rnid=2249601051&rps=1&sprefix=%E3%82%AA%E3%83%AB%E3%83%88%E3%83%95%E3%82%A9%E3%83%B3+%2Caps%2C329&sr=8-86&xpid=ow3nQIrXEF8aF","https://m.media-amazon.com/images/I/51Ts1At4z+L._AC_UL320_.jpg","https://www.amazon.co.jp/2M-Bronze-Premounted-MM%E3%82%AB%E3%83%BC%E3%83%88%E3%83%AA%E3%83%83%E3%82%B8-SH-4Black%E3%83%98%E3%83%83%E3%83%89%E3%82%B7%E3%82%A7%E3%83%AB%E5%8F%96%E4%BB%98%E6%B8%88%E3%81%BF/dp/B0C44QP8XK/ref=sr_1_86?crid=2E5D17O346HHX&dib=eyJ2IjoiMSJ9.4UM2ZRXej86fqSeNyF69_07ep34TNm2SLXtD97FwMsH_ES1nXFEfn5clqz0IcN6KTh_D4XjI67OQYG-73vKqIZoZZYxQ5LIqSYitgL8VsYhhKc0lngZAg2lPMGf123ByOi9pL4ykStViRQwl0s2eTmzzUXz6YDbP7-Mrdktlg3t510UDVtJqrdL10ufrqHRs5rEmxFL6h78buH-OpOD9Ser4COfqE6AH-iPvPh3A-IwdH0ADbidx18LKcSDfjJXGkKRebYUfEFT9QSlWhQhz7BveF7eFaQ53YW4gXQXIvHg.NpuwY6j532PfUdw7kQtljIeySk49q4f0Qc__p9a27d4&dib_tag=se&keywords=%E3%82%AA%E3%83%AB%E3%83%88%E3%83%95%E3%82%A9%E3%83%B3+%E4%BA%A4%E6%8F%9B%E9%87%9D&qid=1784275270&refinements=p_85%3A8070706051%2Cp_n_condition-type%3A2249602051&rnid=2249601051&rps=1&sprefix=%E3%82%AA%E3%83%AB%E3%83%88%E3%83%95%E3%82%A9%E3%83%B3+%2Caps%2C329&sr=8-86&xpid=ow3nQIrXEF8aF","ortofon 2M Bronze Premounted オルトフォン MMカートリッジ ステレオ SH-4Blackヘッドシェル取付済み 無垢ファインライン針 リスニング専用","javascript:void(0)","5つ星のうち4.8","https://www.amazon.co.jp/2M-Bronze-Premounted-MM%E3%82%AB%E3%83%BC%E3%83%88%E3%83%AA%E3%83%83%E3%82%B8-SH-4Black%E3%83%98%E3%83%83%E3%83%89%E3%82%B7%E3%82%A7%E3%83%AB%E5%8F%96%E4%BB%98%E6%B8%88%E3%81%BF/dp/B0C44QP8XK/ref=sr_1_86?crid=2E5D17O346HHX&dib=eyJ2IjoiMSJ9.4UM2ZRXej86fqSeNyF69_07ep34TNm2SLXtD97FwMsH_ES1nXFEfn5clqz0IcN6KTh_D4XjI67OQYG-73vKqIZoZZYxQ5LIqSYitgL8VsYhhKc0lngZAg2lPMGf123ByOi9pL4ykStViRQwl0s2eTmzzUXz6YDbP7-Mrdktlg3t510UDVtJqrdL10ufrqHRs5rEmxFL6h78buH-OpOD9Ser4COfqE6AH-iPvPh3A-IwdH0ADbidx18LKcSDfjJXGkKRebYUfEFT9QSlWhQhz7BveF7eFaQ53YW4gXQXIvHg.NpuwY6j532PfUdw7kQtljIeySk49q4f0Qc__p9a27d4&dib_tag=se&keywords=%E3%82%AA%E3%83%AB%E3%83%88%E3%83%95%E3%82%A9%E3%83%B3+%E4%BA%A4%E6%8F%9B%E9%87%9D&qid=1784275270&refinements=p_85%3A8070706051%2Cp_n_condition-type%3A2249602051&rnid=2249601051&rps=1&sprefix=%E3%82%AA%E3%83%AB%E3%83%88%E3%83%95%E3%82%A9%E3%83%B3+%2Caps%2C329&sr=8-86&xpid=ow3nQIrXEF8aF#customerReviews","「おすすめ出品」の要件を満たす出品はありません","https://www.amazon.co.jp/gp/offer-listing/B0C44QP8XK/ref=sr_1_86_olp?rnid=2249601051&keywords=%E3%82%AA%E3%83%AB%E3%83%88%E3%83%95%E3%82%A9%E3%83%B3+%E4%BA%A4%E6%8F%9B%E9%87%9D&crid=2E5D17O346HHX&sprefix=%E3%82%AA%E3%83%AB%E3%83%88%E3%83%95%E3%82%A9%E3%83%B3+%2Caps%2C329&rps=1&dib_tag=se&xpid=ow3nQIrXEF8aF&dib=eyJ2IjoiMSJ9.4UM2ZRXej86fqSeNyF69_07ep34TNm2SLXtD97FwMsH_ES1nXFEfn5clqz0IcN6KTh_D4XjI67OQYG-73vKqIZoZZYxQ5LIqSYitgL8VsYhhKc0lngZAg2lPMGf123ByOi9pL4ykStViRQwl0s2eTmzzUXz6YDbP7-Mrdktlg3t510UDVtJqrdL10ufrqHRs5rEmxFL6h78buH-OpOD9Ser4COfqE6AH-iPvPh3A-IwdH0ADbidx18LKcSDfjJXGkKRebYUfEFT9QSlWhQhz7BveF7eFaQ53YW4gXQXIvHg.NpuwY6j532PfUdw7kQtljIeySk49q4f0Qc__p9a27d4&qid=1784275270&refinements=p_85%3A8070706051%2Cp_n_condition-type%3A2249602051&sr=8-86","","","","","￥84,700","https://www.amazon.co.jp/2M-Bronze-Premounted-MM%E3%82%AB%E3%83%BC%E3%83%88%E3%83%AA%E3%83%83%E3%82%B8-SH-4Black%E3%83%98%E3%83%83%E3%83%89%E3%82%B7%E3%82%A7%E3%83%AB%E5%8F%96%E4%BB%98%E6%B8%88%E3%81%BF/dp/B0C44QP8XK/ref=sr_1_86_so_TURNTABLE?crid=2E5D17O346HHX&dib=eyJ2IjoiMSJ9.4UM2ZRXej86fqSeNyF69_07ep34TNm2SLXtD97FwMsH_ES1nXFEfn5clqz0IcN6KTh_D4XjI67OQYG-73vKqIZoZZYxQ5LIqSYitgL8VsYhhKc0lngZAg2lPMGf123ByOi9pL4ykStViRQwl0s2eTmzzUXz6YDbP7-Mrdktlg3t510UDVtJqrdL10ufrqHRs5rEmxFL6h78buH-OpOD9Ser4COfqE6AH-iPvPh3A-IwdH0ADbidx18LKcSDfjJXGkKRebYUfEFT9QSlWhQhz7BveF7eFaQ53YW4gXQXIvHg.NpuwY6j532PfUdw7kQtljIeySk49q4f0Qc__p9a27d4&dib_tag=se&keywords=%E3%82%AA%E3%83%AB%E3%83%88%E3%83%95%E3%82%A9%E3%83%B3+%E4%BA%A4%E6%8F%9B%E9%87%9D&qid=1784275270&refinements=p_85%3A8070706051%2Cp_n_condition-type%3A2249602051&rnid=2249601051&rps=1&sprefix=%E3%82%AA%E3%83%AB%E3%83%88%E3%83%95%E3%82%A9%E3%83%B3+%2Caps%2C329&sr=8-86&xpid=ow3nQIrXEF8aF"
"https://www.amazon.co.jp/%E3%83%8A%E3%82%AC%E3%82%AA%E3%82%AB-JNP100-JN-P100-MP-100%E3%82%AB%E3%83%BC%E3%83%88%E3%83%AA%E3%83%83%E3%82%B8%E7%94%A8%E4%BA%A4%E6%8F%9B%E9%87%9D/dp/B005LBSFMS/ref=sr_1_87?crid=2E5D17O346HHX&dib=eyJ2IjoiMSJ9.4UM2ZRXej86fqSeNyF69_07ep34TNm2SLXtD97FwMsH_ES1nXFEfn5clqz0IcN6KTh_D4XjI67OQYG-73vKqIZoZZYxQ5LIqSYitgL8VsYhhKc0lngZAg2lPMGf123ByOi9pL4ykStViRQwl0s2eTmzzUXz6YDbP7-Mrdktlg3t510UDVtJqrdL10ufrqHRs5rEmxFL6h78buH-OpOD9Ser4COfqE6AH-iPvPh3A-IwdH0ADbidx18LKcSDfjJXGkKRebYUfEFT9QSlWhQhz7BveF7eFaQ53YW4gXQXIvHg.NpuwY6j532PfUdw7kQtljIeySk49q4f0Qc__p9a27d4&dib_tag=se&keywords=%E3%82%AA%E3%83%AB%E3%83%88%E3%83%95%E3%82%A9%E3%83%B3+%E4%BA%A4%E6%8F%9B%E9%87%9D&qid=1784275270&refinements=p_85%3A8070706051%2Cp_n_condition-type%3A2249602051&rnid=2249601051&rps=1&sprefix=%E3%82%AA%E3%83%AB%E3%83%88%E3%83%95%E3%82%A9%E3%83%B3+%2Caps%2C329&sr=8-87&xpid=ow3nQIrXEF8aF","https://m.media-amazon.com/images/I/61F+3cRqGUL._AC_UL320_.jpg","https://www.amazon.co.jp/%E3%83%8A%E3%82%AC%E3%82%AA%E3%82%AB-JNP100-JN-P100-MP-100%E3%82%AB%E3%83%BC%E3%83%88%E3%83%AA%E3%83%83%E3%82%B8%E7%94%A8%E4%BA%A4%E6%8F%9B%E9%87%9D/dp/B005LBSFMS/ref=sr_1_87?crid=2E5D17O346HHX&dib=eyJ2IjoiMSJ9.4UM2ZRXej86fqSeNyF69_07ep34TNm2SLXtD97FwMsH_ES1nXFEfn5clqz0IcN6KTh_D4XjI67OQYG-73vKqIZoZZYxQ5LIqSYitgL8VsYhhKc0lngZAg2lPMGf123ByOi9pL4ykStViRQwl0s2eTmzzUXz6YDbP7-Mrdktlg3t510UDVtJqrdL10ufrqHRs5rEmxFL6h78buH-OpOD9Ser4COfqE6AH-iPvPh3A-IwdH0ADbidx18LKcSDfjJXGkKRebYUfEFT9QSlWhQhz7BveF7eFaQ53YW4gXQXIvHg.NpuwY6j532PfUdw7kQtljIeySk49q4f0Qc__p9a27d4&dib_tag=se&keywords=%E3%82%AA%E3%83%AB%E3%83%88%E3%83%95%E3%82%A9%E3%83%B3+%E4%BA%A4%E6%8F%9B%E9%87%9D&qid=1784275270&refinements=p_85%3A8070706051%2Cp_n_condition-type%3A2249602051&rnid=2249601051&rps=1&sprefix=%E3%82%AA%E3%83%AB%E3%83%88%E3%83%95%E3%82%A9%E3%83%B3+%2Caps%2C329&sr=8-87&xpid=ow3nQIrXEF8aF","NAGAOKA JN-P100 MP-100カートリッジ用交換針","javascript:void(0)","5つ星のうち4.1","https://www.amazon.co.jp/%E3%83%8A%E3%82%AC%E3%82%AA%E3%82%AB-JNP100-JN-P100-MP-100%E3%82%AB%E3%83%BC%E3%83%88%E3%83%AA%E3%83%83%E3%82%B8%E7%94%A8%E4%BA%A4%E6%8F%9B%E9%87%9D/dp/B005LBSFMS/ref=sr_1_87?crid=2E5D17O346HHX&dib=eyJ2IjoiMSJ9.4UM2ZRXej86fqSeNyF69_07ep34TNm2SLXtD97FwMsH_ES1nXFEfn5clqz0IcN6KTh_D4XjI67OQYG-73vKqIZoZZYxQ5LIqSYitgL8VsYhhKc0lngZAg2lPMGf123ByOi9pL4ykStViRQwl0s2eTmzzUXz6YDbP7-Mrdktlg3t510UDVtJqrdL10ufrqHRs5rEmxFL6h78buH-OpOD9Ser4COfqE6AH-iPvPh3A-IwdH0ADbidx18LKcSDfjJXGkKRebYUfEFT9QSlWhQhz7BveF7eFaQ53YW4gXQXIvHg.NpuwY6j532PfUdw7kQtljIeySk49q4f0Qc__p9a27d4&dib_tag=se&keywords=%E3%82%AA%E3%83%AB%E3%83%88%E3%83%95%E3%82%A9%E3%83%B3+%E4%BA%A4%E6%8F%9B%E9%87%9D&qid=1784275270&refinements=p_85%3A8070706051%2Cp_n_condition-type%3A2249602051&rnid=2249601051&rps=1&sprefix=%E3%82%AA%E3%83%AB%E3%83%88%E3%83%95%E3%82%A9%E3%83%B3+%2Caps%2C329&sr=8-87&xpid=ow3nQIrXEF8aF#customerReviews","「おすすめ出品」の要件を満たす出品はありません","https://www.amazon.co.jp/gp/offer-listing/B005LBSFMS/ref=sr_1_87_olp?rnid=2249601051&keywords=%E3%82%AA%E3%83%AB%E3%83%88%E3%83%95%E3%82%A9%E3%83%B3+%E4%BA%A4%E6%8F%9B%E9%87%9D&crid=2E5D17O346HHX&sprefix=%E3%82%AA%E3%83%AB%E3%83%88%E3%83%95%E3%82%A9%E3%83%B3+%2Caps%2C329&rps=1&dib_tag=se&xpid=ow3nQIrXEF8aF&dib=eyJ2IjoiMSJ9.4UM2ZRXej86fqSeNyF69_07ep34TNm2SLXtD97FwMsH_ES1nXFEfn5clqz0IcN6KTh_D4XjI67OQYG-73vKqIZoZZYxQ5LIqSYitgL8VsYhhKc0lngZAg2lPMGf123ByOi9pL4ykStViRQwl0s2eTmzzUXz6YDbP7-Mrdktlg3t510UDVtJqrdL10ufrqHRs5rEmxFL6h78buH-OpOD9Ser4COfqE6AH-iPvPh3A-IwdH0ADbidx18LKcSDfjJXGkKRebYUfEFT9QSlWhQhz7BveF7eFaQ53YW4gXQXIvHg.NpuwY6j532PfUdw7kQtljIeySk49q4f0Qc__p9a27d4&qid=1784275270&refinements=p_85%3A8070706051%2Cp_n_condition-type%3A2249602051&sr=8-87","","","","","￥5,940","https://www.amazon.co.jp/%E3%83%8A%E3%82%AC%E3%82%AA%E3%82%AB-JNP100-JN-P100-MP-100%E3%82%AB%E3%83%BC%E3%83%88%E3%83%AA%E3%83%83%E3%82%B8%E7%94%A8%E4%BA%A4%E6%8F%9B%E9%87%9D/dp/B005LBSFMS/ref=sr_1_87_so_INPUT_PEN?crid=2E5D17O346HHX&dib=eyJ2IjoiMSJ9.4UM2ZRXej86fqSeNyF69_07ep34TNm2SLXtD97FwMsH_ES1nXFEfn5clqz0IcN6KTh_D4XjI67OQYG-73vKqIZoZZYxQ5LIqSYitgL8VsYhhKc0lngZAg2lPMGf123ByOi9pL4ykStViRQwl0s2eTmzzUXz6YDbP7-Mrdktlg3t510UDVtJqrdL10ufrqHRs5rEmxFL6h78buH-OpOD9Ser4COfqE6AH-iPvPh3A-IwdH0ADbidx18LKcSDfjJXGkKRebYUfEFT9QSlWhQhz7BveF7eFaQ53YW4gXQXIvHg.NpuwY6j532PfUdw7kQtljIeySk49q4f0Qc__p9a27d4&dib_tag=se&keywords=%E3%82%AA%E3%83%AB%E3%83%88%E3%83%95%E3%82%A9%E3%83%B3+%E4%BA%A4%E6%8F%9B%E9%87%9D&qid=1784275270&refinements=p_85%3A8070706051%2Cp_n_condition-type%3A2249602051&rnid=2249601051&rps=1&sprefix=%E3%82%AA%E3%83%AB%E3%83%88%E3%83%95%E3%82%A9%E3%83%B3+%2Caps%2C329&sr=8-87&xpid=ow3nQIrXEF8aF"
"https://www.amazon.co.jp/Stylus-Concorde-Music-Black-Music%E3%82%B7%E3%83%AA%E3%83%BC%E3%82%BA%E5%85%A8%E3%83%A2%E3%83%87%E3%83%AB%E3%81%A8%E6%9C%AC%E4%BD%93%E4%BA%92%E6%8F%9B%E3%81%82%E3%82%8A/dp/B0D2Y6N4TP/ref=sr_1_88?crid=2E5D17O346HHX&dib=eyJ2IjoiMSJ9.4UM2ZRXej86fqSeNyF69_07ep34TNm2SLXtD97FwMsH_ES1nXFEfn5clqz0IcN6KTh_D4XjI67OQYG-73vKqIZoZZYxQ5LIqSYitgL8VsYhhKc0lngZAg2lPMGf123ByOi9pL4ykStViRQwl0s2eTmzzUXz6YDbP7-Mrdktlg3t510UDVtJqrdL10ufrqHRs5rEmxFL6h78buH-OpOD9Ser4COfqE6AH-iPvPh3A-IwdH0ADbidx18LKcSDfjJXGkKRebYUfEFT9QSlWhQhz7BveF7eFaQ53YW4gXQXIvHg.NpuwY6j532PfUdw7kQtljIeySk49q4f0Qc__p9a27d4&dib_tag=se&keywords=%E3%82%AA%E3%83%AB%E3%83%88%E3%83%95%E3%82%A9%E3%83%B3+%E4%BA%A4%E6%8F%9B%E9%87%9D&qid=1784275270&refinements=p_85%3A8070706051%2Cp_n_condition-type%3A2249602051&rnid=2249601051&rps=1&sprefix=%E3%82%AA%E3%83%AB%E3%83%88%E3%83%95%E3%82%A9%E3%83%B3+%2Caps%2C329&sr=8-88&xpid=ow3nQIrXEF8aF","https://m.media-amazon.com/images/I/51LCJAxEU1L._AC_UL320_.jpg","https://www.amazon.co.jp/Stylus-Concorde-Music-Black-Music%E3%82%B7%E3%83%AA%E3%83%BC%E3%82%BA%E5%85%A8%E3%83%A2%E3%83%87%E3%83%AB%E3%81%A8%E6%9C%AC%E4%BD%93%E4%BA%92%E6%8F%9B%E3%81%82%E3%82%8A/dp/B0D2Y6N4TP/ref=sr_1_88?crid=2E5D17O346HHX&dib=eyJ2IjoiMSJ9.4UM2ZRXej86fqSeNyF69_07ep34TNm2SLXtD97FwMsH_ES1nXFEfn5clqz0IcN6KTh_D4XjI67OQYG-73vKqIZoZZYxQ5LIqSYitgL8VsYhhKc0lngZAg2lPMGf123ByOi9pL4ykStViRQwl0s2eTmzzUXz6YDbP7-Mrdktlg3t510UDVtJqrdL10ufrqHRs5rEmxFL6h78buH-OpOD9Ser4COfqE6AH-iPvPh3A-IwdH0ADbidx18LKcSDfjJXGkKRebYUfEFT9QSlWhQhz7BveF7eFaQ53YW4gXQXIvHg.NpuwY6j532PfUdw7kQtljIeySk49q4f0Qc__p9a27d4&dib_tag=se&keywords=%E3%82%AA%E3%83%AB%E3%83%88%E3%83%95%E3%82%A9%E3%83%B3+%E4%BA%A4%E6%8F%9B%E9%87%9D&qid=1784275270&refinements=p_85%3A8070706051%2Cp_n_condition-type%3A2249602051&rnid=2249601051&rps=1&sprefix=%E3%82%AA%E3%83%AB%E3%83%88%E3%83%95%E3%82%A9%E3%83%B3+%2Caps%2C329&sr=8-88&xpid=ow3nQIrXEF8aF","ortofon Stylus Concorde Music Black オルトフォン Concorde Music Black用 交換針 Concorde Musicシリーズ全モデルと本体互換あり","javascript:void(0)","5つ星のうち4.6","https://www.amazon.co.jp/Stylus-Concorde-Music-Black-Music%E3%82%B7%E3%83%AA%E3%83%BC%E3%82%BA%E5%85%A8%E3%83%A2%E3%83%87%E3%83%AB%E3%81%A8%E6%9C%AC%E4%BD%93%E4%BA%92%E6%8F%9B%E3%81%82%E3%82%8A/dp/B0D2Y6N4TP/ref=sr_1_88?crid=2E5D17O346HHX&dib=eyJ2IjoiMSJ9.4UM2ZRXej86fqSeNyF69_07ep34TNm2SLXtD97FwMsH_ES1nXFEfn5clqz0IcN6KTh_D4XjI67OQYG-73vKqIZoZZYxQ5LIqSYitgL8VsYhhKc0lngZAg2lPMGf123ByOi9pL4ykStViRQwl0s2eTmzzUXz6YDbP7-Mrdktlg3t510UDVtJqrdL10ufrqHRs5rEmxFL6h78buH-OpOD9Ser4COfqE6AH-iPvPh3A-IwdH0ADbidx18LKcSDfjJXGkKRebYUfEFT9QSlWhQhz7BveF7eFaQ53YW4gXQXIvHg.NpuwY6j532PfUdw7kQtljIeySk49q4f0Qc__p9a27d4&dib_tag=se&keywords=%E3%82%AA%E3%83%AB%E3%83%88%E3%83%95%E3%82%A9%E3%83%B3+%E4%BA%A4%E6%8F%9B%E9%87%9D&qid=1784275270&refinements=p_85%3A8070706051%2Cp_n_condition-type%3A2249602051&rnid=2249601051&rps=1&sprefix=%E3%82%AA%E3%83%AB%E3%83%88%E3%83%95%E3%82%A9%E3%83%B3+%2Caps%2C329&sr=8-88&xpid=ow3nQIrXEF8aF#customerReviews","「おすすめ出品」の要件を満たす出品はありません","https://www.amazon.co.jp/gp/offer-listing/B0D2Y6N4TP/ref=sr_1_88_olp?rnid=2249601051&keywords=%E3%82%AA%E3%83%AB%E3%83%88%E3%83%95%E3%82%A9%E3%83%B3+%E4%BA%A4%E6%8F%9B%E9%87%9D&crid=2E5D17O346HHX&sprefix=%E3%82%AA%E3%83%AB%E3%83%88%E3%83%95%E3%82%A9%E3%83%B3+%2Caps%2C329&rps=1&dib_tag=se&xpid=ow3nQIrXEF8aF&dib=eyJ2IjoiMSJ9.4UM2ZRXej86fqSeNyF69_07ep34TNm2SLXtD97FwMsH_ES1nXFEfn5clqz0IcN6KTh_D4XjI67OQYG-73vKqIZoZZYxQ5LIqSYitgL8VsYhhKc0lngZAg2lPMGf123ByOi9pL4ykStViRQwl0s2eTmzzUXz6YDbP7-Mrdktlg3t510UDVtJqrdL10ufrqHRs5rEmxFL6h78buH-OpOD9Ser4COfqE6AH-iPvPh3A-IwdH0ADbidx18LKcSDfjJXGkKRebYUfEFT9QSlWhQhz7BveF7eFaQ53YW4gXQXIvHg.NpuwY6j532PfUdw7kQtljIeySk49q4f0Qc__p9a27d4&qid=1784275270&refinements=p_85%3A8070706051%2Cp_n_condition-type%3A2249602051&sr=8-88","","","","","￥95,700","https://www.amazon.co.jp/Stylus-Concorde-Music-Black-Music%E3%82%B7%E3%83%AA%E3%83%BC%E3%82%BA%E5%85%A8%E3%83%A2%E3%83%87%E3%83%AB%E3%81%A8%E6%9C%AC%E4%BD%93%E4%BA%92%E6%8F%9B%E3%81%82%E3%82%8A/dp/B0D2Y6N4TP/ref=sr_1_88_so_TURNTABLE?crid=2E5D17O346HHX&dib=eyJ2IjoiMSJ9.4UM2ZRXej86fqSeNyF69_07ep34TNm2SLXtD97FwMsH_ES1nXFEfn5clqz0IcN6KTh_D4XjI67OQYG-73vKqIZoZZYxQ5LIqSYitgL8VsYhhKc0lngZAg2lPMGf123ByOi9pL4ykStViRQwl0s2eTmzzUXz6YDbP7-Mrdktlg3t510UDVtJqrdL10ufrqHRs5rEmxFL6h78buH-OpOD9Ser4COfqE6AH-iPvPh3A-IwdH0ADbidx18LKcSDfjJXGkKRebYUfEFT9QSlWhQhz7BveF7eFaQ53YW4gXQXIvHg.NpuwY6j532PfUdw7kQtljIeySk49q4f0Qc__p9a27d4&dib_tag=se&keywords=%E3%82%AA%E3%83%AB%E3%83%88%E3%83%95%E3%82%A9%E3%83%B3+%E4%BA%A4%E6%8F%9B%E9%87%9D&qid=1784275270&refinements=p_85%3A8070706051%2Cp_n_condition-type%3A2249602051&rnid=2249601051&rps=1&sprefix=%E3%82%AA%E3%83%AB%E3%83%88%E3%83%95%E3%82%A9%E3%83%B3+%2Caps%2C329&sr=8-88&xpid=ow3nQIrXEF8aF"
"https://www.amazon.co.jp/Concorde-Music-Blue-MM%E3%82%AB%E3%83%BC%E3%83%88%E3%83%AA%E3%83%83%E3%82%B8-%E3%83%98%E3%83%83%E3%83%89%E3%82%B7%E3%82%A7%E3%83%AB%E4%B8%80%E4%BD%93%E5%9E%8B/dp/B0D2WCNT5M/ref=sr_1_89?crid=2E5D17O346HHX&dib=eyJ2IjoiMSJ9.4UM2ZRXej86fqSeNyF69_07ep34TNm2SLXtD97FwMsH_ES1nXFEfn5clqz0IcN6KTh_D4XjI67OQYG-73vKqIZoZZYxQ5LIqSYitgL8VsYhhKc0lngZAg2lPMGf123ByOi9pL4ykStViRQwl0s2eTmzzUXz6YDbP7-Mrdktlg3t510UDVtJqrdL10ufrqHRs5rEmxFL6h78buH-OpOD9Ser4COfqE6AH-iPvPh3A-IwdH0ADbidx18LKcSDfjJXGkKRebYUfEFT9QSlWhQhz7BveF7eFaQ53YW4gXQXIvHg.NpuwY6j532PfUdw7kQtljIeySk49q4f0Qc__p9a27d4&dib_tag=se&keywords=%E3%82%AA%E3%83%AB%E3%83%88%E3%83%95%E3%82%A9%E3%83%B3+%E4%BA%A4%E6%8F%9B%E9%87%9D&qid=1784275270&refinements=p_85%3A8070706051%2Cp_n_condition-type%3A2249602051&rnid=2249601051&rps=1&sprefix=%E3%82%AA%E3%83%AB%E3%83%88%E3%83%95%E3%82%A9%E3%83%B3+%2Caps%2C329&sr=8-89&xpid=ow3nQIrXEF8aF","https://m.media-amazon.com/images/I/51O6KYChB9L._AC_UL320_.jpg","https://www.amazon.co.jp/Concorde-Music-Blue-MM%E3%82%AB%E3%83%BC%E3%83%88%E3%83%AA%E3%83%83%E3%82%B8-%E3%83%98%E3%83%83%E3%83%89%E3%82%B7%E3%82%A7%E3%83%AB%E4%B8%80%E4%BD%93%E5%9E%8B/dp/B0D2WCNT5M/ref=sr_1_89?crid=2E5D17O346HHX&dib=eyJ2IjoiMSJ9.4UM2ZRXej86fqSeNyF69_07ep34TNm2SLXtD97FwMsH_ES1nXFEfn5clqz0IcN6KTh_D4XjI67OQYG-73vKqIZoZZYxQ5LIqSYitgL8VsYhhKc0lngZAg2lPMGf123ByOi9pL4ykStViRQwl0s2eTmzzUXz6YDbP7-Mrdktlg3t510UDVtJqrdL10ufrqHRs5rEmxFL6h78buH-OpOD9Ser4COfqE6AH-iPvPh3A-IwdH0ADbidx18LKcSDfjJXGkKRebYUfEFT9QSlWhQhz7BveF7eFaQ53YW4gXQXIvHg.NpuwY6j532PfUdw7kQtljIeySk49q4f0Qc__p9a27d4&dib_tag=se&keywords=%E3%82%AA%E3%83%AB%E3%83%88%E3%83%95%E3%82%A9%E3%83%B3+%E4%BA%A4%E6%8F%9B%E9%87%9D&qid=1784275270&refinements=p_85%3A8070706051%2Cp_n_condition-type%3A2249602051&rnid=2249601051&rps=1&sprefix=%E3%82%AA%E3%83%AB%E3%83%88%E3%83%95%E3%82%A9%E3%83%B3+%2Caps%2C329&sr=8-89&xpid=ow3nQIrXEF8aF","ortofon Concorde Music Blue オルトフォン MMカートリッジ ステレオ ヘッドシェル一体型 無垢楕円針 リスニング専用","javascript:void(0)","5つ星のうち4.8","https://www.amazon.co.jp/Concorde-Music-Blue-MM%E3%82%AB%E3%83%BC%E3%83%88%E3%83%AA%E3%83%83%E3%82%B8-%E3%83%98%E3%83%83%E3%83%89%E3%82%B7%E3%82%A7%E3%83%AB%E4%B8%80%E4%BD%93%E5%9E%8B/dp/B0D2WCNT5M/ref=sr_1_89?crid=2E5D17O346HHX&dib=eyJ2IjoiMSJ9.4UM2ZRXej86fqSeNyF69_07ep34TNm2SLXtD97FwMsH_ES1nXFEfn5clqz0IcN6KTh_D4XjI67OQYG-73vKqIZoZZYxQ5LIqSYitgL8VsYhhKc0lngZAg2lPMGf123ByOi9pL4ykStViRQwl0s2eTmzzUXz6YDbP7-Mrdktlg3t510UDVtJqrdL10ufrqHRs5rEmxFL6h78buH-OpOD9Ser4COfqE6AH-iPvPh3A-IwdH0ADbidx18LKcSDfjJXGkKRebYUfEFT9QSlWhQhz7BveF7eFaQ53YW4gXQXIvHg.NpuwY6j532PfUdw7kQtljIeySk49q4f0Qc__p9a27d4&dib_tag=se&keywords=%E3%82%AA%E3%83%AB%E3%83%88%E3%83%95%E3%82%A9%E3%83%B3+%E4%BA%A4%E6%8F%9B%E9%87%9D&qid=1784275270&refinements=p_85%3A8070706051%2Cp_n_condition-type%3A2249602051&rnid=2249601051&rps=1&sprefix=%E3%82%AA%E3%83%AB%E3%83%88%E3%83%95%E3%82%A9%E3%83%B3+%2Caps%2C329&sr=8-89&xpid=ow3nQIrXEF8aF#customerReviews","「おすすめ出品」の要件を満たす出品はありません","https://www.amazon.co.jp/gp/offer-listing/B0D2WCNT5M/ref=sr_1_89_olp?rnid=2249601051&keywords=%E3%82%AA%E3%83%AB%E3%83%88%E3%83%95%E3%82%A9%E3%83%B3+%E4%BA%A4%E6%8F%9B%E9%87%9D&crid=2E5D17O346HHX&sprefix=%E3%82%AA%E3%83%AB%E3%83%88%E3%83%95%E3%82%A9%E3%83%B3+%2Caps%2C329&rps=1&dib_tag=se&xpid=ow3nQIrXEF8aF&dib=eyJ2IjoiMSJ9.4UM2ZRXej86fqSeNyF69_07ep34TNm2SLXtD97FwMsH_ES1nXFEfn5clqz0IcN6KTh_D4XjI67OQYG-73vKqIZoZZYxQ5LIqSYitgL8VsYhhKc0lngZAg2lPMGf123ByOi9pL4ykStViRQwl0s2eTmzzUXz6YDbP7-Mrdktlg3t510UDVtJqrdL10ufrqHRs5rEmxFL6h78buH-OpOD9Ser4COfqE6AH-iPvPh3A-IwdH0ADbidx18LKcSDfjJXGkKRebYUfEFT9QSlWhQhz7BveF7eFaQ53YW4gXQXIvHg.NpuwY6j532PfUdw7kQtljIeySk49q4f0Qc__p9a27d4&qid=1784275270&refinements=p_85%3A8070706051%2Cp_n_condition-type%3A2249602051&sr=8-89","","","","","￥47,609","https://www.amazon.co.jp/Concorde-Music-Blue-MM%E3%82%AB%E3%83%BC%E3%83%88%E3%83%AA%E3%83%83%E3%82%B8-%E3%83%98%E3%83%83%E3%83%89%E3%82%B7%E3%82%A7%E3%83%AB%E4%B8%80%E4%BD%93%E5%9E%8B/dp/B0D2WCNT5M/ref=sr_1_89_so_TURNTABLE?crid=2E5D17O346HHX&dib=eyJ2IjoiMSJ9.4UM2ZRXej86fqSeNyF69_07ep34TNm2SLXtD97FwMsH_ES1nXFEfn5clqz0IcN6KTh_D4XjI67OQYG-73vKqIZoZZYxQ5LIqSYitgL8VsYhhKc0lngZAg2lPMGf123ByOi9pL4ykStViRQwl0s2eTmzzUXz6YDbP7-Mrdktlg3t510UDVtJqrdL10ufrqHRs5rEmxFL6h78buH-OpOD9Ser4COfqE6AH-iPvPh3A-IwdH0ADbidx18LKcSDfjJXGkKRebYUfEFT9QSlWhQhz7BveF7eFaQ53YW4gXQXIvHg.NpuwY6j532PfUdw7kQtljIeySk49q4f0Qc__p9a27d4&dib_tag=se&keywords=%E3%82%AA%E3%83%AB%E3%83%88%E3%83%95%E3%82%A9%E3%83%B3+%E4%BA%A4%E6%8F%9B%E9%87%9D&qid=1784275270&refinements=p_85%3A8070706051%2Cp_n_condition-type%3A2249602051&rnid=2249601051&rps=1&sprefix=%E3%82%AA%E3%83%AB%E3%83%88%E3%83%95%E3%82%A9%E3%83%B3+%2Caps%2C329&sr=8-89&xpid=ow3nQIrXEF8aF"
"https://www.amazon.co.jp/Concorde-Music-Black-MM%E3%82%AB%E3%83%BC%E3%83%88%E3%83%AA%E3%83%83%E3%82%B8-%E3%83%98%E3%83%83%E3%83%89%E3%82%B7%E3%82%A7%E3%83%AB%E4%B8%80%E4%BD%93%E5%9E%8B/dp/B0D2WBC6Q7/ref=sr_1_90?crid=2E5D17O346HHX&dib=eyJ2IjoiMSJ9.4UM2ZRXej86fqSeNyF69_07ep34TNm2SLXtD97FwMsH_ES1nXFEfn5clqz0IcN6KTh_D4XjI67OQYG-73vKqIZoZZYxQ5LIqSYitgL8VsYhhKc0lngZAg2lPMGf123ByOi9pL4ykStViRQwl0s2eTmzzUXz6YDbP7-Mrdktlg3t510UDVtJqrdL10ufrqHRs5rEmxFL6h78buH-OpOD9Ser4COfqE6AH-iPvPh3A-IwdH0ADbidx18LKcSDfjJXGkKRebYUfEFT9QSlWhQhz7BveF7eFaQ53YW4gXQXIvHg.NpuwY6j532PfUdw7kQtljIeySk49q4f0Qc__p9a27d4&dib_tag=se&keywords=%E3%82%AA%E3%83%AB%E3%83%88%E3%83%95%E3%82%A9%E3%83%B3+%E4%BA%A4%E6%8F%9B%E9%87%9D&qid=1784275270&refinements=p_85%3A8070706051%2Cp_n_condition-type%3A2249602051&rnid=2249601051&rps=1&sprefix=%E3%82%AA%E3%83%AB%E3%83%88%E3%83%95%E3%82%A9%E3%83%B3+%2Caps%2C329&sr=8-90&xpid=ow3nQIrXEF8aF","https://m.media-amazon.com/images/I/51Q17lyvtYL._AC_UL320_.jpg","https://www.amazon.co.jp/Concorde-Music-Black-MM%E3%82%AB%E3%83%BC%E3%83%88%E3%83%AA%E3%83%83%E3%82%B8-%E3%83%98%E3%83%83%E3%83%89%E3%82%B7%E3%82%A7%E3%83%AB%E4%B8%80%E4%BD%93%E5%9E%8B/dp/B0D2WBC6Q7/ref=sr_1_90?crid=2E5D17O346HHX&dib=eyJ2IjoiMSJ9.4UM2ZRXej86fqSeNyF69_07ep34TNm2SLXtD97FwMsH_ES1nXFEfn5clqz0IcN6KTh_D4XjI67OQYG-73vKqIZoZZYxQ5LIqSYitgL8VsYhhKc0lngZAg2lPMGf123ByOi9pL4ykStViRQwl0s2eTmzzUXz6YDbP7-Mrdktlg3t510UDVtJqrdL10ufrqHRs5rEmxFL6h78buH-OpOD9Ser4COfqE6AH-iPvPh3A-IwdH0ADbidx18LKcSDfjJXGkKRebYUfEFT9QSlWhQhz7BveF7eFaQ53YW4gXQXIvHg.NpuwY6j532PfUdw7kQtljIeySk49q4f0Qc__p9a27d4&dib_tag=se&keywords=%E3%82%AA%E3%83%AB%E3%83%88%E3%83%95%E3%82%A9%E3%83%B3+%E4%BA%A4%E6%8F%9B%E9%87%9D&qid=1784275270&refinements=p_85%3A8070706051%2Cp_n_condition-type%3A2249602051&rnid=2249601051&rps=1&sprefix=%E3%82%AA%E3%83%AB%E3%83%88%E3%83%95%E3%82%A9%E3%83%B3+%2Caps%2C329&sr=8-90&xpid=ow3nQIrXEF8aF","ortofon Concorde Music Black オルトフォン MMカートリッジ ステレオ ヘッドシェル一体型 無垢シバタ針 リスニング専用","javascript:void(0)","5つ星のうち5.0","https://www.amazon.co.jp/Concorde-Music-Black-MM%E3%82%AB%E3%83%BC%E3%83%88%E3%83%AA%E3%83%83%E3%82%B8-%E3%83%98%E3%83%83%E3%83%89%E3%82%B7%E3%82%A7%E3%83%AB%E4%B8%80%E4%BD%93%E5%9E%8B/dp/B0D2WBC6Q7/ref=sr_1_90?crid=2E5D17O346HHX&dib=eyJ2IjoiMSJ9.4UM2ZRXej86fqSeNyF69_07ep34TNm2SLXtD97FwMsH_ES1nXFEfn5clqz0IcN6KTh_D4XjI67OQYG-73vKqIZoZZYxQ5LIqSYitgL8VsYhhKc0lngZAg2lPMGf123ByOi9pL4ykStViRQwl0s2eTmzzUXz6YDbP7-Mrdktlg3t510UDVtJqrdL10ufrqHRs5rEmxFL6h78buH-OpOD9Ser4COfqE6AH-iPvPh3A-IwdH0ADbidx18LKcSDfjJXGkKRebYUfEFT9QSlWhQhz7BveF7eFaQ53YW4gXQXIvHg.NpuwY6j532PfUdw7kQtljIeySk49q4f0Qc__p9a27d4&dib_tag=se&keywords=%E3%82%AA%E3%83%AB%E3%83%88%E3%83%95%E3%82%A9%E3%83%B3+%E4%BA%A4%E6%8F%9B%E9%87%9D&qid=1784275270&refinements=p_85%3A8070706051%2Cp_n_condition-type%3A2249602051&rnid=2249601051&rps=1&sprefix=%E3%82%AA%E3%83%AB%E3%83%88%E3%83%95%E3%82%A9%E3%83%B3+%2Caps%2C329&sr=8-90&xpid=ow3nQIrXEF8aF#customerReviews","「おすすめ出品」の要件を満たす出品はありません","https://www.amazon.co.jp/gp/offer-listing/B0D2WBC6Q7/ref=sr_1_90_olp?rnid=2249601051&keywords=%E3%82%AA%E3%83%AB%E3%83%88%E3%83%95%E3%82%A9%E3%83%B3+%E4%BA%A4%E6%8F%9B%E9%87%9D&crid=2E5D17O346HHX&sprefix=%E3%82%AA%E3%83%AB%E3%83%88%E3%83%95%E3%82%A9%E3%83%B3+%2Caps%2C329&rps=1&dib_tag=se&xpid=ow3nQIrXEF8aF&dib=eyJ2IjoiMSJ9.4UM2ZRXej86fqSeNyF69_07ep34TNm2SLXtD97FwMsH_ES1nXFEfn5clqz0IcN6KTh_D4XjI67OQYG-73vKqIZoZZYxQ5LIqSYitgL8VsYhhKc0lngZAg2lPMGf123ByOi9pL4ykStViRQwl0s2eTmzzUXz6YDbP7-Mrdktlg3t510UDVtJqrdL10ufrqHRs5rEmxFL6h78buH-OpOD9Ser4COfqE6AH-iPvPh3A-IwdH0ADbidx18LKcSDfjJXGkKRebYUfEFT9QSlWhQhz7BveF7eFaQ53YW4gXQXIvHg.NpuwY6j532PfUdw7kQtljIeySk49q4f0Qc__p9a27d4&qid=1784275270&refinements=p_85%3A8070706051%2Cp_n_condition-type%3A2249602051&sr=8-90","","","","","￥115,500","https://www.amazon.co.jp/Concorde-Music-Black-MM%E3%82%AB%E3%83%BC%E3%83%88%E3%83%AA%E3%83%83%E3%82%B8-%E3%83%98%E3%83%83%E3%83%89%E3%82%B7%E3%82%A7%E3%83%AB%E4%B8%80%E4%BD%93%E5%9E%8B/dp/B0D2WBC6Q7/ref=sr_1_90_so_TURNTABLE?crid=2E5D17O346HHX&dib=eyJ2IjoiMSJ9.4UM2ZRXej86fqSeNyF69_07ep34TNm2SLXtD97FwMsH_ES1nXFEfn5clqz0IcN6KTh_D4XjI67OQYG-73vKqIZoZZYxQ5LIqSYitgL8VsYhhKc0lngZAg2lPMGf123ByOi9pL4ykStViRQwl0s2eTmzzUXz6YDbP7-Mrdktlg3t510UDVtJqrdL10ufrqHRs5rEmxFL6h78buH-OpOD9Ser4COfqE6AH-iPvPh3A-IwdH0ADbidx18LKcSDfjJXGkKRebYUfEFT9QSlWhQhz7BveF7eFaQ53YW4gXQXIvHg.NpuwY6j532PfUdw7kQtljIeySk49q4f0Qc__p9a27d4&dib_tag=se&keywords=%E3%82%AA%E3%83%AB%E3%83%88%E3%83%95%E3%82%A9%E3%83%B3+%E4%BA%A4%E6%8F%9B%E9%87%9D&qid=1784275270&refinements=p_85%3A8070706051%2Cp_n_condition-type%3A2249602051&rnid=2249601051&rps=1&sprefix=%E3%82%AA%E3%83%AB%E3%83%88%E3%83%95%E3%82%A9%E3%83%B3+%2Caps%2C329&sr=8-90&xpid=ow3nQIrXEF8aF"
"https://aax-fe.amazon.co.jp/x/c/JIINFuDzOz_i8ij6wrAeUsAAAAGfbxhupgcAAAH2AQBvbm9fdHhuX2JpZDEgICBvbm9fdHhuX2ltcDEgICAMz9tm/clv1c_ek-wwwfWUtbWDdXY36c3uIE9o7UBfZg8VWZk_iJRCSeVD5QEcEBsq6CukcktcmJcbtltzgOkZzlTkJnuu58BPXgi_BSiV9A_LBMi6VC8lEtWWYxmc7SZFQy4pHiyw6Cd-CrZu6Kc682r057GCNhiO9DctL2sgjUqMMW1yDO_6rLMpWr5soRnmNhjaKwgup0mi4ULowgKAKbKVI71NWSCUDj-VO5WJt8WLjJuBhsu49OecIWpFJRUPPDB13HmZYhQr-fxAdJqaP3tX-6b9JI6bqutSjFKCfKCysHOujIDtsdJ0QF81UHAdMY5IX9B4DW-NXCt7ztF0hOo_Hb3jRVLlHbqzeogYsPPNoNsNj0GDuEJRzWMREfo3VNH1nxqLZlzD6UitaiW7TyDkZyCFsgZDBlYNzVO4mx5dacTcDAQUBeHqpmBhX7TN25iCqJwwiQoinI4YfjsB927-KCOti4rejKf7LOQYHHWj02bGVYLx4XG_XUkZL5Md43addF1Xcrb4rvvf816QbK_EoxinYq5RYjGBOeiZOYNxyn0Zw4mFa4xeC-1mats5fr6ercqZFqn8wPeubQ9XA90bQlo1xthaHtjrzPlNLWknpxB1OAUrLvpmThuRtONXFPp-yRzLPWb1WALHdyGWkDJ5mjwMeh8uEMSi9Z18nBP6T1UmWCxoW_PB-q-ZP0t-E737MrFJpL6BZullcRDMLyGHpCgny4qNLv7jDDuIFzyzLF8JLHRz4_auePoi208HF9EsMi0BlRGYqKsK8VqnOfIkzmPkjP6Wug5mheod9E7fIXxRt1Ko86ZjQzo44ROmWxSA06SCQ4M4-SMhbCQ54_bek1lxWDe9JThJ0ljZNfWl3SpHYaAdLVwDQmJUxxHaSlVa8lAKyBjAuadr4LuZRIi04HOuxrT3IMcGgdKUakA-XAFdTo_dhbwSiaQx7QG0FDaYAvb0n2H-D9-2xH_cl-BO0_7C6_Xn5jqKtuHspySydeRIFJzPxsp2YSsCjqYfUPuAauQu8CJ_fcVJULAQYQBvP5tOC2L3KMGNLm8hFx4CYbD6cg/https://www.amazon.co.jp/stores/page/5BC3CCCA-85AF-43B9-BFA2-41AD07764010/?_encoding=UTF8&store_ref=SB_A028061017TWRTGELQL1E-A04051571LPVVAPKD9KU0&pd_rd_plhdr=t&aaxitk=fbca38fbf9ac724c532205763d0b0959&hsa_cr_id=0&lp_asins=B0DBSW77BJ%2CB0F48SVDRP%2CB0F48RWJC1&lp_query=%E3%82%AA%E3%83%AB%E3%83%88%E3%83%95%E3%82%A9%E3%83%B3%20%E4%BA%A4%E6%8F%9B%E9%87%9D&lp_slot=auto-sparkle-hsa-tetris&sdp_ad_group=300003311007164&i=aps&aref=0tNSNFYP7K&ref_=sbx__sbtcd_bkgd&pd_rd_w=HGN6A&content-id=amzn1.sym.20752174-d77e-41da-b23d-04a7a441a1f1%3Aamzn1.sym.20752174-d77e-41da-b23d-04a7a441a1f1&pf_rd_p=20752174-d77e-41da-b23d-04a7a441a1f1&pf_rd_r=CJXDZAX43KQM1J9BX9AB&pd_rd_wg=raD97&pd_rd_r=e2a2b636-d7d8-4fc8-8791-14e32b03fb4c","","https://aax-fe.amazon.co.jp/x/c/JIINFuDzOz_i8ij6wrAeUsAAAAGfbxhupgcAAAH2AQBvbm9fdHhuX2JpZDEgICBvbm9fdHhuX2ltcDEgICAMz9tm/clv1c_ek-wwwfWUtbWDdXY36c3uIE9o7UBfZg8VWZk_iJRCSeVD5QEcEBsq6CukcktcmJcbtltzgOkZzlTkJnuu58BPXgi_BSiV9A_LBMi6VC8lEtWWYxmc7SZFQy4pHiyw6Cd-CrZu6Kc682r057GCNhiO9DctL2sgjUqMMW1yDO_6rLMpWr5soRnmNhjaKwgup0mi4ULowgKAKbKVI71NWSCUDj-VO5WJt8WLjJuBhsu49OecIWpFJRUPPDB13HmZYhQr-fxAdJqaP3tX-6b9JI6bqutSjFKCfKCysHOujIDtsdJ0QF81UHAdMY5IX9B4DW-NXCt7ztF0hOo_Hb3jRVLlHbqzeogYsPPNoNsNj0GDuEJRzWMREfo3VNH1nxqLZlzD6UitaiW7TyDkZyCFsgZDBlYNzVO4mx5dacTcDAQUBeHqpmBhX7TN25iCqJwwiQoinI4YfjsB927-KCOti4rejKf7LOQYHHWj02bGVYLx4XG_XUkZL5Md43addF1Xcrb4rvvf816QbK_EoxinYq5RYjGBOeiZOYNxyn0Zw4mFa4xeC-1mats5fr6ercqZFqn8wPeubQ9XA90bQlo1xthaHtjrzPlNLWknpxB1OAUrLvpmThuRtONXFPp-yRzLPWb1WALHdyGWkDJ5mjwMeh8uEMSi9Z18nBP6T1UmWCxoW_PB-q-ZP0t-E737MrFJpL6BZullcRDMLyGHpCgny4qNLv7jDDuIFzyzLF8JLHRz4_auePoi208HF9EsMi0BlRGYqKsK8VqnOfIkzmPkjP6Wug5mheod9E7fIXxRt1Ko86ZjQzo44ROmWxSA06SCQ4M4-SMhbCQ54_bek1lxWDe9JThJ0ljZNfWl3SpHYaAdLVwDQmJUxxHaSlVa8lAKyBjAuadr4LuZRIi04HOuxrT3IMcGgdKUakA-XAFdTo_dhbwSiaQx7QG0FDaYAvb0n2H-D9-2xH_cl-BO0_7C6_Xn5jqKtuHspySydeRIFJzPxsp2YSsCjqYfUPuAauQu8CJ_fcVJULAQYQBvP5tOC2L3KMGNLm8hFx4CYbD6cg/https://www.amazon.co.jp/gp/aw/d/B0DBSW77BJ/?_encoding=UTF8&pd_rd_plhdr=t&aaxitk=fbca38fbf9ac724c532205763d0b0959&hsa_cr_id=0&qid=1784275299&sr=1-1-521d0c80-755b-4e96-9db8-01d8c227972f&i=aps&aref=0tNSNFYP7K&ref_=sbx__sbtcd_asin_0_bkgd&pd_rd_w=HGN6A&content-id=amzn1.sym.20752174-d77e-41da-b23d-04a7a441a1f1%3Aamzn1.sym.20752174-d77e-41da-b23d-04a7a441a1f1&pf_rd_p=20752174-d77e-41da-b23d-04a7a441a1f1&pf_rd_r=CJXDZAX43KQM1J9BX9AB&pd_rd_wg=raD97&pd_rd_r=e2a2b636-d7d8-4fc8-8791-14e32b03fb4c","","","Previous page","https://aax-fe.amazon.co.jp/x/c/JIINFuDzOz_i8ij6wrAeUsAAAAGfbxhupgcAAAH2AQBvbm9fdHhuX2JpZDEgICBvbm9fdHhuX2ltcDEgICAMz9tm/clv1c_ek-wwwfWUtbWDdXY36c3uIE9o7UBfZg8VWZk_iJRCSeVD5QEcEBsq6CukcktcmJcbtltzgOkZzlTkJnuu58BPXgi_BSiV9A_LBMi6VC8lEtWWYxmc7SZFQy4pHiyw6Cd-CrZu6Kc682r057GCNhiO9DctL2sgjUqMMW1yDO_6rLMpWr5soRnmNhjaKwgup0mi4ULowgKAKbKVI71NWSCUDj-VO5WJt8WLjJuBhsu49OecIWpFJRUPPDB13HmZYhQr-fxAdJqaP3tX-6b9JI6bqutSjFKCfKCysHOujIDtsdJ0QF81UHAdMY5IX9B4DW-NXCt7ztF0hOo_Hb3jRVLlHbqzeogYsPPNoNsNj0GDuEJRzWMREfo3VNH1nxqLZlzD6UitaiW7TyDkZyCFsgZDBlYNzVO4mx5dacTcDAQUBeHqpmBhX7TN25iCqJwwiQoinI4YfjsB927-KCOti4rejKf7LOQYHHWj02bGVYLx4XG_XUkZL5Md43addF1Xcrb4rvvf816QbK_EoxinYq5RYjGBOeiZOYNxyn0Zw4mFa4xeC-1mats5fr6ercqZFqn8wPeubQ9XA90bQlo1xthaHtjrzPlNLWknpxB1OAUrLvpmThuRtONXFPp-yRzLPWb1WALHdyGWkDJ5mjwMeh8uEMSi9Z18nBP6T1UmWCxoW_PB-q-ZP0t-E737MrFJpL6BZullcRDMLyGHpCgny4qNLv7jDDuIFzyzLF8JLHRz4_auePoi208HF9EsMi0BlRGYqKsK8VqnOfIkzmPkjP6Wug5mheod9E7fIXxRt1Ko86ZjQzo44ROmWxSA06SCQ4M4-SMhbCQ54_bek1lxWDe9JThJ0ljZNfWl3SpHYaAdLVwDQmJUxxHaSlVa8lAKyBjAuadr4LuZRIi04HOuxrT3IMcGgdKUakA-XAFdTo_dhbwSiaQx7QG0FDaYAvb0n2H-D9-2xH_cl-BO0_7C6_Xn5jqKtuHspySydeRIFJzPxsp2YSsCjqYfUPuAauQu8CJ_fcVJULAQYQBvP5tOC2L3KMGNLm8hFx4CYbD6cg/https://www.amazon.co.jp/gp/aw/d/B0DBSW77BJ/?_encoding=UTF8&pd_rd_plhdr=t&aaxitk=fbca38fbf9ac724c532205763d0b0959&hsa_cr_id=0&qid=1784275299&sr=1-1-521d0c80-755b-4e96-9db8-01d8c227972f&i=aps&aref=0tNSNFYP7K&ref_=sbx__sbtcd_asin_0_bkgd&pd_rd_w=HGN6A&content-id=amzn1.sym.20752174-d77e-41da-b23d-04a7a441a1f1%3Aamzn1.sym.20752174-d77e-41da-b23d-04a7a441a1f1&pf_rd_p=20752174-d77e-41da-b23d-04a7a441a1f1&pf_rd_r=CJXDZAX43KQM1J9BX9AB&pd_rd_wg=raD97&pd_rd_r=e2a2b636-d7d8-4fc8-8791-14e32b03fb4c","","https://aax-fe.amazon.co.jp/x/c/JIINFuDzOz_i8ij6wrAeUsAAAAGfbxhupgcAAAH2AQBvbm9fdHhuX2JpZDEgICBvbm9fdHhuX2ltcDEgICAMz9tm/clv1c_ek-wwwfWUtbWDdXY36c3uIE9o7UBfZg8VWZk_iJRCSeVD5QEcEBsq6CukcktcmJcbtltzgOkZzlTkJnuu58BPXgi_BSiV9A_LBMi6VC8lEtWWYxmc7SZFQy4pHiyw6Cd-CrZu6Kc682r057GCNhiO9DctL2sgjUqMMW1yDO_6rLMpWr5soRnmNhjaKwgup0mi4ULowgKAKbKVI71NWSCUDj-VO5WJt8WLjJuBhsu49OecIWpFJRUPPDB13HmZYhQr-fxAdJqaP3tX-6b9JI6bqutSjFKCfKCysHOujIDtsdJ0QF81UHAdMY5IX9B4DW-NXCt7ztF0hOo_Hb3jRVLlHbqzeogYsPPNoNsNj0GDuEJRzWMREfo3VNH1nxqLZlzD6UitaiW7TyDkZyCFsgZDBlYNzVO4mx5dacTcDAQUBeHqpmBhX7TN25iCqJwwiQoinI4YfjsB927-KCOti4rejKf7LOQYHHWj02bGVYLx4XG_XUkZL5Md43addF1Xcrb4rvvf816QbK_EoxinYq5RYjGBOeiZOYNxyn0Zw4mFa4xeC-1mats5fr6ercqZFqn8wPeubQ9XA90bQlo1xthaHtjrzPlNLWknpxB1OAUrLvpmThuRtONXFPp-yRzLPWb1WALHdyGWkDJ5mjwMeh8uEMSi9Z18nBP6T1UmWCxoW_PB-q-ZP0t-E737MrFJpL6BZullcRDMLyGHpCgny4qNLv7jDDuIFzyzLF8JLHRz4_auePoi208HF9EsMi0BlRGYqKsK8VqnOfIkzmPkjP6Wug5mheod9E7fIXxRt1Ko86ZjQzo44ROmWxSA06SCQ4M4-SMhbCQ54_bek1lxWDe9JThJ0ljZNfWl3SpHYaAdLVwDQmJUxxHaSlVa8lAKyBjAuadr4LuZRIi04HOuxrT3IMcGgdKUakA-XAFdTo_dhbwSiaQx7QG0FDaYAvb0n2H-D9-2xH_cl-BO0_7C6_Xn5jqKtuHspySydeRIFJzPxsp2YSsCjqYfUPuAauQu8CJ_fcVJULAQYQBvP5tOC2L3KMGNLm8hFx4CYbD6cg/https://www.amazon.co.jp/gp/aw/d/B0F48SVDRP/?_encoding=UTF8&pd_rd_plhdr=t&aaxitk=fbca38fbf9ac724c532205763d0b0959&hsa_cr_id=0&qid=1784275299&sr=1-2-521d0c80-755b-4e96-9db8-01d8c227972f&i=aps&aref=0tNSNFYP7K&ref_=sbx__sbtcd_asin_1_bkgd&pd_rd_w=HGN6A&content-id=amzn1.sym.20752174-d77e-41da-b23d-04a7a441a1f1%3Aamzn1.sym.20752174-d77e-41da-b23d-04a7a441a1f1&pf_rd_p=20752174-d77e-41da-b23d-04a7a441a1f1&pf_rd_r=CJXDZAX43KQM1J9BX9AB&pd_rd_wg=raD97&pd_rd_r=e2a2b636-d7d8-4fc8-8791-14e32b03fb4c","https://aax-fe.amazon.co.jp/x/c/JIINFuDzOz_i8ij6wrAeUsAAAAGfbxhupgcAAAH2AQBvbm9fdHhuX2JpZDEgICBvbm9fdHhuX2ltcDEgICAMz9tm/clv1c_ek-wwwfWUtbWDdXY36c3uIE9o7UBfZg8VWZk_iJRCSeVD5QEcEBsq6CukcktcmJcbtltzgOkZzlTkJnuu58BPXgi_BSiV9A_LBMi6VC8lEtWWYxmc7SZFQy4pHiyw6Cd-CrZu6Kc682r057GCNhiO9DctL2sgjUqMMW1yDO_6rLMpWr5soRnmNhjaKwgup0mi4ULowgKAKbKVI71NWSCUDj-VO5WJt8WLjJuBhsu49OecIWpFJRUPPDB13HmZYhQr-fxAdJqaP3tX-6b9JI6bqutSjFKCfKCysHOujIDtsdJ0QF81UHAdMY5IX9B4DW-NXCt7ztF0hOo_Hb3jRVLlHbqzeogYsPPNoNsNj0GDuEJRzWMREfo3VNH1nxqLZlzD6UitaiW7TyDkZyCFsgZDBlYNzVO4mx5dacTcDAQUBeHqpmBhX7TN25iCqJwwiQoinI4YfjsB927-KCOti4rejKf7LOQYHHWj02bGVYLx4XG_XUkZL5Md43addF1Xcrb4rvvf816QbK_EoxinYq5RYjGBOeiZOYNxyn0Zw4mFa4xeC-1mats5fr6ercqZFqn8wPeubQ9XA90bQlo1xthaHtjrzPlNLWknpxB1OAUrLvpmThuRtONXFPp-yRzLPWb1WALHdyGWkDJ5mjwMeh8uEMSi9Z18nBP6T1UmWCxoW_PB-q-ZP0t-E737MrFJpL6BZullcRDMLyGHpCgny4qNLv7jDDuIFzyzLF8JLHRz4_auePoi208HF9EsMi0BlRGYqKsK8VqnOfIkzmPkjP6Wug5mheod9E7fIXxRt1Ko86ZjQzo44ROmWxSA06SCQ4M4-SMhbCQ54_bek1lxWDe9JThJ0ljZNfWl3SpHYaAdLVwDQmJUxxHaSlVa8lAKyBjAuadr4LuZRIi04HOuxrT3IMcGgdKUakA-XAFdTo_dhbwSiaQx7QG0FDaYAvb0n2H-D9-2xH_cl-BO0_7C6_Xn5jqKtuHspySydeRIFJzPxsp2YSsCjqYfUPuAauQu8CJ_fcVJULAQYQBvP5tOC2L3KMGNLm8hFx4CYbD6cg/https://www.amazon.co.jp/gp/aw/d/B0F48SVDRP/?_encoding=UTF8&pd_rd_plhdr=t&aaxitk=fbca38fbf9ac724c532205763d0b0959&hsa_cr_id=0&qid=1784275299&sr=1-2-521d0c80-755b-4e96-9db8-01d8c227972f&i=aps&aref=0tNSNFYP7K&ref_=sbx__sbtcd_asin_1_bkgd&pd_rd_w=HGN6A&content-id=amzn1.sym.20752174-d77e-41da-b23d-04a7a441a1f1%3Aamzn1.sym.20752174-d77e-41da-b23d-04a7a441a1f1&pf_rd_p=20752174-d77e-41da-b23d-04a7a441a1f1&pf_rd_r=CJXDZAX43KQM1J9BX9AB&pd_rd_wg=raD97&pd_rd_r=e2a2b636-d7d8-4fc8-8791-14e32b03fb4c","￥62,998","￥","62,998","",""
"","","","","","","","その他の購入オプションについては、各商品詳細ページを確認してください。","","","","","","",""
"https://www.amazon.co.jp/sspa/click?ie=UTF8&spc=MToxOTIyNDI2NTE4NDk5OTI3OjE3ODQyNzUyOTk6c3BfYXRmX25leHQ6MzAwMjIxOTQxODYwNzYyOjowOjo&url=%2Fibasenice-%25E3%2582%25BF%25E3%2583%25BC%25E3%2583%25B3%25E3%2583%2586%25E3%2583%25BC%25E3%2583%2596%25E3%2583%25AB%25E4%25BA%25A4%25E6%258F%259B%25E7%2594%25A8%25E3%2582%25B9%25E3%2583%25A9%25E3%2582%25B9%25E9%2587%259D-%25E3%2583%2587%25E3%2583%25A5%25E3%2582%25A2%25E3%2583%25AB%25E3%2582%25B5%25E3%2582%25A4%25E3%2583%2589%25E3%2583%25AC%25E3%2582%25B3%25E3%2583%25BC%25E3%2583%2589%25E9%2587%259D-%25E3%2582%25AB%25E3%2583%25BC%25E3%2583%2588%25E3%2583%25AA%25E3%2583%2583%25E3%2582%25B8%25E5%25AF%25BE%25E5%25BF%259C%25E3%2583%25AC%25E3%2582%25B3%25E3%2583%25BC%25E3%2583%2589%25E3%2583%2597%25E3%2583%25AC%25E3%2583%25BC%25E3%2583%25A4%25E3%2583%25BC%25E7%2594%25A8-%25E3%2582%25B5%25E3%2582%25A6%25E3%2583%25B3%25E3%2583%2589%25E5%25BC%25B7%25E5%258C%2596%25E5%258F%25AF%25E8%2583%25BD%2Fdp%2FB0F87TZ1S1%2Fref%3Dsr_1_97_sspa%3Fcrid%3D2E5D17O346HHX%26keywords%3D%25E3%2582%25AA%25E3%2583%25AB%25E3%2583%2588%25E3%2583%2595%25E3%2582%25A9%25E3%2583%25B3%2B%25E4%25BA%25A4%25E6%258F%259B%25E9%2587%259D%26qid%3D1784275299%26refinements%3Dp_85%253A8070706051%252Cp_n_condition-type%253A2249602051%26rnid%3D2249601051%26rps%3D1%26sprefix%3D%25E3%2582%25AA%25E3%2583%25AB%25E3%2583%2588%25E3%2583%2595%25E3%2582%25A9%25E3%2583%25B3%2B%252Caps%252C329%26sr%3D8-97-spons%26ufe%3Dapp_do%253Aamzn1.fos.35785624-70c4-44ae-a5c3-3f044f475d63%26xpid%3Dow3nQIrXEF8aF%26sp_csd%3Dd2lkZ2V0TmFtZT1zcF9hdGZfbmV4dA%26psc%3D1","https://m.media-amazon.com/images/I/61hU0V55uUL._AC_UL320_.jpg","https://www.amazon.co.jp/s?k=%E3%82%AA%E3%83%AB%E3%83%88%E3%83%95%E3%82%A9%E3%83%B3+%E4%BA%A4%E6%8F%9B%E9%87%9D&rh=p_85%3A8070706051%2Cp_n_condition-type%3A2249602051&dc&page=3&crid=2E5D17O346HHX&qid=1784275270&rnid=2249601051&sprefix=%E3%82%AA%E3%83%AB%E3%83%88%E3%83%95%E3%82%A9%E3%83%B3+%2Caps%2C329&xpid=ow3nQIrXEF8aF&ref=sr_pg_3#","ibasenice レコード針 カートリッジ ターンテーブル 交換針 両面針 デュアルスタイラス 汎用 アナログレコード 蓄音機 レコードプレーヤー オーディオ 修理部品","","","https://www.amazon.co.jp/sspa/click?ie=UTF8&spc=MToxOTIyNDI2NTE4NDk5OTI3OjE3ODQyNzUyOTk6c3BfYXRmX25leHQ6MzAwMjIxOTQxODYwNzYyOjowOjo&url=%2Fibasenice-%25E3%2582%25BF%25E3%2583%25BC%25E3%2583%25B3%25E3%2583%2586%25E3%2583%25BC%25E3%2583%2596%25E3%2583%25AB%25E4%25BA%25A4%25E6%258F%259B%25E7%2594%25A8%25E3%2582%25B9%25E3%2583%25A9%25E3%2582%25B9%25E9%2587%259D-%25E3%2583%2587%25E3%2583%25A5%25E3%2582%25A2%25E3%2583%25AB%25E3%2582%25B5%25E3%2582%25A4%25E3%2583%2589%25E3%2583%25AC%25E3%2582%25B3%25E3%2583%25BC%25E3%2583%2589%25E9%2587%259D-%25E3%2582%25AB%25E3%2583%25BC%25E3%2583%2588%25E3%2583%25AA%25E3%2583%2583%25E3%2582%25B8%25E5%25AF%25BE%25E5%25BF%259C%25E3%2583%25AC%25E3%2582%25B3%25E3%2583%25BC%25E3%2583%2589%25E3%2583%2597%25E3%2583%25AC%25E3%2583%25BC%25E3%2583%25A4%25E3%2583%25BC%25E7%2594%25A8-%25E3%2582%25B5%25E3%2582%25A6%25E3%2583%25B3%25E3%2583%2589%25E5%25BC%25B7%25E5%258C%2596%25E5%258F%25AF%25E8%2583%25BD%2Fdp%2FB0F87TZ1S1%2Fref%3Dsr_1_97_sspa%3Fcrid%3D2E5D17O346HHX%26keywords%3D%25E3%2582%25AA%25E3%2583%25AB%25E3%2583%2588%25E3%2583%2595%25E3%2582%25A9%25E3%2583%25B3%2B%25E4%25BA%25A4%25E6%258F%259B%25E9%2587%259D%26qid%3D1784275299%26refinements%3Dp_85%253A8070706051%252Cp_n_condition-type%253A2249602051%26rnid%3D2249601051%26rps%3D1%26sprefix%3D%25E3%2582%25AA%25E3%2583%25AB%25E3%2583%2588%25E3%2583%2595%25E3%2582%25A9%25E3%2583%25B3%2B%252Caps%252C329%26sr%3D8-97-spons%26ufe%3Dapp_do%253Aamzn1.fos.35785624-70c4-44ae-a5c3-3f044f475d63%26xpid%3Dow3nQIrXEF8aF%26sp_csd%3Dd2lkZ2V0TmFtZT1zcF9hdGZfbmV4dA%26psc%3D1","20ポイント(1%)","https://www.amazon.co.jp/sspa/click?ie=UTF8&spc=MToxOTIyNDI2NTE4NDk5OTI3OjE3ODQyNzUyOTk6c3BfYXRmX25leHQ6MzAwMjIxOTQxODYwNzYyOjowOjo&url=%2Fibasenice-%25E3%2582%25BF%25E3%2583%25BC%25E3%2583%25B3%25E3%2583%2586%25E3%2583%25BC%25E3%2583%2596%25E3%2583%25AB%25E4%25BA%25A4%25E6%258F%259B%25E7%2594%25A8%25E3%2582%25B9%25E3%2583%25A9%25E3%2582%25B9%25E9%2587%259D-%25E3%2583%2587%25E3%2583%25A5%25E3%2582%25A2%25E3%2583%25AB%25E3%2582%25B5%25E3%2582%25A4%25E3%2583%2589%25E3%2583%25AC%25E3%2582%25B3%25E3%2583%25BC%25E3%2583%2589%25E9%2587%259D-%25E3%2582%25AB%25E3%2583%25BC%25E3%2583%2588%25E3%2583%25AA%25E3%2583%2583%25E3%2582%25B8%25E5%25AF%25BE%25E5%25BF%259C%25E3%2583%25AC%25E3%2582%25B3%25E3%2583%25BC%25E3%2583%2589%25E3%2583%2597%25E3%2583%25AC%25E3%2583%25BC%25E3%2583%25A4%25E3%2583%25BC%25E7%2594%25A8-%25E3%2582%25B5%25E3%2582%25A6%25E3%2583%25B3%25E3%2583%2589%25E5%25BC%25B7%25E5%258C%2596%25E5%258F%25AF%25E8%2583%25BD%2Fdp%2FB0F87TZ1S1%2Fref%3Dsr_1_97_sspa%3Fcrid%3D2E5D17O346HHX%26keywords%3D%25E3%2582%25AA%25E3%2583%25AB%25E3%2583%2588%25E3%2583%2595%25E3%2582%25A9%25E3%2583%25B3%2B%25E4%25BA%25A4%25E6%258F%259B%25E9%2587%259D%26qid%3D1784275299%26refinements%3Dp_85%253A8070706051%252Cp_n_condition-type%253A2249602051%26rnid%3D2249601051%26rps%3D1%26sprefix%3D%25E3%2582%25AA%25E3%2583%25AB%25E3%2583%2588%25E3%2583%2595%25E3%2582%25A9%25E3%2583%25B3%2B%252Caps%252C329%26sr%3D8-97-spons%26ufe%3Dapp_do%253Aamzn1.fos.35785624-70c4-44ae-a5c3-3f044f475d63%26xpid%3Dow3nQIrXEF8aF%26sp_csd%3Dd2lkZ2V0TmFtZT1zcF9hdGZfbmV4dA%26psc%3D1","","￥1,999","￥","1,999","",""
"https://www.amazon.co.jp/sspa/click?ie=UTF8&spc=MToxOTIyNDI2NTE4NDk5OTI3OjE3ODQyNzUyOTk6c3BfYXRmX25leHQ6MzAwMTE5OTIwNTQyNjYyOjowOjo&url=%2FFUGSHIYI-%25E3%2583%25AC%25E3%2582%25B3%25E3%2583%25BC%25E3%2583%2589%25E9%2587%259D-%25E3%2583%25AC%25E3%2582%25B3%25E3%2583%25BC%25E3%2583%2589%25E3%2583%2597%25E3%2583%25AC%25E3%2583%25BC%25E3%2583%25A4%25E3%2583%25BC-%25E3%2582%25B9%25E3%2583%2594%25E3%2583%25BC%25E3%2582%25AB%25E3%2583%25BC%25E3%2582%25BB%25E3%2583%2583%25E3%2583%2588-%25E4%25BA%25A4%25E6%258F%259B%25E7%2594%25A8%25E3%2583%25AC%25E3%2582%25B3%25E3%2583%25BC%25E3%2583%2589%25E9%2587%259D%2Fdp%2FB0FJYLTZX7%2Fref%3Dsr_1_98_sspa%3Fcrid%3D2E5D17O346HHX%26keywords%3D%25E3%2582%25AA%25E3%2583%25AB%25E3%2583%2588%25E3%2583%2595%25E3%2582%25A9%25E3%2583%25B3%2B%25E4%25BA%25A4%25E6%258F%259B%25E9%2587%259D%26qid%3D1784275299%26refinements%3Dp_85%253A8070706051%252Cp_n_condition-type%253A2249602051%26rnid%3D2249601051%26rps%3D1%26sprefix%3D%25E3%2582%25AA%25E3%2583%25AB%25E3%2583%2588%25E3%2583%2595%25E3%2582%25A9%25E3%2583%25B3%2B%252Caps%252C329%26sr%3D8-98-spons%26ufe%3Dapp_do%253Aamzn1.fos.5a18048f-6552-4a07-bd23-1b8dab0d2e4f%26xpid%3Dow3nQIrXEF8aF%26sp_csd%3Dd2lkZ2V0TmFtZT1zcF9hdGZfbmV4dA%26psc%3D1","https://m.media-amazon.com/images/I/51R-Tb0u6kL._AC_UL320_.jpg","https://www.amazon.co.jp/s?k=%E3%82%AA%E3%83%AB%E3%83%88%E3%83%95%E3%82%A9%E3%83%B3+%E4%BA%A4%E6%8F%9B%E9%87%9D&rh=p_85%3A8070706051%2Cp_n_condition-type%3A2249602051&dc&page=3&crid=2E5D17O346HHX&qid=1784275270&rnid=2249601051&sprefix=%E3%82%AA%E3%83%AB%E3%83%88%E3%83%95%E3%82%A9%E3%83%B3+%2Caps%2C329&xpid=ow3nQIrXEF8aF&ref=sr_pg_3#","レコード針 レコード 針 レコードプレーヤー スピーカーセット 3個セット 交換針 交換用レコード針 丸針","javascript:void(0)","5つ星のうち3.5","https://www.amazon.co.jp/sspa/click?ie=UTF8&spc=MToxOTIyNDI2NTE4NDk5OTI3OjE3ODQyNzUyOTk6c3BfYXRmX25leHQ6MzAwMTE5OTIwNTQyNjYyOjowOjo&url=%2FFUGSHIYI-%25E3%2583%25AC%25E3%2582%25B3%25E3%2583%25BC%25E3%2583%2589%25E9%2587%259D-%25E3%2583%25AC%25E3%2582%25B3%25E3%2583%25BC%25E3%2583%2589%25E3%2583%2597%25E3%2583%25AC%25E3%2583%25BC%25E3%2583%25A4%25E3%2583%25BC-%25E3%2582%25B9%25E3%2583%2594%25E3%2583%25BC%25E3%2582%25AB%25E3%2583%25BC%25E3%2582%25BB%25E3%2583%2583%25E3%2583%2588-%25E4%25BA%25A4%25E6%258F%259B%25E7%2594%25A8%25E3%2583%25AC%25E3%2582%25B3%25E3%2583%25BC%25E3%2583%2589%25E9%2587%259D%2Fdp%2FB0FJYLTZX7%2Fref%3Dsr_1_98_sspa%3Fcrid%3D2E5D17O346HHX%26keywords%3D%25E3%2582%25AA%25E3%2583%25AB%25E3%2583%2588%25E3%2583%2595%25E3%2582%25A9%25E3%2583%25B3%2B%25E4%25BA%25A4%25E6%258F%259B%25E9%2587%259D%26qid%3D1784275299%26refinements%3Dp_85%253A8070706051%252Cp_n_condition-type%253A2249602051%26rnid%3D2249601051%26rps%3D1%26sprefix%3D%25E3%2582%25AA%25E3%2583%25AB%25E3%2583%2588%25E3%2583%2595%25E3%2582%25A9%25E3%2583%25B3%2B%252Caps%252C329%26sr%3D8-98-spons%26ufe%3Dapp_do%253Aamzn1.fos.5a18048f-6552-4a07-bd23-1b8dab0d2e4f%26xpid%3Dow3nQIrXEF8aF%26sp_csd%3Dd2lkZ2V0TmFtZT1zcF9hdGZfbmV4dA%26psc%3D1","6ポイント(1%)","https://www.amazon.co.jp/sspa/click?ie=UTF8&spc=MToxOTIyNDI2NTE4NDk5OTI3OjE3ODQyNzUyOTk6c3BfYXRmX25leHQ6MzAwMTE5OTIwNTQyNjYyOjowOjo&url=%2FFUGSHIYI-%25E3%2583%25AC%25E3%2582%25B3%25E3%2583%25BC%25E3%2583%2589%25E9%2587%259D-%25E3%2583%25AC%25E3%2582%25B3%25E3%2583%25BC%25E3%2583%2589%25E3%2583%2597%25E3%2583%25AC%25E3%2583%25BC%25E3%2583%25A4%25E3%2583%25BC-%25E3%2582%25B9%25E3%2583%2594%25E3%2583%25BC%25E3%2582%25AB%25E3%2583%25BC%25E3%2582%25BB%25E3%2583%2583%25E3%2583%2588-%25E4%25BA%25A4%25E6%258F%259B%25E7%2594%25A8%25E3%2583%25AC%25E3%2582%25B3%25E3%2583%25BC%25E3%2583%2589%25E9%2587%259D%2Fdp%2FB0FJYLTZX7%2Fref%3Dsr_1_98_sspa%3Fcrid%3D2E5D17O346HHX%26keywords%3D%25E3%2582%25AA%25E3%2583%25AB%25E3%2583%2588%25E3%2583%2595%25E3%2582%25A9%25E3%2583%25B3%2B%25E4%25BA%25A4%25E6%258F%259B%25E9%2587%259D%26qid%3D1784275299%26refinements%3Dp_85%253A8070706051%252Cp_n_condition-type%253A2249602051%26rnid%3D2249601051%26rps%3D1%26sprefix%3D%25E3%2582%25AA%25E3%2583%25AB%25E3%2583%2588%25E3%2583%2595%25E3%2582%25A9%25E3%2583%25B3%2B%252Caps%252C329%26sr%3D8-98-spons%26ufe%3Dapp_do%253Aamzn1.fos.5a18048f-6552-4a07-bd23-1b8dab0d2e4f%26xpid%3Dow3nQIrXEF8aF%26sp_csd%3Dd2lkZ2V0TmFtZT1zcF9hdGZfbmV4dA%26psc%3D1#customerReviews","https://www.amazon.co.jp/sspa/click?ie=UTF8&spc=MToxOTIyNDI2NTE4NDk5OTI3OjE3ODQyNzUyOTk6c3BfYXRmX25leHQ6MzAwMTE5OTIwNTQyNjYyOjowOjo&url=%2FFUGSHIYI-%25E3%2583%25AC%25E3%2582%25B3%25E3%2583%25BC%25E3%2583%2589%25E9%2587%259D-%25E3%2583%25AC%25E3%2582%25B3%25E3%2583%25BC%25E3%2583%2589%25E3%2583%2597%25E3%2583%25AC%25E3%2583%25BC%25E3%2583%25A4%25E3%2583%25BC-%25E3%2582%25B9%25E3%2583%2594%25E3%2583%25BC%25E3%2582%25AB%25E3%2583%25BC%25E3%2582%25BB%25E3%2583%2583%25E3%2583%2588-%25E4%25BA%25A4%25E6%258F%259B%25E7%2594%25A8%25E3%2583%25AC%25E3%2582%25B3%25E3%2583%25BC%25E3%2583%2589%25E9%2587%259D%2Fdp%2FB0FJYLTZX7%2Fref%3Dsr_1_98_sspa%3Fcrid%3D2E5D17O346HHX%26keywords%3D%25E3%2582%25AA%25E3%2583%25AB%25E3%2583%2588%25E3%2583%2595%25E3%2582%25A9%25E3%2583%25B3%2B%25E4%25BA%25A4%25E6%258F%259B%25E9%2587%259D%26qid%3D1784275299%26refinements%3Dp_85%253A8070706051%252Cp_n_condition-type%253A2249602051%26rnid%3D2249601051%26rps%3D1%26sprefix%3D%25E3%2582%25AA%25E3%2583%25AB%25E3%2583%2588%25E3%2583%2595%25E3%2582%25A9%25E3%2583%25B3%2B%252Caps%252C329%26sr%3D8-98-spons%26ufe%3Dapp_do%253Aamzn1.fos.5a18048f-6552-4a07-bd23-1b8dab0d2e4f%26xpid%3Dow3nQIrXEF8aF%26sp_csd%3Dd2lkZ2V0TmFtZT1zcF9hdGZfbmV4dA%26psc%3D1","￥599","￥","599","",""
"https://www.amazon.co.jp/sspa/click?ie=UTF8&spc=MToxOTIyNDI2NTE4NDk5OTI3OjE3ODQyNzUyOTk6c3BfYXRmX25leHQ6MzAwMDc5Nzk0NzA5ODYyOjowOjo&url=%2FLOYELEY-%25E3%2583%25AC%25E3%2582%25B3%25E3%2583%25BC%25E3%2583%2589%25E9%2587%259D-%25E3%2583%25AC%25E3%2582%25B3%25E3%2583%25BC%25E3%2583%2589%25E3%2583%2597%25E3%2583%25AC%25E3%2583%25BC%25E3%2583%25A4%25E3%2583%25BC%25E9%2587%259D-6%25E5%2580%258B%25E3%2582%25BB%25E3%2583%2583%25E3%2583%2588-%25E4%25BA%25A4%25E6%258F%259B%25E7%2594%25A8%25E3%2583%25AC%25E3%2582%25B3%25E3%2583%25BC%25E3%2583%2589%25E9%2587%259D%2Fdp%2FB0DT31BWRH%2Fref%3Dsr_1_99_sspa%3Fcrid%3D2E5D17O346HHX%26keywords%3D%25E3%2582%25AA%25E3%2583%25AB%25E3%2583%2588%25E3%2583%2595%25E3%2582%25A9%25E3%2583%25B3%2B%25E4%25BA%25A4%25E6%258F%259B%25E9%2587%259D%26qid%3D1784275299%26refinements%3Dp_85%253A8070706051%252Cp_n_condition-type%253A2249602051%26rnid%3D2249601051%26rps%3D1%26sprefix%3D%25E3%2582%25AA%25E3%2583%25AB%25E3%2583%2588%25E3%2583%2595%25E3%2582%25A9%25E3%2583%25B3%2B%252Caps%252C329%26sr%3D8-99-spons%26ufe%3Dapp_do%253Aamzn1.fos.35785624-70c4-44ae-a5c3-3f044f475d63%26xpid%3Dow3nQIrXEF8aF%26sp_csd%3Dd2lkZ2V0TmFtZT1zcF9hdGZfbmV4dA%26psc%3D1","https://m.media-amazon.com/images/I/61tmMTxS7wL._AC_UL320_.jpg","https://www.amazon.co.jp/s?k=%E3%82%AA%E3%83%AB%E3%83%88%E3%83%95%E3%82%A9%E3%83%B3+%E4%BA%A4%E6%8F%9B%E9%87%9D&rh=p_85%3A8070706051%2Cp_n_condition-type%3A2249602051&dc&page=3&crid=2E5D17O346HHX&qid=1784275270&rnid=2249601051&sprefix=%E3%82%AA%E3%83%AB%E3%83%88%E3%83%95%E3%82%A9%E3%83%B3+%2Caps%2C329&xpid=ow3nQIrXEF8aF&ref=sr_pg_3#","LOYELEY LP レコード針 交換針 レコードプレーヤー針 6個セット 錐形 蓄音機 交換部品 レコード針 交換用レコード針 丸針 (赤)","javascript:void(0)","5つ星のうち4.3","https://www.amazon.co.jp/sspa/click?ie=UTF8&spc=MToxOTIyNDI2NTE4NDk5OTI3OjE3ODQyNzUyOTk6c3BfYXRmX25leHQ6MzAwMDc5Nzk0NzA5ODYyOjowOjo&url=%2FLOYELEY-%25E3%2583%25AC%25E3%2582%25B3%25E3%2583%25BC%25E3%2583%2589%25E9%2587%259D-%25E3%2583%25AC%25E3%2582%25B3%25E3%2583%25BC%25E3%2583%2589%25E3%2583%2597%25E3%2583%25AC%25E3%2583%25BC%25E3%2583%25A4%25E3%2583%25BC%25E9%2587%259D-6%25E5%2580%258B%25E3%2582%25BB%25E3%2583%2583%25E3%2583%2588-%25E4%25BA%25A4%25E6%258F%259B%25E7%2594%25A8%25E3%2583%25AC%25E3%2582%25B3%25E3%2583%25BC%25E3%2583%2589%25E9%2587%259D%2Fdp%2FB0DT31BWRH%2Fref%3Dsr_1_99_sspa%3Fcrid%3D2E5D17O346HHX%26keywords%3D%25E3%2582%25AA%25E3%2583%25AB%25E3%2583%2588%25E3%2583%2595%25E3%2582%25A9%25E3%2583%25B3%2B%25E4%25BA%25A4%25E6%258F%259B%25E9%2587%259D%26qid%3D1784275299%26refinements%3Dp_85%253A8070706051%252Cp_n_condition-type%253A2249602051%26rnid%3D2249601051%26rps%3D1%26sprefix%3D%25E3%2582%25AA%25E3%2583%25AB%25E3%2583%2588%25E3%2583%2595%25E3%2582%25A9%25E3%2583%25B3%2B%252Caps%252C329%26sr%3D8-99-spons%26ufe%3Dapp_do%253Aamzn1.fos.35785624-70c4-44ae-a5c3-3f044f475d63%26xpid%3Dow3nQIrXEF8aF%26sp_csd%3Dd2lkZ2V0TmFtZT1zcF9hdGZfbmV4dA%26psc%3D1","残り7点 ご注文はお早めに","https://www.amazon.co.jp/sspa/click?ie=UTF8&spc=MToxOTIyNDI2NTE4NDk5OTI3OjE3ODQyNzUyOTk6c3BfYXRmX25leHQ6MzAwMDc5Nzk0NzA5ODYyOjowOjo&url=%2FLOYELEY-%25E3%2583%25AC%25E3%2582%25B3%25E3%2583%25BC%25E3%2583%2589%25E9%2587%259D-%25E3%2583%25AC%25E3%2582%25B3%25E3%2583%25BC%25E3%2583%2589%25E3%2583%2597%25E3%2583%25AC%25E3%2583%25BC%25E3%2583%25A4%25E3%2583%25BC%25E9%2587%259D-6%25E5%2580%258B%25E3%2582%25BB%25E3%2583%2583%25E3%2583%2588-%25E4%25BA%25A4%25E6%258F%259B%25E7%2594%25A8%25E3%2583%25AC%25E3%2582%25B3%25E3%2583%25BC%25E3%2583%2589%25E9%2587%259D%2Fdp%2FB0DT31BWRH%2Fref%3Dsr_1_99_sspa%3Fcrid%3D2E5D17O346HHX%26keywords%3D%25E3%2582%25AA%25E3%2583%25AB%25E3%2583%2588%25E3%2583%2595%25E3%2582%25A9%25E3%2583%25B3%2B%25E4%25BA%25A4%25E6%258F%259B%25E9%2587%259D%26qid%3D1784275299%26refinements%3Dp_85%253A8070706051%252Cp_n_condition-type%253A2249602051%26rnid%3D2249601051%26rps%3D1%26sprefix%3D%25E3%2582%25AA%25E3%2583%25AB%25E3%2583%2588%25E3%2583%2595%25E3%2582%25A9%25E3%2583%25B3%2B%252Caps%252C329%26sr%3D8-99-spons%26ufe%3Dapp_do%253Aamzn1.fos.35785624-70c4-44ae-a5c3-3f044f475d63%26xpid%3Dow3nQIrXEF8aF%26sp_csd%3Dd2lkZ2V0TmFtZT1zcF9hdGZfbmV4dA%26psc%3D1#customerReviews","https://www.amazon.co.jp/sspa/click?ie=UTF8&spc=MToxOTIyNDI2NTE4NDk5OTI3OjE3ODQyNzUyOTk6c3BfYXRmX25leHQ6MzAwMDc5Nzk0NzA5ODYyOjowOjo&url=%2FLOYELEY-%25E3%2583%25AC%25E3%2582%25B3%25E3%2583%25BC%25E3%2583%2589%25E9%2587%259D-%25E3%2583%25AC%25E3%2582%25B3%25E3%2583%25BC%25E3%2583%2589%25E3%2583%2597%25E3%2583%25AC%25E3%2583%25BC%25E3%2583%25A4%25E3%2583%25BC%25E9%2587%259D-6%25E5%2580%258B%25E3%2582%25BB%25E3%2583%2583%25E3%2583%2588-%25E4%25BA%25A4%25E6%258F%259B%25E7%2594%25A8%25E3%2583%25AC%25E3%2582%25B3%25E3%2583%25BC%25E3%2583%2589%25E9%2587%259D%2Fdp%2FB0DT31BWRH%2Fref%3Dsr_1_99_sspa%3Fcrid%3D2E5D17O346HHX%26keywords%3D%25E3%2582%25AA%25E3%2583%25AB%25E3%2583%2588%25E3%2583%2595%25E3%2582%25A9%25E3%2583%25B3%2B%25E4%25BA%25A4%25E6%258F%259B%25E9%2587%259D%26qid%3D1784275299%26refinements%3Dp_85%253A8070706051%252Cp_n_condition-type%253A2249602051%26rnid%3D2249601051%26rps%3D1%26sprefix%3D%25E3%2582%25AA%25E3%2583%25AB%25E3%2583%2588%25E3%2583%2595%25E3%2582%25A9%25E3%2583%25B3%2B%252Caps%252C329%26sr%3D8-99-spons%26ufe%3Dapp_do%253Aamzn1.fos.35785624-70c4-44ae-a5c3-3f044f475d63%26xpid%3Dow3nQIrXEF8aF%26sp_csd%3Dd2lkZ2V0TmFtZT1zcF9hdGZfbmV4dA%26psc%3D1","￥848","￥","848","",""
"https://www.amazon.co.jp/sspa/click?ie=UTF8&spc=MToxOTIyNDI2NTE4NDk5OTI3OjE3ODQyNzUyOTk6c3BfYXRmX25leHQ6MzAwMTY1MTg0MTQ1OTYyOjowOjo&url=%2F%25E3%2580%2590AiYa%25E3%2580%2591%25E3%2583%25AC%25E3%2582%25B3%25E3%2583%25BC%25E3%2583%2589%25E9%2587%259D-%25E3%2583%25AC%25E3%2582%25B3%25E3%2583%25BC%25E3%2583%2589%25E3%2583%2597%25E3%2583%25AC%25E3%2583%25BC%25E3%2583%25A4%25E3%2583%25BC-%25E3%2582%25B9%25E3%2583%2594%25E3%2583%25BC%25E3%2582%25AB%25E3%2583%25BC%25E3%2582%25BB%25E3%2583%2583%25E3%2583%2588-3%25E5%2580%258B%25E3%2582%25BB%25E3%2583%2583%25E3%2583%2588-%25E4%25BA%25A4%25E6%258F%259B%25E7%2594%25A8%25E3%2583%25AC%25E3%2582%25B3%25E3%2583%25BC%25E3%2583%2589%25E9%2587%259D%2Fdp%2FB0FZ9G4ZHG%2Fref%3Dsr_1_100_sspa%3Fcrid%3D2E5D17O346HHX%26keywords%3D%25E3%2582%25AA%25E3%2583%25AB%25E3%2583%2588%25E3%2583%2595%25E3%2582%25A9%25E3%2583%25B3%2B%25E4%25BA%25A4%25E6%258F%259B%25E9%2587%259D%26qid%3D1784275299%26refinements%3Dp_85%253A8070706051%252Cp_n_condition-type%253A2249602051%26rnid%3D2249601051%26rps%3D1%26sprefix%3D%25E3%2582%25AA%25E3%2583%25AB%25E3%2583%2588%25E3%2583%2595%25E3%2582%25A9%25E3%2583%25B3%2B%252Caps%252C329%26sr%3D8-100-spons%26ufe%3Dapp_do%253Aamzn1.fos.5a18048f-6552-4a07-bd23-1b8dab0d2e4f%26xpid%3Dow3nQIrXEF8aF%26sp_csd%3Dd2lkZ2V0TmFtZT1zcF9hdGZfbmV4dA%26psc%3D1","https://m.media-amazon.com/images/I/512mfUH0ZDL._AC_UL320_.jpg","https://www.amazon.co.jp/s?k=%E3%82%AA%E3%83%AB%E3%83%88%E3%83%95%E3%82%A9%E3%83%B3+%E4%BA%A4%E6%8F%9B%E9%87%9D&rh=p_85%3A8070706051%2Cp_n_condition-type%3A2249602051&dc&page=3&crid=2E5D17O346HHX&qid=1784275270&rnid=2249601051&sprefix=%E3%82%AA%E3%83%AB%E3%83%88%E3%83%95%E3%82%A9%E3%83%B3+%2Caps%2C329&xpid=ow3nQIrXEF8aF&ref=sr_pg_3#","【AiYa】レコード針 レコード 針 レコードプレーヤー スピーカーセット 3個セット 交換針 交換用レコード針 丸針 (3)","","","https://www.amazon.co.jp/sspa/click?ie=UTF8&spc=MToxOTIyNDI2NTE4NDk5OTI3OjE3ODQyNzUyOTk6c3BfYXRmX25leHQ6MzAwMTY1MTg0MTQ1OTYyOjowOjo&url=%2F%25E3%2580%2590AiYa%25E3%2580%2591%25E3%2583%25AC%25E3%2582%25B3%25E3%2583%25BC%25E3%2583%2589%25E9%2587%259D-%25E3%2583%25AC%25E3%2582%25B3%25E3%2583%25BC%25E3%2583%2589%25E3%2583%2597%25E3%2583%25AC%25E3%2583%25BC%25E3%2583%25A4%25E3%2583%25BC-%25E3%2582%25B9%25E3%2583%2594%25E3%2583%25BC%25E3%2582%25AB%25E3%2583%25BC%25E3%2582%25BB%25E3%2583%2583%25E3%2583%2588-3%25E5%2580%258B%25E3%2582%25BB%25E3%2583%2583%25E3%2583%2588-%25E4%25BA%25A4%25E6%258F%259B%25E7%2594%25A8%25E3%2583%25AC%25E3%2582%25B3%25E3%2583%25BC%25E3%2583%2589%25E9%2587%259D%2Fdp%2FB0FZ9G4ZHG%2Fref%3Dsr_1_100_sspa%3Fcrid%3D2E5D17O346HHX%26keywords%3D%25E3%2582%25AA%25E3%2583%25AB%25E3%2583%2588%25E3%2583%2595%25E3%2582%25A9%25E3%2583%25B3%2B%25E4%25BA%25A4%25E6%258F%259B%25E9%2587%259D%26qid%3D1784275299%26refinements%3Dp_85%253A8070706051%252Cp_n_condition-type%253A2249602051%26rnid%3D2249601051%26rps%3D1%26sprefix%3D%25E3%2582%25AA%25E3%2583%25AB%25E3%2583%2588%25E3%2583%2595%25E3%2582%25A9%25E3%2583%25B3%2B%252Caps%252C329%26sr%3D8-100-spons%26ufe%3Dapp_do%253Aamzn1.fos.5a18048f-6552-4a07-bd23-1b8dab0d2e4f%26xpid%3Dow3nQIrXEF8aF%26sp_csd%3Dd2lkZ2V0TmFtZT1zcF9hdGZfbmV4dA%26psc%3D1","6ポイント(1%)","https://www.amazon.co.jp/sspa/click?ie=UTF8&spc=MToxOTIyNDI2NTE4NDk5OTI3OjE3ODQyNzUyOTk6c3BfYXRmX25leHQ6MzAwMTY1MTg0MTQ1OTYyOjowOjo&url=%2F%25E3%2580%2590AiYa%25E3%2580%2591%25E3%2583%25AC%25E3%2582%25B3%25E3%2583%25BC%25E3%2583%2589%25E9%2587%259D-%25E3%2583%25AC%25E3%2582%25B3%25E3%2583%25BC%25E3%2583%2589%25E3%2583%2597%25E3%2583%25AC%25E3%2583%25BC%25E3%2583%25A4%25E3%2583%25BC-%25E3%2582%25B9%25E3%2583%2594%25E3%2583%25BC%25E3%2582%25AB%25E3%2583%25BC%25E3%2582%25BB%25E3%2583%2583%25E3%2583%2588-3%25E5%2580%258B%25E3%2582%25BB%25E3%2583%2583%25E3%2583%2588-%25E4%25BA%25A4%25E6%258F%259B%25E7%2594%25A8%25E3%2583%25AC%25E3%2582%25B3%25E3%2583%25BC%25E3%2583%2589%25E9%2587%259D%2Fdp%2FB0FZ9G4ZHG%2Fref%3Dsr_1_100_sspa%3Fcrid%3D2E5D17O346HHX%26keywords%3D%25E3%2582%25AA%25E3%2583%25AB%25E3%2583%2588%25E3%2583%2595%25E3%2582%25A9%25E3%2583%25B3%2B%25E4%25BA%25A4%25E6%258F%259B%25E9%2587%259D%26qid%3D1784275299%26refinements%3Dp_85%253A8070706051%252Cp_n_condition-type%253A2249602051%26rnid%3D2249601051%26rps%3D1%26sprefix%3D%25E3%2582%25AA%25E3%2583%25AB%25E3%2583%2588%25E3%2583%2595%25E3%2582%25A9%25E3%2583%25B3%2B%252Caps%252C329%26sr%3D8-100-spons%26ufe%3Dapp_do%253Aamzn1.fos.5a18048f-6552-4a07-bd23-1b8dab0d2e4f%26xpid%3Dow3nQIrXEF8aF%26sp_csd%3Dd2lkZ2V0TmFtZT1zcF9hdGZfbmV4dA%26psc%3D1","","￥599","￥","599","",""
"https://aax-fe.amazon.co.jp/x/c/JPt28O0NkA7ho2pyP4aPyogAAAGfbxh4swcAAAH2AQBvbm9fdHhuX2JpZDEgICBvbm9fdHhuX2ltcDEgICAf15l2/clv1c_ek-wwvHTLcbWDYnNA-5zmC6Jo0Y2KdoRfJPG8TM4Hqr1fsl9GMjZO4M1riVxPssafW2YjrMnQY3FAWoGOAmJKnZIyeiC3qUpg8h5wF4hU003E32ciK_2ZYQYor7ywCxYX8n_PrZiaXnJyaszKi4n_dS74NyeURXoHcbU1AecgO6AuOKN0fugaP6-4GknjLDSYjRKRWvo6VdJtb9vE4AAwPORSypntglmAqaN98-3ZU5-bf7o2yTySC9XPkLNW-NrQVh_dBFF4NuIj5fXOm6NoW3YWXMfNFC5CMwwKA-8YHf39pyQD_7JZCX_59loW2GmvAWwroSLx_UFJEC4_zl9ftrsiGHVNE6eaxx3KI_TQUtwkliXoZ_CCZr4_pGHbtzx6-N93AI0sHrx8yx2Cte-R_9SiHGkmU3vpnRNkxPMGcX0rA6LHg8f5pNs5vUDtnhXNPRWsL5c_TEDC8U0JJDjURcFdLUx8I9kS_jABevFZqLU-pgPuCEsz3gkrz5YPXtrUP7JHyK2En5OPKO2cJf8KSQGAWQxIIlMs5OvbVBnOLGWQcaS9HNRnbCEzxnEjjgN7WP8CxysxYCv07l1LkVRoJQdcAkNOY5ch568nZsrIcoIePuyaKDAhIZBGzrbTapOKH56e7_nedVE-YnPqug0Ujrs9KBJtd8JwZ7uBKY5pglQdIjA3H9zhtDJTAF5yLSa-tYgI84qXhm9esF8qoU1yFnYrh-WBoKcI6kn1tsQGAaC5gqPmXmWCQppF_cRpUdkK7dLvrLHCP3TzLpLvbD2By1sw8ty4qR7AD0Bt-RoPCKvrUfcBbS0LBAw6MtWR55D0ctofwBMrHQIfjQBuZT4vN7bqjyAoEmT69DkBSPcnUAnnzq0d5w2bgeeRwbtYv1sv5NTnDbX9zkJCAJX4G9n9T2Kupi110MDVi4j7DInxB91hW5GiPW6Wv6816HB_7E3CiqAHy2vfeuH6o41EsLI4slpVm2UHDrQCkJLjQpZf8hr9C_NFenYsk7-8DOKGwyXazdnk4LmzZPzMKmxvuD6oKWURm3Yrlh-7RbffKxid6otoHkMvNhLXPSCDNAhNPGRfyVx7TNMR7-eJAwitCUbB-248-S74K00rRrV/https://www.amazon.co.jp/stores/page/5BC3CCCA-85AF-43B9-BFA2-41AD07764010/?_encoding=UTF8&pd_rd_plhdr=t&pd_rd_i=B0BG277QNW&ref_=sbx_be_s_sparkle_ssd_bkg&store_ref=SBV_A0437203105ZNNC88IPAW-A0460074SED0QD79XUXO&lp_asins=B0BG277QNW&pd_rd_w=Nf92y&content-id=amzn1.sym.3dfcbcbd-8a5d-4000-9c39-124b61eb5eac%3Aamzn1.sym.3dfcbcbd-8a5d-4000-9c39-124b61eb5eac&pf_rd_p=3dfcbcbd-8a5d-4000-9c39-124b61eb5eac&pf_rd_r=CJXDZAX43KQM1J9BX9AB&pd_rd_wg=3cR50&pd_rd_r=01b7c729-ac8b-4363-a2be-9c71237a5d61","","https://aax-fe.amazon.co.jp/x/c/JPt28O0NkA7ho2pyP4aPyogAAAGfbxh4swcAAAH2AQBvbm9fdHhuX2JpZDEgICBvbm9fdHhuX2ltcDEgICAf15l2/clv1c_ek-wwvHTLcbWDYnNA-5zmC6Jo0Y2KdoRfJPG8TM4Hqr1fsl9GMjZO4M1riVxPssafW2YjrMnQY3FAWoGOAmJKnZIyeiC3qUpg8h5wF4hU003E32ciK_2ZYQYor7ywCxYX8n_PrZiaXnJyaszKi4n_dS74NyeURXoHcbU1AecgO6AuOKN0fugaP6-4GknjLDSYjRKRWvo6VdJtb9vE4AAwPORSypntglmAqaN98-3ZU5-bf7o2yTySC9XPkLNW-NrQVh_dBFF4NuIj5fXOm6NoW3YWXMfNFC5CMwwKA-8YHf39pyQD_7JZCX_59loW2GmvAWwroSLx_UFJEC4_zl9ftrsiGHVNE6eaxx3KI_TQUtwkliXoZ_CCZr4_pGHbtzx6-N93AI0sHrx8yx2Cte-R_9SiHGkmU3vpnRNkxPMGcX0rA6LHg8f5pNs5vUDtnhXNPRWsL5c_TEDC8U0JJDjURcFdLUx8I9kS_jABevFZqLU-pgPuCEsz3gkrz5YPXtrUP7JHyK2En5OPKO2cJf8KSQGAWQxIIlMs5OvbVBnOLGWQcaS9HNRnbCEzxnEjjgN7WP8CxysxYCv07l1LkVRoJQdcAkNOY5ch568nZsrIcoIePuyaKDAhIZBGzrbTapOKH56e7_nedVE-YnPqug0Ujrs9KBJtd8JwZ7uBKY5pglQdIjA3H9zhtDJTAF5yLSa-tYgI84qXhm9esF8qoU1yFnYrh-WBoKcI6kn1tsQGAaC5gqPmXmWCQppF_cRpUdkK7dLvrLHCP3TzLpLvbD2By1sw8ty4qR7AD0Bt-RoPCKvrUfcBbS0LBAw6MtWR55D0ctofwBMrHQIfjQBuZT4vN7bqjyAoEmT69DkBSPcnUAnnzq0d5w2bgeeRwbtYv1sv5NTnDbX9zkJCAJX4G9n9T2Kupi110MDVi4j7DInxB91hW5GiPW6Wv6816HB_7E3CiqAHy2vfeuH6o41EsLI4slpVm2UHDrQCkJLjQpZf8hr9C_NFenYsk7-8DOKGwyXazdnk4LmzZPzMKmxvuD6oKWURm3Yrlh-7RbffKxid6otoHkMvNhLXPSCDNAhNPGRfyVx7TNMR7-eJAwitCUbB-248-S74K00rRrV/https://www.amazon.co.jp/stores/page/5BC3CCCA-85AF-43B9-BFA2-41AD07764010/?_encoding=UTF8&pd_rd_plhdr=t&pd_rd_i=B0BG277QNW&ref_=sbx_be_s_sparkle_ssd_bkg&store_ref=SBV_A0437203105ZNNC88IPAW-A0460074SED0QD79XUXO&lp_asins=B0BG277QNW&pd_rd_w=Nf92y&content-id=amzn1.sym.3dfcbcbd-8a5d-4000-9c39-124b61eb5eac%3Aamzn1.sym.3dfcbcbd-8a5d-4000-9c39-124b61eb5eac&pf_rd_p=3dfcbcbd-8a5d-4000-9c39-124b61eb5eac&pf_rd_r=CJXDZAX43KQM1J9BX9AB&pd_rd_wg=3cR50&pd_rd_r=01b7c729-ac8b-4363-a2be-9c71237a5d61","音も冴える、おうちも映える。","","","https://aax-fe.amazon.co.jp/x/c/JPt28O0NkA7ho2pyP4aPyogAAAGfbxh4swcAAAH2AQBvbm9fdHhuX2JpZDEgICBvbm9fdHhuX2ltcDEgICAf15l2/clv1c_ek-wwvHTLcbWDYnNA-5zmC6Jo0Y2KdoRfJPG8TM4Hqr1fsl9GMjZO4M1riVxPssafW2YjrMnQY3FAWoGOAmJKnZIyeiC3qUpg8h5wF4hU003E32ciK_2ZYQYor7ywCxYX8n_PrZiaXnJyaszKi4n_dS74NyeURXoHcbU1AecgO6AuOKN0fugaP6-4GknjLDSYjRKRWvo6VdJtb9vE4AAwPORSypntglmAqaN98-3ZU5-bf7o2yTySC9XPkLNW-NrQVh_dBFF4NuIj5fXOm6NoW3YWXMfNFC5CMwwKA-8YHf39pyQD_7JZCX_59loW2GmvAWwroSLx_UFJEC4_zl9ftrsiGHVNE6eaxx3KI_TQUtwkliXoZ_CCZr4_pGHbtzx6-N93AI0sHrx8yx2Cte-R_9SiHGkmU3vpnRNkxPMGcX0rA6LHg8f5pNs5vUDtnhXNPRWsL5c_TEDC8U0JJDjURcFdLUx8I9kS_jABevFZqLU-pgPuCEsz3gkrz5YPXtrUP7JHyK2En5OPKO2cJf8KSQGAWQxIIlMs5OvbVBnOLGWQcaS9HNRnbCEzxnEjjgN7WP8CxysxYCv07l1LkVRoJQdcAkNOY5ch568nZsrIcoIePuyaKDAhIZBGzrbTapOKH56e7_nedVE-YnPqug0Ujrs9KBJtd8JwZ7uBKY5pglQdIjA3H9zhtDJTAF5yLSa-tYgI84qXhm9esF8qoU1yFnYrh-WBoKcI6kn1tsQGAaC5gqPmXmWCQppF_cRpUdkK7dLvrLHCP3TzLpLvbD2By1sw8ty4qR7AD0Bt-RoPCKvrUfcBbS0LBAw6MtWR55D0ctofwBMrHQIfjQBuZT4vN7bqjyAoEmT69DkBSPcnUAnnzq0d5w2bgeeRwbtYv1sv5NTnDbX9zkJCAJX4G9n9T2Kupi110MDVi4j7DInxB91hW5GiPW6Wv6816HB_7E3CiqAHy2vfeuH6o41EsLI4slpVm2UHDrQCkJLjQpZf8hr9C_NFenYsk7-8DOKGwyXazdnk4LmzZPzMKmxvuD6oKWURm3Yrlh-7RbffKxid6otoHkMvNhLXPSCDNAhNPGRfyVx7TNMR7-eJAwitCUbB-248-S74K00rRrV/https://www.amazon.co.jp/stores/page/5BC3CCCA-85AF-43B9-BFA2-41AD07764010/?_encoding=UTF8&pd_rd_plhdr=t&pd_rd_i=B0BG277QNW&ref_=sbx_be_s_sparkle_ssd_bkg&store_ref=SBV_A0437203105ZNNC88IPAW-A0460074SED0QD79XUXO&lp_asins=B0BG277QNW&pd_rd_w=Nf92y&content-id=amzn1.sym.3dfcbcbd-8a5d-4000-9c39-124b61eb5eac%3Aamzn1.sym.3dfcbcbd-8a5d-4000-9c39-124b61eb5eac&pf_rd_p=3dfcbcbd-8a5d-4000-9c39-124b61eb5eac&pf_rd_r=CJXDZAX43KQM1J9BX9AB&pd_rd_wg=3cR50&pd_rd_r=01b7c729-ac8b-4363-a2be-9c71237a5d61","","https://aax-fe.amazon.co.jp/x/c/JPt28O0NkA7ho2pyP4aPyogAAAGfbxh4swcAAAH2AQBvbm9fdHhuX2JpZDEgICBvbm9fdHhuX2ltcDEgICAf15l2/clv1c_ek-wwvHTLcbWDYnNA-5zmC6Jo0Y2KdoRfJPG8TM4Hqr1fsl9GMjZO4M1riVxPssafW2YjrMnQY3FAWoGOAmJKnZIyeiC3qUpg8h5wF4hU003E32ciK_2ZYQYor7ywCxYX8n_PrZiaXnJyaszKi4n_dS74NyeURXoHcbU1AecgO6AuOKN0fugaP6-4GknjLDSYjRKRWvo6VdJtb9vE4AAwPORSypntglmAqaN98-3ZU5-bf7o2yTySC9XPkLNW-NrQVh_dBFF4NuIj5fXOm6NoW3YWXMfNFC5CMwwKA-8YHf39pyQD_7JZCX_59loW2GmvAWwroSLx_UFJEC4_zl9ftrsiGHVNE6eaxx3KI_TQUtwkliXoZ_CCZr4_pGHbtzx6-N93AI0sHrx8yx2Cte-R_9SiHGkmU3vpnRNkxPMGcX0rA6LHg8f5pNs5vUDtnhXNPRWsL5c_TEDC8U0JJDjURcFdLUx8I9kS_jABevFZqLU-pgPuCEsz3gkrz5YPXtrUP7JHyK2En5OPKO2cJf8KSQGAWQxIIlMs5OvbVBnOLGWQcaS9HNRnbCEzxnEjjgN7WP8CxysxYCv07l1LkVRoJQdcAkNOY5ch568nZsrIcoIePuyaKDAhIZBGzrbTapOKH56e7_nedVE-YnPqug0Ujrs9KBJtd8JwZ7uBKY5pglQdIjA3H9zhtDJTAF5yLSa-tYgI84qXhm9esF8qoU1yFnYrh-WBoKcI6kn1tsQGAaC5gqPmXmWCQppF_cRpUdkK7dLvrLHCP3TzLpLvbD2By1sw8ty4qR7AD0Bt-RoPCKvrUfcBbS0LBAw6MtWR55D0ctofwBMrHQIfjQBuZT4vN7bqjyAoEmT69DkBSPcnUAnnzq0d5w2bgeeRwbtYv1sv5NTnDbX9zkJCAJX4G9n9T2Kupi110MDVi4j7DInxB91hW5GiPW6Wv6816HB_7E3CiqAHy2vfeuH6o41EsLI4slpVm2UHDrQCkJLjQpZf8hr9C_NFenYsk7-8DOKGwyXazdnk4LmzZPzMKmxvuD6oKWURm3Yrlh-7RbffKxid6otoHkMvNhLXPSCDNAhNPGRfyVx7TNMR7-eJAwitCUbB-248-S74K00rRrV/https://www.amazon.co.jp/stores/page/5BC3CCCA-85AF-43B9-BFA2-41AD07764010/?_encoding=UTF8&pd_rd_plhdr=t&pd_rd_i=B0BG277QNW&ref_=sbx_be_s_sparkle_ssd_bkg&store_ref=SBV_A0437203105ZNNC88IPAW-A0460074SED0QD79XUXO&lp_asins=B0BG277QNW&pd_rd_w=Nf92y&content-id=amzn1.sym.3dfcbcbd-8a5d-4000-9c39-124b61eb5eac%3Aamzn1.sym.3dfcbcbd-8a5d-4000-9c39-124b61eb5eac&pf_rd_p=3dfcbcbd-8a5d-4000-9c39-124b61eb5eac&pf_rd_r=CJXDZAX43KQM1J9BX9AB&pd_rd_wg=3cR50&pd_rd_r=01b7c729-ac8b-4363-a2be-9c71237a5d61","https://aax-fe.amazon.co.jp/x/c/JPt28O0NkA7ho2pyP4aPyogAAAGfbxh4swcAAAH2AQBvbm9fdHhuX2JpZDEgICBvbm9fdHhuX2ltcDEgICAf15l2/clv1c_ek-wwvHTLcbWDYnNA-5zmC6Jo0Y2KdoRfJPG8TM4Hqr1fsl9GMjZO4M1riVxPssafW2YjrMnQY3FAWoGOAmJKnZIyeiC3qUpg8h5wF4hU003E32ciK_2ZYQYor7ywCxYX8n_PrZiaXnJyaszKi4n_dS74NyeURXoHcbU1AecgO6AuOKN0fugaP6-4GknjLDSYjRKRWvo6VdJtb9vE4AAwPORSypntglmAqaN98-3ZU5-bf7o2yTySC9XPkLNW-NrQVh_dBFF4NuIj5fXOm6NoW3YWXMfNFC5CMwwKA-8YHf39pyQD_7JZCX_59loW2GmvAWwroSLx_UFJEC4_zl9ftrsiGHVNE6eaxx3KI_TQUtwkliXoZ_CCZr4_pGHbtzx6-N93AI0sHrx8yx2Cte-R_9SiHGkmU3vpnRNkxPMGcX0rA6LHg8f5pNs5vUDtnhXNPRWsL5c_TEDC8U0JJDjURcFdLUx8I9kS_jABevFZqLU-pgPuCEsz3gkrz5YPXtrUP7JHyK2En5OPKO2cJf8KSQGAWQxIIlMs5OvbVBnOLGWQcaS9HNRnbCEzxnEjjgN7WP8CxysxYCv07l1LkVRoJQdcAkNOY5ch568nZsrIcoIePuyaKDAhIZBGzrbTapOKH56e7_nedVE-YnPqug0Ujrs9KBJtd8JwZ7uBKY5pglQdIjA3H9zhtDJTAF5yLSa-tYgI84qXhm9esF8qoU1yFnYrh-WBoKcI6kn1tsQGAaC5gqPmXmWCQppF_cRpUdkK7dLvrLHCP3TzLpLvbD2By1sw8ty4qR7AD0Bt-RoPCKvrUfcBbS0LBAw6MtWR55D0ctofwBMrHQIfjQBuZT4vN7bqjyAoEmT69DkBSPcnUAnnzq0d5w2bgeeRwbtYv1sv5NTnDbX9zkJCAJX4G9n9T2Kupi110MDVi4j7DInxB91hW5GiPW6Wv6816HB_7E3CiqAHy2vfeuH6o41EsLI4slpVm2UHDrQCkJLjQpZf8hr9C_NFenYsk7-8DOKGwyXazdnk4LmzZPzMKmxvuD6oKWURm3Yrlh-7RbffKxid6otoHkMvNhLXPSCDNAhNPGRfyVx7TNMR7-eJAwitCUbB-248-S74K00rRrV/https://www.amazon.co.jp/stores/page/5BC3CCCA-85AF-43B9-BFA2-41AD07764010/?_encoding=UTF8&pd_rd_plhdr=t&pd_rd_i=B0BG277QNW&ref_=sbx_be_s_sparkle_ssd_logo&store_ref=SBV_A0437203105ZNNC88IPAW-A0460074SED0QD79XUXO&lp_asins=B0BG277QNW&pd_rd_w=Nf92y&content-id=amzn1.sym.3dfcbcbd-8a5d-4000-9c39-124b61eb5eac%3Aamzn1.sym.3dfcbcbd-8a5d-4000-9c39-124b61eb5eac&pf_rd_p=3dfcbcbd-8a5d-4000-9c39-124b61eb5eac&pf_rd_r=CJXDZAX43KQM1J9BX9AB&pd_rd_wg=3cR50&pd_rd_r=01b7c729-ac8b-4363-a2be-9c71237a5d61","","","","",""
"https://sponsored-ads.amazon.co.jp/clk/?_encoding=UTF8&p=eAFVkT1v01AUhtVWQImqgjIUKVMVpAyl13H83UoWuvfabpqKNh_9ShfLsW8ct6596-uQ0CFDM8DGgDoBG0thREiIkZ_AD2AJasWvAKUpEn2nI53n1avznkxr9vL71Y-72XlY2sWitq0295EsaPkpcWmhTaKgb_P75kqjV1cdo9nvPmkXVxfgM18gXGWb9KQjbKQiFgg2a_X7JYkrcarG8QfTDdSaheZ22ayvN7KPMvc8wo7SmGbndjbrJt5a21w_MI3cm6nM45uNzYiTuB2bksSNQycldhCFQUTsVtrOzjnHzmkccW7MHdLcImsBN3QYC1wwcYEJC6gAaNhl-TuHjl2pLsmsBdIOOSYecOMwJG4axBF4LoCbTOA6iccAdYIoJQlw4yglUZpXMlP8w59X5xd_3hm5-X_sJCL_QOTHEmRBLqmKoggzlWpzdQZX8VI9iwwEMbXWQd8foJOJfDhAtchnogZva4D8AaoNELwe_AG6XufmsG_212DTP9qARPg6nfky3UlTylaLxV6vx_3fRJGlcUJYkTo-KcoIixhjCDQZWkAS0QpAFhSAVIIGr6qKxJf4p9cGOyFtvYFsyCuyrEmSVd3dwYolyWVYBpAvyaLAa-LOhqluCXVRqyFYoJ6deDYNO16ip4UOc2w3sQNP5wshtR0WRExHvKFVrRW0sbeMeAM19lQVVZYRjyuWqolWc0yedEnyQh-dfRwNP42Gr0bD89HZxWj4efHXtw-Xr9_-fvl-TLEwTvXbtReYR23Hs_0k7lJ98gJJkBRVUhWpEOgOZQVnfNZWOWmf7ne8hvsX0cHxPg&v=c1&r=https%3A%2F%2Fwww.amazon.co.jp%2Fstores%2Fpage%2F5BC3CCCA-85AF-43B9-BFA2-41AD07764010%3Fstore_ref%3DSB_A0655844FPVUC6F45HAH-A01532083UKE7O2R38QBA%26pd_rd_plhdr%3Dt%26hsa_cr_id%3D0%26lp_asins%3DB0D8PF9BKW%2CB0DBSW77BJ%2CB0CJF783FY%26lp_query%3D%E3%82%AA%E3%83%AB%E3%83%88%E3%83%95%E3%82%A9%E3%83%B3%20%E4%BA%A4%E6%8F%9B%E9%87%9D%26lp_slot%3Ddesktop-inline%26sdp_ad_group%3D300000424674764%26i%3Daps%26aref%3DOHrfzXhdSc&ref_=sbx__sbtcd2_bkgd&pd_rd_w=gkaHC&content-id=amzn1.sym.3d9a94c1-50d0-4017-b9b3-13d4d319d73e%3Aamzn1.sym.3d9a94c1-50d0-4017-b9b3-13d4d319d73e&pf_rd_p=3d9a94c1-50d0-4017-b9b3-13d4d319d73e&pf_rd_r=CJXDZAX43KQM1J9BX9AB&pd_rd_wg=3cR50&pd_rd_r=01b7c729-ac8b-4363-a2be-9c71237a5d61","","https://sponsored-ads.amazon.co.jp/clk/?_encoding=UTF8&p=eAFVkN1qE0EAhYlFrSFUyUULuZIIuYjM_mZ_Egiyf22TYps_NenNMjsz-9Nsd6c7Uzf0Yl9CFARfwNfwEXwAL-1jKDYV9Ls6cM7hwKkHuz-_3X5_1Nyz5LeOai6M1dLWFLNdU7v7IcmSjS8tvf68nBnQXW2uX4biYN96HSlEGC9I2Vs7LlcdhTjedPZE7gmyYJiCdP5gbge7lrc49majefOg_hgTtuY5bTbenM485-zodHTuua0PtfqLe8dnBBYo9ikpUJ5CTvwkS5OM-AEPmw14CW_yTEC5cEFbz1kAUAoZSxDYtsA2C6gCaHrN2g8voD-edDUWAB6TS4IBytOUIJ7kGXivgPtNgGCBGaAwyTgpAMozTjLe1us16dmP249ff31xW3t_s9uJ9lNV-oOiKZps6Lqu7Iwnq8GOM3G6s6bt2pZDD0dgE1X21ZbIquxpFjHVtP6nsqPKnla2dSeiyr6zWw0n8jZH1ipan1hE-Vyrf6rFnFM2EMWyLIV_nxAjKsJSxKItuebksG-fvHtFsV9gn6YxLoa8EzPoo8JP8FDqXCV4KBtmTzE0VVI6rBjKQAZhCDUpQAhgLdBBD0EEIJQkEMq6jpEka32910mGkLIOLEg4PDsuwptljOfoN5Mdtno&v=c1&r=https%3A%2F%2Fwww.amazon.co.jp%2Fgp%2Faw%2Fd%2FB0D8PF9BKW%3Fpd_rd_plhdr%3Dt%26hsa_cr_id%3D0%26qid%3D1784275302%26sr%3D1-1-ffa50bcc-d5b6-4cac-aa00-f166dc015964%26i%3Daps%26aref%3DOHrfzXhdSc&ref_=sbx__sbtcd2_asin_0_bkgd&pd_rd_w=gkaHC&content-id=amzn1.sym.3d9a94c1-50d0-4017-b9b3-13d4d319d73e%3Aamzn1.sym.3d9a94c1-50d0-4017-b9b3-13d4d319d73e&pf_rd_p=3d9a94c1-50d0-4017-b9b3-13d4d319d73e&pf_rd_r=CJXDZAX43KQM1J9BX9AB&pd_rd_wg=3cR50&pd_rd_r=01b7c729-ac8b-4363-a2be-9c71237a5d61","","","Previous page","https://sponsored-ads.amazon.co.jp/clk/?_encoding=UTF8&p=eAFVkN1qE0EAhYlFrSFUyUULuZIIuYjM_mZ_Egiyf22TYps_NenNMjsz-9Nsd6c7Uzf0Yl9CFARfwNfwEXwAL-1jKDYV9Ls6cM7hwKkHuz-_3X5_1Nyz5LeOai6M1dLWFLNdU7v7IcmSjS8tvf68nBnQXW2uX4biYN96HSlEGC9I2Vs7LlcdhTjedPZE7gmyYJiCdP5gbge7lrc49majefOg_hgTtuY5bTbenM485-zodHTuua0PtfqLe8dnBBYo9ikpUJ5CTvwkS5OM-AEPmw14CW_yTEC5cEFbz1kAUAoZSxDYtsA2C6gCaHrN2g8voD-edDUWAB6TS4IBytOUIJ7kGXivgPtNgGCBGaAwyTgpAMozTjLe1us16dmP249ff31xW3t_s9uJ9lNV-oOiKZps6Lqu7Iwnq8GOM3G6s6bt2pZDD0dgE1X21ZbIquxpFjHVtP6nsqPKnla2dSeiyr6zWw0n8jZH1ipan1hE-Vyrf6rFnFM2EMWyLIV_nxAjKsJSxKItuebksG-fvHtFsV9gn6YxLoa8EzPoo8JP8FDqXCV4KBtmTzE0VVI6rBjKQAZhCDUpQAhgLdBBD0EEIJQkEMq6jpEka32910mGkLIOLEg4PDsuwptljOfoN5Mdtno&v=c1&r=https%3A%2F%2Fwww.amazon.co.jp%2Fgp%2Faw%2Fd%2FB0D8PF9BKW%3Fpd_rd_plhdr%3Dt%26hsa_cr_id%3D0%26qid%3D1784275302%26sr%3D1-1-ffa50bcc-d5b6-4cac-aa00-f166dc015964%26i%3Daps%26aref%3DOHrfzXhdSc&ref_=sbx__sbtcd2_asin_0_bkgd&pd_rd_w=gkaHC&content-id=amzn1.sym.3d9a94c1-50d0-4017-b9b3-13d4d319d73e%3Aamzn1.sym.3d9a94c1-50d0-4017-b9b3-13d4d319d73e&pf_rd_p=3d9a94c1-50d0-4017-b9b3-13d4d319d73e&pf_rd_r=CJXDZAX43KQM1J9BX9AB&pd_rd_wg=3cR50&pd_rd_r=01b7c729-ac8b-4363-a2be-9c71237a5d61","","https://sponsored-ads.amazon.co.jp/clk/?_encoding=UTF8&p=eAFVkE1u00AAhRUqoERRQVm0UlYoSFkEjX_GsZ1GipDHNm2CaPMHJN1Y45nxT-ParmeKoy58CQQSEhfgGhyBA7CkxwDRFAm-1ZPee3rSq_u7P7_dfH_Q3LPUt7bWX5irJdJhv13TuvsBS-ONpyzdw3k5M7Gz2lw9D-TBvvU6hEwaL1jZW9uO0GzIbHc6e6T2JFUy-5Jydm-O_F3LXRy7s9G8eVB_SBlfiyxvNt6czFz79OhkdOY6rQ-1-rM7x-MMFyTyclaQLMGCeXGaxCnzfBE0G_gCX2epRDLpPG895T4gCeY8JmDbAtssyCHIkyvevn-OvfGkq3MfiIhdMApIliSMiDhLwXsI7jYBwQXlIMdxKlgBSJYKloq2Ua8pT37cfPz664vT2vub3U60H2vKH6AOddU0DAPujCerwY49sbuzJnKQZecvR2ATVuhyS2hVaJqGXOtb_1OhsELTClm3IqzQrd1q2KG7ObJW4fqVxeDnWv1TLRIi5wNZLstS-vcJOcxlXMpURoqD5u9ME41f5NQrqJcnES2GohNx7JHCi-lQ6VzGdKia_R40dU2BHV4MVQBBEGBd8QkBVPcN0COYAIwVBQSqYVCiqPqh0evEQ5zzDi5YMDw9LoLrZUTn5DeRp7Z2&v=c1&r=https%3A%2F%2Fwww.amazon.co.jp%2Fgp%2Faw%2Fd%2FB0DBSW77BJ%3Fpd_rd_plhdr%3Dt%26hsa_cr_id%3D0%26qid%3D1784275302%26sr%3D1-2-ffa50bcc-d5b6-4cac-aa00-f166dc015964%26i%3Daps%26aref%3DOHrfzXhdSc&ref_=sbx__sbtcd2_asin_1_bkgd&pd_rd_w=gkaHC&content-id=amzn1.sym.3d9a94c1-50d0-4017-b9b3-13d4d319d73e%3Aamzn1.sym.3d9a94c1-50d0-4017-b9b3-13d4d319d73e&pf_rd_p=3d9a94c1-50d0-4017-b9b3-13d4d319d73e&pf_rd_r=CJXDZAX43KQM1J9BX9AB&pd_rd_wg=3cR50&pd_rd_r=01b7c729-ac8b-4363-a2be-9c71237a5d61","https://sponsored-ads.amazon.co.jp/clk/?_encoding=UTF8&p=eAFVkE1u00AAhRUqoERRQVm0UlYoSFkEjX_GsZ1GipDHNm2CaPMHJN1Y45nxT-ParmeKoy58CQQSEhfgGhyBA7CkxwDRFAm-1ZPee3rSq_u7P7_dfH_Q3LPUt7bWX5irJdJhv13TuvsBS-ONpyzdw3k5M7Gz2lw9D-TBvvU6hEwaL1jZW9uO0GzIbHc6e6T2JFUy-5Jydm-O_F3LXRy7s9G8eVB_SBlfiyxvNt6czFz79OhkdOY6rQ-1-rM7x-MMFyTyclaQLMGCeXGaxCnzfBE0G_gCX2epRDLpPG895T4gCeY8JmDbAtssyCHIkyvevn-OvfGkq3MfiIhdMApIliSMiDhLwXsI7jYBwQXlIMdxKlgBSJYKloq2Ua8pT37cfPz664vT2vub3U60H2vKH6AOddU0DAPujCerwY49sbuzJnKQZecvR2ATVuhyS2hVaJqGXOtb_1OhsELTClm3IqzQrd1q2KG7ObJW4fqVxeDnWv1TLRIi5wNZLstS-vcJOcxlXMpURoqD5u9ME41f5NQrqJcnES2GohNx7JHCi-lQ6VzGdKia_R40dU2BHV4MVQBBEGBd8QkBVPcN0COYAIwVBQSqYVCiqPqh0evEQ5zzDi5YMDw9LoLrZUTn5DeRp7Z2&v=c1&r=https%3A%2F%2Fwww.amazon.co.jp%2Fgp%2Faw%2Fd%2FB0DBSW77BJ%3Fpd_rd_plhdr%3Dt%26hsa_cr_id%3D0%26qid%3D1784275302%26sr%3D1-2-ffa50bcc-d5b6-4cac-aa00-f166dc015964%26i%3Daps%26aref%3DOHrfzXhdSc&ref_=sbx__sbtcd2_asin_1_bkgd&pd_rd_w=gkaHC&content-id=amzn1.sym.3d9a94c1-50d0-4017-b9b3-13d4d319d73e%3Aamzn1.sym.3d9a94c1-50d0-4017-b9b3-13d4d319d73e&pf_rd_p=3d9a94c1-50d0-4017-b9b3-13d4d319d73e&pf_rd_r=CJXDZAX43KQM1J9BX9AB&pd_rd_wg=3cR50&pd_rd_r=01b7c729-ac8b-4363-a2be-9c71237a5d61","￥35,998","￥","35,998","",""
"https://aax-fe.amazon.co.jp/x/c/JPOiApgVfV2_hI7d9y_mZbsAAAGfbxh4rgcAAAH2AQBvbm9fdHhuX2JpZDEgICBvbm9fdHhuX2ltcDEgICDCOvFk/clv1c_ek-wwoHWLdTWTVVAul9zB2IOsBIFs7D4Ryeh-QzBMhvCEXhwD_DM-17wGLFZlyKwyL6nIAAmZ0zwL0RkYcS-ObRj2ZzZL95JQhPaodDtviRC7LL8LfCJ7ay8ZLPYMPARTJIOWvgadQMbSn7PCMNWu9HcpMGZhC3-MiywHZbpSQJHrLM8gIJaeXBoBxjBGQqCoBSjLuNoC6chc8Q1lbiUWEaymnmFPJtV0X_NhvcvL08YH52hOkC_ej5u9Bf-M4AAdIKkbrtFLsU8SEXtxwj0P7LPXui56CsAXnjoPjzD5G3FWoPm8C0zi1vqMTvaPcUA2C2DFMx9k72Kc0V_PEAz80fzs_wXZW_1CoYAVMyMVkN0Z9YKNzCPy876YkW7SYuodDHXAg_9Hur9X4SlED4rVb1QnsYDMQ2T46SSYPUBuLUXEFck_-xi0eODOAsFneDpxaKcOc2XiWt5G5Vms8gqvB7Ta_-BJdJ2VVlFcmXbnzbyy2n9wBcmjZ1fFkHjcvPq0OAKxS0iWBCTtNFoohoKKB6CqkoRP2qN4nKbLZHqkd3bKJu6eaFJN-Q2CpE9P7TiyImlHGBl9K4pEviNMx2QslQ9v1EIPQjbJJGfRZhbOYp4fEJrzNM3iCsvMyX5Jd004zWndzN6Abs2wpxC-kAv7_61nPZc1uDqoHQrxxJ9GHaGirCSMeJWlltTrX9ILrgiyrV3WxjSKk879riZ2fdISXzoflUYTRmgwbnibQT7zrbBrvbo1e3-wb6z2rpqTg8JEudknQVvLgZBpcIWN05QQQVzAhIgRz0QK2DupyDy-S66Wio1ZZhKVzjDgn3K4EBRogj2PcVDv8qKKPv7MvHX54iFRYvG7fGoK0pTiI2lfdVnOaj0nVJ1sS8vGgPHPa_gqCZtfFMKP_VDlF4I00kC4_-GxhVlPpTU-DUf3DBcvLZhf-UdUQDV5OLtNK5i53UjMM-iIdOyhjlDPesT3SEBZM2dpLvb1_7Kvkfz1e0RK-9U7v7QBSH-jgVh1fndKZYiTajxy0g4QcTpUphIe7B8yxn0Cawwe8dmqnv4EMPyM7_32cXB6LecoFwIe7t1O6jWmuqSQX1kcU98HtSNLA/https://www.amazon.co.jp/dp/B0GYYLJR6H?pd_rd_i=B0GYYLJR6H&pf_rd_p=5964b97a-762f-47cf-b54c-07179c5c33dc&pf_rd_r=CJXDZAX43KQM1J9BX9AB&pd_rd_wg=08gib&pd_rd_w=DF12p&pd_rd_r=a4436df8-c9d9-4281-a4e5-f5cf7f87429e","https://m.media-amazon.com/images/I/7134SMqB07L._AC_UL640_QL65_.jpg","https://aax-fe.amazon.co.jp/x/c/JPOiApgVfV2_hI7d9y_mZbsAAAGfbxh4rgcAAAH2AQBvbm9fdHhuX2JpZDEgICBvbm9fdHhuX2ltcDEgICDCOvFk/clv1c_ek-wwoHWLdTWTVVAul9zB2IOsBIFs7D4Ryeh-QzBMhvCEXhwD_DM-17wGLFZlyKwyL6nIAAmZ0zwL0RkYcS-ObRj2ZzZL95JQhPaodDtviRC7LL8LfCJ7ay8ZLPYMPARTJIOWvgadQMbSn7PCMNWu9HcpMGZhC3-MiywHZbpSQJHrLM8gIJaeXBoBxjBGQqCoBSjLuNoC6chc8Q1lbiUWEaymnmFPJtV0X_NhvcvL08YH52hOkC_ej5u9Bf-M4AAdIKkbrtFLsU8SEXtxwj0P7LPXui56CsAXnjoPjzD5G3FWoPm8C0zi1vqMTvaPcUA2C2DFMx9k72Kc0V_PEAz80fzs_wXZW_1CoYAVMyMVkN0Z9YKNzCPy876YkW7SYuodDHXAg_9Hur9X4SlED4rVb1QnsYDMQ2T46SSYPUBuLUXEFck_-xi0eODOAsFneDpxaKcOc2XiWt5G5Vms8gqvB7Ta_-BJdJ2VVlFcmXbnzbyy2n9wBcmjZ1fFkHjcvPq0OAKxS0iWBCTtNFoohoKKB6CqkoRP2qN4nKbLZHqkd3bKJu6eaFJN-Q2CpE9P7TiyImlHGBl9K4pEviNMx2QslQ9v1EIPQjbJJGfRZhbOYp4fEJrzNM3iCsvMyX5Jd004zWndzN6Abs2wpxC-kAv7_61nPZc1uDqoHQrxxJ9GHaGirCSMeJWlltTrX9ILrgiyrV3WxjSKk879riZ2fdISXzoflUYTRmgwbnibQT7zrbBrvbo1e3-wb6z2rpqTg8JEudknQVvLgZBpcIWN05QQQVzAhIgRz0QK2DupyDy-S66Wio1ZZhKVzjDgn3K4EBRogj2PcVDv8qKKPv7MvHX54iFRYvG7fGoK0pTiI2lfdVnOaj0nVJ1sS8vGgPHPa_gqCZtfFMKP_VDlF4I00kC4_-GxhVlPpTU-DUf3DBcvLZhf-UdUQDV5OLtNK5i53UjMM-iIdOyhjlDPesT3SEBZM2dpLvb1_7Kvkfz1e0RK-9U7v7QBSH-jgVh1fndKZYiTajxy0g4QcTpUphIe7B8yxn0Cawwe8dmqnv4EMPyM7_32cXB6LecoFwIe7t1O6jWmuqSQX1kcU98HtSNLA/https://www.amazon.co.jp/EPZ-P40-%E3%83%8F%E3%82%A4%E3%83%96%E3%83%AA%E3%83%83%E3%83%89%E3%83%89%E3%83%A9%E3%82%A4%E3%83%90%E3%83%BC-%E4%BA%A4%E6%8F%9B%E5%BC%8F%E9%8A%85%E3%83%A1%E3%83%83%E3%82%AD%E9%8A%80%E3%82%B1%E3%83%BC%E3%83%96%E3%83%AB-%E3%83%9F%E3%83%A5%E3%83%BC%E3%82%B8%E3%82%B7%E3%83%A3%E3%83%B3%E3%83%BB%E3%82%AA%E3%83%BC%E3%83%87%E3%82%A3%E3%82%AA%E3%83%95%E3%82%A1%E3%82%A4%E3%83%AB%E5%90%91%E3%81%91/dp/B0GYYLJR6H/ref=sxbs_sbv_search_btf?content-id=amzn1.sym.5964b97a-762f-47cf-b54c-07179c5c33dc%3Aamzn1.sym.5964b97a-762f-47cf-b54c-07179c5c33dc&crid=2E5D17O346HHX&cv_ct_cx=%E3%82%AA%E3%83%AB%E3%83%88%E3%83%95%E3%82%A9%E3%83%B3+%E4%BA%A4%E6%8F%9B%E9%87%9D&keywords=%E3%82%AA%E3%83%AB%E3%83%88%E3%83%95%E3%82%A9%E3%83%B3+%E4%BA%A4%E6%8F%9B%E9%87%9D&pd_rd_i=B0GYYLJR6H&pd_rd_r=a4436df8-c9d9-4281-a4e5-f5cf7f87429e&pd_rd_w=DF12p&pd_rd_wg=08gib&pf_rd_p=5964b97a-762f-47cf-b54c-07179c5c33dc&pf_rd_r=CJXDZAX43KQM1J9BX9AB&qid=1784275299&refinements=p_85%3A8070706051%2Cp_n_condition-type%3A2249602051&rnid=2249601051&sbo=RZvfv%2F%2FHxDF%2BO5021pAnSA%3D%3D&sprefix=%E3%82%AA%E3%83%AB%E3%83%88%E3%83%95%E3%82%A9%E3%83%B3+%2Caps%2C329&sr=1-97-376dc084-9ddd-496f-aef6-cfaadd8b5745&ufe=app_do%3Aamzn1.fos.35785624-70c4-44ae-a5c3-3f044f475d63&xpid=ow3nQIrXEF8aF","","javascript:void(0)","5つ星のうち5.0","https://aax-fe.amazon.co.jp/x/c/JPOiApgVfV2_hI7d9y_mZbsAAAGfbxh4rgcAAAH2AQBvbm9fdHhuX2JpZDEgICBvbm9fdHhuX2ltcDEgICDCOvFk/clv1c_ek-wwoHWLdTWTVVAul9zB2IOsBIFs7D4Ryeh-QzBMhvCEXhwD_DM-17wGLFZlyKwyL6nIAAmZ0zwL0RkYcS-ObRj2ZzZL95JQhPaodDtviRC7LL8LfCJ7ay8ZLPYMPARTJIOWvgadQMbSn7PCMNWu9HcpMGZhC3-MiywHZbpSQJHrLM8gIJaeXBoBxjBGQqCoBSjLuNoC6chc8Q1lbiUWEaymnmFPJtV0X_NhvcvL08YH52hOkC_ej5u9Bf-M4AAdIKkbrtFLsU8SEXtxwj0P7LPXui56CsAXnjoPjzD5G3FWoPm8C0zi1vqMTvaPcUA2C2DFMx9k72Kc0V_PEAz80fzs_wXZW_1CoYAVMyMVkN0Z9YKNzCPy876YkW7SYuodDHXAg_9Hur9X4SlED4rVb1QnsYDMQ2T46SSYPUBuLUXEFck_-xi0eODOAsFneDpxaKcOc2XiWt5G5Vms8gqvB7Ta_-BJdJ2VVlFcmXbnzbyy2n9wBcmjZ1fFkHjcvPq0OAKxS0iWBCTtNFoohoKKB6CqkoRP2qN4nKbLZHqkd3bKJu6eaFJN-Q2CpE9P7TiyImlHGBl9K4pEviNMx2QslQ9v1EIPQjbJJGfRZhbOYp4fEJrzNM3iCsvMyX5Jd004zWndzN6Abs2wpxC-kAv7_61nPZc1uDqoHQrxxJ9GHaGirCSMeJWlltTrX9ILrgiyrV3WxjSKk879riZ2fdISXzoflUYTRmgwbnibQT7zrbBrvbo1e3-wb6z2rpqTg8JEudknQVvLgZBpcIWN05QQQVzAhIgRz0QK2DupyDy-S66Wio1ZZhKVzjDgn3K4EBRogj2PcVDv8qKKPv7MvHX54iFRYvG7fGoK0pTiI2lfdVnOaj0nVJ1sS8vGgPHPa_gqCZtfFMKP_VDlF4I00kC4_-GxhVlPpTU-DUf3DBcvLZhf-UdUQDV5OLtNK5i53UjMM-iIdOyhjlDPesT3SEBZM2dpLvb1_7Kvkfz1e0RK-9U7v7QBSH-jgVh1fndKZYiTajxy0g4QcTpUphIe7B8yxn0Cawwe8dmqnv4EMPyM7_32cXB6LecoFwIe7t1O6jWmuqSQX1kcU98HtSNLA/https://www.amazon.co.jp/EPZ-P40-%E3%83%8F%E3%82%A4%E3%83%96%E3%83%AA%E3%83%83%E3%83%89%E3%83%89%E3%83%A9%E3%82%A4%E3%83%90%E3%83%BC-%E4%BA%A4%E6%8F%9B%E5%BC%8F%E9%8A%85%E3%83%A1%E3%83%83%E3%82%AD%E9%8A%80%E3%82%B1%E3%83%BC%E3%83%96%E3%83%AB-%E3%83%9F%E3%83%A5%E3%83%BC%E3%82%B8%E3%82%B7%E3%83%A3%E3%83%B3%E3%83%BB%E3%82%AA%E3%83%BC%E3%83%87%E3%82%A3%E3%82%AA%E3%83%95%E3%82%A1%E3%82%A4%E3%83%AB%E5%90%91%E3%81%91/dp/B0GYYLJR6H/ref=sxbs_sbv_search_btf?content-id=amzn1.sym.5964b97a-762f-47cf-b54c-07179c5c33dc%3Aamzn1.sym.5964b97a-762f-47cf-b54c-07179c5c33dc&crid=2E5D17O346HHX&cv_ct_cx=%E3%82%AA%E3%83%AB%E3%83%88%E3%83%95%E3%82%A9%E3%83%B3+%E4%BA%A4%E6%8F%9B%E9%87%9D&keywords=%E3%82%AA%E3%83%AB%E3%83%88%E3%83%95%E3%82%A9%E3%83%B3+%E4%BA%A4%E6%8F%9B%E9%87%9D&pd_rd_i=B0GYYLJR6H&pd_rd_r=a4436df8-c9d9-4281-a4e5-f5cf7f87429e&pd_rd_w=DF12p&pd_rd_wg=08gib&pf_rd_p=5964b97a-762f-47cf-b54c-07179c5c33dc&pf_rd_r=CJXDZAX43KQM1J9BX9AB&qid=1784275299&refinements=p_85%3A8070706051%2Cp_n_condition-type%3A2249602051&rnid=2249601051&sbo=RZvfv%2F%2FHxDF%2BO5021pAnSA%3D%3D&sprefix=%E3%82%AA%E3%83%AB%E3%83%88%E3%83%95%E3%82%A9%E3%83%B3+%2Caps%2C329&sr=1-97-376dc084-9ddd-496f-aef6-cfaadd8b5745&ufe=app_do%3Aamzn1.fos.35785624-70c4-44ae-a5c3-3f044f475d63&xpid=ow3nQIrXEF8aF","285ポイント(1%)","https://aax-fe.amazon.co.jp/x/c/JPOiApgVfV2_hI7d9y_mZbsAAAGfbxh4rgcAAAH2AQBvbm9fdHhuX2JpZDEgICBvbm9fdHhuX2ltcDEgICDCOvFk/clv1c_ek-wwoHWLdTWTVVAul9zB2IOsBIFs7D4Ryeh-QzBMhvCEXhwD_DM-17wGLFZlyKwyL6nIAAmZ0zwL0RkYcS-ObRj2ZzZL95JQhPaodDtviRC7LL8LfCJ7ay8ZLPYMPARTJIOWvgadQMbSn7PCMNWu9HcpMGZhC3-MiywHZbpSQJHrLM8gIJaeXBoBxjBGQqCoBSjLuNoC6chc8Q1lbiUWEaymnmFPJtV0X_NhvcvL08YH52hOkC_ej5u9Bf-M4AAdIKkbrtFLsU8SEXtxwj0P7LPXui56CsAXnjoPjzD5G3FWoPm8C0zi1vqMTvaPcUA2C2DFMx9k72Kc0V_PEAz80fzs_wXZW_1CoYAVMyMVkN0Z9YKNzCPy876YkW7SYuodDHXAg_9Hur9X4SlED4rVb1QnsYDMQ2T46SSYPUBuLUXEFck_-xi0eODOAsFneDpxaKcOc2XiWt5G5Vms8gqvB7Ta_-BJdJ2VVlFcmXbnzbyy2n9wBcmjZ1fFkHjcvPq0OAKxS0iWBCTtNFoohoKKB6CqkoRP2qN4nKbLZHqkd3bKJu6eaFJN-Q2CpE9P7TiyImlHGBl9K4pEviNMx2QslQ9v1EIPQjbJJGfRZhbOYp4fEJrzNM3iCsvMyX5Jd004zWndzN6Abs2wpxC-kAv7_61nPZc1uDqoHQrxxJ9GHaGirCSMeJWlltTrX9ILrgiyrV3WxjSKk879riZ2fdISXzoflUYTRmgwbnibQT7zrbBrvbo1e3-wb6z2rpqTg8JEudknQVvLgZBpcIWN05QQQVzAhIgRz0QK2DupyDy-S66Wio1ZZhKVzjDgn3K4EBRogj2PcVDv8qKKPv7MvHX54iFRYvG7fGoK0pTiI2lfdVnOaj0nVJ1sS8vGgPHPa_gqCZtfFMKP_VDlF4I00kC4_-GxhVlPpTU-DUf3DBcvLZhf-UdUQDV5OLtNK5i53UjMM-iIdOyhjlDPesT3SEBZM2dpLvb1_7Kvkfz1e0RK-9U7v7QBSH-jgVh1fndKZYiTajxy0g4QcTpUphIe7B8yxn0Cawwe8dmqnv4EMPyM7_32cXB6LecoFwIe7t1O6jWmuqSQX1kcU98HtSNLA/https://www.amazon.co.jp/EPZ-P40-%E3%83%8F%E3%82%A4%E3%83%96%E3%83%AA%E3%83%83%E3%83%89%E3%83%89%E3%83%A9%E3%82%A4%E3%83%90%E3%83%BC-%E4%BA%A4%E6%8F%9B%E5%BC%8F%E9%8A%85%E3%83%A1%E3%83%83%E3%82%AD%E9%8A%80%E3%82%B1%E3%83%BC%E3%83%96%E3%83%AB-%E3%83%9F%E3%83%A5%E3%83%BC%E3%82%B8%E3%82%B7%E3%83%A3%E3%83%B3%E3%83%BB%E3%82%AA%E3%83%BC%E3%83%87%E3%82%A3%E3%82%AA%E3%83%95%E3%82%A1%E3%82%A4%E3%83%AB%E5%90%91%E3%81%91/dp/B0GYYLJR6H/ref=sxbs_sbv_search_btf?content-id=amzn1.sym.5964b97a-762f-47cf-b54c-07179c5c33dc%3Aamzn1.sym.5964b97a-762f-47cf-b54c-07179c5c33dc&crid=2E5D17O346HHX&cv_ct_cx=%E3%82%AA%E3%83%AB%E3%83%88%E3%83%95%E3%82%A9%E3%83%B3+%E4%BA%A4%E6%8F%9B%E9%87%9D&keywords=%E3%82%AA%E3%83%AB%E3%83%88%E3%83%95%E3%82%A9%E3%83%B3+%E4%BA%A4%E6%8F%9B%E9%87%9D&pd_rd_i=B0GYYLJR6H&pd_rd_r=a4436df8-c9d9-4281-a4e5-f5cf7f87429e&pd_rd_w=DF12p&pd_rd_wg=08gib&pf_rd_p=5964b97a-762f-47cf-b54c-07179c5c33dc&pf_rd_r=CJXDZAX43KQM1J9BX9AB&qid=1784275299&refinements=p_85%3A8070706051%2Cp_n_condition-type%3A2249602051&rnid=2249601051&sbo=RZvfv%2F%2FHxDF%2BO5021pAnSA%3D%3D&sprefix=%E3%82%AA%E3%83%AB%E3%83%88%E3%83%95%E3%82%A9%E3%83%B3+%2Caps%2C329&sr=1-97-376dc084-9ddd-496f-aef6-cfaadd8b5745&ufe=app_do%3Aamzn1.fos.35785624-70c4-44ae-a5c3-3f044f475d63&xpid=ow3nQIrXEF8aF","https://aax-fe.amazon.co.jp/x/c/JPOiApgVfV2_hI7d9y_mZbsAAAGfbxh4rgcAAAH2AQBvbm9fdHhuX2JpZDEgICBvbm9fdHhuX2ltcDEgICDCOvFk/clv1c_ek-wwoHWLdTWTVVAul9zB2IOsBIFs7D4Ryeh-QzBMhvCEXhwD_DM-17wGLFZlyKwyL6nIAAmZ0zwL0RkYcS-ObRj2ZzZL95JQhPaodDtviRC7LL8LfCJ7ay8ZLPYMPARTJIOWvgadQMbSn7PCMNWu9HcpMGZhC3-MiywHZbpSQJHrLM8gIJaeXBoBxjBGQqCoBSjLuNoC6chc8Q1lbiUWEaymnmFPJtV0X_NhvcvL08YH52hOkC_ej5u9Bf-M4AAdIKkbrtFLsU8SEXtxwj0P7LPXui56CsAXnjoPjzD5G3FWoPm8C0zi1vqMTvaPcUA2C2DFMx9k72Kc0V_PEAz80fzs_wXZW_1CoYAVMyMVkN0Z9YKNzCPy876YkW7SYuodDHXAg_9Hur9X4SlED4rVb1QnsYDMQ2T46SSYPUBuLUXEFck_-xi0eODOAsFneDpxaKcOc2XiWt5G5Vms8gqvB7Ta_-BJdJ2VVlFcmXbnzbyy2n9wBcmjZ1fFkHjcvPq0OAKxS0iWBCTtNFoohoKKB6CqkoRP2qN4nKbLZHqkd3bKJu6eaFJN-Q2CpE9P7TiyImlHGBl9K4pEviNMx2QslQ9v1EIPQjbJJGfRZhbOYp4fEJrzNM3iCsvMyX5Jd004zWndzN6Abs2wpxC-kAv7_61nPZc1uDqoHQrxxJ9GHaGirCSMeJWlltTrX9ILrgiyrV3WxjSKk879riZ2fdISXzoflUYTRmgwbnibQT7zrbBrvbo1e3-wb6z2rpqTg8JEudknQVvLgZBpcIWN05QQQVzAhIgRz0QK2DupyDy-S66Wio1ZZhKVzjDgn3K4EBRogj2PcVDv8qKKPv7MvHX54iFRYvG7fGoK0pTiI2lfdVnOaj0nVJ1sS8vGgPHPa_gqCZtfFMKP_VDlF4I00kC4_-GxhVlPpTU-DUf3DBcvLZhf-UdUQDV5OLtNK5i53UjMM-iIdOyhjlDPesT3SEBZM2dpLvb1_7Kvkfz1e0RK-9U7v7QBSH-jgVh1fndKZYiTajxy0g4QcTpUphIe7B8yxn0Cawwe8dmqnv4EMPyM7_32cXB6LecoFwIe7t1O6jWmuqSQX1kcU98HtSNLA/https://www.amazon.co.jp/EPZ-P40-%E3%83%8F%E3%82%A4%E3%83%96%E3%83%AA%E3%83%83%E3%83%89%E3%83%89%E3%83%A9%E3%82%A4%E3%83%90%E3%83%BC-%E4%BA%A4%E6%8F%9B%E5%BC%8F%E9%8A%85%E3%83%A1%E3%83%83%E3%82%AD%E9%8A%80%E3%82%B1%E3%83%BC%E3%83%96%E3%83%AB-%E3%83%9F%E3%83%A5%E3%83%BC%E3%82%B8%E3%82%B7%E3%83%A3%E3%83%B3%E3%83%BB%E3%82%AA%E3%83%BC%E3%83%87%E3%82%A3%E3%82%AA%E3%83%95%E3%82%A1%E3%82%A4%E3%83%AB%E5%90%91%E3%81%91/dp/B0GYYLJR6H/ref=sxbs_sbv_search_btf?content-id=amzn1.sym.5964b97a-762f-47cf-b54c-07179c5c33dc%3Aamzn1.sym.5964b97a-762f-47cf-b54c-07179c5c33dc&crid=2E5D17O346HHX&cv_ct_cx=%E3%82%AA%E3%83%AB%E3%83%88%E3%83%95%E3%82%A9%E3%83%B3+%E4%BA%A4%E6%8F%9B%E9%87%9D&keywords=%E3%82%AA%E3%83%AB%E3%83%88%E3%83%95%E3%82%A9%E3%83%B3+%E4%BA%A4%E6%8F%9B%E9%87%9D&pd_rd_i=B0GYYLJR6H&pd_rd_r=a4436df8-c9d9-4281-a4e5-f5cf7f87429e&pd_rd_w=DF12p&pd_rd_wg=08gib&pf_rd_p=5964b97a-762f-47cf-b54c-07179c5c33dc&pf_rd_r=CJXDZAX43KQM1J9BX9AB&qid=1784275299&refinements=p_85%3A8070706051%2Cp_n_condition-type%3A2249602051&rnid=2249601051&sbo=RZvfv%2F%2FHxDF%2BO5021pAnSA%3D%3D&sprefix=%E3%82%AA%E3%83%AB%E3%83%88%E3%83%95%E3%82%A9%E3%83%B3+%2Caps%2C329&sr=1-97-376dc084-9ddd-496f-aef6-cfaadd8b5745&ufe=app_do%3Aamzn1.fos.35785624-70c4-44ae-a5c3-3f044f475d63&xpid=ow3nQIrXEF8aF#customerReviews","￥28,500","￥","28,500","",""
"https://www.amazon.co.jp/s?k=%E3%82%AA%E3%83%AB%E3%83%88%E3%83%95%E3%82%A9%E3%83%B3+%E3%82%AB%E3%83%BC%E3%83%88%E3%83%AA%E3%83%83%E3%82%B8&ref=rsl_sug_0_0&pd_rd_w=JsKnd&content-id=amzn1.sym.deee566c-316c-432f-9c34-05022b6f2788:amzn1.sym.deee566c-316c-432f-9c34-05022b6f2788&pf_rd_p=deee566c-316c-432f-9c34-05022b6f2788&pf_rd_r=CJXDZAX43KQM1J9BX9AB&pd_rd_wg=08gib&pd_rd_r=a4436df8-c9d9-4281-a4e5-f5cf7f87429e&qid=1784275299","","https://www.amazon.co.jp/s?k=%E3%82%AA%E3%83%AB%E3%83%88%E3%83%95%E3%82%A9%E3%83%B3&ref=rsl_sug_0_3&pd_rd_w=JsKnd&content-id=amzn1.sym.deee566c-316c-432f-9c34-05022b6f2788:amzn1.sym.deee566c-316c-432f-9c34-05022b6f2788&pf_rd_p=deee566c-316c-432f-9c34-05022b6f2788&pf_rd_r=CJXDZAX43KQM1J9BX9AB&pd_rd_wg=08gib&pd_rd_r=a4436df8-c9d9-4281-a4e5-f5cf7f87429e&qid=1784275299","","","","https://www.amazon.co.jp/s?k=%E3%83%AC%E3%82%B3%E3%83%BC%E3%83%89%E9%87%9D&ref=rsl_sug_0_1&pd_rd_w=JsKnd&content-id=amzn1.sym.deee566c-316c-432f-9c34-05022b6f2788:amzn1.sym.deee566c-316c-432f-9c34-05022b6f2788&pf_rd_p=deee566c-316c-432f-9c34-05022b6f2788&pf_rd_r=CJXDZAX43KQM1J9BX9AB&pd_rd_wg=08gib&pd_rd_r=a4436df8-c9d9-4281-a4e5-f5cf7f87429e&qid=1784275299","オルトフォン カートリッジ","https://www.amazon.co.jp/s?k=%E3%82%AA%E3%83%AB%E3%83%88%E3%83%95%E3%82%A9%E3%83%B3+%E3%82%B3%E3%83%B3%E3%82%B3%E3%83%AB%E3%83%89&ref=rsl_sug_0_4&pd_rd_w=JsKnd&content-id=amzn1.sym.deee566c-316c-432f-9c34-05022b6f2788:amzn1.sym.deee566c-316c-432f-9c34-05022b6f2788&pf_rd_p=deee566c-316c-432f-9c34-05022b6f2788&pf_rd_r=CJXDZAX43KQM1J9BX9AB&pd_rd_wg=08gib&pd_rd_r=a4436df8-c9d9-4281-a4e5-f5cf7f87429e&qid=1784275299","https://www.amazon.co.jp/s?k=%E3%82%AA%E3%83%AB%E3%83%88%E3%83%95%E3%82%A9%E3%83%B3+%E9%87%9D&ref=rsl_sug_0_2&pd_rd_w=JsKnd&content-id=amzn1.sym.deee566c-316c-432f-9c34-05022b6f2788:amzn1.sym.deee566c-316c-432f-9c34-05022b6f2788&pf_rd_p=deee566c-316c-432f-9c34-05022b6f2788&pf_rd_r=CJXDZAX43KQM1J9BX9AB&pd_rd_wg=08gib&pd_rd_r=a4436df8-c9d9-4281-a4e5-f5cf7f87429e&qid=1784275299","","","","",""
"https://aax-fe.amazon.co.jp/x/c/JB6JyFeRTFxQNdrMJ6_HuzsAAAGfbxh4uAcAAAH2AQBvbm9fdHhuX2JpZDEgICBvbm9fdHhuX2ltcDEgICA9YDDn/clv1c_ek-wwgfWbdbWDVXQ9wXzYmB9Pks2IfsP_p6sKM37MD-XoFzFnxT9Uivfng9QLUHy8MOLrBbJcuslSxAnFjezJr1hyntj54be9d0v6cFkbcZXh4QGBEQJzy_54cNeQiN09h5FlLZajPtt2j8r6FVia9DcrNXcV2V6UmbxBjFtSowGCL7Xdmjylj3LMQwz4IkvXeafViPj9zrsdTxrn2LStkzIjAq4ITfyWZliwa-DYcY-HK7DAf8lNvHWYqm5sa-Lok0fwTOnzNZX6eieeUQNnchxNmnINhoK0wiF3iHZjwALjazeHR-4qFuhGhh0vb4e3sil4G0hv35317gYp787y9wsUiapOfQ2KQMy167UZXGN9Y00yKtMWq1hrX1HGNNMbOZmnXL8M2E5GKD6_z0mARU82tJZEaQv2cEI_0q8RR-6g1P_7ugranRFQnKAK8RYchNoOYg7LIHUMg5fFBCaoswlKVJVLOrKHYdpO-sCOjLjCFlye716ns7HB-ZBUmKi7YffyEAmftDdBjLhZiCtoGEiQ6zaAhQMy4rPSW0QuSoGZW_Cto1mzNfDOSlFlbEy_0QSYVwyjjHsT3JR6rkDZU6NS7hUyEoZbCAQe9Jq6FYv3jDyEFqY0HsGq_ctDQ9JIfgOcGDtxsydJ8dPWaXnCEtCINtXv0VgWTqhB6Gl0vVEeLrBFmbz07vCIm5gM5LAQHRTv_EItNjWPXX3xsgjOjO8ijCXCDlJZ295zu4is9q_G9TmXyHrIFsbibGWM3wdVKzRUAPU1lccJ9GS6I8cKCT-DcBQKqh8vPeOPMqjOQn81k1yEkVeDd1b7FPUguJTtwT1xA81NigAEJFfaHq-RtZTJ8PcwHLNTekspL-POpmSZO6HBOBKtoVgob0ArL3gXU-pRQOFiLg3iME2-6F5y7mYppnEp_UtxRtwod7OCAkNkYEDx78wxF6Yzgx_TINKar6OGm-cDYGxIFzpQaia6d3EtGs8c0fvnmtvCyJX9RNTqQ2MFoeVQXgMx8cuAwJEBDAtYU3JQV0f4D0w9bLBfOwh3dRdHrXZILkROa2O97bb1QruDAnhOzc5bnF1sMzd5p0B9o6xB1gaAJvYQADp2kBik5Z7u9llDhntXg/https://www.amazon.co.jp/stores/page/5BC3CCCA-85AF-43B9-BFA2-41AD07764010/?_encoding=UTF8&store_ref=SB_A028061017TWRTGELQL1E-A04051571LPVVAPKD9KU0&pd_rd_plhdr=t&aaxitk=fbca38fbf9ac724c532205763d0b0959&hsa_cr_id=0&lp_asins=B0DBSW77BJ%2CB0F48SVDRP%2CB0F48RWJC1&lp_query=%E3%82%AA%E3%83%AB%E3%83%88%E3%83%95%E3%82%A9%E3%83%B3%20%E4%BA%A4%E6%8F%9B%E9%87%9D&lp_slot=desktop-hsa-3psl&ref_=sbx_be_s_3psl_mbd_mb0_bkgd&pd_rd_w=5O81Z&content-id=amzn1.sym.f0c47f13-1570-4307-8717-4f48b93c864a%3Aamzn1.sym.f0c47f13-1570-4307-8717-4f48b93c864a&pf_rd_p=f0c47f13-1570-4307-8717-4f48b93c864a&pf_rd_r=CJXDZAX43KQM1J9BX9AB&pd_rd_wg=odItu&pd_rd_r=c34f6b0e-788f-4f0b-a1fb-198960977023","","https://aax-fe.amazon.co.jp/x/c/JB6JyFeRTFxQNdrMJ6_HuzsAAAGfbxh4uAcAAAH2AQBvbm9fdHhuX2JpZDEgICBvbm9fdHhuX2ltcDEgICA9YDDn/clv1c_ek-wwgfWbdbWDVXQ9wXzYmB9Pks2IfsP_p6sKM37MD-XoFzFnxT9Uivfng9QLUHy8MOLrBbJcuslSxAnFjezJr1hyntj54be9d0v6cFkbcZXh4QGBEQJzy_54cNeQiN09h5FlLZajPtt2j8r6FVia9DcrNXcV2V6UmbxBjFtSowGCL7Xdmjylj3LMQwz4IkvXeafViPj9zrsdTxrn2LStkzIjAq4ITfyWZliwa-DYcY-HK7DAf8lNvHWYqm5sa-Lok0fwTOnzNZX6eieeUQNnchxNmnINhoK0wiF3iHZjwALjazeHR-4qFuhGhh0vb4e3sil4G0hv35317gYp787y9wsUiapOfQ2KQMy167UZXGN9Y00yKtMWq1hrX1HGNNMbOZmnXL8M2E5GKD6_z0mARU82tJZEaQv2cEI_0q8RR-6g1P_7ugranRFQnKAK8RYchNoOYg7LIHUMg5fFBCaoswlKVJVLOrKHYdpO-sCOjLjCFlye716ns7HB-ZBUmKi7YffyEAmftDdBjLhZiCtoGEiQ6zaAhQMy4rPSW0QuSoGZW_Cto1mzNfDOSlFlbEy_0QSYVwyjjHsT3JR6rkDZU6NS7hUyEoZbCAQe9Jq6FYv3jDyEFqY0HsGq_ctDQ9JIfgOcGDtxsydJ8dPWaXnCEtCINtXv0VgWTqhB6Gl0vVEeLrBFmbz07vCIm5gM5LAQHRTv_EItNjWPXX3xsgjOjO8ijCXCDlJZ295zu4is9q_G9TmXyHrIFsbibGWM3wdVKzRUAPU1lccJ9GS6I8cKCT-DcBQKqh8vPeOPMqjOQn81k1yEkVeDd1b7FPUguJTtwT1xA81NigAEJFfaHq-RtZTJ8PcwHLNTekspL-POpmSZO6HBOBKtoVgob0ArL3gXU-pRQOFiLg3iME2-6F5y7mYppnEp_UtxRtwod7OCAkNkYEDx78wxF6Yzgx_TINKar6OGm-cDYGxIFzpQaia6d3EtGs8c0fvnmtvCyJX9RNTqQ2MFoeVQXgMx8cuAwJEBDAtYU3JQV0f4D0w9bLBfOwh3dRdHrXZILkROa2O97bb1QruDAnhOzc5bnF1sMzd5p0B9o6xB1gaAJvYQADp2kBik5Z7u9llDhntXg/https://www.amazon.co.jp/stores/page/5BC3CCCA-85AF-43B9-BFA2-41AD07764010/?_encoding=UTF8&store_ref=SB_A028061017TWRTGELQL1E-A04051571LPVVAPKD9KU0&pd_rd_plhdr=t&aaxitk=fbca38fbf9ac724c532205763d0b0959&hsa_cr_id=0&lp_asins=B0DBSW77BJ%2CB0F48SVDRP%2CB0F48RWJC1&lp_query=%E3%82%AA%E3%83%AB%E3%83%88%E3%83%95%E3%82%A9%E3%83%B3%20%E4%BA%A4%E6%8F%9B%E9%87%9D&lp_slot=desktop-hsa-3psl&ref_=sbx_be_s_3psl_mbd_mb0_bkgd&pd_rd_w=5O81Z&content-id=amzn1.sym.f0c47f13-1570-4307-8717-4f48b93c864a%3Aamzn1.sym.f0c47f13-1570-4307-8717-4f48b93c864a&pf_rd_p=f0c47f13-1570-4307-8717-4f48b93c864a&pf_rd_r=CJXDZAX43KQM1J9BX9AB&pd_rd_wg=odItu&pd_rd_r=c34f6b0e-788f-4f0b-a1fb-198960977023","","","","https://aax-fe.amazon.co.jp/x/c/JB6JyFeRTFxQNdrMJ6_HuzsAAAGfbxh4uAcAAAH2AQBvbm9fdHhuX2JpZDEgICBvbm9fdHhuX2ltcDEgICA9YDDn/clv1c_ek-wwgfWbdbWDVXQ9wXzYmB9Pks2IfsP_p6sKM37MD-XoFzFnxT9Uivfng9QLUHy8MOLrBbJcuslSxAnFjezJr1hyntj54be9d0v6cFkbcZXh4QGBEQJzy_54cNeQiN09h5FlLZajPtt2j8r6FVia9DcrNXcV2V6UmbxBjFtSowGCL7Xdmjylj3LMQwz4IkvXeafViPj9zrsdTxrn2LStkzIjAq4ITfyWZliwa-DYcY-HK7DAf8lNvHWYqm5sa-Lok0fwTOnzNZX6eieeUQNnchxNmnINhoK0wiF3iHZjwALjazeHR-4qFuhGhh0vb4e3sil4G0hv35317gYp787y9wsUiapOfQ2KQMy167UZXGN9Y00yKtMWq1hrX1HGNNMbOZmnXL8M2E5GKD6_z0mARU82tJZEaQv2cEI_0q8RR-6g1P_7ugranRFQnKAK8RYchNoOYg7LIHUMg5fFBCaoswlKVJVLOrKHYdpO-sCOjLjCFlye716ns7HB-ZBUmKi7YffyEAmftDdBjLhZiCtoGEiQ6zaAhQMy4rPSW0QuSoGZW_Cto1mzNfDOSlFlbEy_0QSYVwyjjHsT3JR6rkDZU6NS7hUyEoZbCAQe9Jq6FYv3jDyEFqY0HsGq_ctDQ9JIfgOcGDtxsydJ8dPWaXnCEtCINtXv0VgWTqhB6Gl0vVEeLrBFmbz07vCIm5gM5LAQHRTv_EItNjWPXX3xsgjOjO8ijCXCDlJZ295zu4is9q_G9TmXyHrIFsbibGWM3wdVKzRUAPU1lccJ9GS6I8cKCT-DcBQKqh8vPeOPMqjOQn81k1yEkVeDd1b7FPUguJTtwT1xA81NigAEJFfaHq-RtZTJ8PcwHLNTekspL-POpmSZO6HBOBKtoVgob0ArL3gXU-pRQOFiLg3iME2-6F5y7mYppnEp_UtxRtwod7OCAkNkYEDx78wxF6Yzgx_TINKar6OGm-cDYGxIFzpQaia6d3EtGs8c0fvnmtvCyJX9RNTqQ2MFoeVQXgMx8cuAwJEBDAtYU3JQV0f4D0w9bLBfOwh3dRdHrXZILkROa2O97bb1QruDAnhOzc5bnF1sMzd5p0B9o6xB1gaAJvYQADp2kBik5Z7u9llDhntXg/https://www.amazon.co.jp/stores/page/5BC3CCCA-85AF-43B9-BFA2-41AD07764010/?_encoding=UTF8&store_ref=SB_A028061017TWRTGELQL1E-A04051571LPVVAPKD9KU0&pd_rd_plhdr=t&aaxitk=fbca38fbf9ac724c532205763d0b0959&hsa_cr_id=0&lp_asins=B0DBSW77BJ%2CB0F48SVDRP%2CB0F48RWJC1&lp_query=%E3%82%AA%E3%83%AB%E3%83%88%E3%83%95%E3%82%A9%E3%83%B3%20%E4%BA%A4%E6%8F%9B%E9%87%9D&lp_slot=desktop-hsa-3psl&ref_=sbx_be_s_3psl_mbd_mb0_bkgd&pd_rd_w=5O81Z&content-id=amzn1.sym.f0c47f13-1570-4307-8717-4f48b93c864a%3Aamzn1.sym.f0c47f13-1570-4307-8717-4f48b93c864a&pf_rd_p=f0c47f13-1570-4307-8717-4f48b93c864a&pf_rd_r=CJXDZAX43KQM1J9BX9AB&pd_rd_wg=odItu&pd_rd_r=c34f6b0e-788f-4f0b-a1fb-198960977023","","https://aax-fe.amazon.co.jp/x/c/JCW6QN8SSv2TfHsuslOBmMQAAAGfbxh4uQcAAAH2AQBvbm9fdHhuX2JpZDEgICBvbm9fdHhuX2ltcDEgICBFrIk1/clv1c_ek-wwgHWFcbWDtHYdoeZbwJZSrPXO9Bl3NoduZ7JnM1d8nuRqFF46cKab2_Mv_0YDgN3Ad5sVNo_l6LrTJOG_gZ-dWqczrm8PgcVjlKYzAc-qBV4x-YZ02n25MFEN9PG_RUE1_U050ey_1DiV-P5e9be0B0clkH2kc3MxefGbF4v-IyDzPIpUg5yscGYz8cfg2VbJEvEnYsSl-d72sJi0Cv9L0pmcRYkE1k6HB0y0R9P6KR4mWAArVLOtuCXbYSilvyWy7Fb4HHliI74znEaWr5OoIT-tARdX_zjL_cP-sv04366A-lCp8Rhw832utBXyMALhIrnsQh0XlFaPuYYqskCVFj8IHmI5y-q_nKo_2hs31r-Lxc2sFOe4lPpfLZRYy6ChF8dNOVd5Pg5woDOMNLyHVNSkpOEli_Tz7QTPyyPXUmhi40z-CGBTxvE3QSDH209fLv_OkydNROGdQ6r7ns3dy9_uz112HhbsttiubX6FVMqGwtyVNbqvYUn-rG-3tiFu91evFrw6xgl3S28451MsoFOH_cGzmP0E33BaPSElkBi5nST5MXN0mJXbfzZAAo6g5lgdOMrBMtQcW3Hm8jEdN6y50l1ZMKDulPH48Pn8VwkYhhJd_oCytst7ehCnV4Dc03LptyQwy6N1734ETUfZ2_dJiqSrqj9EVB7QoFQZZZagLoFV-j4-aPy-GI6o0aZRPChQz6uWM3VVaxbpOtaRWmPcb2cqEj7R2H-YfgMZxaOLguToqY4gBHiZnyHJWFHwbOCJynqXj9fT3DH_IAJpYk7aE153hN-H1RuK80DdzlOal8g8su1YH-6vaTUhzNo9gxign_Ydg1QWUGznZG-XtnNt2lHS8RNeTrvcYz_nZUq5S26Ke2XHMjCNxbrKJ6nb628WrfZiC_7LFVw4w9mBeyaSqOKmH7RbsvKJZ1VW9L2k6i9ddHT5ykhDznqAEOu0bI99ttAWNRkGOjONfLL4LOg2ST750erOavxgY208NpuajqfCvmQ731JUOOMaJOQM23j__Q5L5BkucWyAtvUkYrNyyL5R1eky2rtJmexns0UXCRxdzI1chPNr07YkPHnvSegIzwgFtUSYvXikbqcWplXST8DLOE/https://www.amazon.co.jp/stores/page/46581EF1-5E8D-46D6-BD7C-8DC5A5A18B65/?_encoding=UTF8&store_ref=SB_A2VL532MCKNOCN-AKUDIBBLOUQAN&pd_rd_plhdr=t&aaxitk=13edd16ee906b7a16fffe1f2e6f911cf&hsa_cr_id=5614944020403&lp_asins=B0844Y4V9W%2CB087LW8YFH&lp_query=%E3%82%AA%E3%83%AB%E3%83%88%E3%83%95%E3%82%A9%E3%83%B3%20%E4%BA%A4%E6%8F%9B%E9%87%9D&lp_slot=desktop-hsa-3psl&ref_=sbx_be_s_3psl_mbd_mb1_bkgd&pd_rd_w=5O81Z&content-id=amzn1.sym.f0c47f13-1570-4307-8717-4f48b93c864a%3Aamzn1.sym.f0c47f13-1570-4307-8717-4f48b93c864a&pf_rd_p=f0c47f13-1570-4307-8717-4f48b93c864a&pf_rd_r=CJXDZAX43KQM1J9BX9AB&pd_rd_wg=odItu&pd_rd_r=c34f6b0e-788f-4f0b-a1fb-198960977023","https://aax-fe.amazon.co.jp/x/c/JCW6QN8SSv2TfHsuslOBmMQAAAGfbxh4uQcAAAH2AQBvbm9fdHhuX2JpZDEgICBvbm9fdHhuX2ltcDEgICBFrIk1/clv1c_ek-wwgHWFcbWDtHYdoeZbwJZSrPXO9Bl3NoduZ7JnM1d8nuRqFF46cKab2_Mv_0YDgN3Ad5sVNo_l6LrTJOG_gZ-dWqczrm8PgcVjlKYzAc-qBV4x-YZ02n25MFEN9PG_RUE1_U050ey_1DiV-P5e9be0B0clkH2kc3MxefGbF4v-IyDzPIpUg5yscGYz8cfg2VbJEvEnYsSl-d72sJi0Cv9L0pmcRYkE1k6HB0y0R9P6KR4mWAArVLOtuCXbYSilvyWy7Fb4HHliI74znEaWr5OoIT-tARdX_zjL_cP-sv04366A-lCp8Rhw832utBXyMALhIrnsQh0XlFaPuYYqskCVFj8IHmI5y-q_nKo_2hs31r-Lxc2sFOe4lPpfLZRYy6ChF8dNOVd5Pg5woDOMNLyHVNSkpOEli_Tz7QTPyyPXUmhi40z-CGBTxvE3QSDH209fLv_OkydNROGdQ6r7ns3dy9_uz112HhbsttiubX6FVMqGwtyVNbqvYUn-rG-3tiFu91evFrw6xgl3S28451MsoFOH_cGzmP0E33BaPSElkBi5nST5MXN0mJXbfzZAAo6g5lgdOMrBMtQcW3Hm8jEdN6y50l1ZMKDulPH48Pn8VwkYhhJd_oCytst7ehCnV4Dc03LptyQwy6N1734ETUfZ2_dJiqSrqj9EVB7QoFQZZZagLoFV-j4-aPy-GI6o0aZRPChQz6uWM3VVaxbpOtaRWmPcb2cqEj7R2H-YfgMZxaOLguToqY4gBHiZnyHJWFHwbOCJynqXj9fT3DH_IAJpYk7aE153hN-H1RuK80DdzlOal8g8su1YH-6vaTUhzNo9gxign_Ydg1QWUGznZG-XtnNt2lHS8RNeTrvcYz_nZUq5S26Ke2XHMjCNxbrKJ6nb628WrfZiC_7LFVw4w9mBeyaSqOKmH7RbsvKJZ1VW9L2k6i9ddHT5ykhDznqAEOu0bI99ttAWNRkGOjONfLL4LOg2ST750erOavxgY208NpuajqfCvmQ731JUOOMaJOQM23j__Q5L5BkucWyAtvUkYrNyyL5R1eky2rtJmexns0UXCRxdzI1chPNr07YkPHnvSegIzwgFtUSYvXikbqcWplXST8DLOE/https://www.amazon.co.jp/stores/page/46581EF1-5E8D-46D6-BD7C-8DC5A5A18B65/?_encoding=UTF8&store_ref=SB_A2VL532MCKNOCN-AKUDIBBLOUQAN&pd_rd_plhdr=t&aaxitk=13edd16ee906b7a16fffe1f2e6f911cf&hsa_cr_id=5614944020403&lp_asins=B0844Y4V9W%2CB087LW8YFH&lp_query=%E3%82%AA%E3%83%AB%E3%83%88%E3%83%95%E3%82%A9%E3%83%B3%20%E4%BA%A4%E6%8F%9B%E9%87%9D&lp_slot=desktop-hsa-3psl&ref_=sbx_be_s_3psl_mbd_mb1_bkgd&pd_rd_w=5O81Z&content-id=amzn1.sym.f0c47f13-1570-4307-8717-4f48b93c864a%3Aamzn1.sym.f0c47f13-1570-4307-8717-4f48b93c864a&pf_rd_p=f0c47f13-1570-4307-8717-4f48b93c864a&pf_rd_r=CJXDZAX43KQM1J9BX9AB&pd_rd_wg=odItu&pd_rd_r=c34f6b0e-788f-4f0b-a1fb-198960977023","","","","",""
"","","","","","","","ヘルプセクションを参照する","","","","","","",""
"","","","","","","","","","","","","","",""