source_file,source_row,category,status,asin,title,brand,price_yen,hit_type,hit_value,out_reason,amazon_url,image_url,raw_text_for_ng,all_asins,jan
Custom Handle & Knob.csv,1,custom handle & knob,SAFE,B0DT6L1ZJ1,リブレ(LIVRE) 11511 EP37 Bシリーズ シマノ&ダイワ用 カスタムチタンノブ単体 1個入 オールブラック E37KB-1,,8407,category_allow,カスタムチタンノブ,カテゴリ許可ワード一致(contains),https://www.amazon.co.jp/LIVRE-11511-%E3%82%AB%E3%82%B9%E3%82%BF%E3%83%A0%E3%83%81%E3%82%BF%E3%83%B3%E3%83%8E%E3%83%96%E5%8D%98%E4%BD%93-%E3%82%AA%E3%83%BC%E3%83%AB%E3%83%96%E3%83%A9%E3%83%83%E3%82%AF-E37KB-1/dp/B0DT6L1ZJ1/ref=sr_1_5?__mk_ja_JP=%E3%82%AB%E3%82%BF%E3%82%AB%E3%83%8A&crid=I954U6JYT57U&dd=tIJnRR5snPoivqBD4b2b4Q%2C%2C&dib=eyJ2IjoiMSJ9.a9nf1pHuUwjpxCQ1K_xuy5hQNFrm72Gioi81SBjEeJab_F5_tNmzQK3S4JWsH9n9taRaIqE5MJXEmzx2S0CRqKlf9DrfkNyZfEq_cuHJkj5Gb2qprymjMMva3CZJUAFF-Xfx9xeLh6ARPvqYdLoD-X86KZ8R8wM7l5qn-4bRi5LdgFkYcJccGtSYIK-t0ZxheDpKPhoUzv7auYwAKFba4Me0m1nlg8_vWFWf4Kb-C1dYFTfiqUjPAVrmCjDWq_yg3Xv7I8CSz8agI6sNQxt4LcJeevC2hNtUwN1e-oXpmw0.Rp8d4RD_fNViQhqIX_KCUrWbLr7n2VK1R6VpHLbl_BY&dib_tag=se&keywords=%E3%82%AB%E3%82%B9%E3%82%BF%E3%83%A0%E3%83%8F%E3%83%B3%E3%83%89%E3%83%AB%E3%83%BB%E3%83%8E%E3%83%96&qid=1789194946&refinements=p_72%3A2017326051%2Cp_90%3A3428068051&rnid=3428066051&sprefix=%E3%82%AB%E3%82%B9%E3%82%BF%E3%83%A0%E3%83%8F%E3%83%B3%E3%83%89%E3%83%AB+%E3%83%8E%E3%83%96%2Caps%2C230&sr=8-5&ufe=app_do%3Aamzn1.fos.35785624-70c4-44ae-a5c3-3f044f475d63,"https://m.media-amazon.com/images/I/51YrNvvH5fL._AC_UL320_AIweblab1378949,T1_.jpg","LIVRE-11511-カスタムチタンノブ単体-オールブラック-E37KB-1 LIVRE-11511-カスタムチタンノブ単体-オールブラック-E37KB-1 リブレ(LIVRE) 11511 EP37 Bシリーズ シマノ&ダイワ用 カスタムチタンノブ単体 1個入 オールブラック E37KB-1 5.0 javascript:void(0) 5つ星のうち5.0 LIVRE-11511-カスタムチタンノブ単体-オールブラック-E37KB-1 (3) 価格、商品詳細ページ LIVRE-11511-カスタムチタンノブ単体-オールブラック-E37KB-1 ￥8,407 ￥ 8,407 84ポイント(1%) プライム会員なら 明日 9月13日 9月14日 月曜日 こちらからもご購入いただけます",B0DT6L1ZJ1,
Custom Handle & Knob.csv,2,custom handle & knob,SAFE,B074JZGTQY,ゴメクサス ジギング 35 38 41mm パワーハンドルノブ ダイワ シマノ対応 レガリス ヴァンキッシュ ストラディック サハラアルミ製ノブ,,1990,category_allow,ハンドルノブ,カテゴリ許可ワード一致(contains),https://www.amazon.co.jp/%E3%82%B4%E3%83%A1%E3%82%AF%E3%82%B5%E3%82%B9-38mm-%E3%82%A2%E3%83%AB%E3%83%86%E3%82%B0%E3%83%A9-%E3%82%B9%E3%83%88%E3%83%A9%E3%83%87%E3%82%A3%E3%83%83%E3%82%AF-%E3%82%B9%E3%83%94%E3%83%BC%E3%83%8B%E3%83%B3%E3%82%B0/dp/B074JZGTQY/ref=sr_1_6?__mk_ja_JP=%E3%82%AB%E3%82%BF%E3%82%AB%E3%83%8A&crid=I954U6JYT57U&dd=tIJnRR5snPoivqBD4b2b4Q%2C%2C&dib=eyJ2IjoiMSJ9.a9nf1pHuUwjpxCQ1K_xuy5hQNFrm72Gioi81SBjEeJab_F5_tNmzQK3S4JWsH9n9taRaIqE5MJXEmzx2S0CRqKlf9DrfkNyZfEq_cuHJkj5Gb2qprymjMMva3CZJUAFF-Xfx9xeLh6ARPvqYdLoD-X86KZ8R8wM7l5qn-4bRi5LdgFkYcJccGtSYIK-t0ZxheDpKPhoUzv7auYwAKFba4Me0m1nlg8_vWFWf4Kb-C1dYFTfiqUjPAVrmCjDWq_yg3Xv7I8CSz8agI6sNQxt4LcJeevC2hNtUwN1e-oXpmw0.Rp8d4RD_fNViQhqIX_KCUrWbLr7n2VK1R6VpHLbl_BY&dib_tag=se&keywords=%E3%82%AB%E3%82%B9%E3%82%BF%E3%83%A0%E3%83%8F%E3%83%B3%E3%83%89%E3%83%AB%E3%83%BB%E3%83%8E%E3%83%96&qid=1789194946&refinements=p_72%3A2017326051%2Cp_90%3A3428068051&rnid=3428066051&sprefix=%E3%82%AB%E3%82%B9%E3%82%BF%E3%83%A0%E3%83%8F%E3%83%B3%E3%83%89%E3%83%AB+%E3%83%8E%E3%83%96%2Caps%2C230&sr=8-6&ufe=app_do%3Aamzn1.fos.35785624-70c4-44ae-a5c3-3f044f475d63,"https://m.media-amazon.com/images/I/61w0C+1Iu2L._AC_UL320_AIweblab1378949,T1_.jpg","ゴメクサス-38mm-アルテグラ-ストラディック-スピーニング ゴメクサス-38mm-アルテグラ-ストラディック-スピーニング ゴメクサス ジギング 35 38 41mm パワーハンドルノブ ダイワ シマノ対応 レガリス ヴァンキッシュ ストラディック サハラアルミ製ノブ 4.5 javascript:void(0) 5つ星のうち4.5 ゴメクサス-38mm-アルテグラ-ストラディック-スピーニング (1709) 価格、商品詳細ページ ￥1,990 ￥ 1,990 過去1か月で100点以上購入されました プライム会員なら 明日 9月13日 9月14日 月曜日 ベストセラー3位 ゴメクサス-38mm-アルテグラ-ストラディック-スピーニング - スピニングリールパーツ 参考: ￥2,490 参考: ￥2,490",B074JZGTQY,
Custom Handle & Knob.csv,3,custom handle & knob,SAFE,B003KM5ZZK,Daiwa SLP WORKS(ダイワSLPワークス) ハンドルノブ RCS I型コルクノブ (ハンドルノブS交換可) スピニング・ベイト・両軸共用 アイズファクトリー リール,,1645,category_allow,ハンドルノブ,カテゴリ許可ワード一致(contains),https://www.amazon.co.jp/Daiwa-SLP-WORKS-%E3%83%80%E3%82%A4%E3%83%AFSLP%E3%83%AF%E3%83%BC%E3%82%AF%E3%82%B9-I%E3%82%B7%E3%82%A7%E3%82%A4%E3%83%97%E3%82%B3%E3%83%AB%E3%82%AF%E3%83%8E%E3%83%96/dp/B003KM5ZZK/ref=sr_1_7?__mk_ja_JP=%E3%82%AB%E3%82%BF%E3%82%AB%E3%83%8A&crid=I954U6JYT57U&dd=tIJnRR5snPoivqBD4b2b4Q%2C%2C&dib=eyJ2IjoiMSJ9.a9nf1pHuUwjpxCQ1K_xuy5hQNFrm72Gioi81SBjEeJab_F5_tNmzQK3S4JWsH9n9taRaIqE5MJXEmzx2S0CRqKlf9DrfkNyZfEq_cuHJkj5Gb2qprymjMMva3CZJUAFF-Xfx9xeLh6ARPvqYdLoD-X86KZ8R8wM7l5qn-4bRi5LdgFkYcJccGtSYIK-t0ZxheDpKPhoUzv7auYwAKFba4Me0m1nlg8_vWFWf4Kb-C1dYFTfiqUjPAVrmCjDWq_yg3Xv7I8CSz8agI6sNQxt4LcJeevC2hNtUwN1e-oXpmw0.Rp8d4RD_fNViQhqIX_KCUrWbLr7n2VK1R6VpHLbl_BY&dib_tag=se&keywords=%E3%82%AB%E3%82%B9%E3%82%BF%E3%83%A0%E3%83%8F%E3%83%B3%E3%83%89%E3%83%AB%E3%83%BB%E3%83%8E%E3%83%96&qid=1789194946&refinements=p_72%3A2017326051%2Cp_90%3A3428068051&rnid=3428066051&sprefix=%E3%82%AB%E3%82%B9%E3%82%BF%E3%83%A0%E3%83%8F%E3%83%B3%E3%83%89%E3%83%AB+%E3%83%8E%E3%83%96%2Caps%2C230&sr=8-7&ufe=app_do%3Aamzn1.fos.35785624-70c4-44ae-a5c3-3f044f475d63,"https://m.media-amazon.com/images/I/51zFGNuWAaL._AC_UL320_AIweblab1378949,T1_.jpg","Daiwa-SLP-WORKS-ダイワSLPワークス-Iシェイプコルクノブ Daiwa-SLP-WORKS-ダイワSLPワークス-Iシェイプコルクノブ Daiwa SLP WORKS(ダイワSLPワークス) ハンドルノブ RCS I型コルクノブ (ハンドルノブS交換可) スピニング・ベイト・両軸共用 アイズファクトリー リール 4.4 javascript:void(0) 5つ星のうち4.4 Daiwa-SLP-WORKS-ダイワSLPワークス-Iシェイプコルクノブ (484) 価格、商品詳細ページ ￥1,645 ￥ 1,645 過去1か月で100点以上購入されました プライム会員なら 明日 9月13日 9月14日 月曜日 ベストセラー10位 Daiwa-SLP-WORKS-ダイワSLPワークス-Iシェイプコルクノブ - スピニングリールパーツ 参考: ￥1,980 参考: ￥1,980",B003KM5ZZK,
Custom Handle & Knob.csv,4,custom handle & knob,SAFE,B07N3T1FC5,ゴメクサス E38 リールハンドルノブ EVA製 ラウンド型 ノブ 38mm ダイワ (Daiwa) タイプ S シマノ (Shimano) タイプ A ハンドル 交換用 スピニングリール ベイトリール 対応 海釣り 船釣り ルアー釣り,,1890,category_allow,リールハンドル,カテゴリ許可ワード一致(contains),https://www.amazon.co.jp/%E3%82%B4%E3%83%A1%E3%82%AF%E3%82%B5%E3%82%B9-Gomexus-Daiwa-Shimano-%E3%83%84%E3%82%A4%E3%83%B3%E3%83%91%E3%83%AF%E3%83%BC/dp/B07N3T1FC5/ref=sr_1_8?__mk_ja_JP=%E3%82%AB%E3%82%BF%E3%82%AB%E3%83%8A&crid=I954U6JYT57U&dd=tIJnRR5snPoivqBD4b2b4Q%2C%2C&dib=eyJ2IjoiMSJ9.a9nf1pHuUwjpxCQ1K_xuy5hQNFrm72Gioi81SBjEeJab_F5_tNmzQK3S4JWsH9n9taRaIqE5MJXEmzx2S0CRqKlf9DrfkNyZfEq_cuHJkj5Gb2qprymjMMva3CZJUAFF-Xfx9xeLh6ARPvqYdLoD-X86KZ8R8wM7l5qn-4bRi5LdgFkYcJccGtSYIK-t0ZxheDpKPhoUzv7auYwAKFba4Me0m1nlg8_vWFWf4Kb-C1dYFTfiqUjPAVrmCjDWq_yg3Xv7I8CSz8agI6sNQxt4LcJeevC2hNtUwN1e-oXpmw0.Rp8d4RD_fNViQhqIX_KCUrWbLr7n2VK1R6VpHLbl_BY&dib_tag=se&keywords=%E3%82%AB%E3%82%B9%E3%82%BF%E3%83%A0%E3%83%8F%E3%83%B3%E3%83%89%E3%83%AB%E3%83%BB%E3%83%8E%E3%83%96&qid=1789194946&refinements=p_72%3A2017326051%2Cp_90%3A3428068051&rnid=3428066051&sprefix=%E3%82%AB%E3%82%B9%E3%82%BF%E3%83%A0%E3%83%8F%E3%83%B3%E3%83%89%E3%83%AB+%E3%83%8E%E3%83%96%2Caps%2C230&sr=8-8&ufe=app_do%3Aamzn1.fos.35785624-70c4-44ae-a5c3-3f044f475d63,"https://m.media-amazon.com/images/I/51Kj2jMJKQL._AC_UL320_AIweblab1378949,T1_.jpg","ゴメクサス-Gomexus-Daiwa-Shimano-ツインパワー ゴメクサス-Gomexus-Daiwa-Shimano-ツインパワー ゴメクサス E38 リールハンドルノブ EVA製 ラウンド型 ノブ 38mm ダイワ (Daiwa) タイプ S シマノ (Shimano) タイプ A ハンドル 交換用 スピニングリール ベイトリール 対応 海釣り 船釣り ルアー釣り 4.4 javascript:void(0) 5つ星のうち4.4 ゴメクサス-Gomexus-Daiwa-Shimano-ツインパワー (1494) 価格、商品詳細ページ ￥1,890 ￥ 1,890 過去1か月で100点以上購入されました プライム会員なら 明日 9月13日 9月14日 月曜日 ベストセラー4位 ゴメクサス-Gomexus-Daiwa-Shimano-ツインパワー - ベイトリールパーツ 参考: ￥1,990 参考: ￥1,990",B07N3T1FC5,
Custom Handle & Knob.csv,5,custom handle & knob,SAFE,B071F8DZVT,ゴメクサス ジギング 35 38 41mm パワーハンドルノブ ダイワ シマノ対応 レガリス ヴァンキッシュ ストラディック サハラアルミ製ノブ,,1990,category_allow,ハンドルノブ,カテゴリ許可ワード一致(contains),https://www.amazon.co.jp/%E3%82%B4%E3%83%A1%E3%82%AF%E3%82%B5%E3%82%B9-38mm-%E3%83%8F%E3%83%B3%E3%83%89%E3%83%AB-Type-%E3%83%84%E3%82%A4%E3%83%B3%E3%83%91%E3%83%AF%E3%83%BC/dp/B071F8DZVT/ref=sr_1_9?__mk_ja_JP=%E3%82%AB%E3%82%BF%E3%82%AB%E3%83%8A&crid=I954U6JYT57U&dd=tIJnRR5snPoivqBD4b2b4Q%2C%2C&dib=eyJ2IjoiMSJ9.a9nf1pHuUwjpxCQ1K_xuy5hQNFrm72Gioi81SBjEeJab_F5_tNmzQK3S4JWsH9n9taRaIqE5MJXEmzx2S0CRqKlf9DrfkNyZfEq_cuHJkj5Gb2qprymjMMva3CZJUAFF-Xfx9xeLh6ARPvqYdLoD-X86KZ8R8wM7l5qn-4bRi5LdgFkYcJccGtSYIK-t0ZxheDpKPhoUzv7auYwAKFba4Me0m1nlg8_vWFWf4Kb-C1dYFTfiqUjPAVrmCjDWq_yg3Xv7I8CSz8agI6sNQxt4LcJeevC2hNtUwN1e-oXpmw0.Rp8d4RD_fNViQhqIX_KCUrWbLr7n2VK1R6VpHLbl_BY&dib_tag=se&keywords=%E3%82%AB%E3%82%B9%E3%82%BF%E3%83%A0%E3%83%8F%E3%83%B3%E3%83%89%E3%83%AB%E3%83%BB%E3%83%8E%E3%83%96&qid=1789194946&refinements=p_72%3A2017326051%2Cp_90%3A3428068051&rnid=3428066051&sprefix=%E3%82%AB%E3%82%B9%E3%82%BF%E3%83%A0%E3%83%8F%E3%83%B3%E3%83%89%E3%83%AB+%E3%83%8E%E3%83%96%2Caps%2C230&sr=8-9&ufe=app_do%3Aamzn1.fos.35785624-70c4-44ae-a5c3-3f044f475d63,"https://m.media-amazon.com/images/I/51Exp6utePL._AC_UL320_AIweblab1378949,T1_.jpg","ゴメクサス-38mm-ハンドル-Type-ツインパワー ゴメクサス-38mm-ハンドル-Type-ツインパワー ゴメクサス ジギング 35 38 41mm パワーハンドルノブ ダイワ シマノ対応 レガリス ヴァンキッシュ ストラディック サハラアルミ製ノブ 4.5 javascript:void(0) 5つ星のうち4.5 ゴメクサス-38mm-ハンドル-Type-ツインパワー (1199) 価格、商品詳細ページ ￥1,990 ￥ 1,990 過去1か月で100点以上購入されました プライム会員なら 明日 9月13日 9月14日 月曜日 ベストセラー3位 ゴメクサス-38mm-ハンドル-Type-ツインパワー - スピニングリールパーツ 過去: ￥2,490 過去: ￥2,490",B071F8DZVT,
Custom Handle & Knob.csv,6,custom handle & knob,SAFE,B07FW1HDHV,ゴメクサス A30 リールハンドルノブ 30mm アルミ合金 ダイワ,,1690,category_allow,リールハンドル,カテゴリ許可ワード一致(contains),https://www.amazon.co.jp/%E3%82%B4%E3%83%A1%E3%82%AF%E3%82%B5%E3%82%B9-%E3%83%AA%E3%83%BC%E3%83%AB%E3%83%8F%E3%83%B3%E3%83%89%E3%83%AB%E3%83%8E%E3%83%96-Shimano-%E3%82%B9%E3%83%94%E3%83%8B%E3%83%B3%E3%82%B0%E3%83%AA%E3%83%BC%E3%83%AB%E3%81%A8%E3%83%99%E3%82%A4%E3%83%88%E3%83%AA%E3%83%BC%E3%83%AB%E5%AF%BE%E5%BF%9C-%E9%9D%92%E7%89%A9%E3%82%AD%E3%83%A3%E3%82%B9%E3%83%86%E3%82%A3%E3%83%B3%E3%82%B0/dp/B07FW1HDHV/ref=sr_1_10?__mk_ja_JP=%E3%82%AB%E3%82%BF%E3%82%AB%E3%83%8A&crid=I954U6JYT57U&dd=tIJnRR5snPoivqBD4b2b4Q%2C%2C&dib=eyJ2IjoiMSJ9.a9nf1pHuUwjpxCQ1K_xuy5hQNFrm72Gioi81SBjEeJab_F5_tNmzQK3S4JWsH9n9taRaIqE5MJXEmzx2S0CRqKlf9DrfkNyZfEq_cuHJkj5Gb2qprymjMMva3CZJUAFF-Xfx9xeLh6ARPvqYdLoD-X86KZ8R8wM7l5qn-4bRi5LdgFkYcJccGtSYIK-t0ZxheDpKPhoUzv7auYwAKFba4Me0m1nlg8_vWFWf4Kb-C1dYFTfiqUjPAVrmCjDWq_yg3Xv7I8CSz8agI6sNQxt4LcJeevC2hNtUwN1e-oXpmw0.Rp8d4RD_fNViQhqIX_KCUrWbLr7n2VK1R6VpHLbl_BY&dib_tag=se&keywords=%E3%82%AB%E3%82%B9%E3%82%BF%E3%83%A0%E3%83%8F%E3%83%B3%E3%83%89%E3%83%AB%E3%83%BB%E3%83%8E%E3%83%96&qid=1789194946&refinements=p_72%3A2017326051%2Cp_90%3A3428068051&rnid=3428066051&sprefix=%E3%82%AB%E3%82%B9%E3%82%BF%E3%83%A0%E3%83%8F%E3%83%B3%E3%83%89%E3%83%AB+%E3%83%8E%E3%83%96%2Caps%2C230&sr=8-10&ufe=app_do%3Aamzn1.fos.35785624-70c4-44ae-a5c3-3f044f475d63,"https://m.media-amazon.com/images/I/51PBRH72OhL._AC_UL320_AIweblab1378949,T1_.jpg","ゴメクサス-リールハンドルノブ-Shimano-スピニングリールとベイトリール対応-青物キャスティング ゴメクサス-リールハンドルノブ-Shimano-スピニングリールとベイトリール対応-青物キャスティング ゴメクサス A30 リールハンドルノブ 30mm アルミ合金 ダイワ ベストセラー javascript:void(0) 5つ星のうち4.4 ゴメクサス-リールハンドルノブ-Shimano-スピニングリールとベイトリール対応-青物キャスティング (1372) 価格、商品詳細ページ ￥1,690 ￥ 1,690 タイプS対応| シマノ タイプA対応| スピニングリール・ベイトリール対応| バス・青物キャスティング・海釣り用 プライム会員なら 明日 9月13日 9月14日 月曜日 過去1か月で200点以上購入されました ゴメクサス-リールハンドルノブ-Shimano-スピニングリールとベイトリール対応-青物キャスティング ベストセラー1位 - ベイトリールパーツ",B07FW1HDHV,
Custom Handle & Knob.csv,7,custom handle & knob,SAFE,B0D7D1WZ7Q,HEIGHTEN 19mm リール ハンドル ノブ 6.8g シマノ ダイワ 通用 (Shimano Type A) (Daiwa Type S)用 New Pillar Series (ブラック＆ゴールド) (HT17501),,1490,category_allow,リールハンドル,カテゴリ許可ワード一致(contains),https://www.amazon.co.jp/HEIGHTEN-Shimano-Daiwa-Pillar-%E3%83%96%E3%83%A9%E3%83%83%E3%82%AF%EF%BC%86%E3%82%B4%E3%83%BC%E3%83%AB%E3%83%89/dp/B0D7D1WZ7Q/ref=sr_1_11?__mk_ja_JP=%E3%82%AB%E3%82%BF%E3%82%AB%E3%83%8A&crid=I954U6JYT57U&dd=tIJnRR5snPoivqBD4b2b4Q%2C%2C&dib=eyJ2IjoiMSJ9.a9nf1pHuUwjpxCQ1K_xuy5hQNFrm72Gioi81SBjEeJab_F5_tNmzQK3S4JWsH9n9taRaIqE5MJXEmzx2S0CRqKlf9DrfkNyZfEq_cuHJkj5Gb2qprymjMMva3CZJUAFF-Xfx9xeLh6ARPvqYdLoD-X86KZ8R8wM7l5qn-4bRi5LdgFkYcJccGtSYIK-t0ZxheDpKPhoUzv7auYwAKFba4Me0m1nlg8_vWFWf4Kb-C1dYFTfiqUjPAVrmCjDWq_yg3Xv7I8CSz8agI6sNQxt4LcJeevC2hNtUwN1e-oXpmw0.Rp8d4RD_fNViQhqIX_KCUrWbLr7n2VK1R6VpHLbl_BY&dib_tag=se&keywords=%E3%82%AB%E3%82%B9%E3%82%BF%E3%83%A0%E3%83%8F%E3%83%B3%E3%83%89%E3%83%AB%E3%83%BB%E3%83%8E%E3%83%96&qid=1789194946&refinements=p_72%3A2017326051%2Cp_90%3A3428068051&rnid=3428066051&sprefix=%E3%82%AB%E3%82%B9%E3%82%BF%E3%83%A0%E3%83%8F%E3%83%B3%E3%83%89%E3%83%AB+%E3%83%8E%E3%83%96%2Caps%2C230&sr=8-11&ufe=app_do%3Aamzn1.fos.35785624-70c4-44ae-a5c3-3f044f475d63,"https://m.media-amazon.com/images/I/616dgGGC-SL._AC_UL320_AIweblab1378949,T1_.jpg","HEIGHTEN-Shimano-Daiwa-Pillar-ブラック＆ゴールド HEIGHTEN-Shimano-Daiwa-Pillar-ブラック＆ゴールド HEIGHTEN 19mm リール ハンドル ノブ 6.8g シマノ ダイワ 通用 (Shimano Type A) (Daiwa Type S)用 New Pillar Series (ブラック＆ゴールド) (HT17501) 4.5 javascript:void(0) 5つ星のうち4.5 HEIGHTEN-Shimano-Daiwa-Pillar-ブラック＆ゴールド (59) 価格、商品詳細ページ HEIGHTEN-Shimano-Daiwa-Pillar-ブラック＆ゴールド ￥1,490 ￥ 1,490 15ポイント(1%) プライム会員なら 明日 9月13日 9月14日 月曜日 ダブルポイント",B0D7D1WZ7Q,
Custom Handle & Knob.csv,8,custom handle & knob,SAFE,B09NLJTTC2,ゴメクサス T22 リールハンドルノブ チタン製 22mm ダイワ (Daiwa) タイプ S シマノ (Shimano) タイプ A ハンドル 交換用 スピニングリール ベイトリール 対応 超軽量 ライトゲーム・渓流バス釣り向け 高感度,,2691,category_allow,リールハンドル,カテゴリ許可ワード一致(contains),https://www.amazon.co.jp/%E3%83%AA%E3%83%BC%E3%83%AB%E3%83%8F%E3%83%B3%E3%83%89%E3%83%AB%E3%83%8E%E3%83%96-Shimano-%E3%82%B9%E3%83%94%E3%83%8B%E3%83%B3%E3%82%B0%E3%83%AA%E3%83%BC%E3%83%AB-%E3%83%99%E3%82%A4%E3%83%88%E3%83%AA%E3%83%BC%E3%83%AB-%E3%83%A9%E3%82%A4%E3%83%88%E3%82%B2%E3%83%BC%E3%83%A0%E3%83%BB%E6%B8%93%E6%B5%81%E3%83%90%E3%82%B9%E9%87%A3%E3%82%8A%E5%90%91%E3%81%91/dp/B09NLJTTC2/ref=sr_1_12?__mk_ja_JP=%E3%82%AB%E3%82%BF%E3%82%AB%E3%83%8A&crid=I954U6JYT57U&dd=tIJnRR5snPoivqBD4b2b4Q%2C%2C&dib=eyJ2IjoiMSJ9.a9nf1pHuUwjpxCQ1K_xuy5hQNFrm72Gioi81SBjEeJab_F5_tNmzQK3S4JWsH9n9taRaIqE5MJXEmzx2S0CRqKlf9DrfkNyZfEq_cuHJkj5Gb2qprymjMMva3CZJUAFF-Xfx9xeLh6ARPvqYdLoD-X86KZ8R8wM7l5qn-4bRi5LdgFkYcJccGtSYIK-t0ZxheDpKPhoUzv7auYwAKFba4Me0m1nlg8_vWFWf4Kb-C1dYFTfiqUjPAVrmCjDWq_yg3Xv7I8CSz8agI6sNQxt4LcJeevC2hNtUwN1e-oXpmw0.Rp8d4RD_fNViQhqIX_KCUrWbLr7n2VK1R6VpHLbl_BY&dib_tag=se&keywords=%E3%82%AB%E3%82%B9%E3%82%BF%E3%83%A0%E3%83%8F%E3%83%B3%E3%83%89%E3%83%AB%E3%83%BB%E3%83%8E%E3%83%96&qid=1789194946&refinements=p_72%3A2017326051%2Cp_90%3A3428068051&rnid=3428066051&sprefix=%E3%82%AB%E3%82%B9%E3%82%BF%E3%83%A0%E3%83%8F%E3%83%B3%E3%83%89%E3%83%AB+%E3%83%8E%E3%83%96%2Caps%2C230&sr=8-12&ufe=app_do%3Aamzn1.fos.35785624-70c4-44ae-a5c3-3f044f475d63,"https://m.media-amazon.com/images/I/51xewnwmJ7L._AC_UL320_AIweblab1378949,T1_.jpg","リールハンドルノブ-Shimano-スピニングリール-ベイトリール-ライトゲーム・渓流バス釣り向け リールハンドルノブ-Shimano-スピニングリール-ベイトリール-ライトゲーム・渓流バス釣り向け ゴメクサス T22 リールハンドルノブ チタン製 22mm ダイワ (Daiwa) タイプ S シマノ (Shimano) タイプ A ハンドル 交換用 スピニングリール ベイトリール 対応 超軽量 ライトゲーム・渓流バス釣り向け 高感度 4.3 javascript:void(0) 5つ星のうち4.3 リールハンドルノブ-Shimano-スピニングリール-ベイトリール-ライトゲーム・渓流バス釣り向け (363) 価格、商品詳細ページ ￥2,691 ￥ 2,691 ベストセラー9位 プライム会員なら 明日 9月13日 9月14日 月曜日 - ベイトリールパーツ 参考: 参考: ￥2,990 27ポイント(1%) ￥2,990",B09NLJTTC2,
Custom Handle & Knob.csv,9,custom handle & knob,SAFE,B07N3VLTV8,ゴメクサス E38 リールハンドルノブ EVA製 ラウンド型 ノブ 38mm ダイワ (Daiwa) タイプ S シマノ (Shimano) タイプ A ハンドル 交換用 スピニングリール ベイトリール 対応 海釣り 船釣り ルアー釣り,,1990,category_allow,リールハンドル,カテゴリ許可ワード一致(contains),https://www.amazon.co.jp/%E3%82%B4%E3%83%A1%E3%82%AF%E3%82%B5%E3%82%B9-Gomexus-Daiwa-Shimano-%E3%83%B4%E3%82%A1%E3%83%B3%E3%82%AD%E3%83%83%E3%82%B7%E3%83%A5/dp/B07N3VLTV8/ref=sr_1_14?__mk_ja_JP=%E3%82%AB%E3%82%BF%E3%82%AB%E3%83%8A&crid=I954U6JYT57U&dd=tIJnRR5snPoivqBD4b2b4Q%2C%2C&dib=eyJ2IjoiMSJ9.a9nf1pHuUwjpxCQ1K_xuy5hQNFrm72Gioi81SBjEeJab_F5_tNmzQK3S4JWsH9n9taRaIqE5MJXEmzx2S0CRqKlf9DrfkNyZfEq_cuHJkj5Gb2qprymjMMva3CZJUAFF-Xfx9xeLh6ARPvqYdLoD-X86KZ8R8wM7l5qn-4bRi5LdgFkYcJccGtSYIK-t0ZxheDpKPhoUzv7auYwAKFba4Me0m1nlg8_vWFWf4Kb-C1dYFTfiqUjPAVrmCjDWq_yg3Xv7I8CSz8agI6sNQxt4LcJeevC2hNtUwN1e-oXpmw0.Rp8d4RD_fNViQhqIX_KCUrWbLr7n2VK1R6VpHLbl_BY&dib_tag=se&keywords=%E3%82%AB%E3%82%B9%E3%82%BF%E3%83%A0%E3%83%8F%E3%83%B3%E3%83%89%E3%83%AB%E3%83%BB%E3%83%8E%E3%83%96&qid=1789194946&refinements=p_72%3A2017326051%2Cp_90%3A3428068051&rnid=3428066051&sprefix=%E3%82%AB%E3%82%B9%E3%82%BF%E3%83%A0%E3%83%8F%E3%83%B3%E3%83%89%E3%83%AB+%E3%83%8E%E3%83%96%2Caps%2C230&sr=8-14&ufe=app_do%3Aamzn1.fos.35785624-70c4-44ae-a5c3-3f044f475d63,"https://m.media-amazon.com/images/I/41o8nxM-NSL._AC_UL320_AIweblab1378949,T1_.jpg","ゴメクサス-Gomexus-Daiwa-Shimano-ヴァンキッシュ ゴメクサス-Gomexus-Daiwa-Shimano-ヴァンキッシュ ゴメクサス E38 リールハンドルノブ EVA製 ラウンド型 ノブ 38mm ダイワ (Daiwa) タイプ S シマノ (Shimano) タイプ A ハンドル 交換用 スピニングリール ベイトリール 対応 海釣り 船釣り ルアー釣り 4.4 javascript:void(0) 5つ星のうち4.4 ゴメクサス-Gomexus-Daiwa-Shimano-ヴァンキッシュ (1494) 価格、商品詳細ページ ゴメクサス-Gomexus-Daiwa-Shimano-ヴァンキッシュ ￥1,990 ￥ 1,990 過去1か月で50点以上購入されました プライム会員なら 明日 9月13日 9月14日 月曜日 20ポイント(1%) ダブルポイント",B07N3VLTV8,
Custom Handle & Knob.csv,10,custom handle & knob,SAFE,B08GFPQBYD,ゴメクサス C27 リールハンドルノブ ダイワ (Daiwa) タイプ S シマノ (Shimano) タイプ A カルディア ハンドル 交換用 コルク製 27mm ノブ スピニングリールとベイトリール対応 バス 釣り ライトゲーム,,2490,category_allow,リールハンドル,カテゴリ許可ワード一致(contains),https://www.amazon.co.jp/%E3%83%AA%E3%83%BC%E3%83%AB%E3%83%8F%E3%83%B3%E3%83%89%E3%83%AB%E3%83%8E%E3%83%96-%E3%82%A2%E3%83%96%E3%82%AC%E3%83%AB%E3%82%B7%E3%82%A2-%E3%83%99%E3%82%A4%E3%83%88%E3%83%AA%E3%83%BC%E3%83%AB-Shimano-%E3%83%84%E3%82%A4%E3%83%B3%E3%83%91%E3%83%AF%E3%83%BC/dp/B08GFPQBYD/ref=sr_1_15?__mk_ja_JP=%E3%82%AB%E3%82%BF%E3%82%AB%E3%83%8A&crid=I954U6JYT57U&dd=tIJnRR5snPoivqBD4b2b4Q%2C%2C&dib=eyJ2IjoiMSJ9.a9nf1pHuUwjpxCQ1K_xuy5hQNFrm72Gioi81SBjEeJab_F5_tNmzQK3S4JWsH9n9taRaIqE5MJXEmzx2S0CRqKlf9DrfkNyZfEq_cuHJkj5Gb2qprymjMMva3CZJUAFF-Xfx9xeLh6ARPvqYdLoD-X86KZ8R8wM7l5qn-4bRi5LdgFkYcJccGtSYIK-t0ZxheDpKPhoUzv7auYwAKFba4Me0m1nlg8_vWFWf4Kb-C1dYFTfiqUjPAVrmCjDWq_yg3Xv7I8CSz8agI6sNQxt4LcJeevC2hNtUwN1e-oXpmw0.Rp8d4RD_fNViQhqIX_KCUrWbLr7n2VK1R6VpHLbl_BY&dib_tag=se&keywords=%E3%82%AB%E3%82%B9%E3%82%BF%E3%83%A0%E3%83%8F%E3%83%B3%E3%83%89%E3%83%AB%E3%83%BB%E3%83%8E%E3%83%96&qid=1789194946&refinements=p_72%3A2017326051%2Cp_90%3A3428068051&rnid=3428066051&sprefix=%E3%82%AB%E3%82%B9%E3%82%BF%E3%83%A0%E3%83%8F%E3%83%B3%E3%83%89%E3%83%AB+%E3%83%8E%E3%83%96%2Caps%2C230&sr=8-15&ufe=app_do%3Aamzn1.fos.35785624-70c4-44ae-a5c3-3f044f475d63,"https://m.media-amazon.com/images/I/514E8fmD6uS._AC_UL320_AIweblab1378949,T1_.jpg","リールハンドルノブ-アブガルシア-ベイトリール-Shimano-ツインパワー リールハンドルノブ-アブガルシア-ベイトリール-Shimano-ツインパワー ゴメクサス C27 リールハンドルノブ ダイワ (Daiwa) タイプ S シマノ (Shimano) タイプ A カルディア ハンドル 交換用 コルク製 27mm ノブ スピニングリールとベイトリール対応 バス 釣り ライトゲーム 4.2 javascript:void(0) 5つ星のうち4.2 リールハンドルノブ-アブガルシア-ベイトリール-Shimano-ツインパワー (538) 価格、商品詳細ページ リールハンドルノブ-アブガルシア-ベイトリール-Shimano-ツインパワー ￥2,490 ￥ 2,490 25ポイント(1%) プライム会員なら 明日 9月13日 9月14日 月曜日 ダブルポイント",B08GFPQBYD,
Custom Handle & Knob.csv,11,custom handle & knob,SAFE,B000B5WKE8,Daiwa SLP WORKS(ダイワSLPワークス) ハンドルノブ RCS I型コルクノブ (ハンドルノブS交換可) スピニング・ベイト・両軸共用 アイズファクトリー リール,,1802,category_allow,ハンドルノブ,カテゴリ許可ワード一致(contains),https://www.amazon.co.jp/Daiwa-SLP-WORKS-%E3%83%80%E3%82%A4%E3%83%AFSLP%E3%83%AF%E3%83%BC%E3%82%AF%E3%82%B9-00055272/dp/B000B5WKE8/ref=sr_1_16?__mk_ja_JP=%E3%82%AB%E3%82%BF%E3%82%AB%E3%83%8A&crid=I954U6JYT57U&dd=tIJnRR5snPoivqBD4b2b4Q%2C%2C&dib=eyJ2IjoiMSJ9.a9nf1pHuUwjpxCQ1K_xuy5hQNFrm72Gioi81SBjEeJab_F5_tNmzQK3S4JWsH9n9taRaIqE5MJXEmzx2S0CRqKlf9DrfkNyZfEq_cuHJkj5Gb2qprymjMMva3CZJUAFF-Xfx9xeLh6ARPvqYdLoD-X86KZ8R8wM7l5qn-4bRi5LdgFkYcJccGtSYIK-t0ZxheDpKPhoUzv7auYwAKFba4Me0m1nlg8_vWFWf4Kb-C1dYFTfiqUjPAVrmCjDWq_yg3Xv7I8CSz8agI6sNQxt4LcJeevC2hNtUwN1e-oXpmw0.Rp8d4RD_fNViQhqIX_KCUrWbLr7n2VK1R6VpHLbl_BY&dib_tag=se&keywords=%E3%82%AB%E3%82%B9%E3%82%BF%E3%83%A0%E3%83%8F%E3%83%B3%E3%83%89%E3%83%AB%E3%83%BB%E3%83%8E%E3%83%96&qid=1789194946&refinements=p_72%3A2017326051%2Cp_90%3A3428068051&rnid=3428066051&sprefix=%E3%82%AB%E3%82%B9%E3%82%BF%E3%83%A0%E3%83%8F%E3%83%B3%E3%83%89%E3%83%AB+%E3%83%8E%E3%83%96%2Caps%2C230&sr=8-16&ufe=app_do%3Aamzn1.fos.35785624-70c4-44ae-a5c3-3f044f475d63,"https://m.media-amazon.com/images/I/51bDnfs+3hL._AC_UL320_AIweblab1378949,T1_.jpg","Daiwa-SLP-WORKS-ダイワSLPワークス-00055272 Daiwa-SLP-WORKS-ダイワSLPワークス-00055272 Daiwa SLP WORKS(ダイワSLPワークス) ハンドルノブ RCS I型コルクノブ (ハンドルノブS交換可) スピニング・ベイト・両軸共用 アイズファクトリー リール 4.4 javascript:void(0) 5つ星のうち4.4 Daiwa-SLP-WORKS-ダイワSLPワークス-00055272 (484) 価格、商品詳細ページ ￥1,802 ￥ 1,802 ベストセラー10位 プライム会員なら 明日 9月13日 9月14日 月曜日 - スピニングリールパーツ Daiwa-SLP-WORKS-ダイワSLPワークス-00055272 参考: 参考: ￥1,980 18ポイント(1%) ￥1,980",B000B5WKE8,
Custom Handle & Knob.csv,12,custom handle & knob,SAFE,B09JC6QC52,ゴメクサス C27 リールハンドルノブ ダイワ (Daiwa) タイプ S シマノ (Shimano) タイプ A カルディア ハンドル 交換用 コルク製 27mm ノブ スピニングリールとベイトリール対応 バス 釣り ライトゲーム,,2490,category_allow,リールハンドル,カテゴリ許可ワード一致(contains),https://www.amazon.co.jp/%E3%82%B4%E3%83%A1%E3%82%AF%E3%82%B5%E3%82%B9-%E3%83%8F%E3%83%B3%E3%83%89%E3%83%AB%E3%83%8E%E3%83%96-%E3%82%B3%E3%83%AB%E3%82%AF%E3%83%8E%E3%83%96-%E3%83%93%E3%83%83%E3%82%B0%E3%83%99%E3%82%A4%E3%83%88-%E3%82%B9%E3%83%86%E3%82%A3%E3%83%BC%E3%82%BA/dp/B09JC6QC52/ref=sr_1_17?__mk_ja_JP=%E3%82%AB%E3%82%BF%E3%82%AB%E3%83%8A&crid=I954U6JYT57U&dd=tIJnRR5snPoivqBD4b2b4Q%2C%2C&dib=eyJ2IjoiMSJ9.a9nf1pHuUwjpxCQ1K_xuy5hQNFrm72Gioi81SBjEeJab_F5_tNmzQK3S4JWsH9n9taRaIqE5MJXEmzx2S0CRqKlf9DrfkNyZfEq_cuHJkj5Gb2qprymjMMva3CZJUAFF-Xfx9xeLh6ARPvqYdLoD-X86KZ8R8wM7l5qn-4bRi5LdgFkYcJccGtSYIK-t0ZxheDpKPhoUzv7auYwAKFba4Me0m1nlg8_vWFWf4Kb-C1dYFTfiqUjPAVrmCjDWq_yg3Xv7I8CSz8agI6sNQxt4LcJeevC2hNtUwN1e-oXpmw0.Rp8d4RD_fNViQhqIX_KCUrWbLr7n2VK1R6VpHLbl_BY&dib_tag=se&keywords=%E3%82%AB%E3%82%B9%E3%82%BF%E3%83%A0%E3%83%8F%E3%83%B3%E3%83%89%E3%83%AB%E3%83%BB%E3%83%8E%E3%83%96&qid=1789194946&refinements=p_72%3A2017326051%2Cp_90%3A3428068051&rnid=3428066051&sprefix=%E3%82%AB%E3%82%B9%E3%82%BF%E3%83%A0%E3%83%8F%E3%83%B3%E3%83%89%E3%83%AB+%E3%83%8E%E3%83%96%2Caps%2C230&sr=8-17&ufe=app_do%3Aamzn1.fos.35785624-70c4-44ae-a5c3-3f044f475d63,"https://m.media-amazon.com/images/I/51PWmDqDvHL._AC_UL320_AIweblab1378949,T1_.jpg","ゴメクサス-ハンドルノブ-コルクノブ-ビッグベイト-スティーズ ゴメクサス-ハンドルノブ-コルクノブ-ビッグベイト-スティーズ ゴメクサス C27 リールハンドルノブ ダイワ (Daiwa) タイプ S シマノ (Shimano) タイプ A カルディア ハンドル 交換用 コルク製 27mm ノブ スピニングリールとベイトリール対応 バス 釣り ライトゲーム 4.2 javascript:void(0) 5つ星のうち4.2 ゴメクサス-ハンドルノブ-コルクノブ-ビッグベイト-スティーズ (538) 価格、商品詳細ページ ゴメクサス-ハンドルノブ-コルクノブ-ビッグベイト-スティーズ ￥2,490 ￥ 2,490 25ポイント(1%) プライム会員なら 明日 9月13日 9月14日 月曜日 ダブルポイント",B09JC6QC52,
Custom Handle & Knob.csv,13,custom handle & knob,SAFE,B08M9G3WZH,ゴメクサス T22 リールハンドルノブ チタン製 22mm ダイワ (Daiwa) タイプ S シマノ (Shimano) タイプ A ハンドル 交換用 スピニングリール ベイトリール 対応 超軽量 ライトゲーム・渓流バス釣り向け 高感度,,2691,category_allow,リールハンドル,カテゴリ許可ワード一致(contains),https://www.amazon.co.jp/%E3%83%AA%E3%83%BC%E3%83%AB%E3%83%8F%E3%83%B3%E3%83%89%E3%83%AB%E3%83%8E%E3%83%96-Shimano-%E3%82%B9%E3%83%94%E3%83%8B%E3%83%B3%E3%82%B0%E3%83%AA%E3%83%BC%E3%83%AB-%E3%83%99%E3%82%A4%E3%83%88%E3%83%AA%E3%83%BC%E3%83%AB-%E3%83%A9%E3%82%A4%E3%83%88%E3%82%B2%E3%83%BC%E3%83%A0%E3%83%BB%E6%B8%93%E6%B5%81%E3%83%90%E3%82%B9%E9%87%A3%E3%82%8A%E5%90%91%E3%81%91/dp/B08M9G3WZH/ref=sr_1_18?__mk_ja_JP=%E3%82%AB%E3%82%BF%E3%82%AB%E3%83%8A&crid=I954U6JYT57U&dd=tIJnRR5snPoivqBD4b2b4Q%2C%2C&dib=eyJ2IjoiMSJ9.a9nf1pHuUwjpxCQ1K_xuy5hQNFrm72Gioi81SBjEeJab_F5_tNmzQK3S4JWsH9n9taRaIqE5MJXEmzx2S0CRqKlf9DrfkNyZfEq_cuHJkj5Gb2qprymjMMva3CZJUAFF-Xfx9xeLh6ARPvqYdLoD-X86KZ8R8wM7l5qn-4bRi5LdgFkYcJccGtSYIK-t0ZxheDpKPhoUzv7auYwAKFba4Me0m1nlg8_vWFWf4Kb-C1dYFTfiqUjPAVrmCjDWq_yg3Xv7I8CSz8agI6sNQxt4LcJeevC2hNtUwN1e-oXpmw0.Rp8d4RD_fNViQhqIX_KCUrWbLr7n2VK1R6VpHLbl_BY&dib_tag=se&keywords=%E3%82%AB%E3%82%B9%E3%82%BF%E3%83%A0%E3%83%8F%E3%83%B3%E3%83%89%E3%83%AB%E3%83%BB%E3%83%8E%E3%83%96&qid=1789194946&refinements=p_72%3A2017326051%2Cp_90%3A3428068051&rnid=3428066051&sprefix=%E3%82%AB%E3%82%B9%E3%82%BF%E3%83%A0%E3%83%8F%E3%83%B3%E3%83%89%E3%83%AB+%E3%83%8E%E3%83%96%2Caps%2C230&sr=8-18&ufe=app_do%3Aamzn1.fos.35785624-70c4-44ae-a5c3-3f044f475d63,"https://m.media-amazon.com/images/I/51DehA6XpvL._AC_UL320_AIweblab1378949,T1_.jpg","リールハンドルノブ-Shimano-スピニングリール-ベイトリール-ライトゲーム・渓流バス釣り向け リールハンドルノブ-Shimano-スピニングリール-ベイトリール-ライトゲーム・渓流バス釣り向け ゴメクサス T22 リールハンドルノブ チタン製 22mm ダイワ (Daiwa) タイプ S シマノ (Shimano) タイプ A ハンドル 交換用 スピニングリール ベイトリール 対応 超軽量 ライトゲーム・渓流バス釣り向け 高感度 4.3 javascript:void(0) 5つ星のうち4.3 リールハンドルノブ-Shimano-スピニングリール-ベイトリール-ライトゲーム・渓流バス釣り向け (363) 価格、商品詳細ページ ￥2,691 ￥ 2,691 ベストセラー9位 プライム会員なら 明日 9月13日 9月14日 月曜日 - ベイトリールパーツ 参考: 参考: ￥2,990 27ポイント(1%) ￥2,990",B08M9G3WZH,
Custom Handle & Knob.csv,14,custom handle & knob,SAFE,B0DL9FJTN8,ゴメクサス F38 リールハンドルノブ 「東レ」カーボン製 ラウンド型 ノブ 38mm ダイワ (Daiwa) タイプ S シマノ (Shimano) タイプ A ハンドル 交換用 スピニングリール ベイトリール 対応 海釣り 船釣り ルアー釣り,,3690,category_allow,リールハンドル,カテゴリ許可ワード一致(contains),https://www.amazon.co.jp/%E3%83%AA%E3%83%BC%E3%83%AB%E3%83%8F%E3%83%B3%E3%83%89%E3%83%AB%E3%83%8E%E3%83%96-%E9%8D%9B%E9%80%A0%E3%82%AB%E3%83%BC%E3%83%9C%E3%83%B3%E8%A3%BD-Shimano-%E3%82%B9%E3%83%94%E3%83%8B%E3%83%B3%E3%82%B0%E3%83%AA%E3%83%BC%E3%83%AB-%E3%83%99%E3%82%A4%E3%83%88%E3%83%AA%E3%83%BC%E3%83%AB/dp/B0DL9FJTN8/ref=sr_1_19?__mk_ja_JP=%E3%82%AB%E3%82%BF%E3%82%AB%E3%83%8A&crid=I954U6JYT57U&dd=tIJnRR5snPoivqBD4b2b4Q%2C%2C&dib=eyJ2IjoiMSJ9.a9nf1pHuUwjpxCQ1K_xuy5hQNFrm72Gioi81SBjEeJab_F5_tNmzQK3S4JWsH9n9taRaIqE5MJXEmzx2S0CRqKlf9DrfkNyZfEq_cuHJkj5Gb2qprymjMMva3CZJUAFF-Xfx9xeLh6ARPvqYdLoD-X86KZ8R8wM7l5qn-4bRi5LdgFkYcJccGtSYIK-t0ZxheDpKPhoUzv7auYwAKFba4Me0m1nlg8_vWFWf4Kb-C1dYFTfiqUjPAVrmCjDWq_yg3Xv7I8CSz8agI6sNQxt4LcJeevC2hNtUwN1e-oXpmw0.Rp8d4RD_fNViQhqIX_KCUrWbLr7n2VK1R6VpHLbl_BY&dib_tag=se&keywords=%E3%82%AB%E3%82%B9%E3%82%BF%E3%83%A0%E3%83%8F%E3%83%B3%E3%83%89%E3%83%AB%E3%83%BB%E3%83%8E%E3%83%96&qid=1789194946&refinements=p_72%3A2017326051%2Cp_90%3A3428068051&rnid=3428066051&sprefix=%E3%82%AB%E3%82%B9%E3%82%BF%E3%83%A0%E3%83%8F%E3%83%B3%E3%83%89%E3%83%AB+%E3%83%8E%E3%83%96%2Caps%2C230&sr=8-19&ufe=app_do%3Aamzn1.fos.35785624-70c4-44ae-a5c3-3f044f475d63,"https://m.media-amazon.com/images/I/5189zA8jX7L._AC_UL320_AIweblab1378949,T1_.jpg","リールハンドルノブ-鍛造カーボン製-Shimano-スピニングリール-ベイトリール リールハンドルノブ-鍛造カーボン製-Shimano-スピニングリール-ベイトリール ゴメクサス F38 リールハンドルノブ 「東レ」カーボン製 ラウンド型 ノブ 38mm ダイワ (Daiwa) タイプ S シマノ (Shimano) タイプ A ハンドル 交換用 スピニングリール ベイトリール 対応 海釣り 船釣り ルアー釣り 4.3 javascript:void(0) 5つ星のうち4.3 リールハンドルノブ-鍛造カーボン製-Shimano-スピニングリール-ベイトリール (154) 価格、商品詳細ページ リールハンドルノブ-鍛造カーボン製-Shimano-スピニングリール-ベイトリール ￥3,690 ￥ 3,690 37ポイント(1%) プライム会員なら 明日 9月13日 9月14日 月曜日 ダブルポイント",B0DL9FJTN8,
Custom Handle & Knob.csv,15,custom handle & knob,SAFE,B07L5DXGD3,ダイワslpワークス(Daiwa Slp Works) SLPW Iシェイプ ザイオンノブ,,2744,category_allow,SLPW Iシェイプ,カテゴリ許可ワード一致(contains),https://www.amazon.co.jp/SLP%E3%83%AF%E3%83%BC%E3%82%AF%E3%82%B9-I%E3%82%B7%E3%82%A7%E3%82%A4%E3%83%97%E3%82%B6%E3%82%A4%E3%82%AA%E3%83%B3%E3%83%8E%E3%83%96-%EF%BC%83%E3%82%AF%E3%83%AA%E3%82%A2%E3%83%96%E3%83%A9%E3%83%83%E3%82%AF-%E3%83%8F%E3%83%B3%E3%83%89%E3%83%AB%E3%83%8E%E3%83%96-%E3%83%8E%E3%83%96%E3%82%AB%E3%83%A9%E3%83%BC/dp/B07L5DXGD3/ref=sr_1_20?__mk_ja_JP=%E3%82%AB%E3%82%BF%E3%82%AB%E3%83%8A&crid=I954U6JYT57U&dd=tIJnRR5snPoivqBD4b2b4Q%2C%2C&dib=eyJ2IjoiMSJ9.a9nf1pHuUwjpxCQ1K_xuy5hQNFrm72Gioi81SBjEeJab_F5_tNmzQK3S4JWsH9n9taRaIqE5MJXEmzx2S0CRqKlf9DrfkNyZfEq_cuHJkj5Gb2qprymjMMva3CZJUAFF-Xfx9xeLh6ARPvqYdLoD-X86KZ8R8wM7l5qn-4bRi5LdgFkYcJccGtSYIK-t0ZxheDpKPhoUzv7auYwAKFba4Me0m1nlg8_vWFWf4Kb-C1dYFTfiqUjPAVrmCjDWq_yg3Xv7I8CSz8agI6sNQxt4LcJeevC2hNtUwN1e-oXpmw0.Rp8d4RD_fNViQhqIX_KCUrWbLr7n2VK1R6VpHLbl_BY&dib_tag=se&keywords=%E3%82%AB%E3%82%B9%E3%82%BF%E3%83%A0%E3%83%8F%E3%83%B3%E3%83%89%E3%83%AB%E3%83%BB%E3%83%8E%E3%83%96&qid=1789194946&refinements=p_72%3A2017326051%2Cp_90%3A3428068051&rnid=3428066051&sprefix=%E3%82%AB%E3%82%B9%E3%82%BF%E3%83%A0%E3%83%8F%E3%83%B3%E3%83%89%E3%83%AB+%E3%83%8E%E3%83%96%2Caps%2C230&sr=8-20&ufe=app_do%3Aamzn1.fos.35785624-70c4-44ae-a5c3-3f044f475d63,"https://m.media-amazon.com/images/I/51dB5HXaTnL._AC_UL320_AIweblab1378949,T1_.jpg","SLPワークス-Iシェイプザイオンノブ-＃クリアブラック-ハンドルノブ-ノブカラー SLPワークス-Iシェイプザイオンノブ-＃クリアブラック-ハンドルノブ-ノブカラー ダイワslpワークス(Daiwa Slp Works) SLPW Iシェイプ ザイオンノブ 4.5 javascript:void(0) 5つ星のうち4.5 SLPワークス-Iシェイプザイオンノブ-＃クリアブラック-ハンドルノブ-ノブカラー (313) 価格、商品詳細ページ SLPワークス-Iシェイプザイオンノブ-＃クリアブラック-ハンドルノブ-ノブカラー ￥2,744 ￥ 2,744 参考: プライム会員なら 明日 9月13日 9月14日 月曜日 27ポイント(1%) 参考: ￥3,080 ￥3,080",B07L5DXGD3,
Custom Handle & Knob.csv,16,custom handle & knob,SAFE,B07BBCJD9C,ダイワslpワークス(Daiwa Slp Works) RCS ハイグリップ Tシェイプ ノブシリーズ,,2157,category_allow,RCS ハイグリップ,カテゴリ許可ワード一致(contains),https://www.amazon.co.jp/%E3%83%80%E3%82%A4%E3%83%AFslp%E3%83%AF%E3%83%BC%E3%82%AF%E3%82%B9-Daiwa-Works-%E3%83%8F%E3%82%A4%E3%82%B0%E3%83%AA%E3%83%83%E3%83%97-%E3%83%8E%E3%83%BC%E3%83%9E%E3%83%AB%E3%83%8E%E3%83%96/dp/B07BBCJD9C/ref=sr_1_21?__mk_ja_JP=%E3%82%AB%E3%82%BF%E3%82%AB%E3%83%8A&crid=I954U6JYT57U&dd=tIJnRR5snPoivqBD4b2b4Q%2C%2C&dib=eyJ2IjoiMSJ9.a9nf1pHuUwjpxCQ1K_xuy5hQNFrm72Gioi81SBjEeJab_F5_tNmzQK3S4JWsH9n9taRaIqE5MJXEmzx2S0CRqKlf9DrfkNyZfEq_cuHJkj5Gb2qprymjMMva3CZJUAFF-Xfx9xeLh6ARPvqYdLoD-X86KZ8R8wM7l5qn-4bRi5LdgFkYcJccGtSYIK-t0ZxheDpKPhoUzv7auYwAKFba4Me0m1nlg8_vWFWf4Kb-C1dYFTfiqUjPAVrmCjDWq_yg3Xv7I8CSz8agI6sNQxt4LcJeevC2hNtUwN1e-oXpmw0.Rp8d4RD_fNViQhqIX_KCUrWbLr7n2VK1R6VpHLbl_BY&dib_tag=se&keywords=%E3%82%AB%E3%82%B9%E3%82%BF%E3%83%A0%E3%83%8F%E3%83%B3%E3%83%89%E3%83%AB%E3%83%BB%E3%83%8E%E3%83%96&qid=1789194946&refinements=p_72%3A2017326051%2Cp_90%3A3428068051&rnid=3428066051&sprefix=%E3%82%AB%E3%82%B9%E3%82%BF%E3%83%A0%E3%83%8F%E3%83%B3%E3%83%89%E3%83%AB+%E3%83%8E%E3%83%96%2Caps%2C230&sr=8-21&ufe=app_do%3Aamzn1.fos.35785624-70c4-44ae-a5c3-3f044f475d63,"https://m.media-amazon.com/images/I/41RcwrRdh4L._AC_UL320_AIweblab1378949,T1_.jpg","ダイワslpワークス-Daiwa-Works-ハイグリップ-ノーマルノブ ダイワslpワークス-Daiwa-Works-ハイグリップ-ノーマルノブ ダイワslpワークス(Daiwa Slp Works) RCS ハイグリップ Tシェイプ ノブシリーズ 4.2 javascript:void(0) 5つ星のうち4.2 ダイワslpワークス-Daiwa-Works-ハイグリップ-ノーマルノブ (26) 価格、商品詳細ページ ダイワslpワークス-Daiwa-Works-ハイグリップ-ノーマルノブ ￥2,157 ￥ 2,157 参考: プライム会員なら 明日 9月13日 9月14日 月曜日 22ポイント(1%) こちらからもご購入いただけます 参考: ￥2,420 ￥2,420",B07BBCJD9C,
Custom Handle & Knob.csv,17,custom handle & knob,SAFE,B074K4CL8X,ゴメクサス ジギング 35 38 41mm パワーハンドルノブ ダイワ シマノ対応 レガリス ヴァンキッシュ ストラディック サハラアルミ製ノブ,,1890,category_allow,ハンドルノブ,カテゴリ許可ワード一致(contains),https://www.amazon.co.jp/%E3%82%B4%E3%83%A1%E3%82%AF%E3%82%B5%E3%82%B9-Gomexus-Shimano-%E3%83%B4%E3%82%A1%E3%83%B3%E3%82%AD%E3%83%83%E3%82%B7%E3%83%A5-1000-4000/dp/B074K4CL8X/ref=sr_1_22?__mk_ja_JP=%E3%82%AB%E3%82%BF%E3%82%AB%E3%83%8A&crid=I954U6JYT57U&dd=tIJnRR5snPoivqBD4b2b4Q%2C%2C&dib=eyJ2IjoiMSJ9.a9nf1pHuUwjpxCQ1K_xuy5hQNFrm72Gioi81SBjEeJab_F5_tNmzQK3S4JWsH9n9taRaIqE5MJXEmzx2S0CRqKlf9DrfkNyZfEq_cuHJkj5Gb2qprymjMMva3CZJUAFF-Xfx9xeLh6ARPvqYdLoD-X86KZ8R8wM7l5qn-4bRi5LdgFkYcJccGtSYIK-t0ZxheDpKPhoUzv7auYwAKFba4Me0m1nlg8_vWFWf4Kb-C1dYFTfiqUjPAVrmCjDWq_yg3Xv7I8CSz8agI6sNQxt4LcJeevC2hNtUwN1e-oXpmw0.Rp8d4RD_fNViQhqIX_KCUrWbLr7n2VK1R6VpHLbl_BY&dib_tag=se&keywords=%E3%82%AB%E3%82%B9%E3%82%BF%E3%83%A0%E3%83%8F%E3%83%B3%E3%83%89%E3%83%AB%E3%83%BB%E3%83%8E%E3%83%96&qid=1789194946&refinements=p_72%3A2017326051%2Cp_90%3A3428068051&rnid=3428066051&sprefix=%E3%82%AB%E3%82%B9%E3%82%BF%E3%83%A0%E3%83%8F%E3%83%B3%E3%83%89%E3%83%AB+%E3%83%8E%E3%83%96%2Caps%2C230&sr=8-22&ufe=app_do%3Aamzn1.fos.35785624-70c4-44ae-a5c3-3f044f475d63,"https://m.media-amazon.com/images/I/61tiClyhemL._AC_UL320_AIweblab1378949,T1_.jpg","ゴメクサス-Gomexus-Shimano-ヴァンキッシュ-1000-4000 ゴメクサス-Gomexus-Shimano-ヴァンキッシュ-1000-4000 ゴメクサス ジギング 35 38 41mm パワーハンドルノブ ダイワ シマノ対応 レガリス ヴァンキッシュ ストラディック サハラアルミ製ノブ 4.4 javascript:void(0) 5つ星のうち4.4 ゴメクサス-Gomexus-Shimano-ヴァンキッシュ-1000-4000 (3218) 価格、商品詳細ページ ￥1,890 ￥ 1,890 過去1か月で200点以上購入されました プライム会員なら 明日 9月13日 9月14日 月曜日 ベストセラー3位 ゴメクサス-Gomexus-Shimano-ヴァンキッシュ-1000-4000 - スピニングリールパーツ 参考: ￥2,490 参考: ￥2,490",B074K4CL8X,
Custom Handle & Knob.csv,18,custom handle & knob,SAFE,B08DFFW5YP,ゴメクサス A20 リールハンドルノブ ソアレ レグザ レガリス ハンドル 交換用 アルミ合金 20mm ノブ スピニングリールとベイトリール対応 バス メバリング アジング ライトゲーム 軽量,,1290,category_allow,リールハンドル,カテゴリ許可ワード一致(contains),https://www.amazon.co.jp/%E3%82%B4%E3%83%A1%E3%82%AF%E3%82%B5%E3%82%B9-Gomexus-Shimano-%E3%83%B4%E3%82%A1%E3%83%B3%E3%82%AD%E3%83%83%E3%82%B7%E3%83%A5-1000SSSPG/dp/B08DFFW5YP/ref=sr_1_23?__mk_ja_JP=%E3%82%AB%E3%82%BF%E3%82%AB%E3%83%8A&crid=I954U6JYT57U&dd=tIJnRR5snPoivqBD4b2b4Q%2C%2C&dib=eyJ2IjoiMSJ9.a9nf1pHuUwjpxCQ1K_xuy5hQNFrm72Gioi81SBjEeJab_F5_tNmzQK3S4JWsH9n9taRaIqE5MJXEmzx2S0CRqKlf9DrfkNyZfEq_cuHJkj5Gb2qprymjMMva3CZJUAFF-Xfx9xeLh6ARPvqYdLoD-X86KZ8R8wM7l5qn-4bRi5LdgFkYcJccGtSYIK-t0ZxheDpKPhoUzv7auYwAKFba4Me0m1nlg8_vWFWf4Kb-C1dYFTfiqUjPAVrmCjDWq_yg3Xv7I8CSz8agI6sNQxt4LcJeevC2hNtUwN1e-oXpmw0.Rp8d4RD_fNViQhqIX_KCUrWbLr7n2VK1R6VpHLbl_BY&dib_tag=se&keywords=%E3%82%AB%E3%82%B9%E3%82%BF%E3%83%A0%E3%83%8F%E3%83%B3%E3%83%89%E3%83%AB%E3%83%BB%E3%83%8E%E3%83%96&qid=1789194946&refinements=p_72%3A2017326051%2Cp_90%3A3428068051&rnid=3428066051&sprefix=%E3%82%AB%E3%82%B9%E3%82%BF%E3%83%A0%E3%83%8F%E3%83%B3%E3%83%89%E3%83%AB+%E3%83%8E%E3%83%96%2Caps%2C230&sr=8-23&ufe=app_do%3Aamzn1.fos.35785624-70c4-44ae-a5c3-3f044f475d63,"https://m.media-amazon.com/images/I/51lvN0FDXmL._AC_UL320_AIweblab1378949,T1_.jpg","ゴメクサス-Gomexus-Shimano-ヴァンキッシュ-1000SSSPG ゴメクサス-Gomexus-Shimano-ヴァンキッシュ-1000SSSPG ゴメクサス A20 リールハンドルノブ ソアレ レグザ レガリス ハンドル 交換用 アルミ合金 20mm ノブ スピニングリールとベイトリール対応 バス メバリング アジング ライトゲーム 軽量 4.3 javascript:void(0) 5つ星のうち4.3 ゴメクサス-Gomexus-Shimano-ヴァンキッシュ-1000SSSPG (1278) 価格、商品詳細ページ ￥1,290 ￥ 1,290 過去1か月で100点以上購入されました プライム会員なら 明日 9月13日 9月14日 月曜日 ベストセラー2位 ゴメクサス-Gomexus-Shimano-ヴァンキッシュ-1000SSSPG - ベイトリールパーツ 13ポイント(1%)",B08DFFW5YP,
Custom Handle & Knob.csv,19,custom handle & knob,SAFE,B0GQ3FLQBK,ゴメクサス リール ハンドル 98mm エギング専用 AIR SENSE ダブルハンドル 超軽量 20mm ノブ付き シマノ shimano ダイワ daiwaに対応 エメラルダス 25 セフィア スピニングリールハンドル エギング釣り 長期間快適 カスタムパーツ,,6640,category_allow,リールハンドル,カテゴリ許可ワード一致(contains),https://www.amazon.co.jp/%E3%83%80%E3%83%96%E3%83%AB%E3%83%AA%E3%83%BC%E3%83%AB%E3%83%8F%E3%83%B3%E3%83%89%E3%83%AB-%E3%82%A8%E3%83%A1%E3%83%A9%E3%83%AB%E3%83%80%E3%82%B9-%E3%82%A8%E3%82%AE%E3%83%B3%E3%82%B0%E5%B0%82%E7%94%A8-20mm%E3%83%8E%E3%83%96%E4%BB%98%E3%81%8D-%E3%82%AB%E3%82%B9%E3%82%BF%E3%83%A0%E3%83%91%E3%83%BC%E3%83%84/dp/B0GQ3FLQBK/ref=sr_1_24?__mk_ja_JP=%E3%82%AB%E3%82%BF%E3%82%AB%E3%83%8A&crid=I954U6JYT57U&dd=tIJnRR5snPoivqBD4b2b4Q%2C%2C&dib=eyJ2IjoiMSJ9.a9nf1pHuUwjpxCQ1K_xuy5hQNFrm72Gioi81SBjEeJab_F5_tNmzQK3S4JWsH9n9taRaIqE5MJXEmzx2S0CRqKlf9DrfkNyZfEq_cuHJkj5Gb2qprymjMMva3CZJUAFF-Xfx9xeLh6ARPvqYdLoD-X86KZ8R8wM7l5qn-4bRi5LdgFkYcJccGtSYIK-t0ZxheDpKPhoUzv7auYwAKFba4Me0m1nlg8_vWFWf4Kb-C1dYFTfiqUjPAVrmCjDWq_yg3Xv7I8CSz8agI6sNQxt4LcJeevC2hNtUwN1e-oXpmw0.Rp8d4RD_fNViQhqIX_KCUrWbLr7n2VK1R6VpHLbl_BY&dib_tag=se&keywords=%E3%82%AB%E3%82%B9%E3%82%BF%E3%83%A0%E3%83%8F%E3%83%B3%E3%83%89%E3%83%AB%E3%83%BB%E3%83%8E%E3%83%96&qid=1789194946&refinements=p_72%3A2017326051%2Cp_90%3A3428068051&rnid=3428066051&sprefix=%E3%82%AB%E3%82%B9%E3%82%BF%E3%83%A0%E3%83%8F%E3%83%B3%E3%83%89%E3%83%AB+%E3%83%8E%E3%83%96%2Caps%2C230&sr=8-24&ufe=app_do%3Aamzn1.fos.35785624-70c4-44ae-a5c3-3f044f475d63,"https://m.media-amazon.com/images/I/31UyOL+8B1L._AC_UL320_AIweblab1378949,T1_.jpg","ダブルリールハンドル-エメラルダス-エギング専用-20mmノブ付き-カスタムパーツ ダブルリールハンドル-エメラルダス-エギング専用-20mmノブ付き-カスタムパーツ ゴメクサス リール ハンドル 98mm エギング専用 AIR SENSE ダブルハンドル 超軽量 20mm ノブ付き シマノ shimano ダイワ daiwaに対応 エメラルダス 25 セフィア スピニングリールハンドル エギング釣り 長期間快適 カスタムパーツ 4.5 javascript:void(0) 5つ星のうち4.5 ダブルリールハンドル-エメラルダス-エギング専用-20mmノブ付き-カスタムパーツ (15) 価格、商品詳細ページ ￥6,640 ￥ 6,640 ベストセラー2位 プライム会員なら 明日 9月13日 9月14日 月曜日 - スピニングリールパーツ 参考: 参考: ￥6,990 66ポイント(1%) ￥6,990",B0GQ3FLQBK,
Custom Handle & Knob.csv,20,custom handle & knob,SAFE,B07DVFTCYK,ゴメクサス ジギング 35 38 41mm パワーハンドルノブ ダイワ シマノ対応 レガリス ヴァンキッシュ ストラディック サハラアルミ製ノブ,,2490,category_allow,ハンドルノブ,カテゴリ許可ワード一致(contains),https://www.amazon.co.jp/%E3%82%B4%E3%83%A1%E3%82%AF%E3%82%B5%E3%82%B9-35mm-%E3%83%8F%E3%83%B3%E3%83%89%E3%83%AB-%E3%83%95%E3%83%AA%E3%83%BC%E3%83%A0%E3%82%B9-C3000/dp/B07DVFTCYK/ref=sr_1_25?__mk_ja_JP=%E3%82%AB%E3%82%BF%E3%82%AB%E3%83%8A&crid=I954U6JYT57U&dd=tIJnRR5snPoivqBD4b2b4Q%2C%2C&dib=eyJ2IjoiMSJ9.a9nf1pHuUwjpxCQ1K_xuy5hQNFrm72Gioi81SBjEeJab_F5_tNmzQK3S4JWsH9n9taRaIqE5MJXEmzx2S0CRqKlf9DrfkNyZfEq_cuHJkj5Gb2qprymjMMva3CZJUAFF-Xfx9xeLh6ARPvqYdLoD-X86KZ8R8wM7l5qn-4bRi5LdgFkYcJccGtSYIK-t0ZxheDpKPhoUzv7auYwAKFba4Me0m1nlg8_vWFWf4Kb-C1dYFTfiqUjPAVrmCjDWq_yg3Xv7I8CSz8agI6sNQxt4LcJeevC2hNtUwN1e-oXpmw0.Rp8d4RD_fNViQhqIX_KCUrWbLr7n2VK1R6VpHLbl_BY&dib_tag=se&keywords=%E3%82%AB%E3%82%B9%E3%82%BF%E3%83%A0%E3%83%8F%E3%83%B3%E3%83%89%E3%83%AB%E3%83%BB%E3%83%8E%E3%83%96&qid=1789194946&refinements=p_72%3A2017326051%2Cp_90%3A3428068051&rnid=3428066051&sprefix=%E3%82%AB%E3%82%B9%E3%82%BF%E3%83%A0%E3%83%8F%E3%83%B3%E3%83%89%E3%83%AB+%E3%83%8E%E3%83%96%2Caps%2C230&sr=8-25&ufe=app_do%3Aamzn1.fos.35785624-70c4-44ae-a5c3-3f044f475d63,"https://m.media-amazon.com/images/I/61ebnsC5qfL._AC_UL320_AIweblab1378949,T1_.jpg","ゴメクサス-35mm-ハンドル-フリームス-C3000 ゴメクサス-35mm-ハンドル-フリームス-C3000 ゴメクサス ジギング 35 38 41mm パワーハンドルノブ ダイワ シマノ対応 レガリス ヴァンキッシュ ストラディック サハラアルミ製ノブ 4.4 javascript:void(0) 5つ星のうち4.4 ゴメクサス-35mm-ハンドル-フリームス-C3000 (840) 価格、商品詳細ページ ￥2,490 ￥ 2,490 ベストセラー3位 プライム会員なら 明日 9月13日 9月14日 月曜日 - スピニングリールパーツ ゴメクサス-35mm-ハンドル-フリームス-C3000 25ポイント(1%) ダブルポイント",B07DVFTCYK,
Custom Handle & Knob.csv,21,custom handle & knob,SAFE,B09JLGTZZP,ゴメクサス A30 リールハンドルノブ 30mm アルミ合金 ダイワ,,1606,category_allow,リールハンドル,カテゴリ許可ワード一致(contains),https://www.amazon.co.jp/%E3%82%B4%E3%83%A1%E3%82%AF%E3%82%B5%E3%82%B9-%E3%83%8F%E3%83%B3%E3%83%89%E3%83%AB%E3%83%8E%E3%83%96-gomexus-%E3%82%B7%E3%83%A7%E3%82%A2%E3%82%B8%E3%82%AE%E3%83%B3%E3%82%B0-%E3%83%84%E3%82%A4%E3%83%B3%E3%83%91%E3%83%AF%E3%83%BC/dp/B09JLGTZZP/ref=sr_1_26?__mk_ja_JP=%E3%82%AB%E3%82%BF%E3%82%AB%E3%83%8A&crid=I954U6JYT57U&dd=tIJnRR5snPoivqBD4b2b4Q%2C%2C&dib=eyJ2IjoiMSJ9.a9nf1pHuUwjpxCQ1K_xuy5hQNFrm72Gioi81SBjEeJab_F5_tNmzQK3S4JWsH9n9taRaIqE5MJXEmzx2S0CRqKlf9DrfkNyZfEq_cuHJkj5Gb2qprymjMMva3CZJUAFF-Xfx9xeLh6ARPvqYdLoD-X86KZ8R8wM7l5qn-4bRi5LdgFkYcJccGtSYIK-t0ZxheDpKPhoUzv7auYwAKFba4Me0m1nlg8_vWFWf4Kb-C1dYFTfiqUjPAVrmCjDWq_yg3Xv7I8CSz8agI6sNQxt4LcJeevC2hNtUwN1e-oXpmw0.Rp8d4RD_fNViQhqIX_KCUrWbLr7n2VK1R6VpHLbl_BY&dib_tag=se&keywords=%E3%82%AB%E3%82%B9%E3%82%BF%E3%83%A0%E3%83%8F%E3%83%B3%E3%83%89%E3%83%AB%E3%83%BB%E3%83%8E%E3%83%96&qid=1789194946&refinements=p_72%3A2017326051%2Cp_90%3A3428068051&rnid=3428066051&sprefix=%E3%82%AB%E3%82%B9%E3%82%BF%E3%83%A0%E3%83%8F%E3%83%B3%E3%83%89%E3%83%AB+%E3%83%8E%E3%83%96%2Caps%2C230&sr=8-26&ufe=app_do%3Aamzn1.fos.35785624-70c4-44ae-a5c3-3f044f475d63,"https://m.media-amazon.com/images/I/51I9IP8Si0L._AC_UL320_AIweblab1378949,T1_.jpg","ゴメクサス-ハンドルノブ-gomexus-ショアジギング-ツインパワー ゴメクサス-ハンドルノブ-gomexus-ショアジギング-ツインパワー ゴメクサス A30 リールハンドルノブ 30mm アルミ合金 ダイワ ベストセラー javascript:void(0) 5つ星のうち4.4 ゴメクサス-ハンドルノブ-gomexus-ショアジギング-ツインパワー (1372) 価格、商品詳細ページ ￥1,606 ￥ 1,606 タイプS対応| シマノ タイプA対応| スピニングリール・ベイトリール対応| バス・青物キャスティング・海釣り用 プライム会員なら 明日 9月13日 9月14日 月曜日 ベストセラー1位 ゴメクサス-ハンドルノブ-gomexus-ショアジギング-ツインパワー - ベイトリールパーツ 参考: ￥1,990 参考: ￥1,990",B09JLGTZZP,
Custom Handle & Knob.csv,22,custom handle & knob,SAFE,B09KR7ZWCM,ゴメクサス A30 リールハンドルノブ ダイワ タイプ S シマノ タイプ A ハンドル 交換用 アルミ合金 30mm ノブ スピニングリールとベイトリール対応 バス 青物キャスティング 海釣り,,1990,category_allow,リールハンドル,カテゴリ許可ワード一致(contains),https://www.amazon.co.jp/%E3%82%B4%E3%83%A1%E3%82%AF%E3%82%B5%E3%82%B9-%E3%83%8F%E3%83%B3%E3%83%89%E3%83%AB%E3%83%8E%E3%83%96-%E3%82%B9%E3%83%94%E3%83%8B%E3%83%B3%E3%82%B0%EF%BC%8F%E3%83%99%E3%82%A4%E3%83%88%E3%83%AA%E3%83%BC%E3%83%AB-%E3%82%A2%E3%83%AB%E3%83%86%E3%82%B0%E3%83%A9-%E3%82%A8%E3%82%AF%E3%82%B9%E3%82%BB%E3%83%B3%E3%82%B9/dp/B09KR7ZWCM/ref=sr_1_27?__mk_ja_JP=%E3%82%AB%E3%82%BF%E3%82%AB%E3%83%8A&crid=I954U6JYT57U&dd=tIJnRR5snPoivqBD4b2b4Q%2C%2C&dib=eyJ2IjoiMSJ9.a9nf1pHuUwjpxCQ1K_xuy5hQNFrm72Gioi81SBjEeJab_F5_tNmzQK3S4JWsH9n9taRaIqE5MJXEmzx2S0CRqKlf9DrfkNyZfEq_cuHJkj5Gb2qprymjMMva3CZJUAFF-Xfx9xeLh6ARPvqYdLoD-X86KZ8R8wM7l5qn-4bRi5LdgFkYcJccGtSYIK-t0ZxheDpKPhoUzv7auYwAKFba4Me0m1nlg8_vWFWf4Kb-C1dYFTfiqUjPAVrmCjDWq_yg3Xv7I8CSz8agI6sNQxt4LcJeevC2hNtUwN1e-oXpmw0.Rp8d4RD_fNViQhqIX_KCUrWbLr7n2VK1R6VpHLbl_BY&dib_tag=se&keywords=%E3%82%AB%E3%82%B9%E3%82%BF%E3%83%A0%E3%83%8F%E3%83%B3%E3%83%89%E3%83%AB%E3%83%BB%E3%83%8E%E3%83%96&qid=1789194946&refinements=p_72%3A2017326051%2Cp_90%3A3428068051&rnid=3428066051&sprefix=%E3%82%AB%E3%82%B9%E3%82%BF%E3%83%A0%E3%83%8F%E3%83%B3%E3%83%89%E3%83%AB+%E3%83%8E%E3%83%96%2Caps%2C230&sr=8-27&ufe=app_do%3Aamzn1.fos.35785624-70c4-44ae-a5c3-3f044f475d63,"https://m.media-amazon.com/images/I/41aJAY1MjWL._AC_UL320_AIweblab1378949,T1_.jpg","ゴメクサス-ハンドルノブ-スピニング／ベイトリール-アルテグラ-エクスセンス ゴメクサス-ハンドルノブ-スピニング／ベイトリール-アルテグラ-エクスセンス ゴメクサス A30 リールハンドルノブ ダイワ タイプ S シマノ タイプ A ハンドル 交換用 アルミ合金 30mm ノブ スピニングリールとベイトリール対応 バス 青物キャスティング 海釣り ベストセラー javascript:void(0) 5つ星のうち4.4 ゴメクサス-ハンドルノブ-スピニング／ベイトリール-アルテグラ-エクスセンス (1372) 価格、商品詳細ページ ￥1,990 ￥ 1,990 ベストセラー1位 プライム会員なら 明日 9月13日 9月14日 月曜日 - ベイトリールパーツ ゴメクサス-ハンドルノブ-スピニング／ベイトリール-アルテグラ-エクスセンス 20ポイント(1%) ダブルポイント",B09KR7ZWCM,
Custom Handle & Knob.csv,23,custom handle & knob,SAFE,B07KXB6LLQ,シマノ(SHIMANO) 夢屋 ハンドルノブ,,3147,category_allow,ハンドルノブ,カテゴリ許可ワード一致(contains),https://www.amazon.co.jp/%E3%82%B7%E3%83%9E%E3%83%8E-SHIMANO-%E5%A4%A2%E5%B1%8B-%E3%83%8F%E3%83%B3%E3%83%89%E3%83%AB%E3%83%8E%E3%83%96-EVA%E3%83%A9%E3%82%A6%E3%83%B3%E3%83%89%E5%9E%8B/dp/B07KXB6LLQ/ref=sr_1_29?__mk_ja_JP=%E3%82%AB%E3%82%BF%E3%82%AB%E3%83%8A&crid=I954U6JYT57U&dd=tIJnRR5snPoivqBD4b2b4Q%2C%2C&dib=eyJ2IjoiMSJ9.a9nf1pHuUwjpxCQ1K_xuy5hQNFrm72Gioi81SBjEeJab_F5_tNmzQK3S4JWsH9n9taRaIqE5MJXEmzx2S0CRqKlf9DrfkNyZfEq_cuHJkj5Gb2qprymjMMva3CZJUAFF-Xfx9xeLh6ARPvqYdLoD-X86KZ8R8wM7l5qn-4bRi5LdgFkYcJccGtSYIK-t0ZxheDpKPhoUzv7auYwAKFba4Me0m1nlg8_vWFWf4Kb-C1dYFTfiqUjPAVrmCjDWq_yg3Xv7I8CSz8agI6sNQxt4LcJeevC2hNtUwN1e-oXpmw0.Rp8d4RD_fNViQhqIX_KCUrWbLr7n2VK1R6VpHLbl_BY&dib_tag=se&keywords=%E3%82%AB%E3%82%B9%E3%82%BF%E3%83%A0%E3%83%8F%E3%83%B3%E3%83%89%E3%83%AB%E3%83%BB%E3%83%8E%E3%83%96&qid=1789194946&refinements=p_72%3A2017326051%2Cp_90%3A3428068051&rnid=3428066051&sprefix=%E3%82%AB%E3%82%B9%E3%82%BF%E3%83%A0%E3%83%8F%E3%83%B3%E3%83%89%E3%83%AB+%E3%83%8E%E3%83%96%2Caps%2C230&sr=8-29&ufe=app_do%3Aamzn1.fos.35785624-70c4-44ae-a5c3-3f044f475d63,"https://m.media-amazon.com/images/I/61Xv9lPlYEL._AC_UL320_AIweblab1378949,T1_.jpg","シマノ-SHIMANO-夢屋-ハンドルノブ-EVAラウンド型 シマノ-SHIMANO-夢屋-ハンドルノブ-EVAラウンド型 シマノ(SHIMANO) 夢屋 ハンドルノブ 4.2 javascript:void(0) 5つ星のうち4.2 シマノ-SHIMANO-夢屋-ハンドルノブ-EVAラウンド型 (65) 価格、商品詳細ページ シマノ-SHIMANO-夢屋-ハンドルノブ-EVAラウンド型 ￥3,147 ￥ 3,147 過去1か月で50点以上購入されました プライム会員なら 明日 9月13日 9月14日 月曜日 参考: 31ポイント(1%) 参考: ￥3,630 ￥3,630",B07KXB6LLQ,
Custom Handle & Knob.csv,24,custom handle & knob,SAFE,B09NBHJKS8,ゴメクサス A30 リールハンドルノブ ダイワ タイプ S シマノ タイプ A ハンドル 交換用 アルミ合金 30mm ノブ スピニングリールとベイトリール対応 バス 青物キャスティング 海釣り,,1990,category_allow,リールハンドル,カテゴリ許可ワード一致(contains),https://www.amazon.co.jp/%E3%82%B4%E3%83%A1%E3%82%AF%E3%82%B5%E3%82%B9-%E3%83%8F%E3%83%B3%E3%83%89%E3%83%AB%E3%83%8E%E3%83%96-%E3%83%99%E3%82%A4%E3%83%88%E3%83%AA%E3%83%BC%E3%83%AB-%E3%83%A9%E3%82%A4%E3%83%88%E3%82%B8%E3%82%AE%E3%83%B3%E3%82%B0-%E3%82%B9%E3%83%88%E3%83%A9%E3%83%87%E3%82%A3%E3%83%83%E3%82%AF/dp/B09NBHJKS8/ref=sr_1_30?__mk_ja_JP=%E3%82%AB%E3%82%BF%E3%82%AB%E3%83%8A&crid=I954U6JYT57U&dd=tIJnRR5snPoivqBD4b2b4Q%2C%2C&dib=eyJ2IjoiMSJ9.a9nf1pHuUwjpxCQ1K_xuy5hQNFrm72Gioi81SBjEeJab_F5_tNmzQK3S4JWsH9n9taRaIqE5MJXEmzx2S0CRqKlf9DrfkNyZfEq_cuHJkj5Gb2qprymjMMva3CZJUAFF-Xfx9xeLh6ARPvqYdLoD-X86KZ8R8wM7l5qn-4bRi5LdgFkYcJccGtSYIK-t0ZxheDpKPhoUzv7auYwAKFba4Me0m1nlg8_vWFWf4Kb-C1dYFTfiqUjPAVrmCjDWq_yg3Xv7I8CSz8agI6sNQxt4LcJeevC2hNtUwN1e-oXpmw0.Rp8d4RD_fNViQhqIX_KCUrWbLr7n2VK1R6VpHLbl_BY&dib_tag=se&keywords=%E3%82%AB%E3%82%B9%E3%82%BF%E3%83%A0%E3%83%8F%E3%83%B3%E3%83%89%E3%83%AB%E3%83%BB%E3%83%8E%E3%83%96&qid=1789194946&refinements=p_72%3A2017326051%2Cp_90%3A3428068051&rnid=3428066051&sprefix=%E3%82%AB%E3%82%B9%E3%82%BF%E3%83%A0%E3%83%8F%E3%83%B3%E3%83%89%E3%83%AB+%E3%83%8E%E3%83%96%2Caps%2C230&sr=8-30&ufe=app_do%3Aamzn1.fos.35785624-70c4-44ae-a5c3-3f044f475d63,"https://m.media-amazon.com/images/I/61xjwspauXL._AC_UL320_AIweblab1378949,T1_.jpg","ゴメクサス-ハンドルノブ-ベイトリール-ライトジギング-ストラディック ゴメクサス-ハンドルノブ-ベイトリール-ライトジギング-ストラディック ゴメクサス A30 リールハンドルノブ ダイワ タイプ S シマノ タイプ A ハンドル 交換用 アルミ合金 30mm ノブ スピニングリールとベイトリール対応 バス 青物キャスティング 海釣り ベストセラー javascript:void(0) 5つ星のうち4.4 ゴメクサス-ハンドルノブ-ベイトリール-ライトジギング-ストラディック (1372) 価格、商品詳細ページ ￥1,990 ￥ 1,990 ベストセラー1位 プライム会員なら 明日 9月13日 9月14日 月曜日 - ベイトリールパーツ ゴメクサス-ハンドルノブ-ベイトリール-ライトジギング-ストラディック 20ポイント(1%) ダブルポイント",B09NBHJKS8,
Custom Handle & Knob.csv,25,custom handle & knob,SAFE,B004WGO7IE,ダイワslpワークス(Daiwa Slp Works) RCS パワーライトノブシリーズ,,3381,category_allow,RCS パワーライトノブ,カテゴリ許可ワード一致(contains),https://www.amazon.co.jp/Daiwa-SLP-WORKS-%E3%83%80%E3%82%A4%E3%83%AFSLP%E3%83%AF%E3%83%BC%E3%82%AF%E3%82%B9-764087/dp/B004WGO7IE/ref=sr_1_31?__mk_ja_JP=%E3%82%AB%E3%82%BF%E3%82%AB%E3%83%8A&crid=I954U6JYT57U&dd=tIJnRR5snPoivqBD4b2b4Q%2C%2C&dib=eyJ2IjoiMSJ9.a9nf1pHuUwjpxCQ1K_xuy5hQNFrm72Gioi81SBjEeJab_F5_tNmzQK3S4JWsH9n9taRaIqE5MJXEmzx2S0CRqKlf9DrfkNyZfEq_cuHJkj5Gb2qprymjMMva3CZJUAFF-Xfx9xeLh6ARPvqYdLoD-X86KZ8R8wM7l5qn-4bRi5LdgFkYcJccGtSYIK-t0ZxheDpKPhoUzv7auYwAKFba4Me0m1nlg8_vWFWf4Kb-C1dYFTfiqUjPAVrmCjDWq_yg3Xv7I8CSz8agI6sNQxt4LcJeevC2hNtUwN1e-oXpmw0.Rp8d4RD_fNViQhqIX_KCUrWbLr7n2VK1R6VpHLbl_BY&dib_tag=se&keywords=%E3%82%AB%E3%82%B9%E3%82%BF%E3%83%A0%E3%83%8F%E3%83%B3%E3%83%89%E3%83%AB%E3%83%BB%E3%83%8E%E3%83%96&qid=1789194946&refinements=p_72%3A2017326051%2Cp_90%3A3428068051&rnid=3428066051&sprefix=%E3%82%AB%E3%82%B9%E3%82%BF%E3%83%A0%E3%83%8F%E3%83%B3%E3%83%89%E3%83%AB+%E3%83%8E%E3%83%96%2Caps%2C230&sr=8-31&ufe=app_do%3Aamzn1.fos.35785624-70c4-44ae-a5c3-3f044f475d63,"https://m.media-amazon.com/images/I/51hbGk-ICwL._AC_UL320_AIweblab1378949,T1_.jpg","Daiwa-SLP-WORKS-ダイワSLPワークス-764087 Daiwa-SLP-WORKS-ダイワSLPワークス-764087 ダイワslpワークス(Daiwa Slp Works) RCS パワーライトノブシリーズ 4.5 javascript:void(0) 5つ星のうち4.5 Daiwa-SLP-WORKS-ダイワSLPワークス-764087 (179) 価格、商品詳細ページ Daiwa-SLP-WORKS-ダイワSLPワークス-764087 ￥3,381 ￥ 3,381 参考: プライム会員なら 明日 9月13日 9月14日 月曜日 34ポイント(1%) こちらからもご購入いただけます 参考: ￥3,630 ￥3,630",B004WGO7IE,
Custom Handle & Knob.csv,26,custom handle & knob,SAFE,B0BS1CMZQC,ゴメクサス ハンドルノブ パワーノブ ストラディックSW ツインパワーSW シマノB ハンドルノブ,,3990,category_allow,ハンドルノブ,カテゴリ許可ワード一致(contains),https://www.amazon.co.jp/%E3%83%AA%E3%83%BC%E3%83%AB%E3%83%8F%E3%83%B3%E3%83%89%E3%83%AB%E3%83%8E%E3%83%96-%E3%82%B9%E3%83%88%E3%83%A9%E3%83%87%E3%82%A3%E3%83%83%E3%82%AFSW-%E3%83%84%E3%82%A4%E3%83%B3%E3%83%91%E3%83%AF%E3%83%BCSW-Shimano-%E3%82%B9%E3%83%94%E3%83%8B%E3%83%B3%E3%82%B0%E3%83%AA%E3%83%BC%E3%83%AB%E5%AF%BE%E5%BF%9C/dp/B0BS1CMZQC/ref=sr_1_32?__mk_ja_JP=%E3%82%AB%E3%82%BF%E3%82%AB%E3%83%8A&crid=I954U6JYT57U&dd=tIJnRR5snPoivqBD4b2b4Q%2C%2C&dib=eyJ2IjoiMSJ9.a9nf1pHuUwjpxCQ1K_xuy5hQNFrm72Gioi81SBjEeJab_F5_tNmzQK3S4JWsH9n9taRaIqE5MJXEmzx2S0CRqKlf9DrfkNyZfEq_cuHJkj5Gb2qprymjMMva3CZJUAFF-Xfx9xeLh6ARPvqYdLoD-X86KZ8R8wM7l5qn-4bRi5LdgFkYcJccGtSYIK-t0ZxheDpKPhoUzv7auYwAKFba4Me0m1nlg8_vWFWf4Kb-C1dYFTfiqUjPAVrmCjDWq_yg3Xv7I8CSz8agI6sNQxt4LcJeevC2hNtUwN1e-oXpmw0.Rp8d4RD_fNViQhqIX_KCUrWbLr7n2VK1R6VpHLbl_BY&dib_tag=se&keywords=%E3%82%AB%E3%82%B9%E3%82%BF%E3%83%A0%E3%83%8F%E3%83%B3%E3%83%89%E3%83%AB%E3%83%BB%E3%83%8E%E3%83%96&qid=1789194946&refinements=p_72%3A2017326051%2Cp_90%3A3428068051&rnid=3428066051&sprefix=%E3%82%AB%E3%82%B9%E3%82%BF%E3%83%A0%E3%83%8F%E3%83%B3%E3%83%89%E3%83%AB+%E3%83%8E%E3%83%96%2Caps%2C230&sr=8-32&ufe=app_do%3Aamzn1.fos.35785624-70c4-44ae-a5c3-3f044f475d63,"https://m.media-amazon.com/images/I/51t3Q2FctsL._AC_UL320_AIweblab1378949,T1_.jpg","リールハンドルノブ-ストラディックSW-ツインパワーSW-Shimano-スピニングリール対応 リールハンドルノブ-ストラディックSW-ツインパワーSW-Shimano-スピニングリール対応 ゴメクサス ハンドルノブ パワーノブ ストラディックSW ツインパワーSW シマノB ハンドルノブ 4.4 javascript:void(0) 5つ星のうち4.4 リールハンドルノブ-ストラディックSW-ツインパワーSW-Shimano-スピニングリール対応 (783) 価格、商品詳細ページ リールハンドルノブ-ストラディックSW-ツインパワーSW-Shimano-スピニングリール対応 ￥3,990 ￥ 3,990 40ポイント(1%) プライム会員なら 明日 9月13日 9月14日 月曜日 ダブルポイント",B0BS1CMZQC,
Custom Handle & Knob.csv,27,custom handle & knob,SAFE,B0DGDYF4DD,HEIGHTEN 20mm リール ハンドル ノブ 4.7g 1.5K カーボン製 シマノ ダイワ 通用 (Daiwa) Type S (Shimano) Type A 用 Gourd Series (ガンメタル) (HT19003),,2990,category_allow,リールハンドル,カテゴリ許可ワード一致(contains),https://www.amazon.co.jp/HEIGHTEN-%E3%82%AB%E3%83%BC%E3%83%9C%E3%83%B3%E8%A3%BD-Daiwa-Shimano-Gourd/dp/B0DGDYF4DD/ref=sr_1_33?__mk_ja_JP=%E3%82%AB%E3%82%BF%E3%82%AB%E3%83%8A&crid=I954U6JYT57U&dd=tIJnRR5snPoivqBD4b2b4Q%2C%2C&dib=eyJ2IjoiMSJ9.a9nf1pHuUwjpxCQ1K_xuy5hQNFrm72Gioi81SBjEeJab_F5_tNmzQK3S4JWsH9n9taRaIqE5MJXEmzx2S0CRqKlf9DrfkNyZfEq_cuHJkj5Gb2qprymjMMva3CZJUAFF-Xfx9xeLh6ARPvqYdLoD-X86KZ8R8wM7l5qn-4bRi5LdgFkYcJccGtSYIK-t0ZxheDpKPhoUzv7auYwAKFba4Me0m1nlg8_vWFWf4Kb-C1dYFTfiqUjPAVrmCjDWq_yg3Xv7I8CSz8agI6sNQxt4LcJeevC2hNtUwN1e-oXpmw0.Rp8d4RD_fNViQhqIX_KCUrWbLr7n2VK1R6VpHLbl_BY&dib_tag=se&keywords=%E3%82%AB%E3%82%B9%E3%82%BF%E3%83%A0%E3%83%8F%E3%83%B3%E3%83%89%E3%83%AB%E3%83%BB%E3%83%8E%E3%83%96&qid=1789194946&refinements=p_72%3A2017326051%2Cp_90%3A3428068051&rnid=3428066051&sprefix=%E3%82%AB%E3%82%B9%E3%82%BF%E3%83%A0%E3%83%8F%E3%83%B3%E3%83%89%E3%83%AB+%E3%83%8E%E3%83%96%2Caps%2C230&sr=8-33&ufe=app_do%3Aamzn1.fos.35785624-70c4-44ae-a5c3-3f044f475d63,"https://m.media-amazon.com/images/I/61ml8MKU7nL._AC_UL320_AIweblab1378949,T1_.jpg","HEIGHTEN-カーボン製-Daiwa-Shimano-Gourd HEIGHTEN-カーボン製-Daiwa-Shimano-Gourd HEIGHTEN 20mm リール ハンドル ノブ 4.7g 1.5K カーボン製 シマノ ダイワ 通用 (Daiwa) Type S (Shimano) Type A 用 Gourd Series (ガンメタル) (HT19003) 4.5 javascript:void(0) 5つ星のうち4.5 HEIGHTEN-カーボン製-Daiwa-Shimano-Gourd (28) 価格、商品詳細ページ HEIGHTEN-カーボン製-Daiwa-Shimano-Gourd ￥2,990 ￥ 2,990 30ポイント(1%) プライム会員なら 明日 9月13日 9月14日 月曜日 ダブルポイント",B0DGDYF4DD,
Custom Handle & Knob.csv,28,custom handle & knob,SAFE,B0C1GL43B2,HEIGHTEN 22mm リール ハンドル ノブ シマノ ダイワ 通用 (Shimano Type A) (Daiwa Type S)用 Wave Series (ガンメタル) (HT12002),,1390,category_allow,リールハンドル,カテゴリ許可ワード一致(contains),https://www.amazon.co.jp/HEIGHTEN-22mm-Shimano-Daiwa-%E3%82%AC%E3%83%B3%E3%83%A1%E3%82%BF%E3%83%AB/dp/B0C1GL43B2/ref=sr_1_34?__mk_ja_JP=%E3%82%AB%E3%82%BF%E3%82%AB%E3%83%8A&crid=I954U6JYT57U&dd=tIJnRR5snPoivqBD4b2b4Q%2C%2C&dib=eyJ2IjoiMSJ9.a9nf1pHuUwjpxCQ1K_xuy5hQNFrm72Gioi81SBjEeJab_F5_tNmzQK3S4JWsH9n9taRaIqE5MJXEmzx2S0CRqKlf9DrfkNyZfEq_cuHJkj5Gb2qprymjMMva3CZJUAFF-Xfx9xeLh6ARPvqYdLoD-X86KZ8R8wM7l5qn-4bRi5LdgFkYcJccGtSYIK-t0ZxheDpKPhoUzv7auYwAKFba4Me0m1nlg8_vWFWf4Kb-C1dYFTfiqUjPAVrmCjDWq_yg3Xv7I8CSz8agI6sNQxt4LcJeevC2hNtUwN1e-oXpmw0.Rp8d4RD_fNViQhqIX_KCUrWbLr7n2VK1R6VpHLbl_BY&dib_tag=se&keywords=%E3%82%AB%E3%82%B9%E3%82%BF%E3%83%A0%E3%83%8F%E3%83%B3%E3%83%89%E3%83%AB%E3%83%BB%E3%83%8E%E3%83%96&qid=1789194946&refinements=p_72%3A2017326051%2Cp_90%3A3428068051&rnid=3428066051&sprefix=%E3%82%AB%E3%82%B9%E3%82%BF%E3%83%A0%E3%83%8F%E3%83%B3%E3%83%89%E3%83%AB+%E3%83%8E%E3%83%96%2Caps%2C230&sr=8-34&ufe=app_do%3Aamzn1.fos.35785624-70c4-44ae-a5c3-3f044f475d63,"https://m.media-amazon.com/images/I/61KL2uU3gRL._AC_UL320_AIweblab1378949,T1_.jpg","HEIGHTEN-22mm-Shimano-Daiwa-ガンメタル HEIGHTEN-22mm-Shimano-Daiwa-ガンメタル HEIGHTEN 22mm リール ハンドル ノブ シマノ ダイワ 通用 (Shimano Type A) (Daiwa Type S)用 Wave Series (ガンメタル) (HT12002) 4.2 javascript:void(0) 5つ星のうち4.2 HEIGHTEN-22mm-Shimano-Daiwa-ガンメタル (56) 価格、商品詳細ページ HEIGHTEN-22mm-Shimano-Daiwa-ガンメタル ￥1,390 ￥ 1,390 14ポイント(1%) プライム会員なら 明日 9月13日 9月14日 月曜日 ダブルポイント 残り11点 ご注文はお早めに",B0C1GL43B2,
Custom Handle & Knob.csv,29,custom handle & knob,SAFE,B01N1P4P0A,Daiwa SLP WORKS(ダイワSLPワークス) ハンドルノブ スピニング・ベイト・両軸共用 リール 各種,,3392,category_allow,ハンドルノブ,カテゴリ許可ワード一致(contains),https://www.amazon.co.jp/Daiwa-SLP-WORKS-%E3%83%80%E3%82%A4%E3%83%AFSLP%E3%83%AF%E3%83%BC%E3%82%AF%E3%82%B9-%E3%83%91%E3%83%AF%E3%83%BC%E3%83%A9%E3%82%A6%E3%83%B3%E3%83%89%E3%82%B3%E3%83%AB%E3%82%B0%E3%83%8E%E3%83%96/dp/B01N1P4P0A/ref=sr_1_35?__mk_ja_JP=%E3%82%AB%E3%82%BF%E3%82%AB%E3%83%8A&crid=I954U6JYT57U&dd=tIJnRR5snPoivqBD4b2b4Q%2C%2C&dib=eyJ2IjoiMSJ9.a9nf1pHuUwjpxCQ1K_xuy5hQNFrm72Gioi81SBjEeJab_F5_tNmzQK3S4JWsH9n9taRaIqE5MJXEmzx2S0CRqKlf9DrfkNyZfEq_cuHJkj5Gb2qprymjMMva3CZJUAFF-Xfx9xeLh6ARPvqYdLoD-X86KZ8R8wM7l5qn-4bRi5LdgFkYcJccGtSYIK-t0ZxheDpKPhoUzv7auYwAKFba4Me0m1nlg8_vWFWf4Kb-C1dYFTfiqUjPAVrmCjDWq_yg3Xv7I8CSz8agI6sNQxt4LcJeevC2hNtUwN1e-oXpmw0.Rp8d4RD_fNViQhqIX_KCUrWbLr7n2VK1R6VpHLbl_BY&dib_tag=se&keywords=%E3%82%AB%E3%82%B9%E3%82%BF%E3%83%A0%E3%83%8F%E3%83%B3%E3%83%89%E3%83%AB%E3%83%BB%E3%83%8E%E3%83%96&qid=1789194946&refinements=p_72%3A2017326051%2Cp_90%3A3428068051&rnid=3428066051&sprefix=%E3%82%AB%E3%82%B9%E3%82%BF%E3%83%A0%E3%83%8F%E3%83%B3%E3%83%89%E3%83%AB+%E3%83%8E%E3%83%96%2Caps%2C230&sr=8-35&ufe=app_do%3Aamzn1.fos.35785624-70c4-44ae-a5c3-3f044f475d63,"https://m.media-amazon.com/images/I/51dRhFr3wZL._AC_UL320_AIweblab1378949,T1_.jpg","Daiwa-SLP-WORKS-ダイワSLPワークス-パワーラウンドコルグノブ Daiwa-SLP-WORKS-ダイワSLPワークス-パワーラウンドコルグノブ Daiwa SLP WORKS(ダイワSLPワークス) ハンドルノブ スピニング・ベイト・両軸共用 リール 各種 4.3 javascript:void(0) 5つ星のうち4.3 Daiwa-SLP-WORKS-ダイワSLPワークス-パワーラウンドコルグノブ (52) 価格、商品詳細ページ Daiwa-SLP-WORKS-ダイワSLPワークス-パワーラウンドコルグノブ ￥3,392 ￥ 3,392 参考: プライム会員なら 明日 9月13日 9月14日 月曜日 34ポイント(1%) こちらからもご購入いただけます 参考: ￥3,850 ￥3,850",B01N1P4P0A,
Custom Handle & Knob.csv,30,custom handle & knob,SAFE,B0GYPZKNW2,"[APAGAI] パワーハンドルノブ アルミラウンドノブ リール ハンドル ノブ シマノA ダイワS スピニングリール 釣り 汎用 38㎜ 円形 丸型 回転 サワラキャスティング ショアジギング オモリグ ハイギア XG HG サワラ サゴシ 青物 (25,単品シルバーブルー)",,1680,category_allow,リールハンドル,カテゴリ許可ワード一致(contains),https://www.amazon.co.jp/APAGAI-%E3%83%91%E3%83%AF%E3%83%BC%E3%83%8F%E3%83%B3%E3%83%89%E3%83%AB%E3%83%8E%E3%83%96-%E3%82%A2%E3%83%AB%E3%83%9F%E3%83%A9%E3%82%A6%E3%83%B3%E3%83%89%E3%83%8E%E3%83%96-%E3%82%B5%E3%83%AF%E3%83%A9%E3%82%AD%E3%83%A3%E3%82%B9%E3%83%86%E3%82%A3%E3%83%B3%E3%82%B0-%E5%8D%98%E5%93%81%E3%82%B7%E3%83%AB%E3%83%90%E3%83%BC%E3%83%96%E3%83%AB%E3%83%BC/dp/B0GYPZKNW2/ref=sr_1_36?__mk_ja_JP=%E3%82%AB%E3%82%BF%E3%82%AB%E3%83%8A&crid=I954U6JYT57U&dd=tIJnRR5snPoivqBD4b2b4Q%2C%2C&dib=eyJ2IjoiMSJ9.a9nf1pHuUwjpxCQ1K_xuy5hQNFrm72Gioi81SBjEeJab_F5_tNmzQK3S4JWsH9n9taRaIqE5MJXEmzx2S0CRqKlf9DrfkNyZfEq_cuHJkj5Gb2qprymjMMva3CZJUAFF-Xfx9xeLh6ARPvqYdLoD-X86KZ8R8wM7l5qn-4bRi5LdgFkYcJccGtSYIK-t0ZxheDpKPhoUzv7auYwAKFba4Me0m1nlg8_vWFWf4Kb-C1dYFTfiqUjPAVrmCjDWq_yg3Xv7I8CSz8agI6sNQxt4LcJeevC2hNtUwN1e-oXpmw0.Rp8d4RD_fNViQhqIX_KCUrWbLr7n2VK1R6VpHLbl_BY&dib_tag=se&keywords=%E3%82%AB%E3%82%B9%E3%82%BF%E3%83%A0%E3%83%8F%E3%83%B3%E3%83%89%E3%83%AB%E3%83%BB%E3%83%8E%E3%83%96&qid=1789194946&refinements=p_72%3A2017326051%2Cp_90%3A3428068051&rnid=3428066051&sprefix=%E3%82%AB%E3%82%B9%E3%82%BF%E3%83%A0%E3%83%8F%E3%83%B3%E3%83%89%E3%83%AB+%E3%83%8E%E3%83%96%2Caps%2C230&sr=8-36&ufe=app_do%3Aamzn1.fos.35785624-70c4-44ae-a5c3-3f044f475d63,"https://m.media-amazon.com/images/I/51TCTwQHQ-L._AC_UL320_AIweblab1378949,T1_.jpg","APAGAI-パワーハンドルノブ-アルミラウンドノブ-サワラキャスティング-単品シルバーブルー APAGAI-パワーハンドルノブ-アルミラウンドノブ-サワラキャスティング-単品シルバーブルー [APAGAI] パワーハンドルノブ アルミラウンドノブ リール ハンドル ノブ シマノA ダイワS スピニングリール 釣り 汎用 38㎜ 円形 丸型 回転 サワラキャスティング ショアジギング オモリグ ハイギア XG HG サワラ サゴシ 青物 (25,単品シルバーブルー) 4.1 javascript:void(0) 5つ星のうち4.1 APAGAI-パワーハンドルノブ-アルミラウンドノブ-サワラキャスティング-単品シルバーブルー (48) 価格、商品詳細ページ APAGAI-パワーハンドルノブ-アルミラウンドノブ-サワラキャスティング-単品シルバーブルー ￥1,680 ￥ 1,680 残り2点 ご注文はお早めに プライム会員なら 明日 9月13日 9月14日 月曜日",B0GYPZKNW2,
Custom Handle & Knob.csv,31,custom handle & knob,SAFE,B0713W5B65,ゴメクサス ハンドルノブ パワーノブ ストラディックSW ツインパワーSW シマノB ハンドルノブ,,2490,category_allow,ハンドルノブ,カテゴリ許可ワード一致(contains),https://www.amazon.co.jp/%E3%82%B4%E3%83%A1%E3%82%AF%E3%82%B5%E3%82%B9-A45-B-%E3%83%AA%E3%83%BC%E3%83%AB%E3%83%8F%E3%83%B3%E3%83%89%E3%83%AB%E3%83%8E%E3%83%96-%E3%82%B9%E3%83%88%E3%83%A9%E3%83%87%E3%82%A3%E3%83%83%E3%82%AFSW-%E3%83%84%E3%82%A4%E3%83%B3%E3%83%91%E3%83%AF%E3%83%BCSW-%E3%82%B9%E3%83%88%E3%83%A9%E3%83%87%E3%82%A3%E3%83%83%E3%82%AFSW-%E3%82%B7%E3%83%9E%E3%83%8E-Shimano-%E3%82%BF%E3%82%A4%E3%83%97-B-%E3%83%8F%E3%83%B3%E3%83%89%E3%83%AB-%E4%BA%A4%E6%8F%9B%E7%94%A8-%E3%82%A2%E3%83%AB%E3%83%9F%E5%90%88%E9%87%91-45mm-%E3%83%8E%E3%83%96-%E3%82%B9%E3%83%94%E3%83%8B%E3%83%B3%E3%82%B0%E3%83%AA%E3%83%BC%E3%83%AB%E5%AF%BE%E5%BF%9C-%E6%B5%B7%E9%87%A3%E3%82%8A-%E3%83%91%E3%83%AF%E3%83%BC%E3%82%B2%E3%83%BC%E3%83%A0/dp/B0713W5B65/ref=sr_1_37?__mk_ja_JP=%E3%82%AB%E3%82%BF%E3%82%AB%E3%83%8A&crid=I954U6JYT57U&dd=tIJnRR5snPoivqBD4b2b4Q%2C%2C&dib=eyJ2IjoiMSJ9.a9nf1pHuUwjpxCQ1K_xuy5hQNFrm72Gioi81SBjEeJab_F5_tNmzQK3S4JWsH9n9taRaIqE5MJXEmzx2S0CRqKlf9DrfkNyZfEq_cuHJkj5Gb2qprymjMMva3CZJUAFF-Xfx9xeLh6ARPvqYdLoD-X86KZ8R8wM7l5qn-4bRi5LdgFkYcJccGtSYIK-t0ZxheDpKPhoUzv7auYwAKFba4Me0m1nlg8_vWFWf4Kb-C1dYFTfiqUjPAVrmCjDWq_yg3Xv7I8CSz8agI6sNQxt4LcJeevC2hNtUwN1e-oXpmw0.Rp8d4RD_fNViQhqIX_KCUrWbLr7n2VK1R6VpHLbl_BY&dib_tag=se&keywords=%E3%82%AB%E3%82%B9%E3%82%BF%E3%83%A0%E3%83%8F%E3%83%B3%E3%83%89%E3%83%AB%E3%83%BB%E3%83%8E%E3%83%96&qid=1789194946&refinements=p_72%3A2017326051%2Cp_90%3A3428068051&rnid=3428066051&sprefix=%E3%82%AB%E3%82%B9%E3%82%BF%E3%83%A0%E3%83%8F%E3%83%B3%E3%83%89%E3%83%AB+%E3%83%8E%E3%83%96%2Caps%2C230&sr=8-37&ufe=app_do%3Aamzn1.fos.35785624-70c4-44ae-a5c3-3f044f475d63,"https://m.media-amazon.com/images/I/61QE92v2-IL._AC_UL320_AIweblab1378949,T1_.jpg","ゴメクサス-A45-B-リールハンドルノブ-ストラディックSW-ツインパワーSW-ストラディックSW-シマノ-Shimano-タイプ-B-ハンドル-交換用-アルミ合金-45mm-ノブ-スピニングリール対応-海釣り-パワーゲーム ゴメクサス-A45-B-リールハンドルノブ-ストラディックSW-ツインパワーSW-ストラディックSW-シマノ-Shimano-タイプ-B-ハンドル-交換用-アルミ合金-45mm-ノブ-スピニングリール対応-海釣り-パワーゲーム ゴメクサス ハンドルノブ パワーノブ ストラディックSW ツインパワーSW シマノB ハンドルノブ 4.4 javascript:void(0) 5つ星のうち4.4 ゴメクサス-A45-B-リールハンドルノブ-ストラディックSW-ツインパワーSW-ストラディックSW-シマノ-Shimano-タイプ-B-ハンドル-交換用-アルミ合金-45mm-ノブ-スピニングリール対応-海釣り-パワーゲーム (783) 価格、商品詳細ページ ゴメクサス-A45-B-リールハンドルノブ-ストラディックSW-ツインパワーSW-ストラディックSW-シマノ-Shimano-タイプ-B-ハンドル-交換用-アルミ合金-45mm-ノブ-スピニングリール対応-海釣り-パワーゲーム ￥2,490 ￥ 2,490 25ポイント(1%) プライム会員なら 明日 9月13日 9月14日 月曜日 ダブルポイント",B0713W5B65,
Custom Handle & Knob.csv,32,custom handle & knob,SAFE,B0G4JTSCK6,リールハンドルノブ 20mm アルミ/EVA 素材 シマノA ダイワS ゴメクサスハンドル ノブ交換 感度よい ライトゲーム 超軽量,,1450,category_allow,リールハンドル,カテゴリ許可ワード一致(contains),https://www.amazon.co.jp/%E3%83%AA%E3%83%BC%E3%83%AB%E3%83%8F%E3%83%B3%E3%83%89%E3%83%AB%E3%83%8E%E3%83%96-%E3%83%80%E3%82%A4%E3%83%AFS%E3%83%8E%E3%83%96-%E3%82%B9%E3%83%94%E3%83%8B%E3%83%B3%E3%82%B0%E3%83%AA%E3%83%BC%E3%83%AB-%E3%83%99%E3%82%A4%E3%83%88%E3%83%AA%E3%83%BC%E3%83%AB-%E3%83%A9%E3%82%A4%E3%83%88%E3%82%B2%E3%83%BC%E3%83%A0%E3%83%BB%E6%B8%93%E6%B5%81%E3%83%90%E3%82%B9%E9%87%A3%E3%82%8A%E5%90%91%E3%81%91/dp/B0G4JTSCK6/ref=sr_1_38?__mk_ja_JP=%E3%82%AB%E3%82%BF%E3%82%AB%E3%83%8A&crid=I954U6JYT57U&dd=tIJnRR5snPoivqBD4b2b4Q%2C%2C&dib=eyJ2IjoiMSJ9.a9nf1pHuUwjpxCQ1K_xuy5hQNFrm72Gioi81SBjEeJab_F5_tNmzQK3S4JWsH9n9taRaIqE5MJXEmzx2S0CRqKlf9DrfkNyZfEq_cuHJkj5Gb2qprymjMMva3CZJUAFF-Xfx9xeLh6ARPvqYdLoD-X86KZ8R8wM7l5qn-4bRi5LdgFkYcJccGtSYIK-t0ZxheDpKPhoUzv7auYwAKFba4Me0m1nlg8_vWFWf4Kb-C1dYFTfiqUjPAVrmCjDWq_yg3Xv7I8CSz8agI6sNQxt4LcJeevC2hNtUwN1e-oXpmw0.Rp8d4RD_fNViQhqIX_KCUrWbLr7n2VK1R6VpHLbl_BY&dib_tag=se&keywords=%E3%82%AB%E3%82%B9%E3%82%BF%E3%83%A0%E3%83%8F%E3%83%B3%E3%83%89%E3%83%AB%E3%83%BB%E3%83%8E%E3%83%96&qid=1789194946&refinements=p_72%3A2017326051%2Cp_90%3A3428068051&rnid=3428066051&sprefix=%E3%82%AB%E3%82%B9%E3%82%BF%E3%83%A0%E3%83%8F%E3%83%B3%E3%83%89%E3%83%AB+%E3%83%8E%E3%83%96%2Caps%2C230&sr=8-38&ufe=app_do%3Aamzn1.fos.35785624-70c4-44ae-a5c3-3f044f475d63,"https://m.media-amazon.com/images/I/61TQNxC7nwL._AC_UL320_AIweblab1378949,T1_.jpg","リールハンドルノブ-ダイワSノブ-スピニングリール-ベイトリール-ライトゲーム・渓流バス釣り向け リールハンドルノブ-ダイワSノブ-スピニングリール-ベイトリール-ライトゲーム・渓流バス釣り向け リールハンドルノブ 20mm アルミ/EVA 素材 シマノA ダイワS ゴメクサスハンドル ノブ交換 感度よい ライトゲーム 超軽量 4.5 javascript:void(0) 5つ星のうち4.5 リールハンドルノブ-ダイワSノブ-スピニングリール-ベイトリール-ライトゲーム・渓流バス釣り向け (2) 価格、商品詳細ページ リールハンドルノブ-ダイワSノブ-スピニングリール-ベイトリール-ライトゲーム・渓流バス釣り向け ￥1,450 ￥ 1,450 15ポイント(1%) プライム会員なら 明日 9月13日 9月14日 月曜日 ダブルポイント",B0G4JTSCK6,
Custom Handle & Knob.csv,33,custom handle & knob,SAFE,B004WGO6X0,ダイワslpワークス(Daiwa Slp Works) RCS パワーライトノブシリーズ,,3857,category_allow,RCS パワーライトノブ,カテゴリ許可ワード一致(contains),https://www.amazon.co.jp/Daiwa-SLP-WORKS-%E3%83%80%E3%82%A4%E3%83%AFSLP%E3%83%AF%E3%83%BC%E3%82%AF%E3%82%B9-717137/dp/B004WGO6X0/ref=sr_1_40?__mk_ja_JP=%E3%82%AB%E3%82%BF%E3%82%AB%E3%83%8A&crid=I954U6JYT57U&dd=tIJnRR5snPoivqBD4b2b4Q%2C%2C&dib=eyJ2IjoiMSJ9.a9nf1pHuUwjpxCQ1K_xuy5hQNFrm72Gioi81SBjEeJab_F5_tNmzQK3S4JWsH9n9taRaIqE5MJXEmzx2S0CRqKlf9DrfkNyZfEq_cuHJkj5Gb2qprymjMMva3CZJUAFF-Xfx9xeLh6ARPvqYdLoD-X86KZ8R8wM7l5qn-4bRi5LdgFkYcJccGtSYIK-t0ZxheDpKPhoUzv7auYwAKFba4Me0m1nlg8_vWFWf4Kb-C1dYFTfiqUjPAVrmCjDWq_yg3Xv7I8CSz8agI6sNQxt4LcJeevC2hNtUwN1e-oXpmw0.Rp8d4RD_fNViQhqIX_KCUrWbLr7n2VK1R6VpHLbl_BY&dib_tag=se&keywords=%E3%82%AB%E3%82%B9%E3%82%BF%E3%83%A0%E3%83%8F%E3%83%B3%E3%83%89%E3%83%AB%E3%83%BB%E3%83%8E%E3%83%96&qid=1789194946&refinements=p_72%3A2017326051%2Cp_90%3A3428068051&rnid=3428066051&sprefix=%E3%82%AB%E3%82%B9%E3%82%BF%E3%83%A0%E3%83%8F%E3%83%B3%E3%83%89%E3%83%AB+%E3%83%8E%E3%83%96%2Caps%2C230&sr=8-40&ufe=app_do%3Aamzn1.fos.35785624-70c4-44ae-a5c3-3f044f475d63,"https://m.media-amazon.com/images/I/61zevKp03cL._AC_UL320_AIweblab1378949,T1_.jpg","Daiwa-SLP-WORKS-ダイワSLPワークス-717137 Daiwa-SLP-WORKS-ダイワSLPワークス-717137 ダイワslpワークス(Daiwa Slp Works) RCS パワーライトノブシリーズ 4.4 javascript:void(0) 5つ星のうち4.4 Daiwa-SLP-WORKS-ダイワSLPワークス-717137 (286) 価格、商品詳細ページ Daiwa-SLP-WORKS-ダイワSLPワークス-717137 ￥3,857 ￥ 3,857 参考: プライム会員なら 明日 9月13日 9月14日 月曜日 39ポイント(1%) 参考: ￥4,290 ￥4,290",B004WGO6X0,
Custom Handle & Knob.csv,34,custom handle & knob,SAFE,B00702975A,シマノ リール 夢屋 アルミラウンド型 パワーハンドルノブ パーツ,,4769,category_allow,ハンドルノブ,カテゴリ許可ワード一致(contains),https://www.amazon.co.jp/%E3%82%B7%E3%83%9E%E3%83%8E-SHIMANO-%E3%82%A2%E3%83%AB%E3%83%9F%E3%83%A9%E3%82%A6%E3%83%B3%E3%83%89%E5%9E%8B-%E3%83%91%E3%83%AF%E3%83%BC%E3%83%8F%E3%83%B3%E3%83%89%E3%83%AB%E3%83%8E%E3%83%96-TypeA%E7%94%A8/dp/B00702975A/ref=sr_1_41?__mk_ja_JP=%E3%82%AB%E3%82%BF%E3%82%AB%E3%83%8A&crid=I954U6JYT57U&dd=tIJnRR5snPoivqBD4b2b4Q%2C%2C&dib=eyJ2IjoiMSJ9.a9nf1pHuUwjpxCQ1K_xuy5hQNFrm72Gioi81SBjEeJab_F5_tNmzQK3S4JWsH9n9taRaIqE5MJXEmzx2S0CRqKlf9DrfkNyZfEq_cuHJkj5Gb2qprymjMMva3CZJUAFF-Xfx9xeLh6ARPvqYdLoD-X86KZ8R8wM7l5qn-4bRi5LdgFkYcJccGtSYIK-t0ZxheDpKPhoUzv7auYwAKFba4Me0m1nlg8_vWFWf4Kb-C1dYFTfiqUjPAVrmCjDWq_yg3Xv7I8CSz8agI6sNQxt4LcJeevC2hNtUwN1e-oXpmw0.Rp8d4RD_fNViQhqIX_KCUrWbLr7n2VK1R6VpHLbl_BY&dib_tag=se&keywords=%E3%82%AB%E3%82%B9%E3%82%BF%E3%83%A0%E3%83%8F%E3%83%B3%E3%83%89%E3%83%AB%E3%83%BB%E3%83%8E%E3%83%96&qid=1789194946&refinements=p_72%3A2017326051%2Cp_90%3A3428068051&rnid=3428066051&sprefix=%E3%82%AB%E3%82%B9%E3%82%BF%E3%83%A0%E3%83%8F%E3%83%B3%E3%83%89%E3%83%AB+%E3%83%8E%E3%83%96%2Caps%2C230&sr=8-41&ufe=app_do%3Aamzn1.fos.35785624-70c4-44ae-a5c3-3f044f475d63,"https://m.media-amazon.com/images/I/61pTaKKFfrL._AC_UL320_AIweblab1378949,T1_.jpg","シマノ-SHIMANO-アルミラウンド型-パワーハンドルノブ-TypeA用 シマノ-SHIMANO-アルミラウンド型-パワーハンドルノブ-TypeA用 シマノ リール 夢屋 アルミラウンド型 パワーハンドルノブ パーツ 4.5 javascript:void(0) 5つ星のうち4.5 シマノ-SHIMANO-アルミラウンド型-パワーハンドルノブ-TypeA用 (185) 価格、商品詳細ページ シマノ-SHIMANO-アルミラウンド型-パワーハンドルノブ-TypeA用 ￥4,769 ￥ 4,769 参考: プライム会員なら 明日 9月13日 9月14日 月曜日 48ポイント(1%) 参考: ￥5,500 ￥5,500",B00702975A,
Custom Handle & Knob.csv,35,custom handle & knob,SAFE,B0CZNM896D,ゴメクサス F22 鍛造カーボン製ハンドルノブ 軽量 ライトゲーム 向け ダイワ (Daiwa) タイプ S シマノ (Shimano) タイプ A 対応 オールブラック,,2990,category_allow,ハンドルノブ,カテゴリ許可ワード一致(contains),https://www.amazon.co.jp/%E3%82%B4%E3%83%A1%E3%82%AF%E3%82%B5%E3%82%B9-%E9%8D%9B%E9%80%A0%E3%82%AB%E3%83%BC%E3%83%9C%E3%83%B3%E8%A3%BD%E3%83%8F%E3%83%B3%E3%83%89%E3%83%AB%E3%83%8E%E3%83%96-%E3%83%A9%E3%82%A4%E3%83%88%E3%82%B2%E3%83%BC%E3%83%A0-Daiwa-Shimano/dp/B0CZNM896D/ref=sr_1_42?__mk_ja_JP=%E3%82%AB%E3%82%BF%E3%82%AB%E3%83%8A&crid=I954U6JYT57U&dd=tIJnRR5snPoivqBD4b2b4Q%2C%2C&dib=eyJ2IjoiMSJ9.a9nf1pHuUwjpxCQ1K_xuy5hQNFrm72Gioi81SBjEeJab_F5_tNmzQK3S4JWsH9n9taRaIqE5MJXEmzx2S0CRqKlf9DrfkNyZfEq_cuHJkj5Gb2qprymjMMva3CZJUAFF-Xfx9xeLh6ARPvqYdLoD-X86KZ8R8wM7l5qn-4bRi5LdgFkYcJccGtSYIK-t0ZxheDpKPhoUzv7auYwAKFba4Me0m1nlg8_vWFWf4Kb-C1dYFTfiqUjPAVrmCjDWq_yg3Xv7I8CSz8agI6sNQxt4LcJeevC2hNtUwN1e-oXpmw0.Rp8d4RD_fNViQhqIX_KCUrWbLr7n2VK1R6VpHLbl_BY&dib_tag=se&keywords=%E3%82%AB%E3%82%B9%E3%82%BF%E3%83%A0%E3%83%8F%E3%83%B3%E3%83%89%E3%83%AB%E3%83%BB%E3%83%8E%E3%83%96&qid=1789194946&refinements=p_72%3A2017326051%2Cp_90%3A3428068051&rnid=3428066051&sprefix=%E3%82%AB%E3%82%B9%E3%82%BF%E3%83%A0%E3%83%8F%E3%83%B3%E3%83%89%E3%83%AB+%E3%83%8E%E3%83%96%2Caps%2C230&sr=8-42&ufe=app_do%3Aamzn1.fos.35785624-70c4-44ae-a5c3-3f044f475d63,"https://m.media-amazon.com/images/I/71dWAsDPdlL._AC_UL320_AIweblab1378949,T1_.jpg","ゴメクサス-鍛造カーボン製ハンドルノブ-ライトゲーム-Daiwa-Shimano ゴメクサス-鍛造カーボン製ハンドルノブ-ライトゲーム-Daiwa-Shimano ゴメクサス F22 鍛造カーボン製ハンドルノブ 軽量 ライトゲーム 向け ダイワ (Daiwa) タイプ S シマノ (Shimano) タイプ A 対応 オールブラック 4.4 javascript:void(0) 5つ星のうち4.4 ゴメクサス-鍛造カーボン製ハンドルノブ-ライトゲーム-Daiwa-Shimano (48) 価格、商品詳細ページ ゴメクサス-鍛造カーボン製ハンドルノブ-ライトゲーム-Daiwa-Shimano ￥2,990 ￥ 2,990 30ポイント(1%) プライム会員なら 明日 9月13日 9月14日 月曜日 ダブルポイント",B0CZNM896D,
Custom Handle & Knob.csv,36,custom handle & knob,SAFE,B08M97ZCDJ,ゴメクサス T22 リールハンドルノブ チタン製 22mm ダイワ (Daiwa) タイプ S シマノ (Shimano) タイプ A ハンドル 交換用 スピニングリール ベイトリール 対応 超軽量 ライトゲーム・渓流バス釣り向け 高感度,,2840,category_allow,リールハンドル,カテゴリ許可ワード一致(contains),https://www.amazon.co.jp/%E3%82%B4%E3%83%A1%E3%82%AF%E3%82%B5%E3%82%B9-Gomexus-%E3%83%99%E3%82%A4%E3%83%88%E3%83%AA%E3%83%BC%E3%83%AB-%E3%82%B9%E3%83%94%E3%83%8B%E3%83%B3%E3%82%B0%E3%83%AA%E3%83%BC%E3%83%AB-%E3%83%95%E3%83%AA%E3%83%BC%E3%83%A0%E3%82%B9/dp/B08M97ZCDJ/ref=sr_1_43?__mk_ja_JP=%E3%82%AB%E3%82%BF%E3%82%AB%E3%83%8A&crid=I954U6JYT57U&dd=tIJnRR5snPoivqBD4b2b4Q%2C%2C&dib=eyJ2IjoiMSJ9.a9nf1pHuUwjpxCQ1K_xuy5hQNFrm72Gioi81SBjEeJab_F5_tNmzQK3S4JWsH9n9taRaIqE5MJXEmzx2S0CRqKlf9DrfkNyZfEq_cuHJkj5Gb2qprymjMMva3CZJUAFF-Xfx9xeLh6ARPvqYdLoD-X86KZ8R8wM7l5qn-4bRi5LdgFkYcJccGtSYIK-t0ZxheDpKPhoUzv7auYwAKFba4Me0m1nlg8_vWFWf4Kb-C1dYFTfiqUjPAVrmCjDWq_yg3Xv7I8CSz8agI6sNQxt4LcJeevC2hNtUwN1e-oXpmw0.Rp8d4RD_fNViQhqIX_KCUrWbLr7n2VK1R6VpHLbl_BY&dib_tag=se&keywords=%E3%82%AB%E3%82%B9%E3%82%BF%E3%83%A0%E3%83%8F%E3%83%B3%E3%83%89%E3%83%AB%E3%83%BB%E3%83%8E%E3%83%96&qid=1789194946&refinements=p_72%3A2017326051%2Cp_90%3A3428068051&rnid=3428066051&sprefix=%E3%82%AB%E3%82%B9%E3%82%BF%E3%83%A0%E3%83%8F%E3%83%B3%E3%83%89%E3%83%AB+%E3%83%8E%E3%83%96%2Caps%2C230&sr=8-43&ufe=app_do%3Aamzn1.fos.35785624-70c4-44ae-a5c3-3f044f475d63,"https://m.media-amazon.com/images/I/51xr9FSNEhL._AC_UL320_AIweblab1378949,T1_.jpg","ゴメクサス-Gomexus-ベイトリール-スピニングリール-フリームス ゴメクサス-Gomexus-ベイトリール-スピニングリール-フリームス ゴメクサス T22 リールハンドルノブ チタン製 22mm ダイワ (Daiwa) タイプ S シマノ (Shimano) タイプ A ハンドル 交換用 スピニングリール ベイトリール 対応 超軽量 ライトゲーム・渓流バス釣り向け 高感度 4.3 javascript:void(0) 5つ星のうち4.3 ゴメクサス-Gomexus-ベイトリール-スピニングリール-フリームス (363) 価格、商品詳細ページ ￥2,840 ￥ 2,840 ベストセラー9位 プライム会員なら 明日 9月13日 9月14日 月曜日 - ベイトリールパーツ 参考: 参考: ￥2,990 28ポイント(1%) ￥2,990",B08M97ZCDJ,
Custom Handle & Knob.csv,37,custom handle & knob,SAFE,B0C2KS7T5J,HEIGHTEN 15mm リール ハンドル ノブ シマノ ダイワ 通用 (Shimano Type A) (Daiwa Type S)用 Chess Series (ガンメタル＆ゴールド) (HT12503),,1690,category_allow,リールハンドル,カテゴリ許可ワード一致(contains),https://www.amazon.co.jp/HEIGHTEN-Shimano-Daiwa-Chess-%E3%82%AC%E3%83%B3%E3%83%A1%E3%82%BF%E3%83%AB%EF%BC%86%E3%82%B4%E3%83%BC%E3%83%AB%E3%83%89/dp/B0C2KS7T5J/ref=sr_1_44?__mk_ja_JP=%E3%82%AB%E3%82%BF%E3%82%AB%E3%83%8A&crid=I954U6JYT57U&dd=tIJnRR5snPoivqBD4b2b4Q%2C%2C&dib=eyJ2IjoiMSJ9.a9nf1pHuUwjpxCQ1K_xuy5hQNFrm72Gioi81SBjEeJab_F5_tNmzQK3S4JWsH9n9taRaIqE5MJXEmzx2S0CRqKlf9DrfkNyZfEq_cuHJkj5Gb2qprymjMMva3CZJUAFF-Xfx9xeLh6ARPvqYdLoD-X86KZ8R8wM7l5qn-4bRi5LdgFkYcJccGtSYIK-t0ZxheDpKPhoUzv7auYwAKFba4Me0m1nlg8_vWFWf4Kb-C1dYFTfiqUjPAVrmCjDWq_yg3Xv7I8CSz8agI6sNQxt4LcJeevC2hNtUwN1e-oXpmw0.Rp8d4RD_fNViQhqIX_KCUrWbLr7n2VK1R6VpHLbl_BY&dib_tag=se&keywords=%E3%82%AB%E3%82%B9%E3%82%BF%E3%83%A0%E3%83%8F%E3%83%B3%E3%83%89%E3%83%AB%E3%83%BB%E3%83%8E%E3%83%96&qid=1789194946&refinements=p_72%3A2017326051%2Cp_90%3A3428068051&rnid=3428066051&sprefix=%E3%82%AB%E3%82%B9%E3%82%BF%E3%83%A0%E3%83%8F%E3%83%B3%E3%83%89%E3%83%AB+%E3%83%8E%E3%83%96%2Caps%2C230&sr=8-44&ufe=app_do%3Aamzn1.fos.35785624-70c4-44ae-a5c3-3f044f475d63,"https://m.media-amazon.com/images/I/61scxXDhMSL._AC_UL320_AIweblab1378949,T1_.jpg","HEIGHTEN-Shimano-Daiwa-Chess-ガンメタル＆ゴールド HEIGHTEN-Shimano-Daiwa-Chess-ガンメタル＆ゴールド HEIGHTEN 15mm リール ハンドル ノブ シマノ ダイワ 通用 (Shimano Type A) (Daiwa Type S)用 Chess Series (ガンメタル＆ゴールド) (HT12503) 4.3 javascript:void(0) 5つ星のうち4.3 HEIGHTEN-Shimano-Daiwa-Chess-ガンメタル＆ゴールド (17) 価格、商品詳細ページ HEIGHTEN-Shimano-Daiwa-Chess-ガンメタル＆ゴールド ￥1,690 ￥ 1,690 17ポイント(1%) プライム会員なら 明日 9月13日 9月14日 月曜日 ダブルポイント",B0C2KS7T5J,
Custom Handle & Knob.csv,39,custom handle & knob,SAFE,B072L5J96M,ゴメクサス ハンドルノブ パワーノブ ストラディックSW ツインパワーSW シマノB ハンドルノブ,,2490,category_allow,ハンドルノブ,カテゴリ許可ワード一致(contains),https://www.amazon.co.jp/%E3%82%B4%E3%83%A1%E3%82%AF%E3%82%B5%E3%82%B9-A45-B-%E3%83%AA%E3%83%BC%E3%83%AB%E3%83%8F%E3%83%B3%E3%83%89%E3%83%AB%E3%83%8E%E3%83%96-%E3%82%B9%E3%83%88%E3%83%A9%E3%83%87%E3%82%A3%E3%83%83%E3%82%AFSW-%E3%83%84%E3%82%A4%E3%83%B3%E3%83%91%E3%83%AF%E3%83%BCSW-%E3%82%B9%E3%83%88%E3%83%A9%E3%83%87%E3%82%A3%E3%83%83%E3%82%AFSW-%E3%82%B7%E3%83%9E%E3%83%8E-Shimano-%E3%82%BF%E3%82%A4%E3%83%97-B-%E3%83%8F%E3%83%B3%E3%83%89%E3%83%AB-%E4%BA%A4%E6%8F%9B%E7%94%A8-%E3%82%A2%E3%83%AB%E3%83%9F%E5%90%88%E9%87%91-45mm-%E3%83%8E%E3%83%96-%E3%82%B9%E3%83%94%E3%83%8B%E3%83%B3%E3%82%B0%E3%83%AA%E3%83%BC%E3%83%AB%E5%AF%BE%E5%BF%9C-%E6%B5%B7%E9%87%A3%E3%82%8A-%E3%83%91%E3%83%AF%E3%83%BC%E3%82%B2%E3%83%BC%E3%83%A0/dp/B072L5J96M/ref=sr_1_46?__mk_ja_JP=%E3%82%AB%E3%82%BF%E3%82%AB%E3%83%8A&crid=I954U6JYT57U&dd=tIJnRR5snPoivqBD4b2b4Q%2C%2C&dib=eyJ2IjoiMSJ9.a9nf1pHuUwjpxCQ1K_xuy5hQNFrm72Gioi81SBjEeJab_F5_tNmzQK3S4JWsH9n9taRaIqE5MJXEmzx2S0CRqKlf9DrfkNyZfEq_cuHJkj5Gb2qprymjMMva3CZJUAFF-Xfx9xeLh6ARPvqYdLoD-X86KZ8R8wM7l5qn-4bRi5LdgFkYcJccGtSYIK-t0ZxheDpKPhoUzv7auYwAKFba4Me0m1nlg8_vWFWf4Kb-C1dYFTfiqUjPAVrmCjDWq_yg3Xv7I8CSz8agI6sNQxt4LcJeevC2hNtUwN1e-oXpmw0.Rp8d4RD_fNViQhqIX_KCUrWbLr7n2VK1R6VpHLbl_BY&dib_tag=se&keywords=%E3%82%AB%E3%82%B9%E3%82%BF%E3%83%A0%E3%83%8F%E3%83%B3%E3%83%89%E3%83%AB%E3%83%BB%E3%83%8E%E3%83%96&qid=1789194946&refinements=p_72%3A2017326051%2Cp_90%3A3428068051&rnid=3428066051&sprefix=%E3%82%AB%E3%82%B9%E3%82%BF%E3%83%A0%E3%83%8F%E3%83%B3%E3%83%89%E3%83%AB+%E3%83%8E%E3%83%96%2Caps%2C230&sr=8-46&ufe=app_do%3Aamzn1.fos.35785624-70c4-44ae-a5c3-3f044f475d63,"https://m.media-amazon.com/images/I/61zO+h0WmaL._AC_UL320_AIweblab1378949,T1_.jpg","ゴメクサス-A45-B-リールハンドルノブ-ストラディックSW-ツインパワーSW-ストラディックSW-シマノ-Shimano-タイプ-B-ハンドル-交換用-アルミ合金-45mm-ノブ-スピニングリール対応-海釣り-パワーゲーム ゴメクサス-A45-B-リールハンドルノブ-ストラディックSW-ツインパワーSW-ストラディックSW-シマノ-Shimano-タイプ-B-ハンドル-交換用-アルミ合金-45mm-ノブ-スピニングリール対応-海釣り-パワーゲーム ゴメクサス ハンドルノブ パワーノブ ストラディックSW ツインパワーSW シマノB ハンドルノブ 4.4 javascript:void(0) 5つ星のうち4.4 ゴメクサス-A45-B-リールハンドルノブ-ストラディックSW-ツインパワーSW-ストラディックSW-シマノ-Shimano-タイプ-B-ハンドル-交換用-アルミ合金-45mm-ノブ-スピニングリール対応-海釣り-パワーゲーム (783) 価格、商品詳細ページ ゴメクサス-A45-B-リールハンドルノブ-ストラディックSW-ツインパワーSW-ストラディックSW-シマノ-Shimano-タイプ-B-ハンドル-交換用-アルミ合金-45mm-ノブ-スピニングリール対応-海釣り-パワーゲーム ￥2,490 ￥ 2,490 25ポイント(1%) プライム会員なら 明日 9月13日 9月14日 月曜日 ダブルポイント",B072L5J96M,
Custom Handle & Knob.csv,40,custom handle & knob,SAFE,B01MSVX3Q1,ＳＬＰＷＯＲＫＳ ダイワ(DAIWA) SLP WORKS(SLPワークス) ハンドルノブ SLPW I型ノンコートコルクノブ スピニング・ベイト・両軸共用 A011 リール,,1903,category_allow,ハンドルノブ,カテゴリ許可ワード一致(contains),https://www.amazon.co.jp/Daiwa-SLP-WORKS-%E3%83%80%E3%82%A4%E3%83%AFSLP%E3%83%AF%E3%83%BC%E3%82%AF%E3%82%B9-I%E5%9E%8B%E3%83%8E%E3%83%B3%E3%82%B3%E3%83%BC%E3%83%88%E3%82%B3%E3%83%AB%E3%82%AF%E3%83%8E%E3%83%96/dp/B01MSVX3Q1/ref=sr_1_47?__mk_ja_JP=%E3%82%AB%E3%82%BF%E3%82%AB%E3%83%8A&crid=I954U6JYT57U&dd=tIJnRR5snPoivqBD4b2b4Q%2C%2C&dib=eyJ2IjoiMSJ9.a9nf1pHuUwjpxCQ1K_xuy5hQNFrm72Gioi81SBjEeJab_F5_tNmzQK3S4JWsH9n9taRaIqE5MJXEmzx2S0CRqKlf9DrfkNyZfEq_cuHJkj5Gb2qprymjMMva3CZJUAFF-Xfx9xeLh6ARPvqYdLoD-X86KZ8R8wM7l5qn-4bRi5LdgFkYcJccGtSYIK-t0ZxheDpKPhoUzv7auYwAKFba4Me0m1nlg8_vWFWf4Kb-C1dYFTfiqUjPAVrmCjDWq_yg3Xv7I8CSz8agI6sNQxt4LcJeevC2hNtUwN1e-oXpmw0.Rp8d4RD_fNViQhqIX_KCUrWbLr7n2VK1R6VpHLbl_BY&dib_tag=se&keywords=%E3%82%AB%E3%82%B9%E3%82%BF%E3%83%A0%E3%83%8F%E3%83%B3%E3%83%89%E3%83%AB%E3%83%BB%E3%83%8E%E3%83%96&qid=1789194946&refinements=p_72%3A2017326051%2Cp_90%3A3428068051&rnid=3428066051&sprefix=%E3%82%AB%E3%82%B9%E3%82%BF%E3%83%A0%E3%83%8F%E3%83%B3%E3%83%89%E3%83%AB+%E3%83%8E%E3%83%96%2Caps%2C230&sr=8-47&ufe=app_do%3Aamzn1.fos.35785624-70c4-44ae-a5c3-3f044f475d63,"https://m.media-amazon.com/images/I/51OckCUyCEL._AC_UL320_AIweblab1378949,T1_.jpg","Daiwa-SLP-WORKS-ダイワSLPワークス-I型ノンコートコルクノブ Daiwa-SLP-WORKS-ダイワSLPワークス-I型ノンコートコルクノブ ＳＬＰＷＯＲＫＳ ダイワ(DAIWA) SLP WORKS(SLPワークス) ハンドルノブ SLPW I型ノンコートコルクノブ スピニング・ベイト・両軸共用 A011 リール 4.2 javascript:void(0) 5つ星のうち4.2 Daiwa-SLP-WORKS-ダイワSLPワークス-I型ノンコートコルクノブ (90) 価格、商品詳細ページ Daiwa-SLP-WORKS-ダイワSLPワークス-I型ノンコートコルクノブ ￥1,903 ￥ 1,903 参考: プライム会員なら 明日 9月13日 9月14日 月曜日 19ポイント(1%) こちらからもご購入いただけます 参考: ￥2,200 ￥2,200",B01MSVX3Q1,
Custom Handle & Knob.csv,41,custom handle & knob,SAFE,B0B28PXLSN,ゴメクサス T22 リールハンドルノブ チタン製 22mm ダイワ (Daiwa) タイプ S シマノ (Shimano) タイプ A ハンドル 交換用 スピニングリール ベイトリール 対応 超軽量 ライトゲーム・渓流バス釣り向け 高感度,,2990,category_allow,リールハンドル,カテゴリ許可ワード一致(contains),https://www.amazon.co.jp/%E3%83%AA%E3%83%BC%E3%83%AB%E3%83%8F%E3%83%B3%E3%83%89%E3%83%AB%E3%83%8E%E3%83%96-Shimano-%E3%82%B9%E3%83%94%E3%83%8B%E3%83%B3%E3%82%B0%E3%83%AA%E3%83%BC%E3%83%AB-%E3%83%99%E3%82%A4%E3%83%88%E3%83%AA%E3%83%BC%E3%83%AB-%E3%83%A9%E3%82%A4%E3%83%88%E3%82%B2%E3%83%BC%E3%83%A0%E3%83%BB%E6%B8%93%E6%B5%81%E3%83%90%E3%82%B9%E9%87%A3%E3%82%8A%E5%90%91%E3%81%91/dp/B0B28PXLSN/ref=sr_1_48?__mk_ja_JP=%E3%82%AB%E3%82%BF%E3%82%AB%E3%83%8A&crid=I954U6JYT57U&dd=tIJnRR5snPoivqBD4b2b4Q%2C%2C&dib=eyJ2IjoiMSJ9.a9nf1pHuUwjpxCQ1K_xuy5hQNFrm72Gioi81SBjEeJab_F5_tNmzQK3S4JWsH9n9taRaIqE5MJXEmzx2S0CRqKlf9DrfkNyZfEq_cuHJkj5Gb2qprymjMMva3CZJUAFF-Xfx9xeLh6ARPvqYdLoD-X86KZ8R8wM7l5qn-4bRi5LdgFkYcJccGtSYIK-t0ZxheDpKPhoUzv7auYwAKFba4Me0m1nlg8_vWFWf4Kb-C1dYFTfiqUjPAVrmCjDWq_yg3Xv7I8CSz8agI6sNQxt4LcJeevC2hNtUwN1e-oXpmw0.Rp8d4RD_fNViQhqIX_KCUrWbLr7n2VK1R6VpHLbl_BY&dib_tag=se&keywords=%E3%82%AB%E3%82%B9%E3%82%BF%E3%83%A0%E3%83%8F%E3%83%B3%E3%83%89%E3%83%AB%E3%83%BB%E3%83%8E%E3%83%96&qid=1789194946&refinements=p_72%3A2017326051%2Cp_90%3A3428068051&rnid=3428066051&sprefix=%E3%82%AB%E3%82%B9%E3%82%BF%E3%83%A0%E3%83%8F%E3%83%B3%E3%83%89%E3%83%AB+%E3%83%8E%E3%83%96%2Caps%2C230&sr=8-48&ufe=app_do%3Aamzn1.fos.35785624-70c4-44ae-a5c3-3f044f475d63,"https://m.media-amazon.com/images/I/51vl-cmtK7L._AC_UL320_AIweblab1378949,T1_.jpg","リールハンドルノブ-Shimano-スピニングリール-ベイトリール-ライトゲーム・渓流バス釣り向け リールハンドルノブ-Shimano-スピニングリール-ベイトリール-ライトゲーム・渓流バス釣り向け ゴメクサス T22 リールハンドルノブ チタン製 22mm ダイワ (Daiwa) タイプ S シマノ (Shimano) タイプ A ハンドル 交換用 スピニングリール ベイトリール 対応 超軽量 ライトゲーム・渓流バス釣り向け 高感度 4.3 javascript:void(0) 5つ星のうち4.3 リールハンドルノブ-Shimano-スピニングリール-ベイトリール-ライトゲーム・渓流バス釣り向け (363) 価格、商品詳細ページ ￥2,990 ￥ 2,990 ベストセラー9位 プライム会員なら 明日 9月13日 9月14日 月曜日 - ベイトリールパーツ リールハンドルノブ-Shimano-スピニングリール-ベイトリール-ライトゲーム・渓流バス釣り向け 30ポイント(1%) ダブルポイント",B0B28PXLSN,
Custom Handle & Knob.csv,42,custom handle & knob,SAFE,B089WBXHC5,ゴメクサス ノブ パワーハンドル ノブ ゴメクサス ハンドルノブ TEV シマノb EVA オシアジガー トリウム オシアコンクエスト 85mm,,2490,category_allow,ハンドルノブ,カテゴリ許可ワード一致(contains),https://www.amazon.co.jp/%E3%82%B4%E3%83%A1%E3%82%AF%E3%82%B5%E3%82%B9-%E3%83%91%E3%83%AF%E3%83%BC%E3%83%8F%E3%83%B3%E3%83%89%E3%83%AB%E3%83%8E%E3%83%96-%E3%83%8F%E3%83%B3%E3%83%89%E3%83%AB%E3%83%8E%E3%83%96-%E3%82%AA%E3%82%B7%E3%82%A2%E3%82%B8%E3%82%AC%E3%83%BC-%E3%82%AA%E3%82%B7%E3%82%A2%E3%82%B3%E3%83%B3%E3%82%AF%E3%82%A8%E3%82%B9%E3%83%88/dp/B089WBXHC5/ref=sr_1_49?__mk_ja_JP=%E3%82%AB%E3%82%BF%E3%82%AB%E3%83%8A&crid=I954U6JYT57U&dd=tIJnRR5snPoivqBD4b2b4Q%2C%2C&dib=eyJ2IjoiMSJ9.a9nf1pHuUwjpxCQ1K_xuy5hQNFrm72Gioi81SBjEeJab_F5_tNmzQK3S4JWsH9n9taRaIqE5MJXEmzx2S0CRqKlf9DrfkNyZfEq_cuHJkj5Gb2qprymjMMva3CZJUAFF-Xfx9xeLh6ARPvqYdLoD-X86KZ8R8wM7l5qn-4bRi5LdgFkYcJccGtSYIK-t0ZxheDpKPhoUzv7auYwAKFba4Me0m1nlg8_vWFWf4Kb-C1dYFTfiqUjPAVrmCjDWq_yg3Xv7I8CSz8agI6sNQxt4LcJeevC2hNtUwN1e-oXpmw0.Rp8d4RD_fNViQhqIX_KCUrWbLr7n2VK1R6VpHLbl_BY&dib_tag=se&keywords=%E3%82%AB%E3%82%B9%E3%82%BF%E3%83%A0%E3%83%8F%E3%83%B3%E3%83%89%E3%83%AB%E3%83%BB%E3%83%8E%E3%83%96&qid=1789194946&refinements=p_72%3A2017326051%2Cp_90%3A3428068051&rnid=3428066051&sprefix=%E3%82%AB%E3%82%B9%E3%82%BF%E3%83%A0%E3%83%8F%E3%83%B3%E3%83%89%E3%83%AB+%E3%83%8E%E3%83%96%2Caps%2C230&sr=8-49&ufe=app_do%3Aamzn1.fos.35785624-70c4-44ae-a5c3-3f044f475d63,"https://m.media-amazon.com/images/I/51AZFU1t7AL._AC_UL320_AIweblab1378949,T1_.jpg","ゴメクサス-パワーハンドルノブ-ハンドルノブ-オシアジガー-オシアコンクエスト ゴメクサス-パワーハンドルノブ-ハンドルノブ-オシアジガー-オシアコンクエスト ゴメクサス ノブ パワーハンドル ノブ ゴメクサス ハンドルノブ TEV シマノb EVA オシアジガー トリウム オシアコンクエスト 85mm 4.3 javascript:void(0) 5つ星のうち4.3 ゴメクサス-パワーハンドルノブ-ハンドルノブ-オシアジガー-オシアコンクエスト (141) 価格、商品詳細ページ ゴメクサス-パワーハンドルノブ-ハンドルノブ-オシアジガー-オシアコンクエスト ￥2,490 ￥ 2,490 25ポイント(1%) プライム会員なら 明日 9月13日 9月14日 月曜日 ダブルポイント",B089WBXHC5,
Custom Handle & Knob.csv,44,custom handle & knob,SAFE,B01N8124IH,ダイワslpワークス(Daiwa Slp Works) RCS ハイグリップ Iシェイプ ノブシリーズ,,2169,category_allow,RCS ハイグリップ,カテゴリ許可ワード一致(contains),https://www.amazon.co.jp/SLP%E3%83%AF%E3%83%BC%E3%82%AF%E3%82%B9-%E3%83%8F%E3%83%B3%E3%83%89%E3%83%AB%E3%83%8E%E3%83%96-%E3%83%8F%E3%82%A4%E3%82%B0%E3%83%AA%E3%83%83%E3%83%97-I%E5%9E%8B%E3%83%A9%E3%82%A4%E3%83%88%E3%83%8E%E3%83%96-%E3%82%B9%E3%83%94%E3%83%8B%E3%83%B3%E3%82%B0%E3%83%BB%E3%83%99%E3%82%A4%E3%83%88%E3%83%BB%E4%B8%A1%E8%BB%B8%E5%85%B1%E7%94%A8/dp/B01N8124IH/ref=sr_1_51?__mk_ja_JP=%E3%82%AB%E3%82%BF%E3%82%AB%E3%83%8A&crid=I954U6JYT57U&dd=tIJnRR5snPoivqBD4b2b4Q%2C%2C&dib=eyJ2IjoiMSJ9.a9nf1pHuUwjpxCQ1K_xuy5hQNFrm72Gioi81SBjEeJab_F5_tNmzQK3S4JWsH9n9taRaIqE5MJXEmzx2S0CRqKlf9DrfkNyZfEq_cuHJkj5Gb2qprymjMMva3CZJUAFF-Xfx9xeLh6ARPvqYdLoD-X86KZ8R8wM7l5qn-4bRi5LdgFkYcJccGtSYIK-t0ZxheDpKPhoUzv7auYwAKFba4Me0m1nlg8_vWFWf4Kb-C1dYFTfiqUjPAVrmCjDWq_yg3Xv7I8CSz8agI6sNQxt4LcJeevC2hNtUwN1e-oXpmw0.Rp8d4RD_fNViQhqIX_KCUrWbLr7n2VK1R6VpHLbl_BY&dib_tag=se&keywords=%E3%82%AB%E3%82%B9%E3%82%BF%E3%83%A0%E3%83%8F%E3%83%B3%E3%83%89%E3%83%AB%E3%83%BB%E3%83%8E%E3%83%96&qid=1789194946&refinements=p_72%3A2017326051%2Cp_90%3A3428068051&rnid=3428066051&sprefix=%E3%82%AB%E3%82%B9%E3%82%BF%E3%83%A0%E3%83%8F%E3%83%B3%E3%83%89%E3%83%AB+%E3%83%8E%E3%83%96%2Caps%2C230&sr=8-51&ufe=app_do%3Aamzn1.fos.35785624-70c4-44ae-a5c3-3f044f475d63,"https://m.media-amazon.com/images/I/51nO40AdjNL._AC_UL320_AIweblab1378949,T1_.jpg","SLPワークス-ハンドルノブ-ハイグリップ-I型ライトノブ-スピニング・ベイト・両軸共用 SLPワークス-ハンドルノブ-ハイグリップ-I型ライトノブ-スピニング・ベイト・両軸共用 ダイワslpワークス(Daiwa Slp Works) RCS ハイグリップ Iシェイプ ノブシリーズ 4.1 javascript:void(0) 5つ星のうち4.1 SLPワークス-ハンドルノブ-ハイグリップ-I型ライトノブ-スピニング・ベイト・両軸共用 (50) 価格、商品詳細ページ SLPワークス-ハンドルノブ-ハイグリップ-I型ライトノブ-スピニング・ベイト・両軸共用 ￥2,169 ￥ 2,169 参考: プライム会員なら 明日 9月13日 9月14日 月曜日 22ポイント(1%) こちらからもご購入いただけます 参考: ￥2,420 ￥2,420",B01N8124IH,
Custom Handle & Knob.csv,45,custom handle & knob,SAFE,B099JD2BFH,ゴメクサス パワーハンドルノブ チタン製 38-41mm シマノ A ダイワ S ショアジギング【Galaxy】,,3990,category_allow,ハンドルノブ,カテゴリ許可ワード一致(contains),https://www.amazon.co.jp/%E3%83%AA%E3%83%BC%E3%83%AB%E3%83%8F%E3%83%B3%E3%83%89%E3%83%AB%E3%83%8E%E3%83%96-Shimano-%E3%83%84%E3%82%A4%E3%83%B3%E3%83%91%E3%83%AF%E3%83%BC-%E3%83%B4%E3%82%A1%E3%83%B3%E3%82%AD%E3%83%83%E3%82%B7%E3%83%A5-%E3%82%B9%E3%83%94%E3%83%8B%E3%83%B3%E3%82%B0%E3%83%AA%E3%83%BC%E3%83%AB%E3%81%A8%E3%83%99%E3%82%A4%E3%83%88%E3%83%AA%E3%83%BC%E3%83%AB%E5%AF%BE%E5%BF%9C/dp/B099JD2BFH/ref=sr_1_52?__mk_ja_JP=%E3%82%AB%E3%82%BF%E3%82%AB%E3%83%8A&crid=I954U6JYT57U&dd=tIJnRR5snPoivqBD4b2b4Q%2C%2C&dib=eyJ2IjoiMSJ9.a9nf1pHuUwjpxCQ1K_xuy5hQNFrm72Gioi81SBjEeJab_F5_tNmzQK3S4JWsH9n9taRaIqE5MJXEmzx2S0CRqKlf9DrfkNyZfEq_cuHJkj5Gb2qprymjMMva3CZJUAFF-Xfx9xeLh6ARPvqYdLoD-X86KZ8R8wM7l5qn-4bRi5LdgFkYcJccGtSYIK-t0ZxheDpKPhoUzv7auYwAKFba4Me0m1nlg8_vWFWf4Kb-C1dYFTfiqUjPAVrmCjDWq_yg3Xv7I8CSz8agI6sNQxt4LcJeevC2hNtUwN1e-oXpmw0.Rp8d4RD_fNViQhqIX_KCUrWbLr7n2VK1R6VpHLbl_BY&dib_tag=se&keywords=%E3%82%AB%E3%82%B9%E3%82%BF%E3%83%A0%E3%83%8F%E3%83%B3%E3%83%89%E3%83%AB%E3%83%BB%E3%83%8E%E3%83%96&qid=1789194946&refinements=p_72%3A2017326051%2Cp_90%3A3428068051&rnid=3428066051&sprefix=%E3%82%AB%E3%82%B9%E3%82%BF%E3%83%A0%E3%83%8F%E3%83%B3%E3%83%89%E3%83%AB+%E3%83%8E%E3%83%96%2Caps%2C230&sr=8-52&ufe=app_do%3Aamzn1.fos.35785624-70c4-44ae-a5c3-3f044f475d63,"https://m.media-amazon.com/images/I/61ctdpzhGBL._AC_UL320_AIweblab1378949,T1_.jpg","リールハンドルノブ-Shimano-ツインパワー-ヴァンキッシュ-スピニングリールとベイトリール対応 リールハンドルノブ-Shimano-ツインパワー-ヴァンキッシュ-スピニングリールとベイトリール対応 ゴメクサス パワーハンドルノブ チタン製 38-41mm シマノ A ダイワ S ショアジギング【Galaxy】 4.4 javascript:void(0) 5つ星のうち4.4 リールハンドルノブ-Shimano-ツインパワー-ヴァンキッシュ-スピニングリールとベイトリール対応 (473) 価格、商品詳細ページ リールハンドルノブ-Shimano-ツインパワー-ヴァンキッシュ-スピニングリールとベイトリール対応 ￥3,990 ￥ 3,990 40ポイント(1%) プライム会員なら 明日 9月13日 9月14日 月曜日 ダブルポイント",B099JD2BFH,
Custom Handle & Knob.csv,46,custom handle & knob,SAFE,B08C97SWRF,ゴメクサス FY98 リールハンドル カーボン製 シマノ (Shimano) スピニングリール対応 ダブルハンドル ソアレ ヴァンフォード ツインパワー 交換 98mm ハンドルノブ付き イカ アジング エギング ライトゲーム 左右兼用,,4740,category_allow,リールハンドル,カテゴリ許可ワード一致(contains),https://www.amazon.co.jp/%E3%83%AA%E3%83%BC%E3%83%AB%E3%83%8F%E3%83%B3%E3%83%89%E3%83%AB-Shimano-%E3%82%B9%E3%83%94%E3%83%8B%E3%83%B3%E3%82%B0%E3%83%AA%E3%83%BC%E3%83%AB%E5%AF%BE%E5%BF%9C-%E3%83%80%E3%83%96%E3%83%AB%E3%83%8F%E3%83%B3%E3%83%89%E3%83%AB-%E3%83%8F%E3%83%B3%E3%83%89%E3%83%AB%E3%83%8E%E3%83%96%E4%BB%98%E3%81%8D/dp/B08C97SWRF/ref=sr_1_53?__mk_ja_JP=%E3%82%AB%E3%82%BF%E3%82%AB%E3%83%8A&crid=I954U6JYT57U&dd=tIJnRR5snPoivqBD4b2b4Q%2C%2C&dib=eyJ2IjoiMSJ9.a9nf1pHuUwjpxCQ1K_xuy5hQNFrm72Gioi81SBjEeJab_F5_tNmzQK3S4JWsH9n9taRaIqE5MJXEmzx2S0CRqKlf9DrfkNyZfEq_cuHJkj5Gb2qprymjMMva3CZJUAFF-Xfx9xeLh6ARPvqYdLoD-X86KZ8R8wM7l5qn-4bRi5LdgFkYcJccGtSYIK-t0ZxheDpKPhoUzv7auYwAKFba4Me0m1nlg8_vWFWf4Kb-C1dYFTfiqUjPAVrmCjDWq_yg3Xv7I8CSz8agI6sNQxt4LcJeevC2hNtUwN1e-oXpmw0.Rp8d4RD_fNViQhqIX_KCUrWbLr7n2VK1R6VpHLbl_BY&dib_tag=se&keywords=%E3%82%AB%E3%82%B9%E3%82%BF%E3%83%A0%E3%83%8F%E3%83%B3%E3%83%89%E3%83%AB%E3%83%BB%E3%83%8E%E3%83%96&qid=1789194946&refinements=p_72%3A2017326051%2Cp_90%3A3428068051&rnid=3428066051&sprefix=%E3%82%AB%E3%82%B9%E3%82%BF%E3%83%A0%E3%83%8F%E3%83%B3%E3%83%89%E3%83%AB+%E3%83%8E%E3%83%96%2Caps%2C230&sr=8-53&ufe=app_do%3Aamzn1.fos.35785624-70c4-44ae-a5c3-3f044f475d63,"https://m.media-amazon.com/images/I/615n7B0lRiL._AC_UL320_AIweblab1378949,T1_.jpg","リールハンドル-Shimano-スピニングリール対応-ダブルハンドル-ハンドルノブ付き リールハンドル-Shimano-スピニングリール対応-ダブルハンドル-ハンドルノブ付き ゴメクサス FY98 リールハンドル カーボン製 シマノ (Shimano) スピニングリール対応 ダブルハンドル ソアレ ヴァンフォード ツインパワー 交換 98mm ハンドルノブ付き イカ アジング エギング ライトゲーム 左右兼用 4.6 javascript:void(0) 5つ星のうち4.6 リールハンドル-Shimano-スピニングリール対応-ダブルハンドル-ハンドルノブ付き (68) 価格、商品詳細ページ ￥4,740 ￥ 4,740 ベストセラー6位 プライム会員なら 明日 9月13日 9月14日 月曜日 - スピニングリールパーツ 参考: 参考: ￥4,990 47ポイント(1%) ￥4,990",B08C97SWRF,
Custom Handle & Knob.csv,47,custom handle & knob,SAFE,B09NKJSN2X,"HEIGHTEN 35mm パワー リール ハンドル ノブ 6色 シマノ ダイワ 通用 (Shimano) Type A (Daiwa) Type S 用 70航空アルミ製 Harmer Series V2.0 (ガンメタル, 35mm) (HT00106)",,1990,category_allow,リールハンドル,カテゴリ許可ワード一致(contains),https://www.amazon.co.jp/HEIGHTEN-Shimano-Daiwa-70%E8%88%AA%E7%A9%BA%E3%82%A2%E3%83%AB%E3%83%9F%E8%A3%BD-Harmer/dp/B09NKJSN2X/ref=sr_1_54?__mk_ja_JP=%E3%82%AB%E3%82%BF%E3%82%AB%E3%83%8A&crid=I954U6JYT57U&dd=tIJnRR5snPoivqBD4b2b4Q%2C%2C&dib=eyJ2IjoiMSJ9.a9nf1pHuUwjpxCQ1K_xuy5hQNFrm72Gioi81SBjEeJab_F5_tNmzQK3S4JWsH9n9taRaIqE5MJXEmzx2S0CRqKlf9DrfkNyZfEq_cuHJkj5Gb2qprymjMMva3CZJUAFF-Xfx9xeLh6ARPvqYdLoD-X86KZ8R8wM7l5qn-4bRi5LdgFkYcJccGtSYIK-t0ZxheDpKPhoUzv7auYwAKFba4Me0m1nlg8_vWFWf4Kb-C1dYFTfiqUjPAVrmCjDWq_yg3Xv7I8CSz8agI6sNQxt4LcJeevC2hNtUwN1e-oXpmw0.Rp8d4RD_fNViQhqIX_KCUrWbLr7n2VK1R6VpHLbl_BY&dib_tag=se&keywords=%E3%82%AB%E3%82%B9%E3%82%BF%E3%83%A0%E3%83%8F%E3%83%B3%E3%83%89%E3%83%AB%E3%83%BB%E3%83%8E%E3%83%96&qid=1789194946&refinements=p_72%3A2017326051%2Cp_90%3A3428068051&rnid=3428066051&sprefix=%E3%82%AB%E3%82%B9%E3%82%BF%E3%83%A0%E3%83%8F%E3%83%B3%E3%83%89%E3%83%AB+%E3%83%8E%E3%83%96%2Caps%2C230&sr=8-54&ufe=app_do%3Aamzn1.fos.35785624-70c4-44ae-a5c3-3f044f475d63,"https://m.media-amazon.com/images/I/71QoEBZwcHL._AC_UL320_AIweblab1378949,T1_.jpg","HEIGHTEN-Shimano-Daiwa-70航空アルミ製-Harmer HEIGHTEN-Shimano-Daiwa-70航空アルミ製-Harmer HEIGHTEN 35mm パワー リール ハンドル ノブ 6色 シマノ ダイワ 通用 (Shimano) Type A (Daiwa) Type S 用 70航空アルミ製 Harmer Series V2.0 (ガンメタル, 35mm) (HT00106) 4.4 javascript:void(0) 5つ星のうち4.4 HEIGHTEN-Shimano-Daiwa-70航空アルミ製-Harmer (83) 価格、商品詳細ページ HEIGHTEN-Shimano-Daiwa-70航空アルミ製-Harmer ￥1,990 ￥ 1,990 20ポイント(1%) プライム会員なら 明日 9月13日 9月14日 月曜日 ダブルポイント 残り7点 ご注文はお早めに",B09NKJSN2X,
Custom Handle & Knob.csv,48,custom handle & knob,SAFE,B07H8RH2M8,シマノ(SHIMANO) 純正 リールパーツ 夢屋 18 ハンドルノブ パドルS,,2478,category_allow,ハンドルノブ,カテゴリ許可ワード一致(contains),https://www.amazon.co.jp/%E3%82%B7%E3%83%9E%E3%83%8E-SHIMANO-%E5%A4%A2%E5%B1%8B-%E3%83%8F%E3%83%B3%E3%83%89%E3%83%AB%E3%83%8E%E3%83%96-%E3%83%91%E3%83%89%E3%83%ABS/dp/B07H8RH2M8/ref=sr_1_55?__mk_ja_JP=%E3%82%AB%E3%82%BF%E3%82%AB%E3%83%8A&crid=I954U6JYT57U&dd=tIJnRR5snPoivqBD4b2b4Q%2C%2C&dib=eyJ2IjoiMSJ9.a9nf1pHuUwjpxCQ1K_xuy5hQNFrm72Gioi81SBjEeJab_F5_tNmzQK3S4JWsH9n9taRaIqE5MJXEmzx2S0CRqKlf9DrfkNyZfEq_cuHJkj5Gb2qprymjMMva3CZJUAFF-Xfx9xeLh6ARPvqYdLoD-X86KZ8R8wM7l5qn-4bRi5LdgFkYcJccGtSYIK-t0ZxheDpKPhoUzv7auYwAKFba4Me0m1nlg8_vWFWf4Kb-C1dYFTfiqUjPAVrmCjDWq_yg3Xv7I8CSz8agI6sNQxt4LcJeevC2hNtUwN1e-oXpmw0.Rp8d4RD_fNViQhqIX_KCUrWbLr7n2VK1R6VpHLbl_BY&dib_tag=se&keywords=%E3%82%AB%E3%82%B9%E3%82%BF%E3%83%A0%E3%83%8F%E3%83%B3%E3%83%89%E3%83%AB%E3%83%BB%E3%83%8E%E3%83%96&qid=1789194946&refinements=p_72%3A2017326051%2Cp_90%3A3428068051&rnid=3428066051&sprefix=%E3%82%AB%E3%82%B9%E3%82%BF%E3%83%A0%E3%83%8F%E3%83%B3%E3%83%89%E3%83%AB+%E3%83%8E%E3%83%96%2Caps%2C230&sr=8-55&ufe=app_do%3Aamzn1.fos.35785624-70c4-44ae-a5c3-3f044f475d63,"https://m.media-amazon.com/images/I/61FqGtzGjrL._AC_UL320_AIweblab1378949,T1_.jpg","シマノ-SHIMANO-夢屋-ハンドルノブ-パドルS シマノ-SHIMANO-夢屋-ハンドルノブ-パドルS シマノ(SHIMANO) 純正 リールパーツ 夢屋 18 ハンドルノブ パドルS 4.4 javascript:void(0) 5つ星のうち4.4 シマノ-SHIMANO-夢屋-ハンドルノブ-パドルS (40) 価格、商品詳細ページ シマノ-SHIMANO-夢屋-ハンドルノブ-パドルS ￥2,478 ￥ 2,478 25ポイント(1%) プライム会員なら 明日 9月13日 9月14日 月曜日 こちらからもご購入いただけます",B07H8RH2M8,
Custom Handle & Knob.csv,49,custom handle & knob,SAFE,B07B44ZCFZ,シマノ(SHIMANO) 純正 リールパーツ 夢屋 ハンドルノブ I SS,,2781,category_allow,ハンドルノブ,カテゴリ許可ワード一致(contains),https://www.amazon.co.jp/%E3%82%B7%E3%83%9E%E3%83%8E-SHIMANO-%E5%A4%A2%E5%B1%8B-%E3%83%8F%E3%83%B3%E3%83%89%E3%83%AB%E3%83%8E%E3%83%96-SS/dp/B07B44ZCFZ/ref=sr_1_53?__mk_ja_JP=%E3%82%AB%E3%82%BF%E3%82%AB%E3%83%8A&crid=I954U6JYT57U&dd=tIJnRR5snPoivqBD4b2b4Q%2C%2C&dib=eyJ2IjoiMSJ9.DtPdYhAwg1B1s2eIm9sPRAqTBksVRaZclJNM8jjJrSYmP7HFkS9psYQoHY3AY-yoKuXAjQC_AvU5Z31jsU3gpJ_u2tR7nDzewjnXTwxeI82ZaSaAW9FekSTRdWdYXAhz6c5i87ssDJQEWsTU7YUXI6LNVelYCrcY6evunsKyuXmThaEoDo19EBVUv89TSe0ay9KaW-bLCA9xW98FGUJiOxI2syBj5gBoVTjbj2kl8fMZdXrzR1vOqqyMs8WGtY5Sw86XuK-cEd_evMsgkrqku2eNKCCWzr0iXjHQPejf1hA.OaHDJFN_1QQ_kW9KFUL_-l8yVGIfCeYIBMcotH1wfUY&dib_tag=se&keywords=%E3%82%AB%E3%82%B9%E3%82%BF%E3%83%A0%E3%83%8F%E3%83%B3%E3%83%89%E3%83%AB%E3%83%BB%E3%83%8E%E3%83%96&qid=1789194959&refinements=p_72%3A2017326051%2Cp_90%3A3428068051&rnid=3428066051&sprefix=%E3%82%AB%E3%82%B9%E3%82%BF%E3%83%A0%E3%83%8F%E3%83%B3%E3%83%89%E3%83%AB+%E3%83%8E%E3%83%96%2Caps%2C230&sr=8-53&ufe=app_do%3Aamzn1.fos.35785624-70c4-44ae-a5c3-3f044f475d63&xpid=uaaXFnrJlspcP,"https://m.media-amazon.com/images/I/51x1bzrfnFL._AC_UL320_AIweblab1378949,T1_.jpg","シマノ-SHIMANO-夢屋-ハンドルノブ-SS シマノ-SHIMANO-夢屋-ハンドルノブ-SS シマノ(SHIMANO) 純正 リールパーツ 夢屋 ハンドルノブ I SS 4.0 javascript:void(0) 5つ星のうち4.0 シマノ-SHIMANO-夢屋-ハンドルノブ-SS (19) 価格、商品詳細ページ シマノ-SHIMANO-夢屋-ハンドルノブ-SS ￥2,781 ￥ 2,781 参考: プライム会員なら 明日 9月13日 9月14日 月曜日 28ポイント(1%) 参考: ￥3,300 ￥3,300",B07B44ZCFZ,
Custom Handle & Knob.csv,50,custom handle & knob,SAFE,B0H35ZQ5B6,HEIGHTEN 55-60mm可変 リール ハンドル 新型 24.5mm ハンドルノブ 搭載 ダイワ(DAIWA) シマノ(SHIMANO) 通用 スピニングリール 用 Engine Series (ブラック＆ガンメタル) (HT26002),,5190,category_allow,リールハンドル,カテゴリ許可ワード一致(contains),https://www.amazon.co.jp/HEIGHTEN-55-60mm%E5%8F%AF%E5%A4%89-SHIMANO-%E3%82%B9%E3%83%94%E3%83%8B%E3%83%B3%E3%82%B0%E3%83%AA%E3%83%BC%E3%83%AB-%E3%83%96%E3%83%A9%E3%83%83%E3%82%AF%EF%BC%86%E3%82%AC%E3%83%B3%E3%83%A1%E3%82%BF%E3%83%AB/dp/B0H35ZQ5B6/ref=sr_1_54?__mk_ja_JP=%E3%82%AB%E3%82%BF%E3%82%AB%E3%83%8A&crid=I954U6JYT57U&dd=tIJnRR5snPoivqBD4b2b4Q%2C%2C&dib=eyJ2IjoiMSJ9.DtPdYhAwg1B1s2eIm9sPRAqTBksVRaZclJNM8jjJrSYmP7HFkS9psYQoHY3AY-yoKuXAjQC_AvU5Z31jsU3gpJ_u2tR7nDzewjnXTwxeI82ZaSaAW9FekSTRdWdYXAhz6c5i87ssDJQEWsTU7YUXI6LNVelYCrcY6evunsKyuXmThaEoDo19EBVUv89TSe0ay9KaW-bLCA9xW98FGUJiOxI2syBj5gBoVTjbj2kl8fMZdXrzR1vOqqyMs8WGtY5Sw86XuK-cEd_evMsgkrqku2eNKCCWzr0iXjHQPejf1hA.OaHDJFN_1QQ_kW9KFUL_-l8yVGIfCeYIBMcotH1wfUY&dib_tag=se&keywords=%E3%82%AB%E3%82%B9%E3%82%BF%E3%83%A0%E3%83%8F%E3%83%B3%E3%83%89%E3%83%AB%E3%83%BB%E3%83%8E%E3%83%96&qid=1789194959&refinements=p_72%3A2017326051%2Cp_90%3A3428068051&rnid=3428066051&sprefix=%E3%82%AB%E3%82%B9%E3%82%BF%E3%83%A0%E3%83%8F%E3%83%B3%E3%83%89%E3%83%AB+%E3%83%8E%E3%83%96%2Caps%2C230&sr=8-54&ufe=app_do%3Aamzn1.fos.35785624-70c4-44ae-a5c3-3f044f475d63&xpid=uaaXFnrJlspcP,"https://m.media-amazon.com/images/I/61gRuVrzMIL._AC_UL320_AIweblab1378949,T1_.jpg","HEIGHTEN-55-60mm可変-SHIMANO-スピニングリール-ブラック＆ガンメタル HEIGHTEN-55-60mm可変-SHIMANO-スピニングリール-ブラック＆ガンメタル HEIGHTEN 55-60mm可変 リール ハンドル 新型 24.5mm ハンドルノブ 搭載 ダイワ(DAIWA) シマノ(SHIMANO) 通用 スピニングリール 用 Engine Series (ブラック＆ガンメタル) (HT26002) 4.3 javascript:void(0) 5つ星のうち4.3 HEIGHTEN-55-60mm可変-SHIMANO-スピニングリール-ブラック＆ガンメタル (14) 価格、商品詳細ページ HEIGHTEN-55-60mm可変-SHIMANO-スピニングリール-ブラック＆ガンメタル ￥5,190 ￥ 5,190 52ポイント(1%) プライム会員なら 明日 9月13日 9月14日 月曜日 ダブルポイント 残り5点 ご注文はお早めに",B0H35ZQ5B6,
Custom Handle & Knob.csv,51,custom handle & knob,SAFE,B0D6YLCCVY,ゴメクサス A20P リールハンドルノブ ダイワ (Daiwa) タイプ S シマノ (Shimano) タイプ A ソアレ レグザ レガリス ハンドル 交換用 アルミ合金 20mm ノブ スピニングリールとベイトリール対応 バス メバリング アジング ライトゲーム 軽量,,1490,category_allow,リールハンドル,カテゴリ許可ワード一致(contains),https://www.amazon.co.jp/%E3%82%B4%E3%83%A1%E3%82%AF%E3%82%B5%E3%82%B9-%E3%83%AA%E3%83%BC%E3%83%AB%E3%83%8F%E3%83%B3%E3%83%89%E3%83%AB%E3%83%8E%E3%83%96-Shimano-%E3%82%B9%E3%83%94%E3%83%8B%E3%83%B3%E3%82%B0%E3%83%AA%E3%83%BC%E3%83%AB%E3%81%A8%E3%83%99%E3%82%A4%E3%83%88%E3%83%AA%E3%83%BC%E3%83%AB%E5%AF%BE%E5%BF%9C-%E3%83%A9%E3%82%A4%E3%83%88%E3%82%B2%E3%83%BC%E3%83%A0/dp/B0D6YLCCVY/ref=sr_1_55?__mk_ja_JP=%E3%82%AB%E3%82%BF%E3%82%AB%E3%83%8A&crid=I954U6JYT57U&dd=tIJnRR5snPoivqBD4b2b4Q%2C%2C&dib=eyJ2IjoiMSJ9.DtPdYhAwg1B1s2eIm9sPRAqTBksVRaZclJNM8jjJrSYmP7HFkS9psYQoHY3AY-yoKuXAjQC_AvU5Z31jsU3gpJ_u2tR7nDzewjnXTwxeI82ZaSaAW9FekSTRdWdYXAhz6c5i87ssDJQEWsTU7YUXI6LNVelYCrcY6evunsKyuXmThaEoDo19EBVUv89TSe0ay9KaW-bLCA9xW98FGUJiOxI2syBj5gBoVTjbj2kl8fMZdXrzR1vOqqyMs8WGtY5Sw86XuK-cEd_evMsgkrqku2eNKCCWzr0iXjHQPejf1hA.OaHDJFN_1QQ_kW9KFUL_-l8yVGIfCeYIBMcotH1wfUY&dib_tag=se&keywords=%E3%82%AB%E3%82%B9%E3%82%BF%E3%83%A0%E3%83%8F%E3%83%B3%E3%83%89%E3%83%AB%E3%83%BB%E3%83%8E%E3%83%96&qid=1789194959&refinements=p_72%3A2017326051%2Cp_90%3A3428068051&rnid=3428066051&sprefix=%E3%82%AB%E3%82%B9%E3%82%BF%E3%83%A0%E3%83%8F%E3%83%B3%E3%83%89%E3%83%AB+%E3%83%8E%E3%83%96%2Caps%2C230&sr=8-55&ufe=app_do%3Aamzn1.fos.35785624-70c4-44ae-a5c3-3f044f475d63&xpid=uaaXFnrJlspcP,"https://m.media-amazon.com/images/I/513h8S4-zqL._AC_UL320_AIweblab1378949,T1_.jpg","ゴメクサス-リールハンドルノブ-Shimano-スピニングリールとベイトリール対応-ライトゲーム ゴメクサス-リールハンドルノブ-Shimano-スピニングリールとベイトリール対応-ライトゲーム ゴメクサス A20P リールハンドルノブ ダイワ (Daiwa) タイプ S シマノ (Shimano) タイプ A ソアレ レグザ レガリス ハンドル 交換用 アルミ合金 20mm ノブ スピニングリールとベイトリール対応 バス メバリング アジング ライトゲーム 軽量 4.1 javascript:void(0) 5つ星のうち4.1 ゴメクサス-リールハンドルノブ-Shimano-スピニングリールとベイトリール対応-ライトゲーム (69) 価格、商品詳細ページ ゴメクサス-リールハンドルノブ-Shimano-スピニングリールとベイトリール対応-ライトゲーム ￥1,490 ￥ 1,490 15ポイント(1%) プライム会員なら 明日 9月13日 9月14日 月曜日 ダブルポイント",B0D6YLCCVY,
Custom Handle & Knob.csv,52,custom handle & knob,SAFE,B08KTDB8GS,ゴメクサス FH85 リールハンドル ダイワ (Daiwa) シマノ (Shimano) ベイトリール対応 カーボン製ダブルハンドル シーボーグ ソルティガ オシアコンクエスト 両軸リール ハンドル交換 85mm ハンドルノブ付き ベイトフィネス ロックフィッシュ バス 釣り 左右兼用,,3990,category_allow,リールハンドル,カテゴリ許可ワード一致(contains),https://www.amazon.co.jp/%E3%83%99%E3%82%A4%E3%83%88%E3%83%AA%E3%83%BC%E3%83%AB%E5%AF%BE%E5%BF%9C-%E3%82%AB%E3%83%BC%E3%83%9C%E3%83%B3%E8%A3%BD%E3%83%80%E3%83%96%E3%83%AB%E3%83%8F%E3%83%B3%E3%83%89%E3%83%AB-%E3%82%AA%E3%82%B7%E3%82%A2%E3%82%B3%E3%83%B3%E3%82%AF%E3%82%A8%E3%82%B9%E3%83%88-%E3%83%8F%E3%83%B3%E3%83%89%E3%83%AB%E3%83%8E%E3%83%96%E4%BB%98%E3%81%8D-%E3%83%AD%E3%83%83%E3%82%AF%E3%83%95%E3%82%A3%E3%83%83%E3%82%B7%E3%83%A5/dp/B08KTDB8GS/ref=sr_1_56?__mk_ja_JP=%E3%82%AB%E3%82%BF%E3%82%AB%E3%83%8A&crid=I954U6JYT57U&dd=tIJnRR5snPoivqBD4b2b4Q%2C%2C&dib=eyJ2IjoiMSJ9.DtPdYhAwg1B1s2eIm9sPRAqTBksVRaZclJNM8jjJrSYmP7HFkS9psYQoHY3AY-yoKuXAjQC_AvU5Z31jsU3gpJ_u2tR7nDzewjnXTwxeI82ZaSaAW9FekSTRdWdYXAhz6c5i87ssDJQEWsTU7YUXI6LNVelYCrcY6evunsKyuXmThaEoDo19EBVUv89TSe0ay9KaW-bLCA9xW98FGUJiOxI2syBj5gBoVTjbj2kl8fMZdXrzR1vOqqyMs8WGtY5Sw86XuK-cEd_evMsgkrqku2eNKCCWzr0iXjHQPejf1hA.OaHDJFN_1QQ_kW9KFUL_-l8yVGIfCeYIBMcotH1wfUY&dib_tag=se&keywords=%E3%82%AB%E3%82%B9%E3%82%BF%E3%83%A0%E3%83%8F%E3%83%B3%E3%83%89%E3%83%AB%E3%83%BB%E3%83%8E%E3%83%96&qid=1789194959&refinements=p_72%3A2017326051%2Cp_90%3A3428068051&rnid=3428066051&sprefix=%E3%82%AB%E3%82%B9%E3%82%BF%E3%83%A0%E3%83%8F%E3%83%B3%E3%83%89%E3%83%AB+%E3%83%8E%E3%83%96%2Caps%2C230&sr=8-56&ufe=app_do%3Aamzn1.fos.35785624-70c4-44ae-a5c3-3f044f475d63&xpid=uaaXFnrJlspcP,"https://m.media-amazon.com/images/I/615uLf1ZgTL._AC_UL320_AIweblab1378949,T1_.jpg","ベイトリール対応-カーボン製ダブルハンドル-オシアコンクエスト-ハンドルノブ付き-ロックフィッシュ ベイトリール対応-カーボン製ダブルハンドル-オシアコンクエスト-ハンドルノブ付き-ロックフィッシュ ゴメクサス FH85 リールハンドル ダイワ (Daiwa) シマノ (Shimano) ベイトリール対応 カーボン製ダブルハンドル シーボーグ ソルティガ オシアコンクエスト 両軸リール ハンドル交換 85mm ハンドルノブ付き ベイトフィネス ロックフィッシュ バス 釣り 左右兼用 4.3 javascript:void(0) 5つ星のうち4.3 ベイトリール対応-カーボン製ダブルハンドル-オシアコンクエスト-ハンドルノブ付き-ロックフィッシュ (94) 価格、商品詳細ページ ￥3,990 ￥ 3,990 ベストセラー6位 プライム会員なら 明日 9月13日 9月14日 月曜日 - ベイトリールパーツ ベイトリール対応-カーボン製ダブルハンドル-オシアコンクエスト-ハンドルノブ付き-ロックフィッシュ 40ポイント(1%) ダブルポイント",B08KTDB8GS,
Custom Handle & Knob.csv,56,custom handle & knob,SAFE,B08C9XH15N,ゴメクサス FY98 リールハンドル カーボン製 シマノ (Shimano) スピニングリール対応 ダブルハンドル ソアレ ヴァンフォード ツインパワー 交換 98mm ハンドルノブ付き イカ アジング エギング ライトゲーム 左右兼用,,4740,category_allow,リールハンドル,カテゴリ許可ワード一致(contains),https://www.amazon.co.jp/%E3%83%AA%E3%83%BC%E3%83%AB%E3%83%8F%E3%83%B3%E3%83%89%E3%83%AB-Shimano-%E3%82%B9%E3%83%94%E3%83%8B%E3%83%B3%E3%82%B0%E3%83%AA%E3%83%BC%E3%83%AB%E5%AF%BE%E5%BF%9C-%E3%83%80%E3%83%96%E3%83%AB%E3%83%8F%E3%83%B3%E3%83%89%E3%83%AB-%E3%83%8F%E3%83%B3%E3%83%89%E3%83%AB%E3%83%8E%E3%83%96%E4%BB%98%E3%81%8D/dp/B08C9XH15N/ref=sr_1_61?__mk_ja_JP=%E3%82%AB%E3%82%BF%E3%82%AB%E3%83%8A&crid=I954U6JYT57U&dd=tIJnRR5snPoivqBD4b2b4Q%2C%2C&dib=eyJ2IjoiMSJ9.DtPdYhAwg1B1s2eIm9sPRAqTBksVRaZclJNM8jjJrSYmP7HFkS9psYQoHY3AY-yoKuXAjQC_AvU5Z31jsU3gpJ_u2tR7nDzewjnXTwxeI82ZaSaAW9FekSTRdWdYXAhz6c5i87ssDJQEWsTU7YUXI6LNVelYCrcY6evunsKyuXmThaEoDo19EBVUv89TSe0ay9KaW-bLCA9xW98FGUJiOxI2syBj5gBoVTjbj2kl8fMZdXrzR1vOqqyMs8WGtY5Sw86XuK-cEd_evMsgkrqku2eNKCCWzr0iXjHQPejf1hA.OaHDJFN_1QQ_kW9KFUL_-l8yVGIfCeYIBMcotH1wfUY&dib_tag=se&keywords=%E3%82%AB%E3%82%B9%E3%82%BF%E3%83%A0%E3%83%8F%E3%83%B3%E3%83%89%E3%83%AB%E3%83%BB%E3%83%8E%E3%83%96&qid=1789194959&refinements=p_72%3A2017326051%2Cp_90%3A3428068051&rnid=3428066051&sprefix=%E3%82%AB%E3%82%B9%E3%82%BF%E3%83%A0%E3%83%8F%E3%83%B3%E3%83%89%E3%83%AB+%E3%83%8E%E3%83%96%2Caps%2C230&sr=8-61&ufe=app_do%3Aamzn1.fos.35785624-70c4-44ae-a5c3-3f044f475d63&xpid=uaaXFnrJlspcP,"https://m.media-amazon.com/images/I/51rr-zTKZJL._AC_UL320_AIweblab1378949,T1_.jpg","リールハンドル-Shimano-スピニングリール対応-ダブルハンドル-ハンドルノブ付き リールハンドル-Shimano-スピニングリール対応-ダブルハンドル-ハンドルノブ付き ゴメクサス FY98 リールハンドル カーボン製 シマノ (Shimano) スピニングリール対応 ダブルハンドル ソアレ ヴァンフォード ツインパワー 交換 98mm ハンドルノブ付き イカ アジング エギング ライトゲーム 左右兼用 4.4 javascript:void(0) 5つ星のうち4.4 リールハンドル-Shimano-スピニングリール対応-ダブルハンドル-ハンドルノブ付き (195) 価格、商品詳細ページ リールハンドル-Shimano-スピニングリール対応-ダブルハンドル-ハンドルノブ付き ￥4,740 ￥ 4,740 参考: プライム会員なら 明日 9月13日 9月14日 月曜日 47ポイント(1%) ダブルポイント 参考: ￥4,990 ￥4,990",B08C9XH15N,
Custom Handle & Knob.csv,58,custom handle & knob,SAFE,B0F8NDY51H,HEIGHTEN 38mm リール ハンドル ノブ シマノ ダイワ 通用 (Shimano) Type A (Daiwa) Type S 通用 Gear Series,,2490,category_allow,リールハンドル,カテゴリ許可ワード一致(contains),https://www.amazon.co.jp/HEIGHTEN-Shimano-%E3%83%80%E3%83%BC%E3%82%AF%E3%82%B0%E3%83%AC%E3%83%BC-22STELLA-23AIRITY/dp/B0F8NDY51H/ref=sr_1_63?__mk_ja_JP=%E3%82%AB%E3%82%BF%E3%82%AB%E3%83%8A&crid=I954U6JYT57U&dd=tIJnRR5snPoivqBD4b2b4Q%2C%2C&dib=eyJ2IjoiMSJ9.DtPdYhAwg1B1s2eIm9sPRAqTBksVRaZclJNM8jjJrSYmP7HFkS9psYQoHY3AY-yoKuXAjQC_AvU5Z31jsU3gpJ_u2tR7nDzewjnXTwxeI82ZaSaAW9FekSTRdWdYXAhz6c5i87ssDJQEWsTU7YUXI6LNVelYCrcY6evunsKyuXmThaEoDo19EBVUv89TSe0ay9KaW-bLCA9xW98FGUJiOxI2syBj5gBoVTjbj2kl8fMZdXrzR1vOqqyMs8WGtY5Sw86XuK-cEd_evMsgkrqku2eNKCCWzr0iXjHQPejf1hA.OaHDJFN_1QQ_kW9KFUL_-l8yVGIfCeYIBMcotH1wfUY&dib_tag=se&keywords=%E3%82%AB%E3%82%B9%E3%82%BF%E3%83%A0%E3%83%8F%E3%83%B3%E3%83%89%E3%83%AB%E3%83%BB%E3%83%8E%E3%83%96&qid=1789194959&refinements=p_72%3A2017326051%2Cp_90%3A3428068051&rnid=3428066051&sprefix=%E3%82%AB%E3%82%B9%E3%82%BF%E3%83%A0%E3%83%8F%E3%83%B3%E3%83%89%E3%83%AB+%E3%83%8E%E3%83%96%2Caps%2C230&sr=8-63&ufe=app_do%3Aamzn1.fos.35785624-70c4-44ae-a5c3-3f044f475d63&xpid=uaaXFnrJlspcP,"https://m.media-amazon.com/images/I/61dPDhraMEL._AC_UL320_AIweblab1378949,T1_.jpg","HEIGHTEN-Shimano-ダークグレー-22STELLA-23AIRITY HEIGHTEN-Shimano-ダークグレー-22STELLA-23AIRITY HEIGHTEN 38mm リール ハンドル ノブ シマノ ダイワ 通用 (Shimano) Type A (Daiwa) Type S 通用 Gear Series 4.1 javascript:void(0) 5つ星のうち4.1 HEIGHTEN-Shimano-ダークグレー-22STELLA-23AIRITY (6) 価格、商品詳細ページ HEIGHTEN-Shimano-ダークグレー-22STELLA-23AIRITY ￥2,490 ￥ 2,490 25ポイント(1%) プライム会員なら 明日 9月13日 9月14日 月曜日 ダブルポイント",B0F8NDY51H,
Custom Handle & Knob.csv,60,custom handle & knob,SAFE,B0CBQ1GMMQ,HEIGHTEN 35mm パワー リール ハンドル ノブ シマノ ダイワ 通用 (Shimano) Type A (Daiwa) Type S 用 Chrysant Series (ダークグレー(22STELLA/23AIRITY)) (HT13905),,2290,category_allow,リールハンドル,カテゴリ許可ワード一致(contains),https://www.amazon.co.jp/HEIGHTEN-Shimano-Daiwa-Chrysant-%E3%82%BF%E3%83%BC%E3%82%AF%E3%83%96%E3%83%AB%E3%83%BC%EF%BC%86%E3%82%B7%E3%83%AB%E3%83%90%E3%83%BC/dp/B0CBQ1GMMQ/ref=sr_1_65?__mk_ja_JP=%E3%82%AB%E3%82%BF%E3%82%AB%E3%83%8A&crid=I954U6JYT57U&dd=tIJnRR5snPoivqBD4b2b4Q%2C%2C&dib=eyJ2IjoiMSJ9.DtPdYhAwg1B1s2eIm9sPRAqTBksVRaZclJNM8jjJrSYmP7HFkS9psYQoHY3AY-yoKuXAjQC_AvU5Z31jsU3gpJ_u2tR7nDzewjnXTwxeI82ZaSaAW9FekSTRdWdYXAhz6c5i87ssDJQEWsTU7YUXI6LNVelYCrcY6evunsKyuXmThaEoDo19EBVUv89TSe0ay9KaW-bLCA9xW98FGUJiOxI2syBj5gBoVTjbj2kl8fMZdXrzR1vOqqyMs8WGtY5Sw86XuK-cEd_evMsgkrqku2eNKCCWzr0iXjHQPejf1hA.OaHDJFN_1QQ_kW9KFUL_-l8yVGIfCeYIBMcotH1wfUY&dib_tag=se&keywords=%E3%82%AB%E3%82%B9%E3%82%BF%E3%83%A0%E3%83%8F%E3%83%B3%E3%83%89%E3%83%AB%E3%83%BB%E3%83%8E%E3%83%96&qid=1789194959&refinements=p_72%3A2017326051%2Cp_90%3A3428068051&rnid=3428066051&sprefix=%E3%82%AB%E3%82%B9%E3%82%BF%E3%83%A0%E3%83%8F%E3%83%B3%E3%83%89%E3%83%AB+%E3%83%8E%E3%83%96%2Caps%2C230&sr=8-65&ufe=app_do%3Aamzn1.fos.35785624-70c4-44ae-a5c3-3f044f475d63&xpid=uaaXFnrJlspcP,"https://m.media-amazon.com/images/I/615BEzhU0WL._AC_UL320_AIweblab1378949,T1_.jpg","HEIGHTEN-Shimano-Daiwa-Chrysant-タークブルー＆シルバー HEIGHTEN-Shimano-Daiwa-Chrysant-タークブルー＆シルバー HEIGHTEN 35mm パワー リール ハンドル ノブ シマノ ダイワ 通用 (Shimano) Type A (Daiwa) Type S 用 Chrysant Series (ダークグレー(22STELLA/23AIRITY)) (HT13905) 4.5 javascript:void(0) 5つ星のうち4.5 HEIGHTEN-Shimano-Daiwa-Chrysant-タークブルー＆シルバー (20) 価格、商品詳細ページ HEIGHTEN-Shimano-Daiwa-Chrysant-タークブルー＆シルバー ￥2,290 ￥ 2,290 23ポイント(1%) プライム会員なら 明日 9月13日 9月14日 月曜日 ダブルポイント 残り15点 ご注文はお早めに",B0CBQ1GMMQ,
Custom Handle & Knob.csv,61,custom handle & knob,SAFE,B0F4CKDBG2,ゴメクサス SU24L リールハンドルノブ ダイワ (Daiwa) タイプ S シマノ (Shimano) タイプ A レガリス カルディア ストラディック 紅牙 交換 アルミ製ノブ 24mm 超軽量 14.4g 巻き心地 バス メバリング アジング,,2990,category_allow,リールハンドル,カテゴリ許可ワード一致(contains),https://www.amazon.co.jp/%E3%82%B4%E3%83%A1%E3%82%AF%E3%82%B5%E3%82%B9-SU30L-%E3%83%AA%E3%83%BC%E3%83%AB%E3%83%8F%E3%83%B3%E3%83%89%E3%83%AB%E3%83%8E%E3%83%96-Shimano-%E3%82%B9%E3%83%88%E3%83%A9%E3%83%87%E3%82%A3%E3%83%83%E3%82%AF/dp/B0F4CKDBG2/ref=sr_1_66?__mk_ja_JP=%E3%82%AB%E3%82%BF%E3%82%AB%E3%83%8A&crid=I954U6JYT57U&dd=tIJnRR5snPoivqBD4b2b4Q%2C%2C&dib=eyJ2IjoiMSJ9.DtPdYhAwg1B1s2eIm9sPRAqTBksVRaZclJNM8jjJrSYmP7HFkS9psYQoHY3AY-yoKuXAjQC_AvU5Z31jsU3gpJ_u2tR7nDzewjnXTwxeI82ZaSaAW9FekSTRdWdYXAhz6c5i87ssDJQEWsTU7YUXI6LNVelYCrcY6evunsKyuXmThaEoDo19EBVUv89TSe0ay9KaW-bLCA9xW98FGUJiOxI2syBj5gBoVTjbj2kl8fMZdXrzR1vOqqyMs8WGtY5Sw86XuK-cEd_evMsgkrqku2eNKCCWzr0iXjHQPejf1hA.OaHDJFN_1QQ_kW9KFUL_-l8yVGIfCeYIBMcotH1wfUY&dib_tag=se&keywords=%E3%82%AB%E3%82%B9%E3%82%BF%E3%83%A0%E3%83%8F%E3%83%B3%E3%83%89%E3%83%AB%E3%83%BB%E3%83%8E%E3%83%96&qid=1789194959&refinements=p_72%3A2017326051%2Cp_90%3A3428068051&rnid=3428066051&sprefix=%E3%82%AB%E3%82%B9%E3%82%BF%E3%83%A0%E3%83%8F%E3%83%B3%E3%83%89%E3%83%AB+%E3%83%8E%E3%83%96%2Caps%2C230&sr=8-66&ufe=app_do%3Aamzn1.fos.35785624-70c4-44ae-a5c3-3f044f475d63&xpid=uaaXFnrJlspcP,"https://m.media-amazon.com/images/I/51jMYFBSfRL._AC_UL320_AIweblab1378949,T1_.jpg","ゴメクサス-SU30L-リールハンドルノブ-Shimano-ストラディック ゴメクサス-SU30L-リールハンドルノブ-Shimano-ストラディック ゴメクサス SU24L リールハンドルノブ ダイワ (Daiwa) タイプ S シマノ (Shimano) タイプ A レガリス カルディア ストラディック 紅牙 交換 アルミ製ノブ 24mm 超軽量 14.4g 巻き心地 バス メバリング アジング 4.1 javascript:void(0) 5つ星のうち4.1 ゴメクサス-SU30L-リールハンドルノブ-Shimano-ストラディック (18) 価格、商品詳細ページ ゴメクサス-SU30L-リールハンドルノブ-Shimano-ストラディック ￥2,990 ￥ 2,990 30ポイント(1%) プライム会員なら 明日 9月13日 9月14日 月曜日 ダブルポイント",B0F4CKDBG2,
Custom Handle & Knob.csv,63,custom handle & knob,SAFE,B0F8MLY39Y,HEIGHTEN 90mm リール ハンドル シマノ ダイワ 通用 1.5K炭素布 カーボンクランクハンドル スピニングリール用 Chess Series (19mmノブ搭載 - ダークグレー(22STELLA/23AIRITY)) (HT22807),,4990,category_allow,リールハンドル,カテゴリ許可ワード一致(contains),https://www.amazon.co.jp/HEIGHTEN-1-5K%E7%82%AD%E7%B4%A0%E5%B8%83-%E3%82%AB%E3%83%BC%E3%83%9C%E3%83%B3%E3%82%AF%E3%83%A9%E3%83%B3%E3%82%AF%E3%83%8F%E3%83%B3%E3%83%89%E3%83%AB-%E3%82%B9%E3%83%94%E3%83%8B%E3%83%B3%E3%82%B0%E3%83%AA%E3%83%BC%E3%83%AB%E7%94%A8-19mm%E3%83%8E%E3%83%96%E6%90%AD%E8%BC%89/dp/B0F8MLY39Y/ref=sr_1_68?__mk_ja_JP=%E3%82%AB%E3%82%BF%E3%82%AB%E3%83%8A&crid=I954U6JYT57U&dd=tIJnRR5snPoivqBD4b2b4Q%2C%2C&dib=eyJ2IjoiMSJ9.DtPdYhAwg1B1s2eIm9sPRAqTBksVRaZclJNM8jjJrSYmP7HFkS9psYQoHY3AY-yoKuXAjQC_AvU5Z31jsU3gpJ_u2tR7nDzewjnXTwxeI82ZaSaAW9FekSTRdWdYXAhz6c5i87ssDJQEWsTU7YUXI6LNVelYCrcY6evunsKyuXmThaEoDo19EBVUv89TSe0ay9KaW-bLCA9xW98FGUJiOxI2syBj5gBoVTjbj2kl8fMZdXrzR1vOqqyMs8WGtY5Sw86XuK-cEd_evMsgkrqku2eNKCCWzr0iXjHQPejf1hA.OaHDJFN_1QQ_kW9KFUL_-l8yVGIfCeYIBMcotH1wfUY&dib_tag=se&keywords=%E3%82%AB%E3%82%B9%E3%82%BF%E3%83%A0%E3%83%8F%E3%83%B3%E3%83%89%E3%83%AB%E3%83%BB%E3%83%8E%E3%83%96&qid=1789194959&refinements=p_72%3A2017326051%2Cp_90%3A3428068051&rnid=3428066051&sprefix=%E3%82%AB%E3%82%B9%E3%82%BF%E3%83%A0%E3%83%8F%E3%83%B3%E3%83%89%E3%83%AB+%E3%83%8E%E3%83%96%2Caps%2C230&sr=8-68&ufe=app_do%3Aamzn1.fos.35785624-70c4-44ae-a5c3-3f044f475d63&xpid=uaaXFnrJlspcP,"https://m.media-amazon.com/images/I/61OYlD+5jwL._AC_UL320_AIweblab1378949,T1_.jpg","HEIGHTEN-1-5K炭素布-カーボンクランクハンドル-スピニングリール用-19mmノブ搭載 HEIGHTEN-1-5K炭素布-カーボンクランクハンドル-スピニングリール用-19mmノブ搭載 HEIGHTEN 90mm リール ハンドル シマノ ダイワ 通用 1.5K炭素布 カーボンクランクハンドル スピニングリール用 Chess Series (19mmノブ搭載 - ダークグレー(22STELLA/23AIRITY)) (HT22807) 4.1 javascript:void(0) 5つ星のうち4.1 HEIGHTEN-1-5K炭素布-カーボンクランクハンドル-スピニングリール用-19mmノブ搭載 (72) 価格、商品詳細ページ HEIGHTEN-1-5K炭素布-カーボンクランクハンドル-スピニングリール用-19mmノブ搭載 ￥4,990 ￥ 4,990 50ポイント(1%) プライム会員なら 明日 9月13日 9月14日 月曜日 ダブルポイント 残り12点 ご注文はお早めに",B0F8MLY39Y,
Custom Handle & Knob.csv,64,custom handle & knob,SAFE,B0GCZ5NB7J,"ゴメクサス リールハンドル CJ57-T28 極薄チタンノブ付き ハンドル 高感度 24 ツインパワー 22 ステラ 25 エクスセンス 24 ルビアス 24 セルテート 25 サステイン等シマノ ダイワのリールに対応可能 サーフ釣り ヒラメ gomexus 巻きやすい 飯島プロ監修 カスタムパーツ (チタンシルバー, シマノ用)",,7990,category_allow,リールハンドル,カテゴリ許可ワード一致(contains),https://www.amazon.co.jp/CJ57-T28-%E6%A5%B5%E8%96%84%E3%83%81%E3%82%BF%E3%83%B3%E3%83%8E%E3%83%96%E4%BB%98%E3%81%8D-%E3%82%B5%E3%82%B9%E3%83%86%E3%82%A4%E3%83%B3%E7%AD%89%E3%82%B7%E3%83%9E%E3%83%8E-%E3%83%80%E3%82%A4%E3%83%AF%E3%81%AE%E3%83%AA%E3%83%BC%E3%83%AB%E3%81%AB%E5%AF%BE%E5%BF%9C%E5%8F%AF%E8%83%BD-%E9%A3%AF%E5%B3%B6%E4%B8%80%E8%B2%B4%E6%B0%8F%E3%81%A8%E3%81%AE%E5%85%B1%E5%90%8C%E9%96%8B%E7%99%BA/dp/B0GCZ5NB7J/ref=sr_1_69?__mk_ja_JP=%E3%82%AB%E3%82%BF%E3%82%AB%E3%83%8A&crid=I954U6JYT57U&dd=tIJnRR5snPoivqBD4b2b4Q%2C%2C&dib=eyJ2IjoiMSJ9.DtPdYhAwg1B1s2eIm9sPRAqTBksVRaZclJNM8jjJrSYmP7HFkS9psYQoHY3AY-yoKuXAjQC_AvU5Z31jsU3gpJ_u2tR7nDzewjnXTwxeI82ZaSaAW9FekSTRdWdYXAhz6c5i87ssDJQEWsTU7YUXI6LNVelYCrcY6evunsKyuXmThaEoDo19EBVUv89TSe0ay9KaW-bLCA9xW98FGUJiOxI2syBj5gBoVTjbj2kl8fMZdXrzR1vOqqyMs8WGtY5Sw86XuK-cEd_evMsgkrqku2eNKCCWzr0iXjHQPejf1hA.OaHDJFN_1QQ_kW9KFUL_-l8yVGIfCeYIBMcotH1wfUY&dib_tag=se&keywords=%E3%82%AB%E3%82%B9%E3%82%BF%E3%83%A0%E3%83%8F%E3%83%B3%E3%83%89%E3%83%AB%E3%83%BB%E3%83%8E%E3%83%96&qid=1789194959&refinements=p_72%3A2017326051%2Cp_90%3A3428068051&rnid=3428066051&sprefix=%E3%82%AB%E3%82%B9%E3%82%BF%E3%83%A0%E3%83%8F%E3%83%B3%E3%83%89%E3%83%AB+%E3%83%8E%E3%83%96%2Caps%2C230&sr=8-69&ufe=app_do%3Aamzn1.fos.35785624-70c4-44ae-a5c3-3f044f475d63&xpid=uaaXFnrJlspcP,"https://m.media-amazon.com/images/I/71KA67v5p4L._AC_UL320_AIweblab1378949,T1_.jpg","CJ57-T28-極薄チタンノブ付き-サステイン等シマノ-ダイワのリールに対応可能-飯島一貴氏との共同開発 CJ57-T28-極薄チタンノブ付き-サステイン等シマノ-ダイワのリールに対応可能-飯島一貴氏との共同開発 ゴメクサス リールハンドル CJ57-T28 極薄チタンノブ付き ハンドル 高感度 24 ツインパワー 22 ステラ 25 エクスセンス 24 ルビアス 24 セルテート 25 サステイン等シマノ ダイワのリールに対応可能 サーフ釣り ヒラメ gomexus 巻きやすい 飯島プロ監修 カスタムパーツ (チタンシルバー, シマノ用) 5.0 javascript:void(0) 5つ星のうち5.0 CJ57-T28-極薄チタンノブ付き-サステイン等シマノ-ダイワのリールに対応可能-飯島一貴氏との共同開発 (1) 価格、商品詳細ページ CJ57-T28-極薄チタンノブ付き-サステイン等シマノ-ダイワのリールに対応可能-飯島一貴氏との共同開発 ￥7,990 ￥ 7,990 80ポイント(1%) プライム会員なら 明日 9月13日 9月14日 月曜日 ダブルポイント",B0GCZ5NB7J,
Custom Handle & Knob.csv,66,custom handle & knob,SAFE,B0FTWWQ5RB,HEIGHTEN 36mm リール ハンドル ノブ 9.7g カーボン製 シマノ ダイワ 通用 (Daiwa) Type S (Shimano) Type A 用 Carbon Drum Series (ブラック) (HT24302),,3290,category_allow,リールハンドル,カテゴリ許可ワード一致(contains),https://www.amazon.co.jp/HEIGHTEN-%E3%82%AB%E3%83%BC%E3%83%9C%E3%83%B3%E8%A3%BD-Daiwa-Shimano-Carbon/dp/B0FTWWQ5RB/ref=sr_1_71?__mk_ja_JP=%E3%82%AB%E3%82%BF%E3%82%AB%E3%83%8A&crid=I954U6JYT57U&dd=tIJnRR5snPoivqBD4b2b4Q%2C%2C&dib=eyJ2IjoiMSJ9.DtPdYhAwg1B1s2eIm9sPRAqTBksVRaZclJNM8jjJrSYmP7HFkS9psYQoHY3AY-yoKuXAjQC_AvU5Z31jsU3gpJ_u2tR7nDzewjnXTwxeI82ZaSaAW9FekSTRdWdYXAhz6c5i87ssDJQEWsTU7YUXI6LNVelYCrcY6evunsKyuXmThaEoDo19EBVUv89TSe0ay9KaW-bLCA9xW98FGUJiOxI2syBj5gBoVTjbj2kl8fMZdXrzR1vOqqyMs8WGtY5Sw86XuK-cEd_evMsgkrqku2eNKCCWzr0iXjHQPejf1hA.OaHDJFN_1QQ_kW9KFUL_-l8yVGIfCeYIBMcotH1wfUY&dib_tag=se&keywords=%E3%82%AB%E3%82%B9%E3%82%BF%E3%83%A0%E3%83%8F%E3%83%B3%E3%83%89%E3%83%AB%E3%83%BB%E3%83%8E%E3%83%96&qid=1789194959&refinements=p_72%3A2017326051%2Cp_90%3A3428068051&rnid=3428066051&sprefix=%E3%82%AB%E3%82%B9%E3%82%BF%E3%83%A0%E3%83%8F%E3%83%B3%E3%83%89%E3%83%AB+%E3%83%8E%E3%83%96%2Caps%2C230&sr=8-71&ufe=app_do%3Aamzn1.fos.35785624-70c4-44ae-a5c3-3f044f475d63&xpid=uaaXFnrJlspcP,"https://m.media-amazon.com/images/I/61zVEHawm2L._AC_UL320_AIweblab1378949,T1_.jpg","HEIGHTEN-カーボン製-Daiwa-Shimano-Carbon HEIGHTEN-カーボン製-Daiwa-Shimano-Carbon HEIGHTEN 36mm リール ハンドル ノブ 9.7g カーボン製 シマノ ダイワ 通用 (Daiwa) Type S (Shimano) Type A 用 Carbon Drum Series (ブラック) (HT24302) 4.1 javascript:void(0) 5つ星のうち4.1 HEIGHTEN-カーボン製-Daiwa-Shimano-Carbon (21) 価格、商品詳細ページ HEIGHTEN-カーボン製-Daiwa-Shimano-Carbon ￥3,290 ￥ 3,290 33ポイント(1%) プライム会員なら 明日 9月13日 9月14日 月曜日 ダブルポイント",B0FTWWQ5RB,
Custom Handle & Knob.csv,67,custom handle & knob,SAFE,B0GLP3DFLW,ゴメクサス リールハンドル Air Lite 120mm 30g 超軽量 ダブルハンドル ノブ付き シマノ Shimano ダイワ Daiwa 対応可能 タイラバ イカメタル SLJ 用 25 アドミラ 25 スティーレ 23 炎月プレミアム 対応 ベイトリール カスタム パーツ,,6490,category_allow,リールハンドル,カテゴリ許可ワード一致(contains),https://www.amazon.co.jp/%E3%83%AA%E3%83%BC%E3%83%AB%E3%83%8F%E3%83%B3%E3%83%89%E3%83%AB-%E3%83%80%E3%83%96%E3%83%AB%E3%83%8F%E3%83%B3%E3%83%89%E3%83%AB-Shimano-%E7%82%8E%E6%9C%88%E3%83%97%E3%83%AC%E3%83%9F%E3%82%A2%E3%83%A0-%E3%82%B7%E3%83%9E%E3%83%8E300-400%E7%94%A8%EF%BC%89/dp/B0GLP3DFLW/ref=sr_1_72?__mk_ja_JP=%E3%82%AB%E3%82%BF%E3%82%AB%E3%83%8A&crid=I954U6JYT57U&dd=tIJnRR5snPoivqBD4b2b4Q%2C%2C&dib=eyJ2IjoiMSJ9.DtPdYhAwg1B1s2eIm9sPRAqTBksVRaZclJNM8jjJrSYmP7HFkS9psYQoHY3AY-yoKuXAjQC_AvU5Z31jsU3gpJ_u2tR7nDzewjnXTwxeI82ZaSaAW9FekSTRdWdYXAhz6c5i87ssDJQEWsTU7YUXI6LNVelYCrcY6evunsKyuXmThaEoDo19EBVUv89TSe0ay9KaW-bLCA9xW98FGUJiOxI2syBj5gBoVTjbj2kl8fMZdXrzR1vOqqyMs8WGtY5Sw86XuK-cEd_evMsgkrqku2eNKCCWzr0iXjHQPejf1hA.OaHDJFN_1QQ_kW9KFUL_-l8yVGIfCeYIBMcotH1wfUY&dib_tag=se&keywords=%E3%82%AB%E3%82%B9%E3%82%BF%E3%83%A0%E3%83%8F%E3%83%B3%E3%83%89%E3%83%AB%E3%83%BB%E3%83%8E%E3%83%96&qid=1789194959&refinements=p_72%3A2017326051%2Cp_90%3A3428068051&rnid=3428066051&sprefix=%E3%82%AB%E3%82%B9%E3%82%BF%E3%83%A0%E3%83%8F%E3%83%B3%E3%83%89%E3%83%AB+%E3%83%8E%E3%83%96%2Caps%2C230&sr=8-72&ufe=app_do%3Aamzn1.fos.35785624-70c4-44ae-a5c3-3f044f475d63&xpid=uaaXFnrJlspcP,"https://m.media-amazon.com/images/I/71Nr4zmhOtL._AC_UL320_AIweblab1378949,T1_.jpg","リールハンドル-ダブルハンドル-Shimano-炎月プレミアム-シマノ300-400用） リールハンドル-ダブルハンドル-Shimano-炎月プレミアム-シマノ300-400用） ゴメクサス リールハンドル Air Lite 120mm 30g 超軽量 ダブルハンドル ノブ付き シマノ Shimano ダイワ Daiwa 対応可能 タイラバ イカメタル SLJ 用 25 アドミラ 25 スティーレ 23 炎月プレミアム 対応 ベイトリール カスタム パーツ 4.1 javascript:void(0) 5つ星のうち4.1 リールハンドル-ダブルハンドル-Shimano-炎月プレミアム-シマノ300-400用） (17) 価格、商品詳細ページ リールハンドル-ダブルハンドル-Shimano-炎月プレミアム-シマノ300-400用） ￥6,490 ￥ 6,490 65ポイント(1%) プライム会員なら 明日 9月13日 9月14日 月曜日 ダブルポイント",B0GLP3DFLW,
Custom Handle & Knob.csv,68,custom handle & knob,SAFE,B0F9YKQMVJ,TPE ハンドルノブ27mm シマノ ダイワ スピニング&ベイトキャスティングリールG対応,,2750,category_allow,ハンドルノブ,カテゴリ許可ワード一致(contains),https://www.amazon.co.jp/JINOHNAMILL%E3%83%AA%E3%83%BC%E3%83%AB%E3%83%8F%E3%83%B3%E3%83%89%E3%83%AB%E3%83%8E%E3%83%96-%E3%82%A2%E3%83%AB%E3%83%9F%E5%90%88%E9%87%91-%E3%83%80%E3%82%A4%E3%83%AF%E3%83%BB%E3%82%B7%E3%83%9E%E3%83%8E%E5%AF%BE%E5%BF%9C-%E6%B5%B7%E9%87%A3%E3%82%8A%E6%B7%A1%E6%B0%B4%E9%87%A3%E4%B8%A1%E7%94%A8-%E6%97%A5%E6%9C%AC%E9%87%A3%E3%82%8A%E6%84%9B%E5%A5%BD%E8%80%85%E5%90%91%E3%81%91/dp/B0F9YKQMVJ/ref=sr_1_73?__mk_ja_JP=%E3%82%AB%E3%82%BF%E3%82%AB%E3%83%8A&crid=I954U6JYT57U&dd=tIJnRR5snPoivqBD4b2b4Q%2C%2C&dib=eyJ2IjoiMSJ9.DtPdYhAwg1B1s2eIm9sPRAqTBksVRaZclJNM8jjJrSYmP7HFkS9psYQoHY3AY-yoKuXAjQC_AvU5Z31jsU3gpJ_u2tR7nDzewjnXTwxeI82ZaSaAW9FekSTRdWdYXAhz6c5i87ssDJQEWsTU7YUXI6LNVelYCrcY6evunsKyuXmThaEoDo19EBVUv89TSe0ay9KaW-bLCA9xW98FGUJiOxI2syBj5gBoVTjbj2kl8fMZdXrzR1vOqqyMs8WGtY5Sw86XuK-cEd_evMsgkrqku2eNKCCWzr0iXjHQPejf1hA.OaHDJFN_1QQ_kW9KFUL_-l8yVGIfCeYIBMcotH1wfUY&dib_tag=se&keywords=%E3%82%AB%E3%82%B9%E3%82%BF%E3%83%A0%E3%83%8F%E3%83%B3%E3%83%89%E3%83%AB%E3%83%BB%E3%83%8E%E3%83%96&qid=1789194959&refinements=p_72%3A2017326051%2Cp_90%3A3428068051&rnid=3428066051&sprefix=%E3%82%AB%E3%82%B9%E3%82%BF%E3%83%A0%E3%83%8F%E3%83%B3%E3%83%89%E3%83%AB+%E3%83%8E%E3%83%96%2Caps%2C230&sr=8-73&ufe=app_do%3Aamzn1.fos.35785624-70c4-44ae-a5c3-3f044f475d63&xpid=uaaXFnrJlspcP,"https://m.media-amazon.com/images/I/61xqdb-bB4L._AC_UL320_AIweblab1378949,T1_.jpg","JINOHNAMILLリールハンドルノブ-アルミ合金-ダイワ・シマノ対応-海釣り淡水釣両用-日本釣り愛好者向け JINOHNAMILLリールハンドルノブ-アルミ合金-ダイワ・シマノ対応-海釣り淡水釣両用-日本釣り愛好者向け TPE ハンドルノブ27mm シマノ ダイワ スピニング&ベイトキャスティングリールG対応 4.4 javascript:void(0) 5つ星のうち4.4 JINOHNAMILLリールハンドルノブ-アルミ合金-ダイワ・シマノ対応-海釣り淡水釣両用-日本釣り愛好者向け (3) 価格、商品詳細ページ JINOHNAMILLリールハンドルノブ-アルミ合金-ダイワ・シマノ対応-海釣り淡水釣両用-日本釣り愛好者向け ￥2,750 ￥ 2,750 28ポイント(1%) プライム会員なら 明日 9月13日 9月14日 月曜日 ダブルポイント",B0F9YKQMVJ,
Custom Handle & Knob.csv,71,custom handle & knob,SAFE,B0H5H5WTY4,[Clove Cube]リール ハンドル ダブル ベイトリール ダイワ 汎用 クランク 95mm カスタム パーツ 釣り 船,,2780,category_allow,リールハンドル,カテゴリ許可ワード一致(contains),https://www.amazon.co.jp/Clove-Cube-%E3%83%8F%E3%83%B3%E3%83%89%E3%83%AB-%E3%83%99%E3%82%A4%E3%83%88%E3%83%AA%E3%83%BC%E3%83%AB-%E3%82%B4%E3%83%BC%E3%83%AB%E3%83%89%E3%83%96%E3%83%A9%E3%83%83%E3%82%AF/dp/B0H5H5WTY4/ref=sr_1_76?__mk_ja_JP=%E3%82%AB%E3%82%BF%E3%82%AB%E3%83%8A&crid=I954U6JYT57U&dd=tIJnRR5snPoivqBD4b2b4Q%2C%2C&dib=eyJ2IjoiMSJ9.DtPdYhAwg1B1s2eIm9sPRAqTBksVRaZclJNM8jjJrSYmP7HFkS9psYQoHY3AY-yoKuXAjQC_AvU5Z31jsU3gpJ_u2tR7nDzewjnXTwxeI82ZaSaAW9FekSTRdWdYXAhz6c5i87ssDJQEWsTU7YUXI6LNVelYCrcY6evunsKyuXmThaEoDo19EBVUv89TSe0ay9KaW-bLCA9xW98FGUJiOxI2syBj5gBoVTjbj2kl8fMZdXrzR1vOqqyMs8WGtY5Sw86XuK-cEd_evMsgkrqku2eNKCCWzr0iXjHQPejf1hA.OaHDJFN_1QQ_kW9KFUL_-l8yVGIfCeYIBMcotH1wfUY&dib_tag=se&keywords=%E3%82%AB%E3%82%B9%E3%82%BF%E3%83%A0%E3%83%8F%E3%83%B3%E3%83%89%E3%83%AB%E3%83%BB%E3%83%8E%E3%83%96&qid=1789194959&refinements=p_72%3A2017326051%2Cp_90%3A3428068051&rnid=3428066051&sprefix=%E3%82%AB%E3%82%B9%E3%82%BF%E3%83%A0%E3%83%8F%E3%83%B3%E3%83%89%E3%83%AB+%E3%83%8E%E3%83%96%2Caps%2C230&sr=8-76&ufe=app_do%3Aamzn1.fos.35785624-70c4-44ae-a5c3-3f044f475d63&xpid=uaaXFnrJlspcP,"https://m.media-amazon.com/images/I/61Yg-GKDzVL._AC_UL320_AIweblab1378949,T1_.jpg","Clove-Cube-ハンドル-ベイトリール-ゴールドブラック Clove-Cube-ハンドル-ベイトリール-ゴールドブラック [Clove Cube]リール ハンドル ダブル ベイトリール ダイワ 汎用 クランク 95mm カスタム パーツ 釣り 船 5.0 javascript:void(0) 5つ星のうち5.0 Clove-Cube-ハンドル-ベイトリール-ゴールドブラック (1) 価格、商品詳細ページ Clove-Cube-ハンドル-ベイトリール-ゴールドブラック ￥2,780 ￥ 2,780 28ポイント(1%) プライム会員なら 明日 9月13日 9月14日 月曜日 ダブルポイント javascript:void(0) 日本の中小企業 Amazonは日本の中小企業のブランドの商品を応援しています。食品から家電まで「日本の中小企業 応援ストア」を今すぐチェック。",B0H5H5WTY4,
Custom Handle & Knob.csv,77,custom handle & knob,SAFE,B00YOJYY0A,ダイワslpワークス(Daiwa Slp Works) カラーアルミラウンドノブ Mサイズ/Lサイズ,,6100,category_allow,カラーアルミラウンドノブ,カテゴリ許可ワード一致(contains),https://www.amazon.co.jp/Daiwa-SLP-WORKS-%E3%83%80%E3%82%A4%E3%83%AFSLP%E3%83%AF%E3%83%BC%E3%82%AF%E3%82%B9-%E3%82%A2%E3%83%AB%E3%83%9F%E3%83%A9%E3%82%A6%E3%83%B3%E3%83%89%E3%83%8E%E3%83%96L/dp/B00YOJYY0A/ref=sr_1_82?__mk_ja_JP=%E3%82%AB%E3%82%BF%E3%82%AB%E3%83%8A&crid=I954U6JYT57U&dd=tIJnRR5snPoivqBD4b2b4Q%2C%2C&dib=eyJ2IjoiMSJ9.DtPdYhAwg1B1s2eIm9sPRAqTBksVRaZclJNM8jjJrSYmP7HFkS9psYQoHY3AY-yoKuXAjQC_AvU5Z31jsU3gpJ_u2tR7nDzewjnXTwxeI82ZaSaAW9FekSTRdWdYXAhz6c5i87ssDJQEWsTU7YUXI6LNVelYCrcY6evunsKyuXmThaEoDo19EBVUv89TSe0ay9KaW-bLCA9xW98FGUJiOxI2syBj5gBoVTjbj2kl8fMZdXrzR1vOqqyMs8WGtY5Sw86XuK-cEd_evMsgkrqku2eNKCCWzr0iXjHQPejf1hA.OaHDJFN_1QQ_kW9KFUL_-l8yVGIfCeYIBMcotH1wfUY&dib_tag=se&keywords=%E3%82%AB%E3%82%B9%E3%82%BF%E3%83%A0%E3%83%8F%E3%83%B3%E3%83%89%E3%83%AB%E3%83%BB%E3%83%8E%E3%83%96&qid=1789194959&refinements=p_72%3A2017326051%2Cp_90%3A3428068051&rnid=3428066051&sprefix=%E3%82%AB%E3%82%B9%E3%82%BF%E3%83%A0%E3%83%8F%E3%83%B3%E3%83%89%E3%83%AB+%E3%83%8E%E3%83%96%2Caps%2C230&sr=8-82&ufe=app_do%3Aamzn1.fos.35785624-70c4-44ae-a5c3-3f044f475d63&xpid=uaaXFnrJlspcP,"https://m.media-amazon.com/images/I/51hENoudJWL._AC_UL320_AIweblab1378949,T1_.jpg","Daiwa-SLP-WORKS-ダイワSLPワークス-アルミラウンドノブL Daiwa-SLP-WORKS-ダイワSLPワークス-アルミラウンドノブL ダイワslpワークス(Daiwa Slp Works) カラーアルミラウンドノブ Mサイズ/Lサイズ 4.8 javascript:void(0) 5つ星のうち4.8 Daiwa-SLP-WORKS-ダイワSLPワークス-アルミラウンドノブL (19) 価格、商品詳細ページ Daiwa-SLP-WORKS-ダイワSLPワークス-アルミラウンドノブL ￥6,100 ￥ 6,100 参考: プライム会員なら 明日 9月13日 9月14日 月曜日 参考: ￥7,700 ￥7,700",B00YOJYY0A,
Custom Handle & Knob.csv,79,custom handle & knob,SAFE,B0GPKJNB85,選べる6カラー リールハンドル 軸間100mm 全長110mm EVAノブ アルミ合金製 変換アダプター左右ナット付 ダイワ アブ シマノ対応,,2499,category_allow,リールハンドル,カテゴリ許可ワード一致(contains),https://www.amazon.co.jp/KindWave-%E3%83%AA%E3%83%BC%E3%83%AB%E3%83%8F%E3%83%B3%E3%83%89%E3%83%AB-%E8%BB%B8%E9%96%93100mm-%E5%85%A8%E9%95%B7110mm-%E3%82%A2%E3%83%AB%E3%83%9F%E5%90%88%E9%87%91%E8%A3%BD/dp/B0GPKJNB85/ref=sr_1_84?__mk_ja_JP=%E3%82%AB%E3%82%BF%E3%82%AB%E3%83%8A&crid=I954U6JYT57U&dd=tIJnRR5snPoivqBD4b2b4Q%2C%2C&dib=eyJ2IjoiMSJ9.DtPdYhAwg1B1s2eIm9sPRAqTBksVRaZclJNM8jjJrSYmP7HFkS9psYQoHY3AY-yoKuXAjQC_AvU5Z31jsU3gpJ_u2tR7nDzewjnXTwxeI82ZaSaAW9FekSTRdWdYXAhz6c5i87ssDJQEWsTU7YUXI6LNVelYCrcY6evunsKyuXmThaEoDo19EBVUv89TSe0ay9KaW-bLCA9xW98FGUJiOxI2syBj5gBoVTjbj2kl8fMZdXrzR1vOqqyMs8WGtY5Sw86XuK-cEd_evMsgkrqku2eNKCCWzr0iXjHQPejf1hA.OaHDJFN_1QQ_kW9KFUL_-l8yVGIfCeYIBMcotH1wfUY&dib_tag=se&keywords=%E3%82%AB%E3%82%B9%E3%82%BF%E3%83%A0%E3%83%8F%E3%83%B3%E3%83%89%E3%83%AB%E3%83%BB%E3%83%8E%E3%83%96&qid=1789194959&refinements=p_72%3A2017326051%2Cp_90%3A3428068051&rnid=3428066051&sprefix=%E3%82%AB%E3%82%B9%E3%82%BF%E3%83%A0%E3%83%8F%E3%83%B3%E3%83%89%E3%83%AB+%E3%83%8E%E3%83%96%2Caps%2C230&sr=8-84&ufe=app_do%3Aamzn1.fos.35785624-70c4-44ae-a5c3-3f044f475d63&xpid=uaaXFnrJlspcP,"https://m.media-amazon.com/images/I/417RNS47pML._AC_UL320_AIweblab1378949,T1_.jpg","KindWave-リールハンドル-軸間100mm-全長110mm-アルミ合金製 KindWave-リールハンドル-軸間100mm-全長110mm-アルミ合金製 選べる6カラー リールハンドル 軸間100mm 全長110mm EVAノブ アルミ合金製 変換アダプター左右ナット付 ダイワ アブ シマノ対応 4.2 javascript:void(0) 5つ星のうち4.2 KindWave-リールハンドル-軸間100mm-全長110mm-アルミ合金製 (3) 価格、商品詳細ページ KindWave-リールハンドル-軸間100mm-全長110mm-アルミ合金製 ￥2,499 ￥ 2,499 軸間100mmで操作性向上,全長110mmで安定した巻き取り,EVAノブで高グリップ,アルミ合金製で軽量高耐久,変換アダプターと左右ナット付属,Shimanoは別途M7ナットが必要 プライム会員なら 明日 9月13日 9月14日 月曜日",B0GPKJNB85,
Custom Handle & Knob.csv,87,custom handle & knob,SAFE,B07MWX4LGR,シマノ(SHIMANO) 夢屋 バンブー ハンドルノブ,,9126,category_allow,ハンドルノブ,カテゴリ許可ワード一致(contains),https://www.amazon.co.jp/SHIMANO-%E3%82%B7%E3%83%9E%E3%83%8E-%E5%A4%A2%E5%B1%8B-%E3%83%90%E3%83%B3%E3%83%96%E3%83%BC-%E3%83%8F%E3%83%B3%E3%83%89%E3%83%AB%E3%83%8E%E3%83%96/dp/B07MWX4LGR/ref=sr_1_92_mod_primary_new?__mk_ja_JP=%E3%82%AB%E3%82%BF%E3%82%AB%E3%83%8A&crid=I954U6JYT57U&dd=tIJnRR5snPoivqBD4b2b4Q%2C%2C&dib=eyJ2IjoiMSJ9.DtPdYhAwg1B1s2eIm9sPRAqTBksVRaZclJNM8jjJrSYmP7HFkS9psYQoHY3AY-yoKuXAjQC_AvU5Z31jsU3gpJ_u2tR7nDzewjnXTwxeI82ZaSaAW9FekSTRdWdYXAhz6c5i87ssDJQEWsTU7YUXI6LNVelYCrcY6evunsKyuXmThaEoDo19EBVUv89TSe0ay9KaW-bLCA9xW98FGUJiOxI2syBj5gBoVTjbj2kl8fMZdXrzR1vOqqyMs8WGtY5Sw86XuK-cEd_evMsgkrqku2eNKCCWzr0iXjHQPejf1hA.OaHDJFN_1QQ_kW9KFUL_-l8yVGIfCeYIBMcotH1wfUY&dib_tag=se&keywords=%E3%82%AB%E3%82%B9%E3%82%BF%E3%83%A0%E3%83%8F%E3%83%B3%E3%83%89%E3%83%AB%E3%83%BB%E3%83%8E%E3%83%96&qid=1789194959&refinements=p_72%3A2017326051%2Cp_90%3A3428068051&rnid=3428066051&sbo=RZvfv%2F%2FHxDF%2BO5021pAnSA%3D%3D&sprefix=%E3%82%AB%E3%82%B9%E3%82%BF%E3%83%A0%E3%83%8F%E3%83%B3%E3%83%89%E3%83%AB+%E3%83%8E%E3%83%96%2Caps%2C230&sr=8-92&xpid=uaaXFnrJlspcP,"https://m.media-amazon.com/images/I/61AQ-7P4hgL._AC_UL320_AIweblab1378949,T1_.jpg","SHIMANO-シマノ-夢屋-バンブー-ハンドルノブ SHIMANO-シマノ-夢屋-バンブー-ハンドルノブ シマノ(SHIMANO) 夢屋 バンブー ハンドルノブ 4.4 javascript:void(0) 5つ星のうち4.4 SHIMANO-シマノ-夢屋-バンブー-ハンドルノブ (11) 価格、商品詳細ページ SHIMANO-シマノ-夢屋-バンブー-ハンドルノブ ￥9,126 ￥ 9,126 参考: プライム会員なら 明日 9月13日 9月14日 月曜日 91ポイント(1%) こちらからもご購入いただけます 参考: ￥9,900 他のオプション ￥9,900",B07MWX4LGR,
Custom Handle & Knob.csv,89,custom handle & knob,SAFE,B00TVQG38M,Daiwa SLP WORKS(ダイワSLPワークス) ハンドルノブ SLPW パワーライトコルクS スピニング・ベイト・両軸共用 リール,,4146,category_allow,ハンドルノブ,カテゴリ許可ワード一致(contains),https://www.amazon.co.jp/Daiwa-SLP-WORKS-%E3%83%80%E3%82%A4%E3%83%AFSLP%E3%83%AF%E3%83%BC%E3%82%AF%E3%82%B9-043311/dp/B00TVQG38M/ref=sr_1_94_mod_primary_new?__mk_ja_JP=%E3%82%AB%E3%82%BF%E3%82%AB%E3%83%8A&crid=I954U6JYT57U&dd=tIJnRR5snPoivqBD4b2b4Q%2C%2C&dib=eyJ2IjoiMSJ9.DtPdYhAwg1B1s2eIm9sPRAqTBksVRaZclJNM8jjJrSYmP7HFkS9psYQoHY3AY-yoKuXAjQC_AvU5Z31jsU3gpJ_u2tR7nDzewjnXTwxeI82ZaSaAW9FekSTRdWdYXAhz6c5i87ssDJQEWsTU7YUXI6LNVelYCrcY6evunsKyuXmThaEoDo19EBVUv89TSe0ay9KaW-bLCA9xW98FGUJiOxI2syBj5gBoVTjbj2kl8fMZdXrzR1vOqqyMs8WGtY5Sw86XuK-cEd_evMsgkrqku2eNKCCWzr0iXjHQPejf1hA.OaHDJFN_1QQ_kW9KFUL_-l8yVGIfCeYIBMcotH1wfUY&dib_tag=se&keywords=%E3%82%AB%E3%82%B9%E3%82%BF%E3%83%A0%E3%83%8F%E3%83%B3%E3%83%89%E3%83%AB%E3%83%BB%E3%83%8E%E3%83%96&qid=1789194959&refinements=p_72%3A2017326051%2Cp_90%3A3428068051&rnid=3428066051&sbo=RZvfv%2F%2FHxDF%2BO5021pAnSA%3D%3D&sprefix=%E3%82%AB%E3%82%B9%E3%82%BF%E3%83%A0%E3%83%8F%E3%83%B3%E3%83%89%E3%83%AB+%E3%83%8E%E3%83%96%2Caps%2C230&sr=8-94&xpid=uaaXFnrJlspcP,"https://m.media-amazon.com/images/I/51yRNEYF98L._AC_UL320_AIweblab1378949,T1_.jpg","Daiwa-SLP-WORKS-ダイワSLPワークス-043311 Daiwa-SLP-WORKS-ダイワSLPワークス-043311 Daiwa SLP WORKS(ダイワSLPワークス) ハンドルノブ SLPW パワーライトコルクS スピニング・ベイト・両軸共用 リール 4.5 javascript:void(0) 5つ星のうち4.5 Daiwa-SLP-WORKS-ダイワSLPワークス-043311 (86) 価格、商品詳細ページ Daiwa-SLP-WORKS-ダイワSLPワークス-043311 ￥4,146 ￥ 4,146 こちらからもご購入いただけます プライム会員なら 明日 9月13日 9月14日 月曜日 他のオプション 参考: ￥3,665 参考: ￥3,850",B00TVQG38M,
Custom Handle & Knob.csv,96,custom handle & knob,SAFE,B0CC2J1ZR2,ゴメクサス リールハンドルノブ T型 チタンノブ シマノ（shimano）タイプDノブ交換 オシアジガー 適用 中空構造 43.7g 超軽量 オフショアジギング 船釣り,,8490,category_allow,リールハンドル,カテゴリ許可ワード一致(contains),https://www.amazon.co.jp/%E3%82%B4%E3%83%A1%E3%82%AF%E3%82%B5%E3%82%B9-%E3%83%AA%E3%83%BC%E3%83%AB%E3%83%8F%E3%83%B3%E3%83%89%E3%83%AB%E3%83%8E%E3%83%96-%E3%82%B7%E3%83%9E%E3%83%8E%EF%BC%88shimano%EF%BC%89%E3%82%BF%E3%82%A4%E3%83%97D%E3%83%8E%E3%83%96%E4%BA%A4%E6%8F%9B-%E3%82%AA%E3%82%B7%E3%82%A2%E3%82%B8%E3%82%AC%E3%83%BC-%E3%82%AA%E3%83%95%E3%82%B7%E3%83%A7%E3%82%A2%E3%82%B8%E3%82%AE%E3%83%B3%E3%82%B0/dp/B0CC2J1ZR2/ref=sr_1_101?__mk_ja_JP=%E3%82%AB%E3%82%BF%E3%82%AB%E3%83%8A&crid=I954U6JYT57U&dd=tIJnRR5snPoivqBD4b2b4Q%2C%2C&dib=eyJ2IjoiMSJ9.DtPdYhAwg1B1s2eIm9sPRAqTBksVRaZclJNM8jjJrSYmP7HFkS9psYQoHY3AY-yoKuXAjQC_AvU5Z31jsU3gpJ_u2tR7nDzewjnXTwxeI82ZaSaAW9FekSTRdWdYXAhz6c5i87ssDJQEWsTU7YUXI6LNVelYCrcY6evunsKyuXmThaEoDo19EBVUv89TSe0ay9KaW-bLCA9xW98FGUJiOxI2syBj5gBoVTjbj2kl8fMZdXrzR1vOqqyMs8WGtY5Sw86XuK-cEd_evMsgkrqku2eNKCCWzr0iXjHQPejf1hA.OaHDJFN_1QQ_kW9KFUL_-l8yVGIfCeYIBMcotH1wfUY&dib_tag=se&keywords=%E3%82%AB%E3%82%B9%E3%82%BF%E3%83%A0%E3%83%8F%E3%83%B3%E3%83%89%E3%83%AB%E3%83%BB%E3%83%8E%E3%83%96&qid=1789194959&refinements=p_72%3A2017326051%2Cp_90%3A3428068051&rnid=3428066051&sprefix=%E3%82%AB%E3%82%B9%E3%82%BF%E3%83%A0%E3%83%8F%E3%83%B3%E3%83%89%E3%83%AB+%E3%83%8E%E3%83%96%2Caps%2C230&sr=8-101&ufe=app_do%3Aamzn1.fos.35785624-70c4-44ae-a5c3-3f044f475d63&xpid=uaaXFnrJlspcP,"https://m.media-amazon.com/images/I/61KejfKxo4L._AC_UL320_AIweblab1378949,T1_.jpg","ゴメクサス-リールハンドルノブ-シマノ（shimano）タイプDノブ交換-オシアジガー-オフショアジギング ゴメクサス-リールハンドルノブ-シマノ（shimano）タイプDノブ交換-オシアジガー-オフショアジギング ゴメクサス リールハンドルノブ T型 チタンノブ シマノ（shimano）タイプDノブ交換 オシアジガー 適用 中空構造 43.7g 超軽量 オフショアジギング 船釣り 4.5 javascript:void(0) 5つ星のうち4.5 ゴメクサス-リールハンドルノブ-シマノ（shimano）タイプDノブ交換-オシアジガー-オフショアジギング (15) 価格、商品詳細ページ ゴメクサス-リールハンドルノブ-シマノ（shimano）タイプDノブ交換-オシアジガー-オフショアジギング ￥8,490 ￥ 8,490 参考: プライム会員なら 明日 9月13日 9月14日 月曜日 85ポイント(1%) ダブルポイント 参考: ￥8,990 ￥8,990",B0CC2J1ZR2,
Custom Handle & Knob.csv,114,custom handle & knob,SAFE,B0FJKX5Z3C,ゴメクサス 120mm ダブルハンドル 24 25オシアコンクエスト 対応 ベイトリール用 30mm アルミパワーノブ付き シマノ (Shimano) ダイワ (Daiwa) 通用 リール ハンドル カスタム パーツ 釣り,,9990,category_allow,リールハンドル,カテゴリ許可ワード一致(contains),https://www.amazon.co.jp/%E3%83%80%E3%83%96%E3%83%AB%E3%83%8F%E3%83%B3%E3%83%89%E3%83%AB-25%E3%82%AA%E3%82%B7%E3%82%A2%E3%82%B3%E3%83%B3%E3%82%AF%E3%82%A8%E3%82%B9%E3%83%88-%E3%83%99%E3%82%A4%E3%83%88%E3%83%AA%E3%83%BC%E3%83%AB%E7%94%A8-%E3%82%A2%E3%83%AB%E3%83%9F%E3%83%91%E3%83%AF%E3%83%BC%E3%83%8E%E3%83%96%E4%BB%98%E3%81%8D-Shimano/dp/B0FJKX5Z3C/ref=sr_1_116?__mk_ja_JP=%E3%82%AB%E3%82%BF%E3%82%AB%E3%83%8A&crid=I954U6JYT57U&dd=tIJnRR5snPoivqBD4b2b4Q%2C%2C&dib=eyJ2IjoiMSJ9.3ejDo_si8hkzQGzBsOlSNJe-DK_FqmlirhcDSHT4-5Q6o2kq1xDstCPehVG6zEnVpnSvcQm1qHgIYlUe8D0pt0hEnVpyIP8H3OrHHyaQqo1g5IO9PSzlDfHuy3G_5X6cogfUtnJ4oNXY82dHiE84JuR0HbdXtVV40vE94SemoLhU7Zd4B3wAwUPtHFgkK85Dk2I6KEL2innLHnYXVq1cC7nWKv8-fTtitfETMIUHcQn3s_Rti4MHwe2hY9G8ybEc8m85c34PDZOsyeD4j0svWe2N8IK93HB98QKmb_kyMxA.ycv_oR_oay6_ebzQLmuP0HjAkumx74npX5uMXIcHEEM&dib_tag=se&keywords=%E3%82%AB%E3%82%B9%E3%82%BF%E3%83%A0%E3%83%8F%E3%83%B3%E3%83%89%E3%83%AB%E3%83%BB%E3%83%8E%E3%83%96&qid=1789194969&refinements=p_72%3A2017326051%2Cp_90%3A3428068051&rnid=3428066051&sprefix=%E3%82%AB%E3%82%B9%E3%82%BF%E3%83%A0%E3%83%8F%E3%83%B3%E3%83%89%E3%83%AB+%E3%83%8E%E3%83%96%2Caps%2C230&sr=8-116&ufe=app_do%3Aamzn1.fos.35785624-70c4-44ae-a5c3-3f044f475d63&xpid=uaaXFnrJlspcP,"https://m.media-amazon.com/images/I/61cdxqAFNgL._AC_UL320_AIweblab1378949,T1_.jpg","ダブルハンドル-25オシアコンクエスト-ベイトリール用-アルミパワーノブ付き-Shimano ダブルハンドル-25オシアコンクエスト-ベイトリール用-アルミパワーノブ付き-Shimano ゴメクサス 120mm ダブルハンドル 24 25オシアコンクエスト 対応 ベイトリール用 30mm アルミパワーノブ付き シマノ (Shimano) ダイワ (Daiwa) 通用 リール ハンドル カスタム パーツ 釣り 5.0 javascript:void(0) 5つ星のうち5.0 ダブルハンドル-25オシアコンクエスト-ベイトリール用-アルミパワーノブ付き-Shimano (3) 価格、商品詳細ページ ダブルハンドル-25オシアコンクエスト-ベイトリール用-アルミパワーノブ付き-Shimano ￥9,990 ￥ 9,990 100ポイント(1%) プライム会員なら 明日 9月13日 9月14日 月曜日 ダブルポイント こちらからもご購入いただけます",B0FJKX5Z3C,
Custom Handle & Knob.csv,120,custom handle & knob,SAFE,B0CZ6J78MF,リブレ(LIVRE) パワー 93 (Power 93) 【大型スピニングリール カスタムハンドル】,,29757,category_allow,カスタムハンドル,カテゴリ許可ワード一致(contains),https://www.amazon.co.jp/%E3%83%AA%E3%83%96%E3%83%AC-LIVRE-8000-14000-PW93-D455-GMG-%E3%80%90%E5%A4%A7%E5%9E%8B%E3%82%B9%E3%83%94%E3%83%8B%E3%83%B3%E3%82%B0%E3%83%AA%E3%83%BC%E3%83%AB%E3%83%BB%E3%82%AB%E3%82%B9%E3%82%BF%E3%83%A0%E3%83%8F%E3%83%B3%E3%83%89%E3%83%AB/dp/B0CZ6J78MF/ref=sr_1_122?__mk_ja_JP=%E3%82%AB%E3%82%BF%E3%82%AB%E3%83%8A&crid=I954U6JYT57U&dd=tIJnRR5snPoivqBD4b2b4Q%2C%2C&dib=eyJ2IjoiMSJ9.3ejDo_si8hkzQGzBsOlSNJe-DK_FqmlirhcDSHT4-5Q6o2kq1xDstCPehVG6zEnVpnSvcQm1qHgIYlUe8D0pt0hEnVpyIP8H3OrHHyaQqo1g5IO9PSzlDfHuy3G_5X6cogfUtnJ4oNXY82dHiE84JuR0HbdXtVV40vE94SemoLhU7Zd4B3wAwUPtHFgkK85Dk2I6KEL2innLHnYXVq1cC7nWKv8-fTtitfETMIUHcQn3s_Rti4MHwe2hY9G8ybEc8m85c34PDZOsyeD4j0svWe2N8IK93HB98QKmb_kyMxA.ycv_oR_oay6_ebzQLmuP0HjAkumx74npX5uMXIcHEEM&dib_tag=se&keywords=%E3%82%AB%E3%82%B9%E3%82%BF%E3%83%A0%E3%83%8F%E3%83%B3%E3%83%89%E3%83%AB%E3%83%BB%E3%83%8E%E3%83%96&qid=1789194969&refinements=p_72%3A2017326051%2Cp_90%3A3428068051&rnid=3428066051&sprefix=%E3%82%AB%E3%82%B9%E3%82%BF%E3%83%A0%E3%83%8F%E3%83%B3%E3%83%89%E3%83%AB+%E3%83%8E%E3%83%96%2Caps%2C230&sr=8-122&ufe=app_do%3Aamzn1.fos.35785624-70c4-44ae-a5c3-3f044f475d63&xpid=uaaXFnrJlspcP,"https://m.media-amazon.com/images/I/41+u21pkZ1L._AC_UL320_AIweblab1378949,T1_.jpg","リブレ-LIVRE-8000-14000-PW93-D455-GMG-【大型スピニングリール・カスタムハンドル リブレ-LIVRE-8000-14000-PW93-D455-GMG-【大型スピニングリール・カスタムハンドル リブレ(LIVRE) パワー 93 (Power 93) 【大型スピニングリール カスタムハンドル】 5.0 javascript:void(0) 5つ星のうち5.0 リブレ-LIVRE-8000-14000-PW93-D455-GMG-【大型スピニングリール・カスタムハンドル (2) 価格、商品詳細ページ リブレ-LIVRE-8000-14000-PW93-D455-GMG-【大型スピニングリール・カスタムハンドル ￥29,757 ￥ 29,757 参考: プライム会員なら 明日 9月13日 9月14日 月曜日 298ポイント(1%) こちらからもご購入いただけます 参考: ￥32,300 ￥32,300",B0CZ6J78MF,
Custom Handle & Knob.csv,231,custom handle & knob,SAFE,B0CZ6RCPK9,リブレ(LIVRE) 11212 パワー 93 (Power 93) ダイワ 旧 4500~5500 (新 8000~14000)サイズ対応 ガンメタプレート+チタンG PW93-D455-GMT 【大型スピニングリール・カスタムハンドル 】,,29757,category_allow,カスタムハンドル,カテゴリ許可ワード一致(contains),https://www.amazon.co.jp/%E3%83%AA%E3%83%96%E3%83%AC-LIVRE-8000-14000-PW93-D455-GMT-%E3%80%90%E5%A4%A7%E5%9E%8B%E3%82%B9%E3%83%94%E3%83%8B%E3%83%B3%E3%82%B0%E3%83%AA%E3%83%BC%E3%83%AB%E3%83%BB%E3%82%AB%E3%82%B9%E3%82%BF%E3%83%A0%E3%83%8F%E3%83%B3%E3%83%89%E3%83%AB/dp/B0CZ6RCPK9/ref=sr_1_228?__mk_ja_JP=%E3%82%AB%E3%82%BF%E3%82%AB%E3%83%8A&crid=I954U6JYT57U&dd=tIJnRR5snPoivqBD4b2b4Q%2C%2C&dib=eyJ2IjoiMSJ9.f5K1kGMqudo4dIuNlRgWUTeg3FzvAJmhmsnwFCIEZarQPFc1gpc3Cu9VpyH0jkuyb1yTbci0VVQcB6VBXdmKPCctMlov5EtumXhfzwAp9csFM-_OXgnKkkLwODAFrkbBhEXTFir9AStGXeBPDZ8i9F_FHTNfty5PQo_r6Be8NNajt-fiOidRFQixn79CNyDqWtnKf3nKtrfPRiN-Kohk4pEm9-ryZ77Y47x6urNUAmIjvc12okTXhyURFyNJ-VTIb43rUTIUxubllLBnDoM-n-e1gU4mpDgN4bhu2zdRiD8.saUqjrgX_QAiC5cQjRpTrU_UHxzq1WVM-qWN0cLDD1I&dib_tag=se&keywords=%E3%82%AB%E3%82%B9%E3%82%BF%E3%83%A0%E3%83%8F%E3%83%B3%E3%83%89%E3%83%AB%E3%83%BB%E3%83%8E%E3%83%96&qid=1789194985&refinements=p_72%3A2017326051%2Cp_90%3A3428068051&rnid=3428066051&sprefix=%E3%82%AB%E3%82%B9%E3%82%BF%E3%83%A0%E3%83%8F%E3%83%B3%E3%83%89%E3%83%AB+%E3%83%8E%E3%83%96%2Caps%2C230&sr=8-228&ufe=app_do%3Aamzn1.fos.35785624-70c4-44ae-a5c3-3f044f475d63&xpid=uaaXFnrJlspcP,"https://m.media-amazon.com/images/I/41wOWGBT3CL._AC_UL320_AIweblab1378949,T1_.jpg","リブレ-LIVRE-8000-14000-PW93-D455-GMT-【大型スピニングリール・カスタムハンドル リブレ-LIVRE-8000-14000-PW93-D455-GMT-【大型スピニングリール・カスタムハンドル リブレ(LIVRE) 11212 パワー 93 (Power 93) ダイワ 旧 4500~5500 (新 8000~14000)サイズ対応 ガンメタプレート+チタンG PW93-D455-GMT 【大型スピニングリール・カスタムハンドル 】 リブレ-LIVRE-8000-14000-PW93-D455-GMT-【大型スピニングリール・カスタムハンドル 価格、商品詳細ページ ￥29,757 ￥ 29,757 参考: プライム会員なら 明日 9月13日 9月14日 月曜日 298ポイント(1%) こちらからもご購入いただけます 参考: ￥32,300 ￥32,300",B0CZ6RCPK9,
Custom Handle & Knob.csv,247,custom handle & knob,SAFE,B0CZ6TT19D,リブレ(LIVRE) 11194 パワー 93 (Power 93) シマノ 右 8000~14000サイズ対応 チタンプレート+ゴールドG PW93-SR814-TIG 【大型スピニングリール・カスタムハンドル 】,,32835,category_allow,カスタムハンドル,カテゴリ許可ワード一致(contains),https://www.amazon.co.jp/%E3%83%AA%E3%83%96%E3%83%AC-LIVRE-8000-14000%E3%82%B5%E3%82%A4%E3%82%BA%E5%AF%BE%E5%BF%9C-PW93-SR814-TIG-%E3%80%90%E5%A4%A7%E5%9E%8B%E3%82%B9%E3%83%94%E3%83%8B%E3%83%B3%E3%82%B0%E3%83%AA%E3%83%BC%E3%83%AB%E3%83%BB%E3%82%AB%E3%82%B9%E3%82%BF%E3%83%A0%E3%83%8F%E3%83%B3%E3%83%89%E3%83%AB/dp/B0CZ6TT19D/ref=sr_1_244_mod_primary_new?__mk_ja_JP=%E3%82%AB%E3%82%BF%E3%82%AB%E3%83%8A&crid=I954U6JYT57U&dd=tIJnRR5snPoivqBD4b2b4Q%2C%2C&dib=eyJ2IjoiMSJ9.f5K1kGMqudo4dIuNlRgWUTeg3FzvAJmhmsnwFCIEZarQPFc1gpc3Cu9VpyH0jkuyb1yTbci0VVQcB6VBXdmKPCctMlov5EtumXhfzwAp9csFM-_OXgnKkkLwODAFrkbBhEXTFir9AStGXeBPDZ8i9F_FHTNfty5PQo_r6Be8NNajt-fiOidRFQixn79CNyDqWtnKf3nKtrfPRiN-Kohk4pEm9-ryZ77Y47x6urNUAmIjvc12okTXhyURFyNJ-VTIb43rUTIUxubllLBnDoM-n-e1gU4mpDgN4bhu2zdRiD8.saUqjrgX_QAiC5cQjRpTrU_UHxzq1WVM-qWN0cLDD1I&dib_tag=se&keywords=%E3%82%AB%E3%82%B9%E3%82%BF%E3%83%A0%E3%83%8F%E3%83%B3%E3%83%89%E3%83%AB%E3%83%BB%E3%83%8E%E3%83%96&qid=1789194985&refinements=p_72%3A2017326051%2Cp_90%3A3428068051&rnid=3428066051&sbo=RZvfv%2F%2FHxDF%2BO5021pAnSA%3D%3D&sprefix=%E3%82%AB%E3%82%B9%E3%82%BF%E3%83%A0%E3%83%8F%E3%83%B3%E3%83%89%E3%83%AB+%E3%83%8E%E3%83%96%2Caps%2C230&sr=8-244&xpid=uaaXFnrJlspcP,"https://m.media-amazon.com/images/I/41InG9hjIAL._AC_UL320_AIweblab1378949,T1_.jpg","リブレ-LIVRE-8000-14000サイズ対応-PW93-SR814-TIG-【大型スピニングリール・カスタムハンドル リブレ-LIVRE-8000-14000サイズ対応-PW93-SR814-TIG-【大型スピニングリール・カスタムハンドル リブレ(LIVRE) 11194 パワー 93 (Power 93) シマノ 右 8000~14000サイズ対応 チタンプレート+ゴールドG PW93-SR814-TIG 【大型スピニングリール・カスタムハンドル 】 リブレ-LIVRE-8000-14000サイズ対応-PW93-SR814-TIG-【大型スピニングリール・カスタムハンドル 価格、商品詳細ページ ￥32,835 ￥ 32,835 328ポイント(1%) プライム会員なら 明日 9月13日 9月14日 月曜日 こちらからもご購入いただけます リブレ-LIVRE-8000-14000サイズ対応-PW93-SR814-TIG-【大型スピニングリール・カスタムハンドル 他のオプション ￥32,300",B0CZ6TT19D,
Custom Handle & Knob.csv,271,custom handle & knob,SAFE,B0CN8Q8B3N,ゴメクサス パワーハンドル ノブ ベイトリール適用 アルミ製 ノブ シマノBタイプ対応 オフショアジギング 船釣り オシアコンクエスト,,3490,category_allow,ハンドルノブ,カテゴリ許可ワード一致(contains),https://www.amazon.co.jp/%E3%83%91%E3%83%AF%E3%83%BC%E3%83%8F%E3%83%B3%E3%83%89%E3%83%AB-%E3%83%99%E3%82%A4%E3%83%88%E3%83%AA%E3%83%BC%E3%83%AB%E9%81%A9%E7%94%A8-%E3%82%B7%E3%83%9E%E3%83%8EB%E3%82%BF%E3%82%A4%E3%83%97%E5%AF%BE%E5%BF%9C-%E3%82%AA%E3%83%95%E3%82%B7%E3%83%A7%E3%82%A2%E3%82%B8%E3%82%AE%E3%83%B3%E3%82%B0-%E3%82%AA%E3%82%B7%E3%82%A2%E3%82%B3%E3%83%B3%E3%82%AF%E3%82%A8%E3%82%B9%E3%83%88/dp/B0CN8Q8B3N/ref=sr_1_265?__mk_ja_JP=%E3%82%AB%E3%82%BF%E3%82%AB%E3%83%8A&crid=I954U6JYT57U&dd=tIJnRR5snPoivqBD4b2b4Q%2C%2C&dib=eyJ2IjoiMSJ9.zKkW1RldUvCbfE5PBdLz-v0USLLBkweqCshk4Z4ET7CHIGs6yYUe96ltuE5Kl448hEKNAw5WTOaRzlhwAwAd4ayQHXn37jmFhS34CxdUJervBf-UbtECWpB38PXMwWfk_50g82IUu7m-3cMiqhiTVXymg_BqsHhXTlkkc7UiTuGphac-TWeDI4L9k2-zo3H6aivvujc4yUzAYfMOeDzTkjISQovYhvN6h80lVhD-E9Y9JREPaujvGAHuIJMhuyS8-GW-PO1x6tRMmrkTFfUogMpWjDJY8pIgao4ncI2OuaU._8adkjuntgnXwmBQAY6-N-5gxisRvq4_5Gvu74LXIdI&dib_tag=se&keywords=%E3%82%AB%E3%82%B9%E3%82%BF%E3%83%A0%E3%83%8F%E3%83%B3%E3%83%89%E3%83%AB%E3%83%BB%E3%83%8E%E3%83%96&qid=1789194994&refinements=p_72%3A2017326051%2Cp_90%3A3428068051&rnid=3428066051&sprefix=%E3%82%AB%E3%82%B9%E3%82%BF%E3%83%A0%E3%83%8F%E3%83%B3%E3%83%89%E3%83%AB+%E3%83%8E%E3%83%96%2Caps%2C230&sr=8-265&ufe=app_do%3Aamzn1.fos.35785624-70c4-44ae-a5c3-3f044f475d63&xpid=uaaXFnrJlspcP,"https://m.media-amazon.com/images/I/51ySslS5wlL._AC_UL320_AIweblab1378949,T1_.jpg","パワーハンドル-ベイトリール適用-シマノBタイプ対応-オフショアジギング-オシアコンクエスト パワーハンドル-ベイトリール適用-シマノBタイプ対応-オフショアジギング-オシアコンクエスト ゴメクサス パワーハンドル ノブ ベイトリール適用 アルミ製 ノブ シマノBタイプ対応 オフショアジギング 船釣り オシアコンクエスト 5.0 javascript:void(0) 5つ星のうち5.0 パワーハンドル-ベイトリール適用-シマノBタイプ対応-オフショアジギング-オシアコンクエスト (2) 価格、商品詳細ページ パワーハンドル-ベイトリール適用-シマノBタイプ対応-オフショアジギング-オシアコンクエスト ￥3,490 ￥ 3,490 35ポイント(1%) プライム会員なら 明日 9月13日 9月14日 月曜日 ダブルポイント",B0CN8Q8B3N,
Custom Handle & Knob.csv,276,custom handle & knob,SAFE,B07CNJK1JZ,リブレ(LIVRE) 超薄肉中空チタンハンドルノブ TB-1,,16046,category_allow,ハンドルノブ,カテゴリ許可ワード一致(contains),https://www.amazon.co.jp/%E3%83%AA%E3%83%96%E3%83%AC-LIVRE-5986-%E3%83%95%E3%82%A1%E3%82%A4%E3%83%A4%E3%83%BC-47-4g/dp/B07CNJK1JZ/ref=sr_1_270_mod_primary_new?__mk_ja_JP=%E3%82%AB%E3%82%BF%E3%82%AB%E3%83%8A&crid=I954U6JYT57U&dd=tIJnRR5snPoivqBD4b2b4Q%2C%2C&dib=eyJ2IjoiMSJ9.zKkW1RldUvCbfE5PBdLz-v0USLLBkweqCshk4Z4ET7CHIGs6yYUe96ltuE5Kl448hEKNAw5WTOaRzlhwAwAd4ayQHXn37jmFhS34CxdUJervBf-UbtECWpB38PXMwWfk_50g82IUu7m-3cMiqhiTVXymg_BqsHhXTlkkc7UiTuGphac-TWeDI4L9k2-zo3H6aivvujc4yUzAYfMOeDzTkjISQovYhvN6h80lVhD-E9Y9JREPaujvGAHuIJMhuyS8-GW-PO1x6tRMmrkTFfUogMpWjDJY8pIgao4ncI2OuaU._8adkjuntgnXwmBQAY6-N-5gxisRvq4_5Gvu74LXIdI&dib_tag=se&keywords=%E3%82%AB%E3%82%B9%E3%82%BF%E3%83%A0%E3%83%8F%E3%83%B3%E3%83%89%E3%83%AB%E3%83%BB%E3%83%8E%E3%83%96&qid=1789194994&refinements=p_72%3A2017326051%2Cp_90%3A3428068051&rnid=3428066051&sbo=RZvfv%2F%2FHxDF%2BO5021pAnSA%3D%3D&sprefix=%E3%82%AB%E3%82%B9%E3%82%BF%E3%83%A0%E3%83%8F%E3%83%B3%E3%83%89%E3%83%AB+%E3%83%8E%E3%83%96%2Caps%2C230&sr=8-270&xpid=uaaXFnrJlspcP,"https://m.media-amazon.com/images/I/519e-6-MztL._AC_UL320_AIweblab1378949,T1_.jpg","リブレ-LIVRE-5986-ファイヤー-47-4g リブレ-LIVRE-5986-ファイヤー-47-4g リブレ(LIVRE) 超薄肉中空チタンハンドルノブ TB-1 4.6 javascript:void(0) 5つ星のうち4.6 リブレ-LIVRE-5986-ファイヤー-47-4g (11) 価格、商品詳細ページ リブレ-LIVRE-5986-ファイヤー-47-4g ￥16,046 ￥ 16,046 160ポイント(1%) プライム会員なら 明日 9月13日 9月14日 月曜日 こちらからもご購入いただけます 他のオプション ￥15,239 過去: 過去: ￥15,992",B07CNJK1JZ,
Custom Handle & Knob.csv,277,custom handle & knob,SAFE,B0C6ZPYKVW,HEIGHTEN 20mm リール ハンドル ノブ シマノ ダイワ 通用 (Shimano Type A) (Daiwa Type S)用 Tornado Series,,1690,category_allow,リールハンドル,カテゴリ許可ワード一致(contains),https://www.amazon.co.jp/HEIGHTEN-Shimano-Daiwa-Tornado-%E3%82%AC%E3%83%B3%E3%83%A1%E3%82%BF%E3%83%AB/dp/B0C6ZPYKVW/ref=sr_1_271?__mk_ja_JP=%E3%82%AB%E3%82%BF%E3%82%AB%E3%83%8A&crid=I954U6JYT57U&dd=tIJnRR5snPoivqBD4b2b4Q%2C%2C&dib=eyJ2IjoiMSJ9.zKkW1RldUvCbfE5PBdLz-v0USLLBkweqCshk4Z4ET7CHIGs6yYUe96ltuE5Kl448hEKNAw5WTOaRzlhwAwAd4ayQHXn37jmFhS34CxdUJervBf-UbtECWpB38PXMwWfk_50g82IUu7m-3cMiqhiTVXymg_BqsHhXTlkkc7UiTuGphac-TWeDI4L9k2-zo3H6aivvujc4yUzAYfMOeDzTkjISQovYhvN6h80lVhD-E9Y9JREPaujvGAHuIJMhuyS8-GW-PO1x6tRMmrkTFfUogMpWjDJY8pIgao4ncI2OuaU._8adkjuntgnXwmBQAY6-N-5gxisRvq4_5Gvu74LXIdI&dib_tag=se&keywords=%E3%82%AB%E3%82%B9%E3%82%BF%E3%83%A0%E3%83%8F%E3%83%B3%E3%83%89%E3%83%AB%E3%83%BB%E3%83%8E%E3%83%96&qid=1789194994&refinements=p_72%3A2017326051%2Cp_90%3A3428068051&rnid=3428066051&sprefix=%E3%82%AB%E3%82%B9%E3%82%BF%E3%83%A0%E3%83%8F%E3%83%B3%E3%83%89%E3%83%AB+%E3%83%8E%E3%83%96%2Caps%2C230&sr=8-271&ufe=app_do%3Aamzn1.fos.35785624-70c4-44ae-a5c3-3f044f475d63&xpid=uaaXFnrJlspcP,"https://m.media-amazon.com/images/I/61XfFKchhiL._AC_UL320_AIweblab1378949,T1_.jpg","HEIGHTEN-Shimano-Daiwa-Tornado-ガンメタル HEIGHTEN-Shimano-Daiwa-Tornado-ガンメタル HEIGHTEN 20mm リール ハンドル ノブ シマノ ダイワ 通用 (Shimano Type A) (Daiwa Type S)用 Tornado Series 4.6 javascript:void(0) 5つ星のうち4.6 HEIGHTEN-Shimano-Daiwa-Tornado-ガンメタル (6) 価格、商品詳細ページ HEIGHTEN-Shimano-Daiwa-Tornado-ガンメタル ￥1,690 ￥ 1,690 17ポイント(1%) プライム会員なら 明日 9月13日 9月14日 月曜日 ダブルポイント",B0C6ZPYKVW,
Custom Handle & Knob.csv,281,custom handle & knob,SAFE,B0BVMKCQXL,HEIGHTEN 22mm リール ハンドル ノブ 8.8g シマノ ダイワ 通用 (Shimano Type A) (Daiwa Type S)用 Aurora Series,,2152,category_allow,リールハンドル,カテゴリ許可ワード一致(contains),https://www.amazon.co.jp/HEIGHTEN-Shimano-Daiwa-Aurora-%E3%82%AC%E3%83%B3%E3%83%A1%E3%82%BF%E3%83%AB/dp/B0BVMKCQXL/ref=sr_1_275?__mk_ja_JP=%E3%82%AB%E3%82%BF%E3%82%AB%E3%83%8A&crid=I954U6JYT57U&dd=tIJnRR5snPoivqBD4b2b4Q%2C%2C&dib=eyJ2IjoiMSJ9.zKkW1RldUvCbfE5PBdLz-v0USLLBkweqCshk4Z4ET7CHIGs6yYUe96ltuE5Kl448hEKNAw5WTOaRzlhwAwAd4ayQHXn37jmFhS34CxdUJervBf-UbtECWpB38PXMwWfk_50g82IUu7m-3cMiqhiTVXymg_BqsHhXTlkkc7UiTuGphac-TWeDI4L9k2-zo3H6aivvujc4yUzAYfMOeDzTkjISQovYhvN6h80lVhD-E9Y9JREPaujvGAHuIJMhuyS8-GW-PO1x6tRMmrkTFfUogMpWjDJY8pIgao4ncI2OuaU._8adkjuntgnXwmBQAY6-N-5gxisRvq4_5Gvu74LXIdI&dib_tag=se&keywords=%E3%82%AB%E3%82%B9%E3%82%BF%E3%83%A0%E3%83%8F%E3%83%B3%E3%83%89%E3%83%AB%E3%83%BB%E3%83%8E%E3%83%96&qid=1789194994&refinements=p_72%3A2017326051%2Cp_90%3A3428068051&rnid=3428066051&sprefix=%E3%82%AB%E3%82%B9%E3%82%BF%E3%83%A0%E3%83%8F%E3%83%B3%E3%83%89%E3%83%AB+%E3%83%8E%E3%83%96%2Caps%2C230&sr=8-275&ufe=app_do%3Aamzn1.fos.35785624-70c4-44ae-a5c3-3f044f475d63&xpid=uaaXFnrJlspcP,"https://m.media-amazon.com/images/I/61nJRHXLeIL._AC_UL320_AIweblab1378949,T1_.jpg","HEIGHTEN-Shimano-Daiwa-Aurora-ガンメタル HEIGHTEN-Shimano-Daiwa-Aurora-ガンメタル HEIGHTEN 22mm リール ハンドル ノブ 8.8g シマノ ダイワ 通用 (Shimano Type A) (Daiwa Type S)用 Aurora Series 4.2 javascript:void(0) 5つ星のうち4.2 HEIGHTEN-Shimano-Daiwa-Aurora-ガンメタル (35) 価格、商品詳細ページ ￥2,152 ￥ 2,152 過去: プライム会員なら 明日 9月13日 9月14日 月曜日 22ポイント(1%) HEIGHTEN-Shimano-Daiwa-Aurora-ガンメタル ダブルポイント 過去: ￥2,690 ￥2,690",B0BVMKCQXL,
Custom Handle & Knob.csv,296,custom handle & knob,SAFE,B0CZLGVC26,HEIGHTEN 80/90mm リール ハンドル 45mm ハンドルノブ シマノ(SHIMANO) ダイワ(DAIWA) アブ(Abu) ベイトリール 通用 Ach Harmer Series (ガンメタル) (198),,4690,category_allow,リールハンドル,カテゴリ許可ワード一致(contains),https://www.amazon.co.jp/HEIGHTEN-%E3%83%8F%E3%83%B3%E3%83%89%E3%83%AB%E3%83%8E%E3%83%96-SHIMANO-%E3%83%99%E3%82%A4%E3%83%88%E3%83%AA%E3%83%BC%E3%83%AB-Harmer/dp/B0CZLGVC26/ref=sr_1_290?__mk_ja_JP=%E3%82%AB%E3%82%BF%E3%82%AB%E3%83%8A&crid=I954U6JYT57U&dd=tIJnRR5snPoivqBD4b2b4Q%2C%2C&dib=eyJ2IjoiMSJ9.zKkW1RldUvCbfE5PBdLz-v0USLLBkweqCshk4Z4ET7CHIGs6yYUe96ltuE5Kl448hEKNAw5WTOaRzlhwAwAd4ayQHXn37jmFhS34CxdUJervBf-UbtECWpB38PXMwWfk_50g82IUu7m-3cMiqhiTVXymg_BqsHhXTlkkc7UiTuGphac-TWeDI4L9k2-zo3H6aivvujc4yUzAYfMOeDzTkjISQovYhvN6h80lVhD-E9Y9JREPaujvGAHuIJMhuyS8-GW-PO1x6tRMmrkTFfUogMpWjDJY8pIgao4ncI2OuaU._8adkjuntgnXwmBQAY6-N-5gxisRvq4_5Gvu74LXIdI&dib_tag=se&keywords=%E3%82%AB%E3%82%B9%E3%82%BF%E3%83%A0%E3%83%8F%E3%83%B3%E3%83%89%E3%83%AB%E3%83%BB%E3%83%8E%E3%83%96&qid=1789194994&refinements=p_72%3A2017326051%2Cp_90%3A3428068051&rnid=3428066051&sprefix=%E3%82%AB%E3%82%B9%E3%82%BF%E3%83%A0%E3%83%8F%E3%83%B3%E3%83%89%E3%83%AB+%E3%83%8E%E3%83%96%2Caps%2C230&sr=8-290&ufe=app_do%3Aamzn1.fos.35785624-70c4-44ae-a5c3-3f044f475d63&xpid=uaaXFnrJlspcP,"https://m.media-amazon.com/images/I/61GC+V7L-oL._AC_UL320_AIweblab1378949,T1_.jpg","HEIGHTEN-ハンドルノブ-SHIMANO-ベイトリール-Harmer HEIGHTEN-ハンドルノブ-SHIMANO-ベイトリール-Harmer HEIGHTEN 80/90mm リール ハンドル 45mm ハンドルノブ シマノ(SHIMANO) ダイワ(DAIWA) アブ(Abu) ベイトリール 通用 Ach Harmer Series (ガンメタル) (198) 4.1 javascript:void(0) 5つ星のうち4.1 HEIGHTEN-ハンドルノブ-SHIMANO-ベイトリール-Harmer (7) 価格、商品詳細ページ HEIGHTEN-ハンドルノブ-SHIMANO-ベイトリール-Harmer ￥4,690 ￥ 4,690 47ポイント(1%) プライム会員なら 明日 9月13日 9月14日 月曜日 ダブルポイント 残り1点 ご注文はお早めに",B0CZLGVC26,
Custom Handle & Knob.csv,317,custom handle & knob,SAFE,B0DSK3NXZY,リブレ(LIVRE) フルコンプ スピニングタイプカスタムハンドル Bプロジェクト (Bシリーズ) ライトアーム 70 (LightArm 70) PT35Bノブ搭載 オールブラック仕様,,19290,category_allow,カスタムハンドル,カテゴリ許可ワード一致(contains),https://www.amazon.co.jp/%E3%83%A9%E3%82%A4%E3%83%88%E3%82%A2%E3%83%BC%E3%83%A0-LightArm-PT35B%E3%83%8E%E3%83%96%E6%90%AD%E8%BC%89-%E3%82%AA%E3%83%BC%E3%83%AB%E3%83%96%E3%83%A9%E3%83%83%E3%82%AF-LA70-KB35S2/dp/B0DSK3NXZY/ref=sr_1_309?__mk_ja_JP=%E3%82%AB%E3%82%BF%E3%82%AB%E3%83%8A&crid=I954U6JYT57U&dd=tIJnRR5snPoivqBD4b2b4Q%2C%2C&dib=eyJ2IjoiMSJ9.gCdPugaF-70imuOicp4NmUOG6xr5TtZ9TVyjXT0PO1qPktj1bLJp8ZudSuQD18K-g2YWgtTBoy6tceLWgjKPuiA093I2DTmxGXZzYFzEUnlBpt7-LXcHNxlQBfWXSnEe4Y9_f0il9haBuIpz7sfFZPxprIM0ATN4aa0sXOBx9f6CQPrZYFmv8ue1ytD1wl6UUKOcOYPrqbOF4Rp0nCjz3niYuiKYCjNv_ntezZ5xfCNjc5KwV6xJ5ZzFzH-rVqCBF4JfaLKtPXQlW96oyy8UDY714kg8uK_ohNaUZBzwFpA.w_k_vB3sX-6U_XfVYDAvDNcF5RUp3LXFSj_Tm4NZ9-A&dib_tag=se&keywords=%E3%82%AB%E3%82%B9%E3%82%BF%E3%83%A0%E3%83%8F%E3%83%B3%E3%83%89%E3%83%AB%E3%83%BB%E3%83%8E%E3%83%96&qid=1789195003&refinements=p_72%3A2017326051%2Cp_90%3A3428068051&rnid=3428066051&sprefix=%E3%82%AB%E3%82%B9%E3%82%BF%E3%83%A0%E3%83%8F%E3%83%B3%E3%83%89%E3%83%AB+%E3%83%8E%E3%83%96%2Caps%2C230&sr=8-309&ufe=app_do%3Aamzn1.fos.35785624-70c4-44ae-a5c3-3f044f475d63&xpid=uaaXFnrJlspcP,"https://m.media-amazon.com/images/I/41uYvYP55+L._AC_UL320_AIweblab1378949,T1_.jpg","ライトアーム-LightArm-PT35Bノブ搭載-オールブラック-LA70-KB35S2 ライトアーム-LightArm-PT35Bノブ搭載-オールブラック-LA70-KB35S2 リブレ(LIVRE) フルコンプ スピニングタイプカスタムハンドル Bプロジェクト (Bシリーズ) ライトアーム 70 (LightArm 70) PT35Bノブ搭載 オールブラック仕様 5.0 javascript:void(0) 5つ星のうち5.0 ライトアーム-LightArm-PT35Bノブ搭載-オールブラック-LA70-KB35S2 (2) 価格、商品詳細ページ ライトアーム-LightArm-PT35Bノブ搭載-オールブラック-LA70-KB35S2 ￥19,290 ￥ 19,290 193ポイント(1%) プライム会員なら 明日 9月13日 9月14日 月曜日",B0DSK3NXZY,
Custom Handle & Knob.csv,324,custom handle & knob,SAFE,B0DSK3VR4N,リブレ(LIVRE) フルコンプ スピニングタイプカスタムハンドル Bプロジェクト (Bシリーズ) ライトアーム 70 (LightArm 70) EP41Bノブ搭載 オールブラック仕様,,20307,category_allow,カスタムハンドル,カテゴリ許可ワード一致(contains),https://www.amazon.co.jp/%E3%83%A9%E3%82%A4%E3%83%88%E3%82%A2%E3%83%BC%E3%83%A0-LightArm-EP41B%E3%83%8E%E3%83%96%E6%90%AD%E8%BC%89-%E3%82%AA%E3%83%BC%E3%83%AB%E3%83%96%E3%83%A9%E3%83%83%E3%82%AF-LA70-KB41S2/dp/B0DSK3VR4N/ref=sr_1_316?__mk_ja_JP=%E3%82%AB%E3%82%BF%E3%82%AB%E3%83%8A&crid=I954U6JYT57U&dd=tIJnRR5snPoivqBD4b2b4Q%2C%2C&dib=eyJ2IjoiMSJ9.gCdPugaF-70imuOicp4NmUOG6xr5TtZ9TVyjXT0PO1qPktj1bLJp8ZudSuQD18K-g2YWgtTBoy6tceLWgjKPuiA093I2DTmxGXZzYFzEUnlBpt7-LXcHNxlQBfWXSnEe4Y9_f0il9haBuIpz7sfFZPxprIM0ATN4aa0sXOBx9f6CQPrZYFmv8ue1ytD1wl6UUKOcOYPrqbOF4Rp0nCjz3niYuiKYCjNv_ntezZ5xfCNjc5KwV6xJ5ZzFzH-rVqCBF4JfaLKtPXQlW96oyy8UDY714kg8uK_ohNaUZBzwFpA.w_k_vB3sX-6U_XfVYDAvDNcF5RUp3LXFSj_Tm4NZ9-A&dib_tag=se&keywords=%E3%82%AB%E3%82%B9%E3%82%BF%E3%83%A0%E3%83%8F%E3%83%B3%E3%83%89%E3%83%AB%E3%83%BB%E3%83%8E%E3%83%96&qid=1789195003&refinements=p_72%3A2017326051%2Cp_90%3A3428068051&rnid=3428066051&sprefix=%E3%82%AB%E3%82%B9%E3%82%BF%E3%83%A0%E3%83%8F%E3%83%B3%E3%83%89%E3%83%AB+%E3%83%8E%E3%83%96%2Caps%2C230&sr=8-316&ufe=app_do%3Aamzn1.fos.35785624-70c4-44ae-a5c3-3f044f475d63&xpid=uaaXFnrJlspcP,"https://m.media-amazon.com/images/I/419AdWaozxL._AC_UL320_AIweblab1378949,T1_.jpg","ライトアーム-LightArm-EP41Bノブ搭載-オールブラック-LA70-KB41S2 ライトアーム-LightArm-EP41Bノブ搭載-オールブラック-LA70-KB41S2 リブレ(LIVRE) フルコンプ スピニングタイプカスタムハンドル Bプロジェクト (Bシリーズ) ライトアーム 70 (LightArm 70) EP41Bノブ搭載 オールブラック仕様 5.0 javascript:void(0) 5つ星のうち5.0 ライトアーム-LightArm-EP41Bノブ搭載-オールブラック-LA70-KB41S2 (2) 価格、商品詳細ページ ライトアーム-LightArm-EP41Bノブ搭載-オールブラック-LA70-KB41S2 ￥20,307 ￥ 20,307 参考: プライム会員なら 明日 9月13日 9月14日 月曜日 203ポイント(1%) こちらからもご購入いただけます 参考: ￥21,780 ￥21,780",B0DSK3VR4N,
Custom Handle & Knob.csv,333,custom handle & knob,SAFE,B0CWGJVDZ3,【IOSファクトリー】アクリスタII ハンドルノブ HKAC (ノーマルタイプA：ブラウン),,11475,category_allow,ハンドルノブ,カテゴリ許可ワード一致(contains),https://www.amazon.co.jp/HEDGEHOG-STUDIO-ACRISTA2-%E3%80%90IOS%E3%83%95%E3%82%A1%E3%82%AF%E3%83%88%E3%83%AA%E3%83%BC%E3%80%91%E3%82%A2%E3%82%AF%E3%83%AA%E3%82%B9%E3%82%BFII-%E3%83%8E%E3%83%BC%E3%83%9E%E3%83%AB%E3%82%BF%E3%82%A4%E3%83%97A%EF%BC%9A%E3%83%96%E3%83%A9%E3%82%A6%E3%83%B3/dp/B0CWGJVDZ3/ref=sr_1_325?__mk_ja_JP=%E3%82%AB%E3%82%BF%E3%82%AB%E3%83%8A&crid=I954U6JYT57U&dd=tIJnRR5snPoivqBD4b2b4Q%2C%2C&dib=eyJ2IjoiMSJ9.gCdPugaF-70imuOicp4NmUOG6xr5TtZ9TVyjXT0PO1qPktj1bLJp8ZudSuQD18K-g2YWgtTBoy6tceLWgjKPuiA093I2DTmxGXZzYFzEUnlBpt7-LXcHNxlQBfWXSnEe4Y9_f0il9haBuIpz7sfFZPxprIM0ATN4aa0sXOBx9f6CQPrZYFmv8ue1ytD1wl6UUKOcOYPrqbOF4Rp0nCjz3niYuiKYCjNv_ntezZ5xfCNjc5KwV6xJ5ZzFzH-rVqCBF4JfaLKtPXQlW96oyy8UDY714kg8uK_ohNaUZBzwFpA.w_k_vB3sX-6U_XfVYDAvDNcF5RUp3LXFSj_Tm4NZ9-A&dib_tag=se&keywords=%E3%82%AB%E3%82%B9%E3%82%BF%E3%83%A0%E3%83%8F%E3%83%B3%E3%83%89%E3%83%AB%E3%83%BB%E3%83%8E%E3%83%96&qid=1789195003&refinements=p_72%3A2017326051%2Cp_90%3A3428068051&rnid=3428066051&sprefix=%E3%82%AB%E3%82%B9%E3%82%BF%E3%83%A0%E3%83%8F%E3%83%B3%E3%83%89%E3%83%AB+%E3%83%8E%E3%83%96%2Caps%2C230&sr=8-325&ufe=app_do%3Aamzn1.fos.35785624-70c4-44ae-a5c3-3f044f475d63&xpid=uaaXFnrJlspcP,"https://m.media-amazon.com/images/I/61GjMKS6X-L._AC_UL320_AIweblab1378949,T1_.jpg","HEDGEHOG-STUDIO-ACRISTA2-【IOSファクトリー】アクリスタII-ノーマルタイプA：ブラウン HEDGEHOG-STUDIO-ACRISTA2-【IOSファクトリー】アクリスタII-ノーマルタイプA：ブラウン 【IOSファクトリー】アクリスタII ハンドルノブ HKAC (ノーマルタイプA：ブラウン) 4.0 javascript:void(0) 5つ星のうち4.0 HEDGEHOG-STUDIO-ACRISTA2-【IOSファクトリー】アクリスタII-ノーマルタイプA：ブラウン (1) 価格、商品詳細ページ HEDGEHOG-STUDIO-ACRISTA2-【IOSファクトリー】アクリスタII-ノーマルタイプA：ブラウン ￥11,475 ￥ 11,475 115ポイント(1%) プライム会員なら 明日 9月13日 9月14日 月曜日 ダブルポイント javascript:void(0) 残り5点 ご注文はお早めに 日本の中小企業",B0CWGJVDZ3,
Custom Handle & Knob.csv,339,custom handle & knob,SAFE,B00HFCTH0A,Daiwa SLP WORKS(ダイワSLPワークス) SPハイグリップノブS,,2293,category_allow,SPハイグリップノブ,カテゴリ許可ワード一致(contains),https://www.amazon.co.jp/Daiwa-SLP-WORKS-%E3%83%80%E3%82%A4%E3%83%AFSLP%E3%83%AF%E3%83%BC%E3%82%AF%E3%82%B9-SP%E3%83%8F%E3%82%A4%E3%82%B0%E3%83%AA%E3%83%83%E3%83%97%E3%83%8E%E3%83%96S/dp/B00HFCTH0A/ref=sr_1_331?__mk_ja_JP=%E3%82%AB%E3%82%BF%E3%82%AB%E3%83%8A&crid=I954U6JYT57U&dd=tIJnRR5snPoivqBD4b2b4Q%2C%2C&dib=eyJ2IjoiMSJ9.gCdPugaF-70imuOicp4NmUOG6xr5TtZ9TVyjXT0PO1qPktj1bLJp8ZudSuQD18K-g2YWgtTBoy6tceLWgjKPuiA093I2DTmxGXZzYFzEUnlBpt7-LXcHNxlQBfWXSnEe4Y9_f0il9haBuIpz7sfFZPxprIM0ATN4aa0sXOBx9f6CQPrZYFmv8ue1ytD1wl6UUKOcOYPrqbOF4Rp0nCjz3niYuiKYCjNv_ntezZ5xfCNjc5KwV6xJ5ZzFzH-rVqCBF4JfaLKtPXQlW96oyy8UDY714kg8uK_ohNaUZBzwFpA.w_k_vB3sX-6U_XfVYDAvDNcF5RUp3LXFSj_Tm4NZ9-A&dib_tag=se&keywords=%E3%82%AB%E3%82%B9%E3%82%BF%E3%83%A0%E3%83%8F%E3%83%B3%E3%83%89%E3%83%AB%E3%83%BB%E3%83%8E%E3%83%96&qid=1789195003&refinements=p_72%3A2017326051%2Cp_90%3A3428068051&rnid=3428066051&sprefix=%E3%82%AB%E3%82%B9%E3%82%BF%E3%83%A0%E3%83%8F%E3%83%B3%E3%83%89%E3%83%AB+%E3%83%8E%E3%83%96%2Caps%2C230&sr=8-331&ufe=app_do%3Aamzn1.fos.35785624-70c4-44ae-a5c3-3f044f475d63&xpid=uaaXFnrJlspcP,"https://m.media-amazon.com/images/I/61SMQ5G0tmL._AC_UL320_AIweblab1378949,T1_.jpg","Daiwa-SLP-WORKS-ダイワSLPワークス-SPハイグリップノブS Daiwa-SLP-WORKS-ダイワSLPワークス-SPハイグリップノブS Daiwa SLP WORKS(ダイワSLPワークス) SPハイグリップノブS 4.5 javascript:void(0) 5つ星のうち4.5 Daiwa-SLP-WORKS-ダイワSLPワークス-SPハイグリップノブS (5) 価格、商品詳細ページ Daiwa-SLP-WORKS-ダイワSLPワークス-SPハイグリップノブS ￥2,293 ￥ 2,293 参考: プライム会員なら 明日 9月13日 9月14日 月曜日 23ポイント(1%) こちらからもご購入いただけます 参考: ￥2,420 ￥2,420",B00HFCTH0A,
Custom Handle & Knob.csv,348,custom handle & knob,SAFE,B074TJV5L5,Avail(アベイル) リール Sサイズノブ POM s_knob_pom_blk ブラック,,1362,category_allow,Sサイズノブ POM,カテゴリ許可ワード一致(contains),https://www.amazon.co.jp/Avail-%E3%82%A2%E3%83%99%E3%82%A4%E3%83%AB-S%E3%82%B5%E3%82%A4%E3%82%BA%E3%83%8E%E3%83%96-s_knob_pom_blk-%E3%83%96%E3%83%A9%E3%83%83%E3%82%AF/dp/B074TJV5L5/ref=sr_1_340_mod_primary_new?__mk_ja_JP=%E3%82%AB%E3%82%BF%E3%82%AB%E3%83%8A&crid=I954U6JYT57U&dd=tIJnRR5snPoivqBD4b2b4Q%2C%2C&dib=eyJ2IjoiMSJ9.gCdPugaF-70imuOicp4NmUOG6xr5TtZ9TVyjXT0PO1qPktj1bLJp8ZudSuQD18K-g2YWgtTBoy6tceLWgjKPuiA093I2DTmxGXZzYFzEUnlBpt7-LXcHNxlQBfWXSnEe4Y9_f0il9haBuIpz7sfFZPxprIM0ATN4aa0sXOBx9f6CQPrZYFmv8ue1ytD1wl6UUKOcOYPrqbOF4Rp0nCjz3niYuiKYCjNv_ntezZ5xfCNjc5KwV6xJ5ZzFzH-rVqCBF4JfaLKtPXQlW96oyy8UDY714kg8uK_ohNaUZBzwFpA.w_k_vB3sX-6U_XfVYDAvDNcF5RUp3LXFSj_Tm4NZ9-A&dib_tag=se&keywords=%E3%82%AB%E3%82%B9%E3%82%BF%E3%83%A0%E3%83%8F%E3%83%B3%E3%83%89%E3%83%AB%E3%83%BB%E3%83%8E%E3%83%96&qid=1789195003&refinements=p_72%3A2017326051%2Cp_90%3A3428068051&rnid=3428066051&sbo=RZvfv%2F%2FHxDF%2BO5021pAnSA%3D%3D&sprefix=%E3%82%AB%E3%82%B9%E3%82%BF%E3%83%A0%E3%83%8F%E3%83%B3%E3%83%89%E3%83%AB+%E3%83%8E%E3%83%96%2Caps%2C230&sr=8-340&xpid=uaaXFnrJlspcP,"https://m.media-amazon.com/images/I/01RmK+J4pJL._AC_UL80_AIweblab1378949,T1_.gif","Avail-アベイル-Sサイズノブ-s_knob_pom_blk-ブラック Avail-アベイル-Sサイズノブ-s_knob_pom_blk-ブラック Avail(アベイル) リール Sサイズノブ POM s_knob_pom_blk ブラック 4.6 javascript:void(0) 5つ星のうち4.6 Avail-アベイル-Sサイズノブ-s_knob_pom_blk-ブラック (3) 価格、商品詳細ページ Avail-アベイル-Sサイズノブ-s_knob_pom_blk-ブラック ￥1,362 ￥ 1,362 14ポイント(1%) プライム会員なら 明日 9月13日 9月14日 月曜日 他のオプション Avail-アベイル-Sサイズノブ-s_knob_pom_blk-ブラック ￥1,020",B074TJV5L5,
Custom Handle & Knob.csv,356,custom handle & knob,SAFE,B08SQWBNMT,リブレ(LIVRE) カスタムノブ EF30 ノブ単品 (1個入り),,5834,category_allow,カスタムノブ,カテゴリ許可ワード一致(contains),https://www.amazon.co.jp/%E3%83%AA%E3%83%96%E3%83%AC-LIVRE-5999-EF30-%E3%82%B7%E3%83%9E%E3%83%8E%EF%BD%A5%E3%83%80%E3%82%A4%E3%83%AF%E5%85%B1%E9%80%9A/dp/B08SQWBNMT/ref=sr_1_346_mod_primary_new?__mk_ja_JP=%E3%82%AB%E3%82%BF%E3%82%AB%E3%83%8A&crid=I954U6JYT57U&dd=tIJnRR5snPoivqBD4b2b4Q%2C%2C&dib=eyJ2IjoiMSJ9.oNKbmVT7VuoYxqezMo8a9qoEber7u1xgh3BXNBd_QOT-YyjaMYK9XxRwA9iCNByU_4QOav5j-jSE7UxXKuuMpUMQvqU9K0cYKIdlV9yJcHWFmBQCokXUS5Qoyaj6vCVq4k1a91TAiDa-IwaeObCUybEoq83OpU9ry_wSmwpPt9fP_kJrq6283l2kg5M0CrI4EgVUT9fxn15ydCmh0hYANnRT5w081FEyU1w0OidClEAHAwVLQJcstfHppW3GR7j9pAkaxbxrSXB5Uoe4KutaWgB5PiEXbvAUJy6U0kBHz8g.z7pgwbm-8y0VHSIbrUZGGNFP2i8jxup8Ir8d-ENrf9M&dib_tag=se&keywords=%E3%82%AB%E3%82%B9%E3%82%BF%E3%83%A0%E3%83%8F%E3%83%B3%E3%83%89%E3%83%AB%E3%83%BB%E3%83%8E%E3%83%96&qid=1789195013&refinements=p_72%3A2017326051%2Cp_90%3A3428068051&rnid=3428066051&sbo=RZvfv%2F%2FHxDF%2BO5021pAnSA%3D%3D&sprefix=%E3%82%AB%E3%82%B9%E3%82%BF%E3%83%A0%E3%83%8F%E3%83%B3%E3%83%89%E3%83%AB+%E3%83%8E%E3%83%96%2Caps%2C230&sr=8-346&xpid=uaaXFnrJlspcP,"https://m.media-amazon.com/images/I/61vP60UfN8L._AC_UL320_AIweblab1378949,T1_.jpg","リブレ-LIVRE-5999-EF30-シマノ･ダイワ共通 リブレ-LIVRE-5999-EF30-シマノ･ダイワ共通 リブレ(LIVRE) カスタムノブ EF30 ノブ単品 (1個入り) 4.4 javascript:void(0) 5つ星のうち4.4 リブレ-LIVRE-5999-EF30-シマノ･ダイワ共通 (20) 価格、商品詳細ページ リブレ-LIVRE-5999-EF30-シマノ･ダイワ共通 ￥5,834 ￥ 5,834 参考: プライム会員なら 明日 9月13日 9月14日 月曜日 58ポイント(1%) こちらからもご購入いただけます 参考: ￥6,400 他のオプション ￥6,400",B08SQWBNMT,
Custom Handle & Knob.csv,357,custom handle & knob,SAFE,B0D26GBWHW,合金製ノブ パワー リール ハンドル ノブ シマノ Shimano ダイワ Daiwa に適合する と互換性のある 互換品 ベイトリール 対応 釣りリール 用の ハンドル ボール 交換用 ねじ付き YU129A (黒−赤),,2780,category_allow,リールハンドル,カテゴリ許可ワード一致(contains),https://www.amazon.co.jp/VISPREA-Shimano-%E3%81%A8%E4%BA%92%E6%8F%9B%E6%80%A7%E3%81%AE%E3%81%82%E3%82%8B-%E3%83%99%E3%82%A4%E3%83%88%E3%83%AA%E3%83%BC%E3%83%AB-YU129A/dp/B0D26GBWHW/ref=sr_1_347?__mk_ja_JP=%E3%82%AB%E3%82%BF%E3%82%AB%E3%83%8A&crid=I954U6JYT57U&dd=tIJnRR5snPoivqBD4b2b4Q%2C%2C&dib=eyJ2IjoiMSJ9.oNKbmVT7VuoYxqezMo8a9qoEber7u1xgh3BXNBd_QOT-YyjaMYK9XxRwA9iCNByU_4QOav5j-jSE7UxXKuuMpUMQvqU9K0cYKIdlV9yJcHWFmBQCokXUS5Qoyaj6vCVq4k1a91TAiDa-IwaeObCUybEoq83OpU9ry_wSmwpPt9fP_kJrq6283l2kg5M0CrI4EgVUT9fxn15ydCmh0hYANnRT5w081FEyU1w0OidClEAHAwVLQJcstfHppW3GR7j9pAkaxbxrSXB5Uoe4KutaWgB5PiEXbvAUJy6U0kBHz8g.z7pgwbm-8y0VHSIbrUZGGNFP2i8jxup8Ir8d-ENrf9M&dib_tag=se&keywords=%E3%82%AB%E3%82%B9%E3%82%BF%E3%83%A0%E3%83%8F%E3%83%B3%E3%83%89%E3%83%AB%E3%83%BB%E3%83%8E%E3%83%96&qid=1789195013&refinements=p_72%3A2017326051%2Cp_90%3A3428068051&rnid=3428066051&sprefix=%E3%82%AB%E3%82%B9%E3%82%BF%E3%83%A0%E3%83%8F%E3%83%B3%E3%83%89%E3%83%AB+%E3%83%8E%E3%83%96%2Caps%2C230&sr=8-347&ufe=app_do%3Aamzn1.fos.35785624-70c4-44ae-a5c3-3f044f475d63&xpid=uaaXFnrJlspcP,"https://m.media-amazon.com/images/I/518N3Oyk7FL._AC_UL320_AIweblab1378949,T1_.jpg","VISPREA-Shimano-と互換性のある-ベイトリール-YU129A VISPREA-Shimano-と互換性のある-ベイトリール-YU129A 合金製ノブ パワー リール ハンドル ノブ シマノ Shimano ダイワ Daiwa に適合する と互換性のある 互換品 ベイトリール 対応 釣りリール 用の ハンドル ボール 交換用 ねじ付き YU129A (黒−赤) 4.0 javascript:void(0) 5つ星のうち4.0 VISPREA-Shimano-と互換性のある-ベイトリール-YU129A (2) 価格、商品詳細ページ VISPREA-Shimano-と互換性のある-ベイトリール-YU129A ￥2,780 ￥ 2,780 残り3点 ご注文はお早めに プライム会員なら 明日 9月13日 9月14日 月曜日 日本の中小企業 javascript:void(0) Amazonは日本の中小企業のブランドの商品を応援しています。食品から家電まで「日本の中小企業 応援ストア」を今すぐチェック。 詳細はこちら",B0D26GBWHW,
Custom Handle & Knob.csv,359,custom handle & knob,SAFE,B0G1H4XJSB,パワーハンドルノブ ダイワ/シマノ リール用 スピニング・ ベイト 共用 26mm,,3399,category_allow,ハンドルノブ,カテゴリ許可ワード一致(contains),https://www.amazon.co.jp/%E3%83%91%E3%83%AF%E3%83%BC%E3%83%8F%E3%83%B3%E3%83%89%E3%83%AB%E3%83%8E%E3%83%96-%E3%83%AA%E3%83%BC%E3%83%AB%E7%94%A8-%E3%82%B9%E3%83%94%E3%83%8B%E3%83%B3%E3%82%B0%E3%83%BB-26mm-%E3%83%A9%E3%83%90%E3%83%BC%E3%82%B3%E3%83%AB%E3%82%AF/dp/B0G1H4XJSB/ref=sr_1_349?__mk_ja_JP=%E3%82%AB%E3%82%BF%E3%82%AB%E3%83%8A&crid=I954U6JYT57U&dd=tIJnRR5snPoivqBD4b2b4Q%2C%2C&dib=eyJ2IjoiMSJ9.oNKbmVT7VuoYxqezMo8a9qoEber7u1xgh3BXNBd_QOT-YyjaMYK9XxRwA9iCNByU_4QOav5j-jSE7UxXKuuMpUMQvqU9K0cYKIdlV9yJcHWFmBQCokXUS5Qoyaj6vCVq4k1a91TAiDa-IwaeObCUybEoq83OpU9ry_wSmwpPt9fP_kJrq6283l2kg5M0CrI4EgVUT9fxn15ydCmh0hYANnRT5w081FEyU1w0OidClEAHAwVLQJcstfHppW3GR7j9pAkaxbxrSXB5Uoe4KutaWgB5PiEXbvAUJy6U0kBHz8g.z7pgwbm-8y0VHSIbrUZGGNFP2i8jxup8Ir8d-ENrf9M&dib_tag=se&keywords=%E3%82%AB%E3%82%B9%E3%82%BF%E3%83%A0%E3%83%8F%E3%83%B3%E3%83%89%E3%83%AB%E3%83%BB%E3%83%8E%E3%83%96&qid=1789195013&refinements=p_72%3A2017326051%2Cp_90%3A3428068051&rnid=3428066051&sprefix=%E3%82%AB%E3%82%B9%E3%82%BF%E3%83%A0%E3%83%8F%E3%83%B3%E3%83%89%E3%83%AB+%E3%83%8E%E3%83%96%2Caps%2C230&sr=8-349&ufe=app_do%3Aamzn1.fos.35785624-70c4-44ae-a5c3-3f044f475d63&xpid=uaaXFnrJlspcP,"https://m.media-amazon.com/images/I/61vSm4NsjTL._AC_UL320_AIweblab1378949,T1_.jpg","パワーハンドルノブ-リール用-スピニング・-26mm-ラバーコルク パワーハンドルノブ-リール用-スピニング・-26mm-ラバーコルク パワーハンドルノブ ダイワ/シマノ リール用 スピニング・ ベイト 共用 26mm 5.0 javascript:void(0) 5つ星のうち5.0 パワーハンドルノブ-リール用-スピニング・-26mm-ラバーコルク (1) 価格、商品詳細ページ パワーハンドルノブ-リール用-スピニング・-26mm-ラバーコルク ￥3,399 ￥ 3,399 34ポイント(1%) プライム会員なら 明日 9月13日 9月14日 月曜日 ダブルポイント",B0G1H4XJSB,
Custom Handle & Knob.csv,375,custom handle & knob,SAFE,B01K6TN2OA,リブレ フィーノプラス 1個入 LIVRE Fino＋,,4556,category_allow,フィーノプラス 1個入,カテゴリ許可ワード一致(contains),https://www.amazon.co.jp/LIVRE-%E3%83%AA%E3%83%96%E3%83%AC-5433-%E3%83%8E%E3%83%96%E5%8D%98%E4%BD%93-%E3%83%95%E3%82%A3%E3%83%BC%E3%83%8E%E3%83%97%E3%83%A9%E3%82%B9/dp/B01K6TN2OA/ref=sr_1_365?__mk_ja_JP=%E3%82%AB%E3%82%BF%E3%82%AB%E3%83%8A&crid=I954U6JYT57U&dd=tIJnRR5snPoivqBD4b2b4Q%2C%2C&dib=eyJ2IjoiMSJ9.oNKbmVT7VuoYxqezMo8a9qoEber7u1xgh3BXNBd_QOT-YyjaMYK9XxRwA9iCNByU_4QOav5j-jSE7UxXKuuMpUMQvqU9K0cYKIdlV9yJcHWFmBQCokXUS5Qoyaj6vCVq4k1a91TAiDa-IwaeObCUybEoq83OpU9ry_wSmwpPt9fP_kJrq6283l2kg5M0CrI4EgVUT9fxn15ydCmh0hYANnRT5w081FEyU1w0OidClEAHAwVLQJcstfHppW3GR7j9pAkaxbxrSXB5Uoe4KutaWgB5PiEXbvAUJy6U0kBHz8g.z7pgwbm-8y0VHSIbrUZGGNFP2i8jxup8Ir8d-ENrf9M&dib_tag=se&keywords=%E3%82%AB%E3%82%B9%E3%82%BF%E3%83%A0%E3%83%8F%E3%83%B3%E3%83%89%E3%83%AB%E3%83%BB%E3%83%8E%E3%83%96&qid=1789195013&refinements=p_72%3A2017326051%2Cp_90%3A3428068051&rnid=3428066051&sprefix=%E3%82%AB%E3%82%B9%E3%82%BF%E3%83%A0%E3%83%8F%E3%83%B3%E3%83%89%E3%83%AB+%E3%83%8E%E3%83%96%2Caps%2C230&sr=8-365&ufe=app_do%3Aamzn1.fos.35785624-70c4-44ae-a5c3-3f044f475d63&xpid=uaaXFnrJlspcP,"https://m.media-amazon.com/images/I/51UwxOlMWcL._AC_UL320_AIweblab1378949,T1_.jpg","LIVRE-リブレ-5433-ノブ単体-フィーノプラス LIVRE-リブレ-5433-ノブ単体-フィーノプラス リブレ フィーノプラス 1個入 LIVRE Fino＋ 4.8 javascript:void(0) 5つ星のうち4.8 LIVRE-リブレ-5433-ノブ単体-フィーノプラス (13) 価格、商品詳細ページ LIVRE-リブレ-5433-ノブ単体-フィーノプラス ￥4,556 ￥ 4,556 46ポイント(1%) プライム会員なら 明日 9月13日 9月14日 月曜日 こちらからもご購入いただけます",B01K6TN2OA,
